"Campaign name","Campaign ID","Ad set name","Ad set ID","Ad name","Ad ID",Platform,Placement,"Conversion device","Delivery status","Delivery level",Reach,Impressions,Frequency,"Attribution setting","Result type",Results,"Amount spent (USD)","Video ID","Image name","Video name","Website URL",call_to_action_type,headline,Description,"Link clicks","CPC (cost per link click)","CPM (cost per 1,000 impressions)","CTR (all)","Result rate",Views,"Clicks (all)","CPC (all)","Purchases rate per link clicks","Landing page views rate per link clicks","Result value type","Results value","Result value type","Results ROAS","Cost per 1,000 Meta Accounts reached","Ad Delivery","Video average play time","Video plays at 25%","Video plays at 50%","Video plays at 75%","Video plays at 95%","Video plays at 100%","Page engagement","Facebook likes","Instagram follows","Post comments","Post engagements","Post reactions","Post saves","Post shares",ThruPlays,"Video plays","3-second video plays","Unique link clicks","Outbound clicks","Unique outbound clicks","Unique CTR (link click-through rate)","Outbound CTR (click-through rate)","Unique outbound CTR (click-through rate)","Unique clicks (all)","Unique CTR (all)","Instagram profile visits","Cost per outbound click","Cost per unique link click","Cost per unique outbound click","Cost per unique click (all)","Adds of payment info","Adds to cart","Cost per add to cart","Adds to cart conversion value","Checkouts initiated","Cost per checkout initiated","Checkouts initiated conversion value",Purchases,"Cost per purchase","Purchase ROAS (return on ad spend)","Purchases conversion value","Reporting starts","Reporting ends"
"Prospecting Static CBO",120244285703060327,Broad_Pack2,120244380430020327,"1 Image",120244383168050327,instagram,"Instagram Reels",iphone,inactive,ad,,,,"7-day click, 1-day view, or 1-day engaged-view",,,,0,,,https://eastcoastartstudio.com/products/santorini-print-fine-art-santorini-greece?_pos=1&_psq=Santorin&_ss=e&_v=1.0,SHOP_NOW,{{product.name}},,1,,,,,,,,,,,,,,,inactive,,,,,,,1,,,,1,,,,,,,,1,1,,,,,,,,,,,,,,,,,,,,,,2026-01-01,2026-07-09
"Prospecting Static CBO",120244285703060327,Broad_Pack1,120244285703070327,"Maddie Holding",120244294591870327,instagram,"Instagram Reels",iphone,inactive,ad,,,,"7-day click, 1-day view, or 1-day engaged-view",,,,0,,,https://eastcoastartstudio.com/products/costa-rica-tropical-print-costa-rica?_pos=1&_psq=costa+rica&_ss=e&_v=1.0,SHOP_NOW,{{product.name}},,2,,,,,,,,,,,,,,,inactive,,,,,,,3,,,,3,1,,,,,,,2,2,,,,,,,,,,,,,,,,,,,,,,2026-01-01,2026-07-09
"Prospecting Static CBO",120244285703060327,Broad_Pack1,120244285703070327,"2 Image Static - Best Sellers Copy",120244287996490327,instagram,"Instagram Stories",iphone,inactive,ad,,,,"7-day click, 1-day view, or 1-day engaged-view",,,,0,,,https://eastcoastartstudio.com/collections/best-sellers,SHOP_NOW,{{product.name}},,1,,,,,,,,,,,,,,,inactive,,,,,,,1,,,,1,,,,,,,,1,1,,,,,,,,,,,,,,,,,,,,,,2026-01-01,2026-07-09
"Prospecting Static CBO",120244285703060327,Broad_Pack1,120244285703070327,"2 Image Static - Best Sellers Copy",120244287996490327,instagram,Feed,iphone,inactive,ad,,,,"7-day click, 1-day view, or 1-day engaged-view",,,,0,,,https://eastcoastartstudio.com/collections/best-sellers,SHOP_NOW,{{product.name}},,7,,,,,,,,,,,,,,,inactive,,,,,,,8,,,,8,1,,,,,,,7,6,,,,,,,,,,,,,,,,,,,,,,2026-01-01,2026-07-09
"Prospecting Static CBO",120244285703060327,Broad_Pack1,120244285703070327,"2 Image Static - Best Sellers Copy",120244287996490327,instagram,Feed,android_smartphone,inactive,ad,,,,"7-day click, 1-day view, or 1-day engaged-view",,,,0,,,https://eastcoastartstudio.com/collections/best-sellers,SHOP_NOW,{{product.name}},,1,,,,,,,,,,,,,,,inactive,,,,,,,1,,,,1,,,,,,,,,,,,,,,,,,,,,,,,,,,,,,,2026-01-01,2026-07-09
"Prospecting Static CBO",120244285703060327,Broad_Pack1,120244285703070327,"2 Image Static - Best Sellers Copy",120244287996490327,facebook,Feed,iphone,inactive,ad,,,,"7-day click, 1-day view, or 1-day engaged-view",,,,0,,,https://eastcoastartstudio.com/collections/best-sellers,SHOP_NOW,{{product.name}},,3,,,,,,,,,,,,,,,inactive,,,,,,,4,,,,4,1,,,,,,,3,3,,,,,,,,,,,,,,,,,,,,,,2026-01-01,2026-07-09
"Prospecting Static CBO",120244285703060327,Broad_Pack1,120244285703070327,"2 Image Static - Best Sellers Copy",120244287996490327,facebook,Feed,ipad,inactive,ad,,,,"7-day click, 1-day view, or 1-day engaged-view",,,,0,,,https://eastcoastartstudio.com/collections/best-sellers,SHOP_NOW,{{product.name}},,2,,,,,,,,,,,,,,,inactive,,,,,,,2,,,,2,,,,,,,,2,2,,,,,,,,,,,,,,,,,,,,,,2026-01-01,2026-07-09
"Prospecting Static CBO",120244285703060327,Broad_Pack1,120244285703070327,"2 Image Static - Best Sellers Copy",120244287996490327,instagram,"Instagram Reels",iphone,inactive,ad,,,,"7-day click, 1-day view, or 1-day engaged-view",,,,0,,,https://eastcoastartstudio.com/collections/best-sellers,SHOP_NOW,{{product.name}},,2,,,,,,,,,,,,,,,inactive,,,,,,,2,,,,2,,,,,,,,1,1,,,,,,,,,,,,,,,,,,,,,,2026-01-01,2026-07-09
"Prospecting Static CBO",120244285703060327,Broad_Pack1,120244285703070327,"2 Image Static - Best Sellers Copy",120244287996490327,instagram,"Instagram Reels",android_smartphone,inactive,ad,,,,"7-day click, 1-day view, or 1-day engaged-view",,,,0,,,https://eastcoastartstudio.com/collections/best-sellers,SHOP_NOW,{{product.name}},,1,,,,,,,,,,,,,,,inactive,,,,,,,1,,,,1,,,,,,,,1,1,,,,,,,,,,,,,,,,,,,,,,2026-01-01,2026-07-09
"Prospecting Static CBO",120244285703060327,Broad_Pack1,120244285703070327,"2 Image Static - Best Sellers Copy",120244287996490327,threads,"Threads feed",iphone,inactive,ad,,,,"7-day click, 1-day view, or 1-day engaged-view",,,,0,,,https://eastcoastartstudio.com/collections/best-sellers,SHOP_NOW,{{product.name}},,2,,,,,,,,,,,,,,,inactive,,,,,,,2,,,,2,,,,,,,,2,2,,,,,,,,,,,,,,,,,,,,,,2026-01-01,2026-07-09
"Prospecting Static CBO",120244285703060327,Broad_Pack1,120244285703070327,"Maddie Holding",120244294591870327,instagram,Feed,iphone,inactive,ad,,,,"7-day click, 1-day view, or 1-day engaged-view",,,,0,,,https://eastcoastartstudio.com/products/costa-rica-tropical-print-costa-rica?_pos=1&_psq=costa+rica&_ss=e&_v=1.0,SHOP_NOW,{{product.name}},,3,,,,,,,,,,,,,,,inactive,,,,,,,5,,,,5,1,,1,,,,,3,3,,,,,,,,,,,,,,,,,,,,,,2026-01-01,2026-07-09
"Prospecting Static CBO",120244285703060327,Broad_Pack1,120244285703070327,"Maddie Holding",120244294591870327,instagram,Feed,android_smartphone,inactive,ad,,,,"7-day click, 1-day view, or 1-day engaged-view",,,,0,,,https://eastcoastartstudio.com/products/costa-rica-tropical-print-costa-rica?_pos=1&_psq=costa+rica&_ss=e&_v=1.0,SHOP_NOW,{{product.name}},,1,,,,,,,,,,,,,,,inactive,,,,,,,1,,,,1,,,,,,,,1,1,,,,,,,,,,,,,,,,,,,,,,2026-01-01,2026-07-09
"Prospecting Static CBO",120244285703060327,Broad_Pack1,120244285703070327,"Maddie Holding",120244294591870327,instagram,Feed,0,inactive,ad,,,,"7-day click, 1-day view, or 1-day engaged-view",,,,0,,,https://eastcoastartstudio.com/products/costa-rica-tropical-print-costa-rica?_pos=1&_psq=costa+rica&_ss=e&_v=1.0,SHOP_NOW,{{product.name}},,,,,,,,,,,,,,,,,inactive,,,,,,,,,,,,,,,,,,,,,,,,,,,,,,,,2,,,,,,,,,,2026-01-01,2026-07-09
"Prospecting Static CBO",120244285703060327,Broad_Pack1,120244285703070327,"Maddie Holding",120244294591870327,facebook,Feed,iphone,inactive,ad,,,,"7-day click, 1-day view, or 1-day engaged-view",,,,0,,,https://eastcoastartstudio.com/products/costa-rica-tropical-print-costa-rica?_pos=1&_psq=costa+rica&_ss=e&_v=1.0,SHOP_NOW,{{product.name}},,1,,,,,,,,,,,,,,,inactive,,,,,,,3,,,,3,2,,,,,,,,,,,,,,,,,,,,,,,,,,,,,,2026-01-01,2026-07-09
"Prospecting Static CBO",120244285703060327,Broad_Pack1,120244285703070327,"Maddie Holding",120244294591870327,facebook,Feed,0,inactive,ad,,,,"7-day click, 1-day view, or 1-day engaged-view",,,,0,,,https://eastcoastartstudio.com/products/costa-rica-tropical-print-costa-rica?_pos=1&_psq=costa+rica&_ss=e&_v=1.0,SHOP_NOW,{{product.name}},,,,,,,,,,,,,,,,,inactive,,,,,,,,,,,,,,,,,,,,,,,,,,,,,,,,1,,,,,,,,,,2026-01-01,2026-07-09
"Prospecting Static CBO",120244285703060327,Broad_Pack1,120244285703070327,"Maddie Holding",120244294591870327,facebook,"Facebook Reels",android_smartphone,inactive,ad,,,,"7-day click, 1-day view, or 1-day engaged-view",,,,0,,,https://eastcoastartstudio.com/products/costa-rica-tropical-print-costa-rica?_pos=1&_psq=costa+rica&_ss=e&_v=1.0,SHOP_NOW,{{product.name}},,1,,,,,,,,,,,,,,,inactive,,,,,,,1,,,,1,,,,,,,,1,1,,,,,,,,,,,,,,,,,,,,,,2026-01-01,2026-07-09
"Prospecting Static CBO",120244285703060327,Broad_Pack1,120244285703070327,"Maddie Holding",120244294591870327,instagram,"Instagram Stories",iphone,inactive,ad,,,,"7-day click, 1-day view, or 1-day engaged-view",,,,0,,,https://eastcoastartstudio.com/products/costa-rica-tropical-print-costa-rica?_pos=1&_psq=costa+rica&_ss=e&_v=1.0,SHOP_NOW,{{product.name}},,1,,,,,,,,,,,,,,,inactive,,,,,,,1,,,,1,,,,,,,,1,1,,,,,,,,,,,,,,,,,,,,,,2026-01-01,2026-07-09
"LittleData - Prospecting CBO Duplicate",120247312792380327,"Concept 2 - Best Gift",120247312792440327,"2 Print + Dads Gift",120247312792540327,facebook,Feed,iphone,not_delivering,ad,,,,"7-day click, 1-day view, or 1-day engaged-view",,,,0,,,https://eastcoastartstudio.com/collections/best-sellers,SHOP_NOW,{{product.name}},,2,,,,,,,,,,,,,,,not_delivering,,,,,,,2,,,,2,,,,,,,,2,2,,,,,,,,,,,,,,,,,,,,,,2026-01-01,2026-07-09
"Prospecting Static CBO",120244285703060327,"Broad_Pack3 - May 9",120244619377280327,"9 Image + Discount",120244629176600327,instagram,Feed,android_smartphone,not_delivering,ad,,,,Incremental,,,,0,,,https://eastcoastartstudio.com/collections/best-sellers,SHOP_NOW,{{product.name}},,2,,,,,,,,,,,,,,,not_delivering,,,,,,,2,,,,2,,,,,,,,2,2,,,,,,,,,,,,,,,,,,,,,,2026-01-01,2026-07-09
"Prospecting Static CBO",120244285703060327,"Broad_Pack3 - May 9",120244619377280327,"9 Image + Discount",120244629176600327,threads,"Threads feed",ipad,not_delivering,ad,,,,Incremental,,,,0,,,https://eastcoastartstudio.com/collections/best-sellers,SHOP_NOW,{{product.name}},,1,,,,,,,,,,,,,,,not_delivering,,,,,,,1,,,,1,,,,,,,,1,1,,,,,,,,,,,,,,,,,,,,,,2026-01-01,2026-07-09
"Prospecting Static CBO",120244285703060327,"Broad_Pack3 - May 9",120244619377280327,"9 Image + Discount",120244629176600327,threads,"Threads feed",iphone,not_delivering,ad,,,,Incremental,,,,0,,,https://eastcoastartstudio.com/collections/best-sellers,SHOP_NOW,{{product.name}},,2,,,,,,,,,,,,,,,not_delivering,,,,,,,2,,,,2,,,,,,,,2,2,,,,,,,,,,,,,,,,,,,,,,2026-01-01,2026-07-09
"Prospecting Static CBO",120244285703060327,"Broad_Pack3 - May 9",120244619377280327,"9 Image + Discount",120244629176600327,facebook,"Search results",iphone,not_delivering,ad,,,,Incremental,,,,0,,,https://eastcoastartstudio.com/collections/best-sellers,SHOP_NOW,{{product.name}},,6,,,,,,,,,,,,,,,not_delivering,,,,,,,6,,,,6,,,,,,,,6,6,,,,,,,,,,,,,,,,,,,,,,2026-01-01,2026-07-09
"Prospecting Static CBO",120244285703060327,"Broad_Pack3 - May 9",120244619377280327,"9 Image + Discount",120244629176600327,facebook,"Search results",android_smartphone,not_delivering,ad,,,,Incremental,,,,0,,,https://eastcoastartstudio.com/collections/best-sellers,SHOP_NOW,{{product.name}},,1,,,,,,,,,,,,,,,not_delivering,,,,,,,1,,,,1,,,,,,,,1,1,,,,,,,,,,,,,,,,,,,,,,2026-01-01,2026-07-09
"Prospecting Static CBO",120244285703060327,"Broad_Pack3 - May 9",120244619377280327,"9 Image + Discount",120244629176600327,instagram,Feed,other,not_delivering,ad,,,,Incremental,,,,0,,,https://eastcoastartstudio.com/collections/best-sellers,SHOP_NOW,{{product.name}},,1,,,,,,,,,,,,,,,not_delivering,,,,,,,1,,,,1,,,,,,,,1,1,,,,,,,,,,,,,,,,,,,,,,2026-01-01,2026-07-09
"Prospecting Static CBO",120244285703060327,"Broad_Pack3 - May 9",120244619377280327,"9 Image + Discount",120244629176600327,instagram,Feed,ipad,not_delivering,ad,,,,Incremental,,,,0,,,https://eastcoastartstudio.com/collections/best-sellers,SHOP_NOW,{{product.name}},,1,,,,,,,,,,,,,,,not_delivering,,,,,,,2,,,,2,,,,,,1,,1,1,,,,,,,,,,,,,,,,,,,,,,2026-01-01,2026-07-09
"Prospecting Static CBO",120244285703060327,"Broad_Pack3 - May 9",120244619377280327,"9 Image + Discount",120244629176600327,instagram,Feed,iphone,not_delivering,ad,,,,Incremental,,,,0,,,https://eastcoastartstudio.com/collections/best-sellers,SHOP_NOW,{{product.name}},,30,,,,,,,,,,,,,,,not_delivering,,,,,,,41,,,,41,3,1,1,,,6,,30,30,,,,,,,,,,,,,,,,,,,,,,2026-01-01,2026-07-09
"Prospecting Static CBO",120244285703060327,"Broad_Pack3 - May 9",120244619377280327,"9 Image + Discount",120244629176600327,audience_network,"Native, banner & interstitial",android_smartphone,not_delivering,ad,,,,Incremental,,,,0,,,https://eastcoastartstudio.com/collections/best-sellers,SHOP_NOW,{{product.name}},,5,,,,,,,,,,,,,,,not_delivering,,,,,,,5,,,,5,,,,,,,,5,1,,,,,,,,,,,,,,,,,,,,,,2026-01-01,2026-07-09
"Prospecting Static CBO",120244285703060327,"Broad_Pack3 - May 9",120244619377280327,"9 Image + Discount",120244629176600327,facebook,Feed,0,not_delivering,ad,,,,Incremental,,,,0,,,https://eastcoastartstudio.com/collections/best-sellers,SHOP_NOW,{{product.name}},,,,,,,,,,,,,,,,,not_delivering,,,,,,,,,,,,,,,,,,,,,,,,,,,,,,,,9,,,,,,,,,,2026-01-01,2026-07-09
"Prospecting Static CBO",120244285703060327,"Broad_Pack3 - May 9",120244619377280327,"9 Image + Discount",120244629176600327,facebook,Feed,desktop,not_delivering,ad,,,,Incremental,,,,0,,,https://eastcoastartstudio.com/collections/best-sellers,SHOP_NOW,{{product.name}},,15,,,,,,,,,,,,,,,not_delivering,,,,,,,16,,,,16,1,,,,,,,15,14,,,,,,,,,,,,,,,,,,,,,,2026-01-01,2026-07-09
"Prospecting Static CBO",120244285703060327,"Broad_Pack3 - May 9",120244619377280327,"9 Image + Discount",120244629176600327,facebook,Feed,android_tablet,not_delivering,ad,,,,Incremental,,,,0,,,https://eastcoastartstudio.com/collections/best-sellers,SHOP_NOW,{{product.name}},,5,,,,,,,,,,,,,,,not_delivering,,,,,,,6,,,,6,1,,,,,,,5,3,,,,,,,,,,,,,,,,,,,,,,2026-01-01,2026-07-09
"Prospecting Static CBO",120244285703060327,"Broad_Pack3 - May 9",120244619377280327,"9 Image + Discount",120244629176600327,facebook,Feed,ipad,not_delivering,ad,,,,Incremental,,,,0,,,https://eastcoastartstudio.com/collections/best-sellers,SHOP_NOW,{{product.name}},,7,,,,,,,,,,,,,,,not_delivering,,,,,,,8,,,,8,1,,,,,,,7,7,,,,,,,,,,,,,,,,,,,,,,2026-01-01,2026-07-09
"Prospecting Static CBO",120244285703060327,"Broad_Pack3 - May 9",120244619377280327,"9 Image + Discount",120244629176600327,facebook,Feed,android_smartphone,not_delivering,ad,,,,Incremental,,,,0,,,https://eastcoastartstudio.com/collections/best-sellers,SHOP_NOW,{{product.name}},,35,,,,,,,,,,,,,,,not_delivering,,,,,,,37,,,,37,2,,,,,,,35,35,,,,,,,,,,,,,,,,,,,,,,2026-01-01,2026-07-09
"Prospecting Static CBO",120244285703060327,"Broad_Pack3 - May 9",120244619377280327,"9 Image + Discount",120244629176600327,facebook,Feed,iphone,not_delivering,ad,,,,Incremental,,,,0,,,https://eastcoastartstudio.com/collections/best-sellers,SHOP_NOW,{{product.name}},,98,,,,,,,,,,,,,,,not_delivering,,,,,,,105,1,,,104,5,,1,,,,,98,84,,,,,,,,,,,,,,,,,,,,,,2026-01-01,2026-07-09
"LittleData - Prospecting CBO Duplicate",120247312792380327,"Concept 2 - Best Gift",120247312792440327,"2 Print + Dads Gift",120247312792540327,instagram,Feed,iphone,not_delivering,ad,,,,"7-day click, 1-day view, or 1-day engaged-view",,,,0,,,https://eastcoastartstudio.com/collections/best-sellers,SHOP_NOW,{{product.name}},,1,,,,,,,,,,,,,,,not_delivering,,,,,,,1,,,,1,,,,,,,,1,1,,,,,,,,,,,,,,,,,,,,,,2026-01-01,2026-07-09
"Prospecting Static CBO",120244285703060327,"Broad_Pack3 - May 9",120244619377280327,"3 Image + Copy",120244627624380327,facebook,Feed,iphone,inactive,ad,,,,Incremental,,,,0,,,https://eastcoastartstudio.com/collections/new-york-city?page=2,SHOP_NOW,{{product.name}},,1,,,,,,,,,,,,,,,inactive,,,,,,,1,,,,1,,,,,,,,1,1,,,,,,,,,,,,,,,,,,,,,,2026-01-01,2026-07-09
"Prospecting Static CBO",120244285703060327,"Broad_Pack3 - May 9",120244619377280327,"9 Image + Discount",120244629176600327,instagram,"Instagram Reels",android_smartphone,not_delivering,ad,,,,Incremental,,,,0,,,https://eastcoastartstudio.com/collections/best-sellers,SHOP_NOW,{{product.name}},,1,,,,,,,,,,,,,,,not_delivering,,,,,,,1,,,,1,,,,,,,,1,1,,,,,,,,,,,,,,,,,,,,,,2026-01-01,2026-07-09
"Prospecting Static CBO",120244285703060327,Broad_Pack1,120244285703070327,"1 Image Static",120244289186820327,instagram,Feed,other,inactive,ad,,,,"7-day click, 1-day view, or 1-day engaged-view",,,,0,,,https://eastcoastartstudio.com/products/duval-street-print-cubist-key-west-florida-usa?variant=47612960669834,SHOP_NOW,{{product.name}},,1,,,,,,,,,,,,,,,inactive,,,,,,,1,,,,1,,,,,,,,1,1,,,,,,,,,,,,,,,,,,,,,,2026-01-01,2026-07-09
"Prospecting Static CBO",120244285703060327,Broad_Pack2,120244380430020327,"1 Image",120244382305550327,facebook,"Facebook Reels",iphone,inactive,ad,,,,"7-day click, 1-day view, or 1-day engaged-view",,,,0,,,https://eastcoastartstudio.com/products/rome-wall-art-minimalist-rome-italy?_pos=1&_psq=Rome&_ss=e&_v=1.0,SHOP_NOW,{{product.name}},,1,,,,,,,,,,,,,,,inactive,,,,,,,1,,,,1,,,,,,,,1,1,,,,,,,,,,,,,,,,,,,,,,2026-01-01,2026-07-09
"Prospecting Static CBO",120244285703060327,Broad_Pack2,120244380430020327,"1 Image",120244382305550327,facebook,Feed,iphone,inactive,ad,,,,"7-day click, 1-day view, or 1-day engaged-view",,,,0,,,https://eastcoastartstudio.com/products/rome-wall-art-minimalist-rome-italy?_pos=1&_psq=Rome&_ss=e&_v=1.0,SHOP_NOW,{{product.name}},,3,,,,,,,,,,,,,,,inactive,,,,,,,5,,,,5,2,,,,,,,2,2,,,,,,,,,,,,,,,,,,,,,,2026-01-01,2026-07-09
"Prospecting Static CBO",120244285703060327,Broad_Pack2,120244380430020327,"1 Image",120244382305550327,instagram,"Instagram Reels",iphone,inactive,ad,,,,"7-day click, 1-day view, or 1-day engaged-view",,,,0,,,https://eastcoastartstudio.com/products/rome-wall-art-minimalist-rome-italy?_pos=1&_psq=Rome&_ss=e&_v=1.0,SHOP_NOW,{{product.name}},,5,,,,,,,,,,,,,,,inactive,,,,,,,6,,,,6,,,1,,,,,5,4,,,,,,,,,,,,,,,,,,,,,,2026-01-01,2026-07-09
"Prospecting Static CBO",120244285703060327,Broad_Pack2,120244380430020327,"1 Image",120244382305550327,instagram,"Instagram Reels",ipad,inactive,ad,,,,"7-day click, 1-day view, or 1-day engaged-view",,,,0,,,https://eastcoastartstudio.com/products/rome-wall-art-minimalist-rome-italy?_pos=1&_psq=Rome&_ss=e&_v=1.0,SHOP_NOW,{{product.name}},,1,,,,,,,,,,,,,,,inactive,,,,,,,1,,,,1,,,,,,,,1,1,,,,,,,,,,,,,,,,,,,,,,2026-01-01,2026-07-09
"Prospecting Static CBO",120244285703060327,Broad_Pack2,120244380430020327,"1 Image",120244382305550327,instagram,"Instagram Reels",0,inactive,ad,,,,"7-day click, 1-day view, or 1-day engaged-view",,,,0,,,https://eastcoastartstudio.com/products/rome-wall-art-minimalist-rome-italy?_pos=1&_psq=Rome&_ss=e&_v=1.0,SHOP_NOW,{{product.name}},,,,,,,,,,,,,,,,,inactive,,,,,,,,,,,,,,,,,,,,,,,,,,,,,,,,2,,,,,,,,,,2026-01-01,2026-07-09
"Prospecting Static CBO",120244285703060327,Broad_Pack2,120244380430020327,"1 Image",120244382305550327,instagram,"Instagram Stories",iphone,inactive,ad,,,,"7-day click, 1-day view, or 1-day engaged-view",,,,0,,,https://eastcoastartstudio.com/products/rome-wall-art-minimalist-rome-italy?_pos=1&_psq=Rome&_ss=e&_v=1.0,SHOP_NOW,{{product.name}},,2,,,,,,,,,,,,,,,inactive,,,,,,,2,,,,2,,,,,,,,2,2,,,,,,,,,,,,,,,,,,,,,,2026-01-01,2026-07-09
"Prospecting Static CBO",120244285703060327,Broad_Pack2,120244380430020327,"1 Image",120244382305550327,instagram,Feed,iphone,inactive,ad,,,,"7-day click, 1-day view, or 1-day engaged-view",,,,0,,,https://eastcoastartstudio.com/products/rome-wall-art-minimalist-rome-italy?_pos=1&_psq=Rome&_ss=e&_v=1.0,SHOP_NOW,{{product.name}},,2,,,,,,,,,,,,,,,inactive,,,,,,,4,,,,4,2,,,,,,,2,2,,,,,,,,,,,,,,,,,,,,,,2026-01-01,2026-07-09
"Prospecting Static CBO",120244285703060327,Broad_Pack1,120244285703070327,"2 Image Static",120244289667450327,instagram,"Instagram Reels",iphone,inactive,ad,,,,"7-day click, 1-day view, or 1-day engaged-view",,,,0,,,https://eastcoastartstudio.com/collections/best-sellers,SHOP_NOW,{{product.name}},,2,,,,,,,,,,,,,,,inactive,,,,,,,2,,,,2,,,,,,,,2,2,,,,,,,,,,,,,,,,,,,,,,2026-01-01,2026-07-09
"Prospecting Static CBO",120244285703060327,Broad_Pack1,120244285703070327,"2 Image Static",120244289667450327,facebook,Feed,iphone,inactive,ad,,,,"7-day click, 1-day view, or 1-day engaged-view",,,,0,,,https://eastcoastartstudio.com/collections/best-sellers,SHOP_NOW,{{product.name}},,1,,,,,,,,,,,,,,,inactive,,,,,,,1,,,,1,,,,,,,,1,1,,,,,,,,,,,,,,,,,,,,,,2026-01-01,2026-07-09
"Prospecting Static CBO",120244285703060327,Broad_Pack1,120244285703070327,"2 Image Static",120244289667450327,facebook,Feed,android_smartphone,inactive,ad,,,,"7-day click, 1-day view, or 1-day engaged-view",,,,0,,,https://eastcoastartstudio.com/collections/best-sellers,SHOP_NOW,{{product.name}},,1,,,,,,,,,,,,,,,inactive,,,,,,,1,,,,1,,,,,,,,,,,,,,,,,,,,,,,,,,,,,,,2026-01-01,2026-07-09
"Prospecting Static CBO",120244285703060327,Broad_Pack1,120244285703070327,"2 Image Static",120244289667450327,instagram,Feed,iphone,inactive,ad,,,,"7-day click, 1-day view, or 1-day engaged-view",,,,0,,,https://eastcoastartstudio.com/collections/best-sellers,SHOP_NOW,{{product.name}},,1,,,,,,,,,,,,,,,inactive,,,,,,,1,,,,1,,,,,,,,1,1,,,,,,,,,,,,,,,,,,,,,,2026-01-01,2026-07-09
"Prospecting Static CBO",120244285703060327,Broad_Pack1,120244285703070327,"2 Image Static",120244289667450327,instagram,"Instagram Stories",iphone,inactive,ad,,,,"7-day click, 1-day view, or 1-day engaged-view",,,,0,,,https://eastcoastartstudio.com/collections/best-sellers,SHOP_NOW,{{product.name}},,1,,,,,,,,,,,,,,,inactive,,,,,,,1,,,,1,,,,,,,,1,1,,,,,,,,,,,,,,,,,,,,,,2026-01-01,2026-07-09
"LittleData - Prospecting CBO Duplicate",120247312792380327,"Concept 2 - Best Gift",120247312792440327,"2 Static + Dad Gift",120247312792550327,facebook,Feed,iphone,not_delivering,ad,,,,"7-day click, 1-day view, or 1-day engaged-view",,,,0,,,https://eastcoastartstudio.com/collections/best-sellers,SHOP_NOW,{{product.name}},,1,,,,,,,,,,,,,,,not_delivering,,,,,,,1,,,,1,,,,,,,,1,1,,,,,,,,,,,,,,,,,,,,,,2026-01-01,2026-07-09
"LittleData - Prospecting CBO Duplicate",120247312792380327,"Concept 2 - Best Gift",120247312792440327,"2 Static + Dad Gift",120247312792550327,facebook,Feed,ipad,not_delivering,ad,,,,"7-day click, 1-day view, or 1-day engaged-view",,,,0,,,https://eastcoastartstudio.com/collections/best-sellers,SHOP_NOW,{{product.name}},,1,,,,,,,,,,,,,,,not_delivering,,,,,,,1,,,,1,,,,,,,,1,1,,,,,,,,,,,,,,,,,,,,,,2026-01-01,2026-07-09
"Prospecting Static CBO",120244285703060327,Broad_Pack1,120244285703070327,"1 Image Static",120244289186820327,instagram,Feed,ipad,inactive,ad,,,,"7-day click, 1-day view, or 1-day engaged-view",,,,0,,,https://eastcoastartstudio.com/products/duval-street-print-cubist-key-west-florida-usa?variant=47612960669834,SHOP_NOW,{{product.name}},,1,,,,,,,,,,,,,,,inactive,,,,,,,1,,,,1,,,,,,,,1,1,,,,,,,,,,,,,,,,,,,,,,2026-01-01,2026-07-09
"Prospecting Static CBO",120244285703060327,"Broad_Pack4 - May 14",120244860329750327,"Avatar - Gift 3",120244920753240327,instagram,Feed,iphone,not_delivering,ad,,,,Incremental,,,,0,,,https://eastcoastartstudio.com/,SHOP_NOW,{{product.name}},,3,,,,,,,,,,,,,,,not_delivering,,,,,,,3,,,,3,,,,,,,,3,3,,,,,,,,,,,,,,,,,,,,,,2026-01-01,2026-07-09
"Prospecting Static CBO",120244285703060327,"Broad_Pack5 - May 18",120245126176160327,"40 Year Old Women - Hometown Pride",120245127209450327,facebook,Feed,0,not_delivering,ad,,,,"7-day click, 1-day view, or 1-day engaged-view",,,,0,,,https://eastcoastartstudio.com/,SHOP_NOW,{{product.name}},,,,,,,,,,,,,,,,,not_delivering,,,,,,,,,,,,,,,,,,,,,,,,,,,,,,,,1,,,,,,,,,,2026-01-01,2026-07-09
"Prospecting Static CBO",120244285703060327,"Broad_Pack4 - May 14",120244860329750327,"Avatar - Gift 3",120244920753240327,facebook,Feed,desktop,not_delivering,ad,,,,Incremental,,,,0,,,https://eastcoastartstudio.com/,SHOP_NOW,{{product.name}},,,,,,,,,,,,,,,,,not_delivering,,,,,,,1,,,,1,1,,,,,,,,,,,,,,,,,,,,,,,,,,,,,,2026-01-01,2026-07-09
"Prospecting Static CBO",120244285703060327,"Broad_Pack4 - May 14",120244860329750327,"Avatar - Gift 3",120244920753240327,facebook,Feed,ipad,not_delivering,ad,,,,Incremental,,,,0,,,https://eastcoastartstudio.com/,SHOP_NOW,{{product.name}},,2,,,,,,,,,,,,,,,not_delivering,,,,,,,2,,,,2,,,,,,,,2,2,,,,,,,,,,,,,,,,,,,,,,2026-01-01,2026-07-09
"Prospecting Static CBO",120244285703060327,"Broad_Pack4 - May 14",120244860329750327,"Avatar - Gift 3",120244920753240327,facebook,Feed,android_smartphone,not_delivering,ad,,,,Incremental,,,,0,,,https://eastcoastartstudio.com/,SHOP_NOW,{{product.name}},,3,,,,,,,,,,,,,,,not_delivering,,,,,,,3,,,,3,,,,,,,,3,3,,,,,,,,,,,,,,,,,,,,,,2026-01-01,2026-07-09
"Prospecting Static CBO",120244285703060327,"Broad_Pack4 - May 14",120244860329750327,"Avatar - Gift 3",120244920753240327,facebook,Feed,iphone,not_delivering,ad,,,,Incremental,,,,0,,,https://eastcoastartstudio.com/,SHOP_NOW,{{product.name}},,9,,,,,,,,,,,,,,,not_delivering,,,,,,,11,,,,11,2,,,,,,,9,7,,,,,,,,,,,,,,,,,,,,,,2026-01-01,2026-07-09
"LittleData - Prospecting CBO",120246244099810327,"Concept 7 - fathers day",120246792964980327,"father/son ad",120246792964970327,instagram,Feed,iphone,not_delivering,ad,,,,Incremental,,,,0,,,http://eastcoastartstudio.com/,SHOP_NOW,{{product.name}},,,,,,,,,,,,,,,,,not_delivering,,,,,,,1,,,,1,1,,,,,,,,,,,,,,,,,,,,,,,,,,,,,,2026-01-01,2026-07-09
"Prospecting Static CBO",120244285703060327,"Broad_Pack5 - May 18",120245126176160327,"Middle Aged Women -  Gifting",120245127498590327,facebook,Feed,desktop,not_delivering,ad,,,,"7-day click, 1-day view, or 1-day engaged-view",,,,0,,,https://eastcoastartstudio.com/,SHOP_NOW,{{product.name}},,1,,,,,,,,,,,,,,,not_delivering,,,,,,,1,,,,1,,,,,,,,1,1,,,,,,,,,,,,,,,,,,,,,,2026-01-01,2026-07-09
"Prospecting Static CBO",120244285703060327,"Broad_Pack5 - May 18",120245126176160327,"40 Year Old Women - Hometown Pride",120245127209450327,facebook,Feed,iphone,not_delivering,ad,,,,"7-day click, 1-day view, or 1-day engaged-view",,,,0,,,https://eastcoastartstudio.com/,SHOP_NOW,{{product.name}},,2,,,,,,,,,,,,,,,not_delivering,,,,,,,4,,,,4,2,,,,,,,2,2,,,,,,,,,,,,,,,,,,,,,,2026-01-01,2026-07-09
"Prospecting Static CBO",120244285703060327,Broad_Pack1,120244285703070327,"1 Image Static",120244289186820327,facebook,"Search results",android_smartphone,inactive,ad,,,,"7-day click, 1-day view, or 1-day engaged-view",,,,0,,,https://eastcoastartstudio.com/products/duval-street-print-cubist-key-west-florida-usa?variant=47612960669834,SHOP_NOW,{{product.name}},,1,,,,,,,,,,,,,,,inactive,,,,,,,1,,,,1,,,,,,,,1,1,,,,,,,,,,,,,,,,,,,,,,2026-01-01,2026-07-09
"Prospecting Static CBO",120244285703060327,"Broad_Pack5 - May 18",120245126176160327,"40 Year Old Women - Hometown Pride",120245127209450327,facebook,Feed,desktop,not_delivering,ad,,,,"7-day click, 1-day view, or 1-day engaged-view",,,,0,,,https://eastcoastartstudio.com/,SHOP_NOW,{{product.name}},,1,,,,,,,,,,,,,,,not_delivering,,,,,,,1,,,,1,,,,,,,,1,1,,,,,,,,,,,,,,,,,,,,,,2026-01-01,2026-07-09
"Prospecting Static CBO",120244285703060327,"Broad_Pack5 - May 18",120245126176160327,"40 Year Old Women - Hometown Pride",120245127209450327,instagram,Feed,iphone,not_delivering,ad,,,,"7-day click, 1-day view, or 1-day engaged-view",,,,0,,,https://eastcoastartstudio.com/,SHOP_NOW,{{product.name}},,1,,,,,,,,,,,,,,,not_delivering,,,,,,,2,,,,2,1,,,,,,,1,1,,,,,,,,,,,,,,,,,,,,,,2026-01-01,2026-07-09
"LittleData - Prospecting CBO Duplicate",120247312792380327,"Concept 4 - Where we met",120247312792460327,"3 Print Static Ad",120247312792630327,facebook,Feed,0,not_delivering,ad,,,,Incremental,,,,0,,,http://eastcoastartstudio.com/,SHOP_NOW,{{product.name}},,,,,,,,,,,,,,,,,not_delivering,,,,,,,,,,,,,,,,,,,,,,,,,,,,,,,,1,,,,,,,,,,2026-01-01,2026-07-09
"LittleData - Prospecting CBO Duplicate",120247312792380327,"Concept 4 - Where we met",120247312792460327,"3 Print Static Ad",120247312792630327,facebook,Feed,ipad,not_delivering,ad,,,,Incremental,,,,0,,,http://eastcoastartstudio.com/,SHOP_NOW,{{product.name}},,2,,,,,,,,,,,,,,,not_delivering,,,,,,,2,,,,2,,,,,,,,2,1,,,,,,,,,,,,,,,,,,,,,,2026-01-01,2026-07-09
"LittleData - Prospecting CBO Duplicate",120247312792380327,"Concept 4 - Where we met",120247312792460327,"3 Print Static Ad",120247312792630327,facebook,Feed,iphone,not_delivering,ad,,,,Incremental,,,,0,,,http://eastcoastartstudio.com/,SHOP_NOW,{{product.name}},,3,,,,,,,,,,,,,,,not_delivering,,,,,,,3,,,,3,,,,,,,,3,3,,,,,,,,,,,,,,,,,,,,,,2026-01-01,2026-07-09
"Prospecting Static CBO",120244285703060327,Broad_Pack1,120244285703070327,"1 Image Static",120244289186820327,facebook,Feed,iphone,inactive,ad,,,,"7-day click, 1-day view, or 1-day engaged-view",,,,0,,,https://eastcoastartstudio.com/products/duval-street-print-cubist-key-west-florida-usa?variant=47612960669834,SHOP_NOW,{{product.name}},,2,,,,,,,,,,,,,,,inactive,,,,,,,2,,,,2,,,,,,,,2,2,,,,,,,,,,,,,,,,,,,,,,2026-01-01,2026-07-09
"Prospecting Static CBO",120244285703060327,"Broad_Pack3 - May 9",120244619377280327,"9 Image + Discount",120244629176600327,instagram,"Instagram Reels",ipad,not_delivering,ad,,,,Incremental,,,,0,,,https://eastcoastartstudio.com/collections/best-sellers,SHOP_NOW,{{product.name}},,3,,,,,,,,,,,,,,,not_delivering,,,,,,,5,,,,5,1,,1,,,,,3,2,,,,,,,,,,,,,,,,,,,,,,2026-01-01,2026-07-09
"Prospecting Static CBO",120244285703060327,"Broad_Pack3 - May 9",120244619377280327,"9 Image + Discount",120244629176600327,instagram,"Instagram Reels",iphone,not_delivering,ad,,,,Incremental,,,,0,,,https://eastcoastartstudio.com/collections/best-sellers,SHOP_NOW,{{product.name}},,11,,,,,,,,,,,,,,,not_delivering,,,,,,,12,,,,12,1,,,,,,,11,11,,,,,,,,,,,,,,,,,,,,,,2026-01-01,2026-07-09
"LittleData - Retargeting Duplicate",120247312851600327,"Retargeting Testing",120247312851610327,"Good quality ad",120247312851590327,facebook,"Facebook Reels",ipad,not_delivering,ad,,,,Incremental,,,,0,,,http://eastcoastartstudio.com/,SHOP_NOW,{{product.name}},,2,,,,,,,,,,,,,,,not_delivering,,,,,,,3,,,,3,1,,,,,,,2,2,,,,,,,,,,,,,,,,,,,,,,2026-01-01,2026-07-09
"Prospecting Static CBO",120244285703060327,Broad_Pack1,120244285703070327,"Manual Carousel",120244289774560327,facebook,Feed,android_smartphone,inactive,ad,,,,"7-day click, 1-day view, or 1-day engaged-view",,,,0,,,https://eastcoastartstudio.com/,SHOP_NOW,,,1,,,,,,,,,,,,,,,inactive,,,,,,,1,,,,1,,,,,,,,1,1,,,,,,,,,,,,,,,,,,,,,,2026-01-01,2026-07-09
"LittleData - Prospecting CBO Duplicate",120247312792380327,"Concept 2 - Best Gift",120247312792440327,"1 Print Static",120247312792570327,instagram,"Instagram Stories",ipad,not_delivering,ad,,,,"7-day click, 1-day view, or 1-day engaged-view",,,,0,,,https://eastcoastartstudio.com/collections/best-sellers,SHOP_NOW,{{product.name}},,1,,,,,,,,,,,,,,,not_delivering,,,,,,,1,,,,1,,,,,,,,1,1,,,,,,,,,,,,,,,,,,,,,,2026-01-01,2026-07-09
"LittleData - Prospecting CBO Duplicate",120247312792380327,"Concept 2 - Best Gift",120247312792440327,"1 Print Static",120247312792570327,instagram,"Instagram Stories",0,not_delivering,ad,,,,"7-day click, 1-day view, or 1-day engaged-view",,,,0,,,https://eastcoastartstudio.com/collections/best-sellers,SHOP_NOW,{{product.name}},,,,,,,,,,,,,,,,,not_delivering,,,,,,,,,,,,,,,,,,,,,,,,,,,,,,,1,2,,,1,,,1,,,,2026-01-01,2026-07-09
"LittleData - Prospecting CBO Duplicate",120247312792380327,"Concept 2 - Best Gift",120247312792440327,"1 Print Static",120247312792570327,facebook,"Right column",desktop,not_delivering,ad,,,,"7-day click, 1-day view, or 1-day engaged-view",,,,0,,,https://eastcoastartstudio.com/collections/best-sellers,SHOP_NOW,{{product.name}},,1,,,,,,,,,,,,,,,not_delivering,,,,,,,1,,,,1,,,,,,,,1,1,,,,,,,,,,,,,,,,,,,,,,2026-01-01,2026-07-09
"LittleData - Prospecting CBO Duplicate",120247312792380327,"Concept 2 - Best Gift",120247312792440327,"1 Print Static",120247312792570327,instagram,Feed,android_smartphone,not_delivering,ad,,,,"7-day click, 1-day view, or 1-day engaged-view",,,,0,,,https://eastcoastartstudio.com/collections/best-sellers,SHOP_NOW,{{product.name}},,1,,,,,,,,,,,,,,,not_delivering,,,,,,,1,,,,1,,,,,,,,1,1,,,,,,,,,,,,,,,,,,,,,,2026-01-01,2026-07-09
"LittleData - Prospecting CBO Duplicate",120247312792380327,"Concept 2 - Best Gift",120247312792440327,"1 Print Static",120247312792570327,instagram,Feed,iphone,not_delivering,ad,,,,"7-day click, 1-day view, or 1-day engaged-view",,,,0,,,https://eastcoastartstudio.com/collections/best-sellers,SHOP_NOW,{{product.name}},,40,,,,,,,,,,,,,,,not_delivering,,,,,,,50,,,,50,10,,,,,,,36,26,,,,,,,,,,,,,,,,,,,,,,2026-01-01,2026-07-09
"LittleData - Prospecting CBO Duplicate",120247312792380327,"Concept 2 - Best Gift",120247312792440327,"1 Print Static",120247312792570327,instagram,Feed,ipad,not_delivering,ad,,,,"7-day click, 1-day view, or 1-day engaged-view",,,,0,,,https://eastcoastartstudio.com/collections/best-sellers,SHOP_NOW,{{product.name}},,2,,,,,,,,,,,,,,,not_delivering,,,,,,,2,,,,2,,,,,,,,2,2,,,,,,,,,,,,,,,,,,,,,,2026-01-01,2026-07-09
"LittleData - Prospecting CBO Duplicate",120247312792380327,"Concept 2 - Best Gift",120247312792440327,"1 Print Static",120247312792570327,facebook,Feed,android_smartphone,not_delivering,ad,,,,"7-day click, 1-day view, or 1-day engaged-view",,,,0,,,https://eastcoastartstudio.com/collections/best-sellers,SHOP_NOW,{{product.name}},,6,,,,,,,,,,,,,,,not_delivering,,,,,,,8,,,,8,1,,1,,,,,5,5,,,,,,,,,,,,,,,,,,,,,,2026-01-01,2026-07-09
"LittleData - Prospecting CBO Duplicate",120247312792380327,"Concept 2 - Best Gift",120247312792440327,"1 Print Static",120247312792570327,facebook,Feed,iphone,not_delivering,ad,,,,"7-day click, 1-day view, or 1-day engaged-view",,,,0,,,https://eastcoastartstudio.com/collections/best-sellers,SHOP_NOW,{{product.name}},,43,,,,,,,,,,,,,,,not_delivering,,,,,,,43,,,,43,,,,,,,,37,31,,,,,,,,,,,,,,,,,,,,,,2026-01-01,2026-07-09
"LittleData - Prospecting CBO Duplicate",120247312792380327,"Concept 2 - Best Gift",120247312792440327,"1 Print Static",120247312792570327,facebook,Feed,ipad,not_delivering,ad,,,,"7-day click, 1-day view, or 1-day engaged-view",,,,0,,,https://eastcoastartstudio.com/collections/best-sellers,SHOP_NOW,{{product.name}},,8,,,,,,,,,,,,,,,not_delivering,,,,,,,8,,,,8,,,,,,,,8,6,,,,,,,,,,,,,,,,,,,,,,2026-01-01,2026-07-09
"LittleData - Prospecting CBO Duplicate",120247312792380327,"Concept 2 - Best Gift",120247312792440327,"1 Print Static",120247312792570327,facebook,Feed,desktop,not_delivering,ad,,,,"7-day click, 1-day view, or 1-day engaged-view",,,,0,,,https://eastcoastartstudio.com/collections/best-sellers,SHOP_NOW,{{product.name}},,7,,,,,,,,,,,,,,,not_delivering,,,,,,,7,,,,7,,,,,,,,7,7,,,,,,,,,,,,,,,,,,,,,,2026-01-01,2026-07-09
"LittleData - Prospecting CBO Duplicate",120247312792380327,"Concept 2 - Best Gift",120247312792440327,"1 Print Static",120247312792570327,facebook,Feed,0,not_delivering,ad,,,,"7-day click, 1-day view, or 1-day engaged-view",,,,0,,,https://eastcoastartstudio.com/collections/best-sellers,SHOP_NOW,{{product.name}},,,,,,,,,,,,,,,,,not_delivering,,,,,,,,,,,,,,,,,,,,,,,,,,,,,,,,1,,,,,,,,,,2026-01-01,2026-07-09
"LittleData - Prospecting CBO Duplicate",120247312792380327,"Concept 2 - Best Gift",120247312792440327,"1 Print Static",120247312792570327,facebook,Marketplace,iphone,not_delivering,ad,,,,"7-day click, 1-day view, or 1-day engaged-view",,,,0,,,https://eastcoastartstudio.com/collections/best-sellers,SHOP_NOW,{{product.name}},,1,,,,,,,,,,,,,,,not_delivering,,,,,,,1,,,,1,,,,,,,,1,1,,,,,,,,,,,,,,,,,,,,,,2026-01-01,2026-07-09
"LittleData - Prospecting CBO Duplicate",120247312792380327,"Concept 2 - Best Gift",120247312792440327,"1 Print Static",120247312792570327,facebook,"Search results",iphone,not_delivering,ad,,,,"7-day click, 1-day view, or 1-day engaged-view",,,,0,,,https://eastcoastartstudio.com/collections/best-sellers,SHOP_NOW,{{product.name}},,4,,,,,,,,,,,,,,,not_delivering,,,,,,,4,,,,4,,,,,,,,4,4,,,,,,,,,,,,,,,,,,,,,,2026-01-01,2026-07-09
"Prospecting Static CBO",120244285703060327,Broad_Pack1,120244285703070327,"Manual Carousel",120244289774560327,instagram,Feed,iphone,inactive,ad,,,,"7-day click, 1-day view, or 1-day engaged-view",,,,0,,,https://eastcoastartstudio.com/,SHOP_NOW,,,2,,,,,,,,,,,,,,,inactive,,,,,,,2,,,,2,,,,,,,,2,2,,,,,,,,,,,,,,,,,,,,,,2026-01-01,2026-07-09
"Prospecting Static CBO",120244285703060327,Broad_Pack1,120244285703070327,"Manual Carousel",120244289774560327,facebook,Feed,iphone,inactive,ad,,,,"7-day click, 1-day view, or 1-day engaged-view",,,,0,,,https://eastcoastartstudio.com/,SHOP_NOW,,,,,,,,,,,,,,,,,,inactive,,,,,,,1,,,,1,1,,,,,,,,,,,,,,,,,,,,,,,,,,,,,,2026-01-01,2026-07-09
"LittleData - Prospecting CBO Duplicate",120247312792380327,"Concept 2 - Best Gift",120247312792440327,"1 Print Static",120247312792570327,instagram,"Instagram Stories",android_smartphone,not_delivering,ad,,,,"7-day click, 1-day view, or 1-day engaged-view",,,,0,,,https://eastcoastartstudio.com/collections/best-sellers,SHOP_NOW,{{product.name}},,3,,,,,,,,,,,,,,,not_delivering,,,,,,,3,,,,3,,,,,,,,3,3,,,,,,,,,,,,,,,,,,,,,,2026-01-01,2026-07-09
"Music Row Single PDP Test",120244718915920327,"New Sales Ad Set",120244718915930327,"Music Row Static - Pride",120244723901460327,instagram,Feed,iphone,not_delivering,ad,,,,Incremental,,,,0,,,https://eastcoastartstudio.com/products/music-row-wall-art-cubist-nashville-tennessee-usa?variant=47612726968458,SHOP_NOW,{{product.name}},,27,,,,,,,,,,,,,,,not_delivering,,,,,,,36,,,,36,7,1,1,,,,,27,24,,,,,,,,,,,,,,,,,,,,,,2026-01-01,2026-07-09
"Music Row Single PDP Test",120244718915920327,"New Sales Ad Set",120244718915930327,"Music Row Static - Pride",120244723901460327,instagram,"Instagram Reels",iphone,not_delivering,ad,,,,Incremental,,,,0,,,https://eastcoastartstudio.com/products/music-row-wall-art-cubist-nashville-tennessee-usa?variant=47612726968458,SHOP_NOW,{{product.name}},,1,,,,,,,,,,,,,,,not_delivering,,,,,,,1,,,,1,,,,,,,,1,1,,,,,,,,,,,,,,,,,,,,,,2026-01-01,2026-07-09
"Music Row Single PDP Test",120244718915920327,"New Sales Ad Set",120244718915930327,"Music Row Static - Pride",120244723901460327,facebook,"Facebook profile feed",iphone,not_delivering,ad,,,,Incremental,,,,0,,,https://eastcoastartstudio.com/products/music-row-wall-art-cubist-nashville-tennessee-usa?variant=47612726968458,SHOP_NOW,{{product.name}},,2,,,,,,,,,,,,,,,not_delivering,,,,,,,2,,,,2,,,,,,,,2,2,,,,,,,,,,,,,,,,,,,,,,2026-01-01,2026-07-09
"Music Row Single PDP Test",120244718915920327,"New Sales Ad Set",120244718915930327,"Music Row Static - Pride",120244723901460327,threads,"Threads feed",iphone,not_delivering,ad,,,,Incremental,,,,0,,,https://eastcoastartstudio.com/products/music-row-wall-art-cubist-nashville-tennessee-usa?variant=47612726968458,SHOP_NOW,{{product.name}},,1,,,,,,,,,,,,,,,not_delivering,,,,,,,1,,,,1,,,,,,,,1,1,,,,,,,,,,,,,,,,,,,,,,2026-01-01,2026-07-09
"Music Row Single PDP Test",120244718915920327,"New Sales Ad Set",120244718915930327,"Music Row Static - Pride",120244723901460327,instagram,Feed,0,not_delivering,ad,,,,Incremental,,,,0,,,https://eastcoastartstudio.com/products/music-row-wall-art-cubist-nashville-tennessee-usa?variant=47612726968458,SHOP_NOW,{{product.name}},,,,,,,,,,,,,,,,,not_delivering,,,,,,,,,,,,,,,,,,,,,,,,,,,,,,,,4,,,,,,,,,,2026-01-01,2026-07-09
"Music Row Single PDP Test",120244718915920327,"New Sales Ad Set",120244718915930327,"Music Row Static - Pride",120244723901460327,instagram,Feed,ipad,not_delivering,ad,,,,Incremental,,,,0,,,https://eastcoastartstudio.com/products/music-row-wall-art-cubist-nashville-tennessee-usa?variant=47612726968458,SHOP_NOW,{{product.name}},,1,,,,,,,,,,,,,,,not_delivering,,,,,,,1,,,,1,,,,,,,,1,1,,,,,,,,,,,,,,,,,,,,,,2026-01-01,2026-07-09
"Music Row Single PDP Test",120244718915920327,"New Sales Ad Set",120244718915930327,"Music Row Static - Pride",120244723901460327,instagram,Feed,android_smartphone,not_delivering,ad,,,,Incremental,,,,0,,,https://eastcoastartstudio.com/products/music-row-wall-art-cubist-nashville-tennessee-usa?variant=47612726968458,SHOP_NOW,{{product.name}},,6,,,,,,,,,,,,,,,not_delivering,,,,,,,6,,,,6,,,,,,,,6,3,,,,,,,,,,,,,,,,,,,,,,2026-01-01,2026-07-09
"Music Row Single PDP Test",120244718915920327,"New Sales Ad Set",120244718915930327,"Music Row Static - Pride",120244723901460327,facebook,"Facebook Reels",android_smartphone,not_delivering,ad,,,,Incremental,,,,0,,,https://eastcoastartstudio.com/products/music-row-wall-art-cubist-nashville-tennessee-usa?variant=47612726968458,SHOP_NOW,{{product.name}},,2,,,,,,,,,,,,,,,not_delivering,,,,,,,2,,,,2,,,,,,,,2,2,,,,,,,,,,,,,,,,,,,,,,2026-01-01,2026-07-09
"Music Row Single PDP Test",120244718915920327,"New Sales Ad Set",120244718915930327,"Music Row Static - Pride",120244723901460327,facebook,Feed,iphone,not_delivering,ad,,,,Incremental,,,,0,,,https://eastcoastartstudio.com/products/music-row-wall-art-cubist-nashville-tennessee-usa?variant=47612726968458,SHOP_NOW,{{product.name}},,80,,,,,,,,,,,,,,,not_delivering,,,,,,,91,1,,,90,10,,,,,,,77,54,,,,,,,,,,,,,,,,,,,,,,2026-01-01,2026-07-09
"Music Row Single PDP Test",120244718915920327,"New Sales Ad Set",120244718915930327,"Music Row Static - Pride",120244723901460327,facebook,"Facebook Reels",iphone,not_delivering,ad,,,,Incremental,,,,0,,,https://eastcoastartstudio.com/products/music-row-wall-art-cubist-nashville-tennessee-usa?variant=47612726968458,SHOP_NOW,{{product.name}},,2,,,,,,,,,,,,,,,not_delivering,,,,,,,2,,,,2,,,,,,,,2,2,,,,,,,,,,,,,,,,,,,,,,2026-01-01,2026-07-09
"Music Row Single PDP Test",120244718915920327,"New Sales Ad Set",120244718915930327,"Music Row Static - Pride",120244723901460327,facebook,Feed,0,not_delivering,ad,,,,Incremental,,,,0,,,https://eastcoastartstudio.com/products/music-row-wall-art-cubist-nashville-tennessee-usa?variant=47612726968458,SHOP_NOW,{{product.name}},,,,,,,,,,,,,,,,,not_delivering,,,,,,,,,,,,,,,,,,,,,,,,,,,,,,,,6,,,,,,,,,,2026-01-01,2026-07-09
"Music Row Single PDP Test",120244718915920327,"New Sales Ad Set",120244718915930327,"Music Row Static - Pride",120244723901460327,facebook,Feed,android_tablet,not_delivering,ad,,,,Incremental,,,,0,,,https://eastcoastartstudio.com/products/music-row-wall-art-cubist-nashville-tennessee-usa?variant=47612726968458,SHOP_NOW,{{product.name}},,1,,,,,,,,,,,,,,,not_delivering,,,,,,,1,,,,1,,,,,,,,1,1,,,,,,,,,,,,,,,,,,,,,,2026-01-01,2026-07-09
"Music Row Single PDP Test",120244718915920327,"New Sales Ad Set",120244718915930327,"Music Row Static - Pride",120244723901460327,facebook,Feed,ipad,not_delivering,ad,,,,Incremental,,,,0,,,https://eastcoastartstudio.com/products/music-row-wall-art-cubist-nashville-tennessee-usa?variant=47612726968458,SHOP_NOW,{{product.name}},,5,,,,,,,,,,,,,,,not_delivering,,,,,,,6,,,,6,1,,,,,,,5,3,,,,,,,,,,,,,,,,,,,,,,2026-01-01,2026-07-09
"Music Row Single PDP Test",120244718915920327,"New Sales Ad Set",120244718915930327,"Music Row Static - Pride",120244723901460327,facebook,Feed,desktop,not_delivering,ad,,,,Incremental,,,,0,,,https://eastcoastartstudio.com/products/music-row-wall-art-cubist-nashville-tennessee-usa?variant=47612726968458,SHOP_NOW,{{product.name}},,3,,,,,,,,,,,,,,,not_delivering,,,,,,,3,,,,3,,,,,,,,3,3,,,,,,,,,,,,,,,,,,,,,,2026-01-01,2026-07-09
"Music Row Single PDP Test",120244718915920327,"New Sales Ad Set",120244718915930327,"Music Row Static - Pride",120244723901460327,facebook,Feed,android_smartphone,not_delivering,ad,,,,Incremental,,,,0,,,https://eastcoastartstudio.com/products/music-row-wall-art-cubist-nashville-tennessee-usa?variant=47612726968458,SHOP_NOW,{{product.name}},,17,,,,,,,,,,,,,,,not_delivering,,,,,,,19,1,,,18,,1,,,,,,17,11,,,,,,,,,,,,,,,,,,,,,,2026-01-01,2026-07-09
"LittleData - Prospecting CBO Duplicate",120247312792380327,"Concept 2 - Best Gift",120247312792440327,"1 Print Static",120247312792570327,instagram,"Instagram Stories",iphone,not_delivering,ad,,,,"7-day click, 1-day view, or 1-day engaged-view",,,,0,,,https://eastcoastartstudio.com/collections/best-sellers,SHOP_NOW,{{product.name}},,12,,,,,,,,,,,,,,,not_delivering,,,,,,,12,,,,12,,,,,,,,12,12,,,,,,,,,,,,,,,,,,,,,,2026-01-01,2026-07-09
"LittleData - Prospecting CBO",120246244099810327,"Concept 1 - Travel Wall",120246244099820327,"3 Prints +Mom/Daughter Static",120246245479220327,facebook,Feed,iphone,not_delivering,ad,,,,Incremental,,,,0,,,https://eastcoastartstudio.com/,SHOP_NOW,{{product.name}},,1,,,,,,,,,,,,,,,not_delivering,,,,,,,1,,,,1,,,,,,,,1,1,,,,,,,,,,,,,,,,,,,,,,2026-01-01,2026-07-09
"Prospecting Static CBO",120244285703060327,"Broad_Pack3 - May 9",120244619377280327,"9 Image + Discount",120244629176600327,facebook,Marketplace,iphone,not_delivering,ad,,,,Incremental,,,,0,,,https://eastcoastartstudio.com/collections/best-sellers,SHOP_NOW,{{product.name}},,2,,,,,,,,,,,,,,,not_delivering,,,,,,,2,,,,2,,,,,,,,2,2,,,,,,,,,,,,,,,,,,,,,,2026-01-01,2026-07-09
"Prospecting Static CBO",120244285703060327,Broad_Pack1,120244285703070327,"1 Image Static - Best Sellers",120244289062370327,facebook,Feed,android_tablet,not_delivering,ad,,,,"7-day click, 1-day view, or 1-day engaged-view",,,,0,,,https://eastcoastartstudio.com/products/bayshore-boulevard-poster-coastal-tampa-florida-usa?variant=47612975513738,SHOP_NOW,{{product.name}},,1,,,,,,,,,,,,,,,not_delivering,,,,,,,1,,,,1,,,,,,,,,,,,,,,,,,,,,,,,,,,,,,,2026-01-01,2026-07-09
"Prospecting Static CBO",120244285703060327,"Broad_Pack3 - May 9",120244619377280327,"9 Image + Discount",120244629176600327,instagram,"Instagram Stories",android_smartphone,not_delivering,ad,,,,Incremental,,,,0,,,https://eastcoastartstudio.com/collections/best-sellers,SHOP_NOW,{{product.name}},,1,,,,,,,,,,,,,,,not_delivering,,,,,,,1,,,,1,,,,,,,,1,1,,,,,,,,,,,,,,,,,,,,,,2026-01-01,2026-07-09
"Prospecting Static CBO",120244285703060327,"Broad_Pack3 - May 9",120244619377280327,"9 Image + Discount",120244629176600327,instagram,"Instagram Stories",iphone,not_delivering,ad,,,,Incremental,,,,0,,,https://eastcoastartstudio.com/collections/best-sellers,SHOP_NOW,{{product.name}},,21,,,,,,,,,,,,,,,not_delivering,,,,,,,21,,,,21,,,,,,,,21,19,,,,,,,,,,,,,,,,,,,,,,2026-01-01,2026-07-09
"Prospecting Static CBO",120244285703060327,"Broad_Pack3 - May 9",120244619377280327,"9 Image + Discount",120244629176600327,facebook,"Facebook Reels",android_smartphone,not_delivering,ad,,,,Incremental,,,,0,,,https://eastcoastartstudio.com/collections/best-sellers,SHOP_NOW,{{product.name}},,2,,,,,,,,,,,,,,,not_delivering,,,,,,,2,,,,2,,,,,,,,2,2,,,,,,,,,,,,,,,,,,,,,,2026-01-01,2026-07-09
"Prospecting Static CBO",120244285703060327,"Broad_Pack3 - May 9",120244619377280327,"9 Image + Discount",120244629176600327,facebook,"Facebook Reels",iphone,not_delivering,ad,,,,Incremental,,,,0,,,https://eastcoastartstudio.com/collections/best-sellers,SHOP_NOW,{{product.name}},,11,,,,,,,,,,,,,,,not_delivering,,,,,,,11,,,,11,,,,,,,,11,10,,,,,,,,,,,,,,,,,,,,,,2026-01-01,2026-07-09
"Prospecting Static CBO",120244285703060327,"Broad_Pack3 - May 9",120244619377280327,"9 Image + Discount",120244629176600327,facebook,"Facebook Reels",android_tablet,not_delivering,ad,,,,Incremental,,,,0,,,https://eastcoastartstudio.com/collections/best-sellers,SHOP_NOW,{{product.name}},,,,,,,,,,,,,,,,,not_delivering,,,,,,,1,,,,1,,1,,,,,,,,,,,,,,,,,,,,,,,,,,,,,2026-01-01,2026-07-09
"LittleData - Prospecting CBO",120246244099810327,"Concept 1 - Travel Wall",120246244099820327,"3 Prints Static",120246244099800327,instagram,"Instagram Stories",iphone,not_delivering,ad,,,,Incremental,,,,0,,,https://eastcoastartstudio.com/,SHOP_NOW,{{product.name}},,3,,,,,,,,,,,,,,,not_delivering,,,,,,,3,,,,3,,,,,,,,3,3,,,,,,,,,,,,,,,,,,,,,,2026-01-01,2026-07-09
"LittleData - Prospecting CBO",120246244099810327,"Concept 1 - Travel Wall",120246244099820327,"3 Prints Static",120246244099800327,instagram,Feed,iphone,not_delivering,ad,,,,Incremental,,,,0,,,https://eastcoastartstudio.com/,SHOP_NOW,{{product.name}},,1,,,,,,,,,,,,,,,not_delivering,,,,,,,2,,,,2,1,,,,,,,1,1,,,,,,,,,,,,,,,,,,,,,,2026-01-01,2026-07-09
"LittleData - Prospecting CBO",120246244099810327,"Concept 1 - Travel Wall",120246244099820327,"3 Prints Static",120246244099800327,instagram,Feed,android_smartphone,not_delivering,ad,,,,Incremental,,,,0,,,https://eastcoastartstudio.com/,SHOP_NOW,{{product.name}},,2,,,,,,,,,,,,,,,not_delivering,,,,,,,4,,,,4,2,,,,,,,2,2,,,,,,,,,,,,,,,,,,,,,,2026-01-01,2026-07-09
"Prospecting Static CBO",120244285703060327,Broad_Pack1,120244285703070327,"1 Image Static - Best Sellers",120244289062370327,facebook,"In-stream reels",iphone,not_delivering,ad,,,,"7-day click, 1-day view, or 1-day engaged-view",,,,0,,,https://eastcoastartstudio.com/products/bayshore-boulevard-poster-coastal-tampa-florida-usa?variant=47612975513738,SHOP_NOW,{{product.name}},,,,,,,,,,,,,,,,,not_delivering,,,,,,,1,,,,1,1,,,,,,,,,,,,,,,,,,,,,,,,,,,,,,2026-01-01,2026-07-09
"Prospecting Static CBO",120244285703060327,Broad_Pack1,120244285703070327,"1 Image Static - Best Sellers",120244289062370327,facebook,"Search results",iphone,not_delivering,ad,,,,"7-day click, 1-day view, or 1-day engaged-view",,,,0,,,https://eastcoastartstudio.com/products/bayshore-boulevard-poster-coastal-tampa-florida-usa?variant=47612975513738,SHOP_NOW,{{product.name}},,1,,,,,,,,,,,,,,,not_delivering,,,,,,,1,,,,1,,,,,,,,1,1,,,,,,,,,,,,,,,,,,,,,,2026-01-01,2026-07-09
"Prospecting Static CBO",120244285703060327,Broad_Pack1,120244285703070327,"1 Image Static - Best Sellers",120244289062370327,facebook,Feed,iphone,not_delivering,ad,,,,"7-day click, 1-day view, or 1-day engaged-view",,,,0,,,https://eastcoastartstudio.com/products/bayshore-boulevard-poster-coastal-tampa-florida-usa?variant=47612975513738,SHOP_NOW,{{product.name}},,34,,,,,,,,,,,,,,,not_delivering,,,,,,,36,,,,36,2,,,,,,,30,23,,,,,,,,,,,,,,,,,,,,,,2026-01-01,2026-07-09
"Prospecting Static CBO",120244285703060327,Broad_Pack1,120244285703070327,"1 Image Static - Best Sellers",120244289062370327,facebook,Feed,android_smartphone,not_delivering,ad,,,,"7-day click, 1-day view, or 1-day engaged-view",,,,0,,,https://eastcoastartstudio.com/products/bayshore-boulevard-poster-coastal-tampa-florida-usa?variant=47612975513738,SHOP_NOW,{{product.name}},,3,,,,,,,,,,,,,,,not_delivering,,,,,,,3,,,,3,,,,,,,,2,2,,,,,,,,,,,,,,,,,,,,,,2026-01-01,2026-07-09
"Prospecting Static CBO",120244285703060327,Broad_Pack1,120244285703070327,"1 Image Static - Best Sellers",120244289062370327,facebook,Feed,ipad,not_delivering,ad,,,,"7-day click, 1-day view, or 1-day engaged-view",,,,0,,,https://eastcoastartstudio.com/products/bayshore-boulevard-poster-coastal-tampa-florida-usa?variant=47612975513738,SHOP_NOW,{{product.name}},,3,,,,,,,,,,,,,,,not_delivering,,,,,,,3,,,,3,,,,,,,,3,3,,,,,,,,,,,,,,,,,,,,,,2026-01-01,2026-07-09
"Prospecting Static CBO",120244285703060327,Broad_Pack1,120244285703070327,"1 Image Static - Best Sellers",120244289062370327,facebook,Feed,desktop,not_delivering,ad,,,,"7-day click, 1-day view, or 1-day engaged-view",,,,0,,,https://eastcoastartstudio.com/products/bayshore-boulevard-poster-coastal-tampa-florida-usa?variant=47612975513738,SHOP_NOW,{{product.name}},,8,,,,,,,,,,,,,,,not_delivering,,,,,,,8,,,,8,,,,,,,,7,7,,,,,,,,,,,,,,,,,,,,,,2026-01-01,2026-07-09
"Prospecting Static CBO",120244285703060327,Broad_Pack1,120244285703070327,"1 Image Static - Best Sellers",120244289062370327,instagram,Feed,iphone,not_delivering,ad,,,,"7-day click, 1-day view, or 1-day engaged-view",,,,0,,,https://eastcoastartstudio.com/products/bayshore-boulevard-poster-coastal-tampa-florida-usa?variant=47612975513738,SHOP_NOW,{{product.name}},,35,,,,,,,,,,,,,,,not_delivering,,,,,,,41,,,,41,5,1,,,,,,33,21,,,,,,,,,,,,,,,,,,,,,,2026-01-01,2026-07-09
"Prospecting Static CBO",120244285703060327,"Broad_Pack5 - May 18",120245126176160327,"Early Father - Father's Day Sale",120245126176150327,facebook,Feed,0,not_delivering,ad,,,,"7-day click, 1-day view, or 1-day engaged-view",,,,0,,,https://eastcoastartstudio.com/,SHOP_NOW,{{product.name}},,,,,,,,,,,,,,,,,not_delivering,,,,,,,,,,,,,,,,,,,,,,,,,,,,,,,,3,,,,,,,,,,2026-01-01,2026-07-09
"Prospecting Static CBO",120244285703060327,Broad_Pack1,120244285703070327,"1 Image Static - Best Sellers",120244289062370327,facebook,"Facebook Reels",ipad,not_delivering,ad,,,,"7-day click, 1-day view, or 1-day engaged-view",,,,0,,,https://eastcoastartstudio.com/products/bayshore-boulevard-poster-coastal-tampa-florida-usa?variant=47612975513738,SHOP_NOW,{{product.name}},,1,,,,,,,,,,,,,,,not_delivering,,,,,,,1,,,,1,,,,,,,,1,1,,,,,,,,,,,,,,,,,,,,,,2026-01-01,2026-07-09
"Prospecting Static CBO",120244285703060327,"Broad_Pack5 - May 18",120245126176160327,"Early Father - Father's Day Sale",120245126176150327,facebook,Feed,iphone,not_delivering,ad,,,,"7-day click, 1-day view, or 1-day engaged-view",,,,0,,,https://eastcoastartstudio.com/,SHOP_NOW,{{product.name}},,,,,,,,,,,,,,,,,not_delivering,,,,,,,2,,,,2,2,,,,,,,,,,,,,,,,,,,,,,,,,,,,,,2026-01-01,2026-07-09
"Prospecting Static CBO",120244285703060327,Broad_Pack1,120244285703070327,"1 Image Static - Best Sellers",120244289062370327,facebook,"Facebook profile feed",iphone,not_delivering,ad,,,,"7-day click, 1-day view, or 1-day engaged-view",,,,0,,,https://eastcoastartstudio.com/products/bayshore-boulevard-poster-coastal-tampa-florida-usa?variant=47612975513738,SHOP_NOW,{{product.name}},,1,,,,,,,,,,,,,,,not_delivering,,,,,,,1,,,,1,,,,,,,,1,1,,,,,,,,,,,,,,,,,,,,,,2026-01-01,2026-07-09
"Prospecting Static CBO",120244285703060327,Broad_Pack1,120244285703070327,"1 Image Static - Best Sellers",120244289062370327,threads,"Threads feed",ipad,not_delivering,ad,,,,"7-day click, 1-day view, or 1-day engaged-view",,,,0,,,https://eastcoastartstudio.com/products/bayshore-boulevard-poster-coastal-tampa-florida-usa?variant=47612975513738,SHOP_NOW,{{product.name}},,1,,,,,,,,,,,,,,,not_delivering,,,,,,,1,,,,1,,,,,,,,1,1,,,,,,,,,,,,,,,,,,,,,,2026-01-01,2026-07-09
"Prospecting Static CBO",120244285703060327,Broad_Pack1,120244285703070327,"1 Image Static - Best Sellers",120244289062370327,threads,"Threads feed",iphone,not_delivering,ad,,,,"7-day click, 1-day view, or 1-day engaged-view",,,,0,,,https://eastcoastartstudio.com/products/bayshore-boulevard-poster-coastal-tampa-florida-usa?variant=47612975513738,SHOP_NOW,{{product.name}},,5,,,,,,,,,,,,,,,not_delivering,,,,,,,5,,,,5,,,,,,,,5,5,,,,,,,,,,,,,,,,,,,,,,2026-01-01,2026-07-09
"Prospecting Static CBO",120244285703060327,Broad_Pack1,120244285703070327,"1 Image Static - Best Sellers",120244289062370327,instagram,"Instagram Reels",0,not_delivering,ad,,,,"7-day click, 1-day view, or 1-day engaged-view",,,,0,,,https://eastcoastartstudio.com/products/bayshore-boulevard-poster-coastal-tampa-florida-usa?variant=47612975513738,SHOP_NOW,{{product.name}},,,,,,,,,,,,,,,,,not_delivering,,,,,,,,,,,,,,,,,,,,,,,,,,,,,,,,2,,,,,,,,,,2026-01-01,2026-07-09
"Prospecting Static CBO",120244285703060327,Broad_Pack1,120244285703070327,"1 Image Static - Best Sellers",120244289062370327,instagram,"Instagram Reels",iphone,not_delivering,ad,,,,"7-day click, 1-day view, or 1-day engaged-view",,,,0,,,https://eastcoastartstudio.com/products/bayshore-boulevard-poster-coastal-tampa-florida-usa?variant=47612975513738,SHOP_NOW,{{product.name}},,6,,,,,,,,,,,,,,,not_delivering,,,,,,,7,,,,7,1,,,,,,,6,4,,,,,,,,,,,,,,,,,,,,,,2026-01-01,2026-07-09
"Prospecting Static CBO",120244285703060327,Broad_Pack1,120244285703070327,"1 Image Static - Best Sellers",120244289062370327,facebook,"Facebook Reels",android_smartphone,not_delivering,ad,,,,"7-day click, 1-day view, or 1-day engaged-view",,,,0,,,https://eastcoastartstudio.com/products/bayshore-boulevard-poster-coastal-tampa-florida-usa?variant=47612975513738,SHOP_NOW,{{product.name}},,2,,,,,,,,,,,,,,,not_delivering,,,,,,,3,,,,3,1,,,,,,,2,2,,,,,,,,,,,,,,,,,,,,,,2026-01-01,2026-07-09
"Prospecting Static CBO",120244285703060327,Broad_Pack1,120244285703070327,"1 Image Static - Best Sellers",120244289062370327,instagram,Feed,android_smartphone,not_delivering,ad,,,,"7-day click, 1-day view, or 1-day engaged-view",,,,0,,,https://eastcoastartstudio.com/products/bayshore-boulevard-poster-coastal-tampa-florida-usa?variant=47612975513738,SHOP_NOW,{{product.name}},,9,,,,,,,,,,,,,,,not_delivering,,,,,,,9,,,,9,,,,,,,,9,5,,,,,,,,,,,,,,,,,,,,,,2026-01-01,2026-07-09
"Prospecting Static CBO",120244285703060327,Broad_Pack1,120244285703070327,"1 Image Static - Best Sellers",120244289062370327,facebook,"Facebook Reels",iphone,not_delivering,ad,,,,"7-day click, 1-day view, or 1-day engaged-view",,,,0,,,https://eastcoastartstudio.com/products/bayshore-boulevard-poster-coastal-tampa-florida-usa?variant=47612975513738,SHOP_NOW,{{product.name}},,3,,,,,,,,,,,,,,,not_delivering,,,,,,,3,,,,3,,,,,,,,3,3,,,,,,,,,,,,,,,,,,,,,,2026-01-01,2026-07-09
"Prospecting Static CBO",120244285703060327,Broad_Pack1,120244285703070327,"1 Image Static - Best Sellers",120244289062370327,audience_network,"Native, banner & interstitial",android_smartphone,not_delivering,ad,,,,"7-day click, 1-day view, or 1-day engaged-view",,,,0,,,https://eastcoastartstudio.com/products/bayshore-boulevard-poster-coastal-tampa-florida-usa?variant=47612975513738,SHOP_NOW,{{product.name}},,27,,,,,,,,,,,,,,,not_delivering,,,,,,,27,,,,27,,,,,,,,27,13,,,,,,,,,,,,,,,,,,,,,,2026-01-01,2026-07-09
"Prospecting Static CBO",120244285703060327,Broad_Pack1,120244285703070327,"1 Image Static - Best Sellers",120244289062370327,instagram,"Instagram Stories",0,not_delivering,ad,,,,"7-day click, 1-day view, or 1-day engaged-view",,,,0,,,https://eastcoastartstudio.com/products/bayshore-boulevard-poster-coastal-tampa-florida-usa?variant=47612975513738,SHOP_NOW,{{product.name}},,,,,,,,,,,,,,,,,not_delivering,,,,,,,,,,,,,,,,,,,,,,,,,,,,,,,,2,,,,,,,,,,2026-01-01,2026-07-09
"Prospecting Static CBO",120244285703060327,Broad_Pack1,120244285703070327,"1 Image Static - Best Sellers",120244289062370327,instagram,"Instagram Stories",android_smartphone,not_delivering,ad,,,,"7-day click, 1-day view, or 1-day engaged-view",,,,0,,,https://eastcoastartstudio.com/products/bayshore-boulevard-poster-coastal-tampa-florida-usa?variant=47612975513738,SHOP_NOW,{{product.name}},,4,,,,,,,,,,,,,,,not_delivering,,,,,,,4,,,,4,,,,,,,,4,4,,,,,,,,,,,,,,,,,,,,,,2026-01-01,2026-07-09
"Prospecting Static CBO",120244285703060327,Broad_Pack1,120244285703070327,"1 Image Static - Best Sellers",120244289062370327,instagram,"Instagram Stories",iphone,not_delivering,ad,,,,"7-day click, 1-day view, or 1-day engaged-view",,,,0,,,https://eastcoastartstudio.com/products/bayshore-boulevard-poster-coastal-tampa-florida-usa?variant=47612975513738,SHOP_NOW,{{product.name}},,15,,,,,,,,,,,,,,,not_delivering,,,,,,,15,,,,15,,,,,,,,15,15,,,,,,,,,,,,,,,,,,,,,,2026-01-01,2026-07-09
"Prospecting Static CBO",120244285703060327,Broad_Pack1,120244285703070327,"1 Image Static - Best Sellers",120244289062370327,instagram,Feed,ipad,not_delivering,ad,,,,"7-day click, 1-day view, or 1-day engaged-view",,,,0,,,https://eastcoastartstudio.com/products/bayshore-boulevard-poster-coastal-tampa-florida-usa?variant=47612975513738,SHOP_NOW,{{product.name}},,1,,,,,,,,,,,,,,,not_delivering,,,,,,,1,,,,1,,,,,,,,1,1,,,,,,,,,,,,,,,,,,,,,,2026-01-01,2026-07-09
"LittleData - Retargeting Duplicate",120247312851600327,"Retargeting Testing",120247312851610327,"Good quality ad",120247312851590327,facebook,"Facebook Reels",iphone,not_delivering,ad,,,,Incremental,,,,0,,,http://eastcoastartstudio.com/,SHOP_NOW,{{product.name}},,9,,,,,,,,,,,,,,,not_delivering,,,,,,,9,,,,9,,,,,,,,9,9,,,,,,,,,,,,,,,,,,,,,,2026-01-01,2026-07-09
"LittleData - Retargeting Duplicate",120247312851600327,"Retargeting Testing",120247312851610327,"Good quality ad",120247312851590327,facebook,"Facebook Reels",android_smartphone,not_delivering,ad,,,,Incremental,,,,0,,,http://eastcoastartstudio.com/,SHOP_NOW,{{product.name}},,7,,,,,,,,,,,,,,,not_delivering,,,,,,,7,,,,7,,,,,,,,7,6,,,,,,,,,,,,,,,,,,,,,,2026-01-01,2026-07-09
"LittleData - Prospecting CBO Duplicate",120247312792380327,"Concept 4 - Where we met",120247312792460327,"2 Print Static",120247312792610327,facebook,Feed,iphone,not_delivering,ad,,,,Incremental,,,,0,,,http://eastcoastartstudio.com/,SHOP_NOW,{{product.name}},,1,,,,,,,,,,,,,,,not_delivering,,,,,,,1,,,,1,,,,,,,,1,1,,,,,,,,,,,,,,,,,,,,,,2026-01-01,2026-07-09
"LittleData - Prospecting CBO Duplicate",120247312792380327,"Concept 6 - Founders Letter",120247312792480327,"Letter 2",120247312792390327,instagram,Feed,iphone,not_delivering,ad,,,,"7-day click, 1-day view, or 1-day engaged-view",,,,0,,,https://eastcoastartstudio.com/collections/best-sellers,SHOP_NOW,{{product.name}},,1,,,,,,,,,,,,,,,not_delivering,,,,,,,1,,,,1,,,,,,,,1,1,,,,,,,,,,,,,,,,,,,,,,2026-01-01,2026-07-09
"Prospecting Static CBO",120244285703060327,"Broad_Pack3 - May 9",120244619377280327,"1 Image + Mockup",120244627442420327,facebook,Feed,iphone,inactive,ad,,,,Incremental,,,,0,,,https://eastcoastartstudio.com/collections/Italy,SHOP_NOW,{{product.name}},,,,,,,,,,,,,,,,,inactive,,,,,,,1,,,,1,1,,,,,,,,,,,,,,,,,,,,,,,,,,,,,,2026-01-01,2026-07-09
"LittleData - Prospecting CBO Duplicate",120247312792380327,"Concept 4 - Where we met",120247312792460327,"3 Print Static",120247312792600327,instagram,Feed,android_smartphone,not_delivering,ad,,,,Incremental,,,,0,,,https://eastcoastartstudio.com/,SHOP_NOW,{{product.name}},,1,,,,,,,,,,,,,,,not_delivering,,,,,,,1,,,,1,,,,,,,,1,1,,,,,,,,,,,,,,,,,,,,,,2026-01-01,2026-07-09
"LittleData - Prospecting CBO",120246244099810327,"Concept 2 - Best Gift",120246251203520327,"2 Print + Dads Gift",120246251203530327,facebook,"Facebook Reels",iphone,not_delivering,ad,,,,"7-day click, 1-day view, or 1-day engaged-view",,,,0,,,https://eastcoastartstudio.com/,SHOP_NOW,{{product.name}},,,,,,,,,,,,,,,,,not_delivering,,,,,,,1,,,,1,1,,,,,,,,,,,,,,,,,,,,,,,,,,,,,,2026-01-01,2026-07-09
"LittleData - Prospecting CBO",120246244099810327,"Concept 2 - Best Gift",120246251203520327,"2 Print + Dads Gift",120246251203530327,instagram,"Instagram Stories",ipad,not_delivering,ad,,,,"7-day click, 1-day view, or 1-day engaged-view",,,,0,,,https://eastcoastartstudio.com/,SHOP_NOW,{{product.name}},,1,,,,,,,,,,,,,,,not_delivering,,,,,,,1,,,,1,,,,,,,,1,1,,,,,,,,,,,,,,,,,,,,,,2026-01-01,2026-07-09
"LittleData - Prospecting CBO",120246244099810327,"Concept 2 - Best Gift",120246251203520327,"2 Print + Dads Gift",120246251203530327,instagram,"Instagram Stories",iphone,not_delivering,ad,,,,"7-day click, 1-day view, or 1-day engaged-view",,,,0,,,https://eastcoastartstudio.com/,SHOP_NOW,{{product.name}},,19,,,,,,,,,,,,,,,not_delivering,,,,,,,19,,,,19,,,,,,,,14,14,,,,,,,,,,,,,,,,,,,,,,2026-01-01,2026-07-09
"LittleData - Prospecting CBO",120246244099810327,"Concept 2 - Best Gift",120246251203520327,"2 Print + Dads Gift",120246251203530327,facebook,Feed,iphone,not_delivering,ad,,,,"7-day click, 1-day view, or 1-day engaged-view",,,,0,,,https://eastcoastartstudio.com/,SHOP_NOW,{{product.name}},,4,,,,,,,,,,,,,,,not_delivering,,,,,,,4,,,,4,,,,,,,,4,3,,,,,,,,,,,,,,,,,,,,,,2026-01-01,2026-07-09
"LittleData - Prospecting CBO",120246244099810327,"Concept 2 - Best Gift",120246251203520327,"2 Print + Dads Gift",120246251203530327,facebook,Feed,desktop,not_delivering,ad,,,,"7-day click, 1-day view, or 1-day engaged-view",,,,0,,,https://eastcoastartstudio.com/,SHOP_NOW,{{product.name}},,2,,,,,,,,,,,,,,,not_delivering,,,,,,,2,,,,2,,,,,,,,2,2,,,,,,,,,,,,,,,,,,,,,,2026-01-01,2026-07-09
"LittleData - Prospecting CBO",120246244099810327,"Concept 2 - Best Gift",120246251203520327,"2 Print + Dads Gift",120246251203530327,instagram,Feed,iphone,not_delivering,ad,,,,"7-day click, 1-day view, or 1-day engaged-view",,,,0,,,https://eastcoastartstudio.com/,SHOP_NOW,{{product.name}},,12,,,,,,,,,,,,,,,not_delivering,,,,,,,16,,,,16,4,,,,,,,12,11,,,,,,,,,,,,,,,,,,,,,,2026-01-01,2026-07-09
"LittleData - Prospecting CBO",120246244099810327,"Concept 2 - Best Gift",120246251203520327,"2 Print + Dads Gift",120246251203530327,instagram,Feed,android_smartphone,not_delivering,ad,,,,"7-day click, 1-day view, or 1-day engaged-view",,,,0,,,https://eastcoastartstudio.com/,SHOP_NOW,{{product.name}},,1,,,,,,,,,,,,,,,not_delivering,,,,,,,2,,,,2,1,,,,,,,1,1,,,,,,,,,,,,,,,,,,,,,,2026-01-01,2026-07-09
"LittleData - Prospecting CBO",120246244099810327,"Concept 2 - Best Gift",120246251203520327,"2 Print + Dads Gift",120246251203530327,instagram,Feed,0,not_delivering,ad,,,,"7-day click, 1-day view, or 1-day engaged-view",,,,0,,,https://eastcoastartstudio.com/,SHOP_NOW,{{product.name}},,,,,,,,,,,,,,,,,not_delivering,,,,,,,,,,,,,,,,,,,,,,,,,,,,,,,,1,,,,,,,,,,2026-01-01,2026-07-09
"LittleData - Prospecting CBO",120246244099810327,"Concept 2 - Best Gift",120246251203520327,"2 Print + Dads Gift",120246251203530327,instagram,"Instagram Reels",iphone,not_delivering,ad,,,,"7-day click, 1-day view, or 1-day engaged-view",,,,0,,,https://eastcoastartstudio.com/,SHOP_NOW,{{product.name}},,2,,,,,,,,,,,,,,,not_delivering,,,,,,,2,,,,2,,,,,,,,1,1,,,,,,,,,,,,,,,,,,,,,,2026-01-01,2026-07-09
"LittleData - Prospecting CBO",120246244099810327,"Concept 2 - Best Gift",120246251203520327,"2 Print + Dads Gift",120246251203530327,instagram,"Instagram Reels",android_smartphone,not_delivering,ad,,,,"7-day click, 1-day view, or 1-day engaged-view",,,,0,,,https://eastcoastartstudio.com/,SHOP_NOW,{{product.name}},,2,,,,,,,,,,,,,,,not_delivering,,,,,,,2,,,,2,,,,,,,,2,1,,,,,,,,,,,,,,,,,,,,,,2026-01-01,2026-07-09
"LittleData - Prospecting CBO Duplicate",120247312792380327,"Concept 6 - Founders Letter",120247312792480327,"Letter 2",120247312792390327,facebook,Feed,desktop,not_delivering,ad,,,,"7-day click, 1-day view, or 1-day engaged-view",,,,0,,,https://eastcoastartstudio.com/collections/best-sellers,SHOP_NOW,{{product.name}},,1,,,,,,,,,,,,,,,not_delivering,,,,,,,1,,,,1,,,,,,,,1,1,,,,,,,,,,,,,,,,,,,,,,2026-01-01,2026-07-09
"LittleData - Prospecting CBO Duplicate",120247312792380327,"Concept 6 - Founders Letter",120247312792480327,"Letter 2",120247312792390327,facebook,Feed,ipad,not_delivering,ad,,,,"7-day click, 1-day view, or 1-day engaged-view",,,,0,,,https://eastcoastartstudio.com/collections/best-sellers,SHOP_NOW,{{product.name}},,1,,,,,,,,,,,,,,,not_delivering,,,,,,,1,,,,1,,,,,,,,1,1,,,,,,,,,,,,,,,,,,,,,,2026-01-01,2026-07-09
"LittleData - Prospecting CBO Duplicate",120247312792380327,"Concept 3 - First Apartment",120247312792450327,"3 Prints on bed",120247312792580327,facebook,Feed,android_smartphone,not_delivering,ad,,,,Incremental,,,,0,,,https://eastcoastartstudio.com/collections/best-sellers,SHOP_NOW,{{product.name}},,3,,,,,,,,,,,,,,,not_delivering,,,,,,,4,1,,,3,,,,,,,,3,2,,,,,,,,,,,,,,,,,,,,,,2026-01-01,2026-07-09
"Music Row Single PDP Test",120244718915920327,"New Sales Ad Set",120244718915930327,"Music Row Static - In Stock",120244718915940327,instagram,Feed,iphone,not_delivering,ad,,,,Incremental,,,,0,,,https://eastcoastartstudio.com/products/music-row-wall-art-cubist-nashville-tennessee-usa?variant=47612726968458,SEE_DETAILS,{{product.name}},,,,,,,,,,,,,,,,,not_delivering,,,,,,,1,,,,1,1,,,,,,,,,,,,,,,,,,,,,,,,,,,,,,2026-01-01,2026-07-09
"Prospecting Static CBO",120244285703060327,Broad_Pack2,120244380430020327,"6 Images",120244439296070327,facebook,"Facebook Reels",android_smartphone,inactive,ad,,,,"7-day click, 1-day view, or 1-day engaged-view",,,,0,,,https://eastcoastartstudio.com/,SHOP_NOW,{{product.name}},,1,,,,,,,,,,,,,,,inactive,,,,,,,1,,,,1,,,,,,,,1,1,,,,,,,,,,,,,,,,,,,,,,2026-01-01,2026-07-09
"Prospecting Static CBO",120244285703060327,Broad_Pack2,120244380430020327,"6 Images",120244439296070327,facebook,Feed,ipad,inactive,ad,,,,"7-day click, 1-day view, or 1-day engaged-view",,,,0,,,https://eastcoastartstudio.com/,SHOP_NOW,{{product.name}},,1,,,,,,,,,,,,,,,inactive,,,,,,,1,,,,1,,,,,,,,1,1,,,,,,,,,,,,,,,,,,,,,,2026-01-01,2026-07-09
"Prospecting Static CBO",120244285703060327,Broad_Pack2,120244380430020327,"6 Images",120244439296070327,facebook,Feed,iphone,inactive,ad,,,,"7-day click, 1-day view, or 1-day engaged-view",,,,0,,,https://eastcoastartstudio.com/,SHOP_NOW,{{product.name}},,17,,,,,,,,,,,,,,,inactive,,,,,,,19,,,,19,2,,,,,,,15,14,,,,,,,,,,,,,,,,,,,,,,2026-01-01,2026-07-09
"Prospecting Static CBO",120244285703060327,Broad_Pack2,120244380430020327,"6 Images",120244439296070327,facebook,"Search results",iphone,inactive,ad,,,,"7-day click, 1-day view, or 1-day engaged-view",,,,0,,,https://eastcoastartstudio.com/,SHOP_NOW,{{product.name}},,3,,,,,,,,,,,,,,,inactive,,,,,,,3,,,,3,,,,,,,,3,3,,,,,,,,,,,,,,,,,,,,,,2026-01-01,2026-07-09
"Prospecting Static CBO",120244285703060327,Broad_Pack2,120244380430020327,"6 Images",120244439296070327,instagram,"Instagram Stories",android_smartphone,inactive,ad,,,,"7-day click, 1-day view, or 1-day engaged-view",,,,0,,,https://eastcoastartstudio.com/,SHOP_NOW,{{product.name}},,1,,,,,,,,,,,,,,,inactive,,,,,,,1,,,,1,,,,,,,,,,,,,,,,,,,,,,,,,,,,,,,2026-01-01,2026-07-09
"Prospecting Static CBO",120244285703060327,Broad_Pack2,120244380430020327,"6 Images",120244439296070327,instagram,"Instagram Stories",iphone,inactive,ad,,,,"7-day click, 1-day view, or 1-day engaged-view",,,,0,,,https://eastcoastartstudio.com/,SHOP_NOW,{{product.name}},,4,,,,,,,,,,,,,,,inactive,,,,,,,4,,,,4,,,,,,,,4,4,,,,,,,,,,,,,,,,,,,,,,2026-01-01,2026-07-09
"Prospecting Static CBO",120244285703060327,Broad_Pack2,120244380430020327,"6 Images",120244439296070327,instagram,"Instagram Reels",iphone,inactive,ad,,,,"7-day click, 1-day view, or 1-day engaged-view",,,,0,,,https://eastcoastartstudio.com/,SHOP_NOW,{{product.name}},,1,,,,,,,,,,,,,,,inactive,,,,,,,2,,,,2,1,,,,,,,1,1,,,,,,,,,,,,,,,,,,,,,,2026-01-01,2026-07-09
"Prospecting Static CBO",120244285703060327,Broad_Pack2,120244380430020327,"6 Images",120244439296070327,facebook,"Facebook Reels",iphone,inactive,ad,,,,"7-day click, 1-day view, or 1-day engaged-view",,,,0,,,https://eastcoastartstudio.com/,SHOP_NOW,{{product.name}},,1,,,,,,,,,,,,,,,inactive,,,,,,,1,,,,1,,,,,,,,1,1,,,,,,,,,,,,,,,,,,,,,,2026-01-01,2026-07-09
"LittleData - Prospecting CBO Duplicate",120247312792380327,"Concept 3 - First Apartment",120247312792450327,"3 Prints on bed",120247312792580327,facebook,Feed,iphone,not_delivering,ad,,,,Incremental,,,,0,,,https://eastcoastartstudio.com/collections/best-sellers,SHOP_NOW,{{product.name}},,10,,,,,,,,,,,,,,,not_delivering,,,,,,,11,1,,,10,,,,,,,,10,8,,,,,,,,,,,,,,,,,,,,,,2026-01-01,2026-07-09
"Prospecting Static CBO",120244285703060327,Broad_Pack2,120244380430020327,"6 Images",120244439296070327,instagram,Feed,ipad,inactive,ad,,,,"7-day click, 1-day view, or 1-day engaged-view",,,,0,,,https://eastcoastartstudio.com/,SHOP_NOW,{{product.name}},,1,,,,,,,,,,,,,,,inactive,,,,,,,1,,,,1,,,,,,,,1,1,,,,,,,,,,,,,,,,,,,,,,2026-01-01,2026-07-09
"Prospecting Static CBO",120244285703060327,Broad_Pack2,120244380430020327,"6 Images",120244439296070327,instagram,Feed,iphone,inactive,ad,,,,"7-day click, 1-day view, or 1-day engaged-view",,,,0,,,https://eastcoastartstudio.com/,SHOP_NOW,{{product.name}},,12,,,,,,,,,,,,,,,inactive,,,,,,,19,,,,19,6,1,,,,,,12,11,,,,,,,,,,,,,,,,,,,,,,2026-01-01,2026-07-09
"LittleData - Prospecting CBO Duplicate",120247312792380327,"Concept 3 - First Apartment",120247312792450327,"3 Prints on bed",120247312792580327,instagram,"Instagram Stories",iphone,not_delivering,ad,,,,Incremental,,,,0,,,https://eastcoastartstudio.com/collections/best-sellers,SHOP_NOW,{{product.name}},,1,,,,,,,,,,,,,,,not_delivering,,,,,,,1,,,,1,,,,,,,,1,1,,,,,,,,,,,,,,,,,,,,,,2026-01-01,2026-07-09
"LittleData - Prospecting CBO Duplicate",120247312792380327,"Concept 3 - First Apartment",120247312792450327,"3 Prints on bed",120247312792580327,facebook,Feed,android_tablet,not_delivering,ad,,,,Incremental,,,,0,,,https://eastcoastartstudio.com/collections/best-sellers,SHOP_NOW,{{product.name}},,1,,,,,,,,,,,,,,,not_delivering,,,,,,,1,,,,1,,,,,,,,1,1,,,,,,,,,,,,,,,,,,,,,,2026-01-01,2026-07-09
"LittleData - Prospecting CBO Duplicate",120247312792380327,"Concept 3 - First Apartment",120247312792450327,"3 Prints on bed",120247312792580327,facebook,Feed,ipad,not_delivering,ad,,,,Incremental,,,,0,,,https://eastcoastartstudio.com/collections/best-sellers,SHOP_NOW,{{product.name}},,2,,,,,,,,,,,,,,,not_delivering,,,,,,,3,,,,3,1,,,,,,,2,2,,,,,,,,,,,,,,,,,,,,,,2026-01-01,2026-07-09
"LittleData - Prospecting CBO Duplicate",120247312792380327,"Concept 3 - First Apartment",120247312792450327,"3 Prints on bed",120247312792580327,facebook,Feed,desktop,not_delivering,ad,,,,Incremental,,,,0,,,https://eastcoastartstudio.com/collections/best-sellers,SHOP_NOW,{{product.name}},,4,,,,,,,,,,,,,,,not_delivering,,,,,,,5,,,,5,1,,,,,,,4,4,,,,,,,,,,,,,,,,,,,,,,2026-01-01,2026-07-09
"Music Row Single PDP Test",120244718915920327,"New Sales Ad Set",120244718915930327,"Music Row Static - In Stock",120244718915940327,facebook,Feed,iphone,not_delivering,ad,,,,Incremental,,,,0,,,https://eastcoastartstudio.com/products/music-row-wall-art-cubist-nashville-tennessee-usa?variant=47612726968458,SEE_DETAILS,{{product.name}},,2,,,,,,,,,,,,,,,not_delivering,,,,,,,3,,,,3,1,,,,,,,2,1,,,,,,,,,,,,,,,,,,,,,,2026-01-01,2026-07-09
"Prospecting Static CBO",120244285703060327,Broad_Pack1,120244285703070327,"Multiple Pieces",120244294666470327,instagram,"Instagram Reels",iphone,inactive,ad,,,,"7-day click, 1-day view, or 1-day engaged-view",,,,0,,,https://eastcoastartstudio.com/,SHOP_NOW,{{product.name}},,3,,,,,,,,,,,,,,,inactive,,,,,,,3,,,,3,,,,,,,,3,3,,,,,,,,,,,,,,,,,,,,,,2026-01-01,2026-07-09
"Prospecting Static CBO",120244285703060327,Broad_Pack2,120244380430020327,"6 Images",120244439296070327,facebook,Feed,desktop,inactive,ad,,,,"7-day click, 1-day view, or 1-day engaged-view",,,,0,,,https://eastcoastartstudio.com/,SHOP_NOW,{{product.name}},,5,,,,,,,,,,,,,,,inactive,,,,,,,6,,,,6,1,,,,,,,5,5,,,,,,,,,,,,,,,,,,,,,,2026-01-01,2026-07-09
"Prospecting Static CBO",120244285703060327,Broad_Pack1,120244285703070327,"Multiple Pieces",120244294666470327,facebook,"Search results",iphone,inactive,ad,,,,"7-day click, 1-day view, or 1-day engaged-view",,,,0,,,https://eastcoastartstudio.com/,SHOP_NOW,{{product.name}},,16,,,,,,,,,,,,,,,inactive,,,,,,,16,,,,16,,,,,,,,16,16,,,,,,,,,,,,,,,,,,,,,,2026-01-01,2026-07-09
"LittleData - Prospecting CBO Duplicate",120247312792380327,"Concept 4 - Where we met",120247312792460327,"2 Print Static",120247312792610327,facebook,Feed,desktop,not_delivering,ad,,,,Incremental,,,,0,,,http://eastcoastartstudio.com/,SHOP_NOW,{{product.name}},,1,,,,,,,,,,,,,,,not_delivering,,,,,,,1,,,,1,,,,,,,,1,1,,,,,,,,,,,,,,,,,,,,,,2026-01-01,2026-07-09
"LittleData - Prospecting CBO Duplicate",120247312792380327,"Concept 4 - Where we met",120247312792460327,"2 Print Static",120247312792610327,instagram,Feed,android_smartphone,not_delivering,ad,,,,Incremental,,,,0,,,http://eastcoastartstudio.com/,SHOP_NOW,{{product.name}},,1,,,,,,,,,,,,,,,not_delivering,,,,,,,1,,,,1,,,,,,,,1,1,,,,,,,,,,,,,,,,,,,,,,2026-01-01,2026-07-09
"LittleData - Prospecting CBO Duplicate",120247312792380327,"Concept 4 - Where we met",120247312792460327,"2 Print Static",120247312792610327,instagram,Feed,iphone,not_delivering,ad,,,,Incremental,,,,0,,,http://eastcoastartstudio.com/,SHOP_NOW,{{product.name}},,3,,,,,,,,,,,,,,,not_delivering,,,,,,,3,,,,3,,,,,,,,2,2,,,,,,,,,,,,,,,,,,,,,,2026-01-01,2026-07-09
"LittleData - Prospecting CBO Duplicate",120247312792380327,"Concept 4 - Where we met",120247312792460327,"2 Print Static",120247312792610327,instagram,Feed,0,not_delivering,ad,,,,Incremental,,,,0,,,http://eastcoastartstudio.com/,SHOP_NOW,{{product.name}},,,,,,,,,,,,,,,,,not_delivering,,,,,,,,,,,,,,,,,,,,,,,,,,,,,,,,1,,,,,,,,,,2026-01-01,2026-07-09
"LittleData - Retargeting",120246576715270327,"Retargeting Testing",120246576715280327,"Good quality ad",120246577486410327,instagram,Feed,iphone,not_delivering,ad,,,,Incremental,,,,0,,,http://eastcoastartstudio.com/,SHOP_NOW,{{product.name}},,4,,,,,,,,,,,,,,,not_delivering,,,,,,,4,,,,4,,,,,,,,4,3,,,,,,,,,,,,,,,,,,,,,,2026-01-01,2026-07-09
"LittleData - Retargeting",120246576715270327,"Retargeting Testing",120246576715280327,"Good quality ad",120246577486410327,instagram,Feed,android_smartphone,not_delivering,ad,,,,Incremental,,,,0,,,http://eastcoastartstudio.com/,SHOP_NOW,{{product.name}},,1,,,,,,,,,,,,,,,not_delivering,,,,,,,1,,,,1,,,,,,,,1,1,,,,,,,,,,,,,,,,,,,,,,2026-01-01,2026-07-09
"LittleData - Retargeting",120246576715270327,"Retargeting Testing",120246576715280327,"Good quality ad",120246577486410327,facebook,Feed,iphone,not_delivering,ad,,,,Incremental,,,,0,,,http://eastcoastartstudio.com/,SHOP_NOW,{{product.name}},,6,,,,,,,,,,,,,,,not_delivering,,,,,,,7,,,,7,1,,,,,,,6,5,,,,,,,,,,,,,,,,,,,,,,2026-01-01,2026-07-09
"LittleData - Retargeting",120246576715270327,"Retargeting Testing",120246576715280327,"Good quality ad",120246577486410327,facebook,Feed,android_smartphone,not_delivering,ad,,,,Incremental,,,,0,,,http://eastcoastartstudio.com/,SHOP_NOW,{{product.name}},,1,,,,,,,,,,,,,,,not_delivering,,,,,,,1,,,,1,,,,,,,,1,1,,,,,,,,,,,,,,,,,,,,,,2026-01-01,2026-07-09
"LittleData - Retargeting",120246576715270327,"Retargeting Testing",120246576715280327,"Good quality ad",120246577486410327,facebook,Feed,desktop,not_delivering,ad,,,,Incremental,,,,0,,,http://eastcoastartstudio.com/,SHOP_NOW,{{product.name}},,4,,,,,,,,,,,,,,,not_delivering,,,,,,,4,,,,4,,,,,,,,4,4,,,,,,,,,,,,,,,,,,,,,,2026-01-01,2026-07-09
"LittleData - Retargeting",120246576715270327,"Retargeting Testing",120246576715280327,"Good quality ad",120246577486410327,facebook,Feed,ipad,not_delivering,ad,,,,Incremental,,,,0,,,http://eastcoastartstudio.com/,SHOP_NOW,{{product.name}},,2,,,,,,,,,,,,,,,not_delivering,,,,,,,2,,,,2,,,,,,,,2,2,,,,,,,,,,,,,,,,,,,,,,2026-01-01,2026-07-09
"LittleData - Retargeting",120246576715270327,"Retargeting Testing",120246576715280327,"Good quality ad",120246577486410327,facebook,"Facebook Reels",iphone,not_delivering,ad,,,,Incremental,,,,0,,,http://eastcoastartstudio.com/,SHOP_NOW,{{product.name}},,1,,,,,,,,,,,,,,,not_delivering,,,,,,,1,,,,1,,,,,,,,1,1,,,,,,,,,,,,,,,,,,,,,,2026-01-01,2026-07-09
"LittleData - Retargeting",120246576715270327,"Retargeting Testing",120246576715280327,"Good quality ad",120246577486410327,facebook,"Search results",desktop,not_delivering,ad,,,,Incremental,,,,0,,,http://eastcoastartstudio.com/,SHOP_NOW,{{product.name}},,2,,,,,,,,,,,,,,,not_delivering,,,,,,,2,,,,2,,,,,,,,2,2,,,,,,,,,,,,,,,,,,,,,,2026-01-01,2026-07-09
"LittleData - Retargeting",120246576715270327,"Retargeting Testing",120246576715280327,"Good quality ad",120246577486410327,threads,"Threads feed",android_tablet,not_delivering,ad,,,,Incremental,,,,0,,,http://eastcoastartstudio.com/,SHOP_NOW,{{product.name}},,1,,,,,,,,,,,,,,,not_delivering,,,,,,,1,,,,1,,,,,,,,1,1,,,,,,,,,,,,,,,,,,,,,,2026-01-01,2026-07-09
"Prospecting Static CBO",120244285703060327,Broad_Pack1,120244285703070327,"Multiple Pieces",120244294666470327,facebook,"Facebook Stories",iphone,inactive,ad,,,,"7-day click, 1-day view, or 1-day engaged-view",,,,0,,,https://eastcoastartstudio.com/,SHOP_NOW,{{product.name}},,1,,,,,,,,,,,,,,,inactive,,,,,,,1,,,,1,,,,,,,,,,,,,,,,,,,,,,,,,,,,,,,2026-01-01,2026-07-09
"Prospecting Static CBO",120244285703060327,Broad_Pack1,120244285703070327,"Multiple Pieces",120244294666470327,facebook,"Search results",android_smartphone,inactive,ad,,,,"7-day click, 1-day view, or 1-day engaged-view",,,,0,,,https://eastcoastartstudio.com/,SHOP_NOW,{{product.name}},,1,,,,,,,,,,,,,,,inactive,,,,,,,1,,,,1,,,,,,,,1,1,,,,,,,,,,,,,,,,,,,,,,2026-01-01,2026-07-09
"Prospecting Static CBO",120244285703060327,Broad_Pack1,120244285703070327,"Multiple Pieces",120244294666470327,instagram,"Instagram Stories",0,inactive,ad,,,,"7-day click, 1-day view, or 1-day engaged-view",,,,0,,,https://eastcoastartstudio.com/,SHOP_NOW,{{product.name}},,,,,,,,,,,,,,,,,inactive,,,,,,,,,,,,,,,,,,,,,,,,,,,,,,,,5,,,,,,,,,,2026-01-01,2026-07-09
"Prospecting Static CBO",120244285703060327,Broad_Pack1,120244285703070327,"Multiple Pieces",120244294666470327,instagram,Feed,android_smartphone,inactive,ad,,,,"7-day click, 1-day view, or 1-day engaged-view",,,,0,,,https://eastcoastartstudio.com/,SHOP_NOW,{{product.name}},,2,,,,,,,,,,,,,,,inactive,,,,,,,2,,,,2,,,,,,,,2,2,,,,,,,,,,,,,,,,,,,,,,2026-01-01,2026-07-09
"Prospecting Static CBO",120244285703060327,Broad_Pack1,120244285703070327,"Multiple Pieces",120244294666470327,instagram,"Instagram Stories",iphone,inactive,ad,,,,"7-day click, 1-day view, or 1-day engaged-view",,,,0,,,https://eastcoastartstudio.com/,SHOP_NOW,{{product.name}},,21,,,,,,,,,,,,,,,inactive,,,,,,,21,,,,21,,,,,,,,20,16,,,,,,,,,,,,,,,,,,,,,,2026-01-01,2026-07-09
"Prospecting Static CBO",120244285703060327,Broad_Pack1,120244285703070327,"Multiple Pieces",120244294666470327,threads,"Threads feed",iphone,inactive,ad,,,,"7-day click, 1-day view, or 1-day engaged-view",,,,0,,,https://eastcoastartstudio.com/,SHOP_NOW,{{product.name}},,2,,,,,,,,,,,,,,,inactive,,,,,,,2,,,,2,,,,,,,,2,2,,,,,,,,,,,,,,,,,,,,,,2026-01-01,2026-07-09
"Prospecting Static CBO",120244285703060327,Broad_Pack1,120244285703070327,"Multiple Pieces",120244294666470327,facebook,"Ads on Facebook Reels",iphone,inactive,ad,,,,"7-day click, 1-day view, or 1-day engaged-view",,,,0,,,https://eastcoastartstudio.com/,SHOP_NOW,{{product.name}},,1,,,,,,,,,,,,,,,inactive,,,,,,,1,,,,1,,,,,,,,1,1,,,,,,,,,,,,,,,,,,,,,,2026-01-01,2026-07-09
"Prospecting Static CBO",120244285703060327,Broad_Pack1,120244285703070327,"Multiple Pieces",120244294666470327,facebook,"Facebook Reels",0,inactive,ad,,,,"7-day click, 1-day view, or 1-day engaged-view",,,,0,,,https://eastcoastartstudio.com/,SHOP_NOW,{{product.name}},,,,,,,,,,,,,,,,,inactive,,,,,,,,,,,,,,,,,,,,,,,,,,,,,,,,1,,,,,,,,,,2026-01-01,2026-07-09
"Prospecting Static CBO",120244285703060327,Broad_Pack1,120244285703070327,"Multiple Pieces",120244294666470327,facebook,"Facebook Reels",android_smartphone,inactive,ad,,,,"7-day click, 1-day view, or 1-day engaged-view",,,,0,,,https://eastcoastartstudio.com/,SHOP_NOW,{{product.name}},,2,,,,,,,,,,,,,,,inactive,,,,,,,2,,,,2,,,,,,,,2,2,,,,,,,,,,,,,,,,,,,,,,2026-01-01,2026-07-09
"Prospecting Static CBO",120244285703060327,Broad_Pack1,120244285703070327,"Multiple Pieces",120244294666470327,facebook,"Facebook Reels",iphone,inactive,ad,,,,"7-day click, 1-day view, or 1-day engaged-view",,,,0,,,https://eastcoastartstudio.com/,SHOP_NOW,{{product.name}},,5,,,,,,,,,,,,,,,inactive,,,,,,,5,,,,5,,,,,,,,5,4,,,,,,,,,,,,,,,,,,,,,,2026-01-01,2026-07-09
"Prospecting Static CBO",120244285703060327,Broad_Pack1,120244285703070327,"Multiple Pieces",120244294666470327,instagram,Feed,iphone,inactive,ad,,,,"7-day click, 1-day view, or 1-day engaged-view",,,,0,,,https://eastcoastartstudio.com/,SHOP_NOW,{{product.name}},,24,,,,,,,,,,,,,,,inactive,,,,,,,30,,,,30,6,,,,,,,22,21,,,,,,,,,,,,,,,,,,,,,,2026-01-01,2026-07-09
"Prospecting Static CBO",120244285703060327,Broad_Pack1,120244285703070327,"Multiple Pieces",120244294666470327,facebook,"Search results",0,inactive,ad,,,,"7-day click, 1-day view, or 1-day engaged-view",,,,0,,,https://eastcoastartstudio.com/,SHOP_NOW,{{product.name}},,,,,,,,,,,,,,,,,inactive,,,,,,,,,,,,,,,,,,,,,,,,,,,,,,,,2,,,,,,,,,,2026-01-01,2026-07-09
"Prospecting Static CBO",120244285703060327,Broad_Pack1,120244285703070327,"Multiple Pieces",120244294666470327,facebook,Marketplace,iphone,inactive,ad,,,,"7-day click, 1-day view, or 1-day engaged-view",,,,0,,,https://eastcoastartstudio.com/,SHOP_NOW,{{product.name}},,7,,,,,,,,,,,,,,,inactive,,,,,,,7,,,,7,,,,,,,,7,7,,,,,,,,,,,,,,,,,,,,,,2026-01-01,2026-07-09
"Prospecting Static CBO",120244285703060327,Broad_Pack1,120244285703070327,"Multiple Pieces",120244294666470327,facebook,Feed,0,inactive,ad,,,,"7-day click, 1-day view, or 1-day engaged-view",,,,0,,,https://eastcoastartstudio.com/,SHOP_NOW,{{product.name}},,,,,,,,,,,,,,,,,inactive,,,,,,,,,,,,,,,,,,,,,,,,,,,,,,,,6,,,,,,1,,,,2026-01-01,2026-07-09
"Prospecting Static CBO",120244285703060327,Broad_Pack1,120244285703070327,"Multiple Pieces",120244294666470327,facebook,Feed,desktop,inactive,ad,,,,"7-day click, 1-day view, or 1-day engaged-view",,,,0,,,https://eastcoastartstudio.com/,SHOP_NOW,{{product.name}},,2,,,,,,,,,,,,,,,inactive,,,,,,,4,,,,4,2,,,,,,,2,2,,,,,,,,,,,,,,,,,,,,,,2026-01-01,2026-07-09
"Prospecting Static CBO",120244285703060327,Broad_Pack1,120244285703070327,"Multiple Pieces",120244294666470327,facebook,Feed,android_smartphone,inactive,ad,,,,"7-day click, 1-day view, or 1-day engaged-view",,,,0,,,https://eastcoastartstudio.com/,SHOP_NOW,{{product.name}},,21,,,,,,,,,,,,,,,inactive,,,,,,,23,,,,23,2,,,,,,,22,18,,,,,,,,,,,,,,,,,,,,,,2026-01-01,2026-07-09
"Prospecting Static CBO",120244285703060327,Broad_Pack1,120244285703070327,"Multiple Pieces",120244294666470327,facebook,Feed,iphone,inactive,ad,,,,"7-day click, 1-day view, or 1-day engaged-view",,,,0,,,https://eastcoastartstudio.com/,SHOP_NOW,{{product.name}},,59,,,,,,,,,,,,,,,inactive,,,,,,,67,,,,67,7,1,,,,,,45,38,,,,,,,,,,,,,,,,,,,,,,2026-01-01,2026-07-09
"Prospecting Static CBO",120244285703060327,Broad_Pack1,120244285703070327,"Multiple Pieces",120244294666470327,facebook,Feed,ipad,inactive,ad,,,,"7-day click, 1-day view, or 1-day engaged-view",,,,0,,,https://eastcoastartstudio.com/,SHOP_NOW,{{product.name}},,10,,,,,,,,,,,,,,,inactive,,,,,,,11,1,,,10,,,,,,,,9,8,,,,,,,,,,,,,,,,,,,,,,2026-01-01,2026-07-09
"Prospecting Static CBO",120244285703060327,Broad_Pack2,120244380430020327,"6 Images",120244439296070327,facebook,Feed,android_smartphone,inactive,ad,,,,"7-day click, 1-day view, or 1-day engaged-view",,,,0,,,https://eastcoastartstudio.com/,SHOP_NOW,{{product.name}},,4,,,,,,,,,,,,,,,inactive,,,,,,,5,,,,5,1,,,,,,,4,4,,,,,,,,,,,,,,,,,,,,,,2026-01-01,2026-07-09
"Prospecting Static CBO",120244285703060327,Broad_Pack2,120244380430020327,"6 Images",120244439296070327,facebook,Feed,0,inactive,ad,,,,"7-day click, 1-day view, or 1-day engaged-view",,,,0,,,https://eastcoastartstudio.com/,SHOP_NOW,{{product.name}},,,,,,,,,,,,,,,,,inactive,,,,,,,,,,,,,,,,,,,,,,,,,,,,,,,,12,,,,,,,,,,2026-01-01,2026-07-09
"LittleData - Retargeting Duplicate",120247312851600327,"Retargeting Testing",120247312851610327,"Good quality ad",120247312851590327,facebook,"Facebook Stories",iphone,not_delivering,ad,,,,Incremental,,,,0,,,http://eastcoastartstudio.com/,SHOP_NOW,{{product.name}},,1,,,,,,,,,,,,,,,not_delivering,,,,,,,1,,,,1,,,,,,,,1,1,,,,,,,,,,,,,,,,,,,,,,2026-01-01,2026-07-09
"Video Ads",120244859763850327,"UGC Videos",120244859763860327,"Blue Shirt UGC",120244859763840327,instagram,Feed,ipad,not_delivering,ad,,,,Incremental,,,,0,,,https://eastcoastartstudio.com/products/music-row-wall-art-cubist-nashville-tennessee-usa?variant=47612726968458,SHOP_NOW,{{product.name}},,,,,,,,,,,,,,,,,not_delivering,,,,,,,1,,,,1,,,,,,1,,,,,,,,,,,,,,,,,,,,,,,,,2026-01-01,2026-07-09
"Video Ads",120244859763850327,"UGC Videos",120244859763860327,"Blue Shirt UGC",120244859763840327,facebook,Marketplace,iphone,not_delivering,ad,,,,Incremental,,,,0,,,https://eastcoastartstudio.com/products/music-row-wall-art-cubist-nashville-tennessee-usa?variant=47612726968458,SHOP_NOW,{{product.name}},,,,,,,,,,,,,,,,,not_delivering,,,,,,,1,,,,1,,,,,,1,,,,,,,,,,,,,,,,,,,,,,,,,2026-01-01,2026-07-09
"Video Ads",120244859763850327,"UGC Videos",120244859763860327,"Blue Shirt UGC",120244859763840327,facebook,Marketplace,android_smartphone,not_delivering,ad,,,,Incremental,,,,0,,,https://eastcoastartstudio.com/products/music-row-wall-art-cubist-nashville-tennessee-usa?variant=47612726968458,SHOP_NOW,{{product.name}},,,,,,,,,,,,,,,,,not_delivering,,,,,,,1,,,,1,,,,,,1,,,,,,,,,,,,,,,,,,,,,,,,,2026-01-01,2026-07-09
"Video Ads",120244859763850327,"UGC Videos",120244859763860327,"Blue Shirt UGC",120244859763840327,facebook,"Facebook Reels",android_smartphone,not_delivering,ad,,,,Incremental,,,,0,,,https://eastcoastartstudio.com/products/music-row-wall-art-cubist-nashville-tennessee-usa?variant=47612726968458,SHOP_NOW,{{product.name}},,2,,,,,,,,,,,,,,,not_delivering,,,,,,,9,,,,9,,,,,,7,,2,2,,,,,,,,,,,,,,,,,,,,,,2026-01-01,2026-07-09
"Video Ads",120244859763850327,"UGC Videos",120244859763860327,"Blue Shirt UGC",120244859763840327,facebook,"Facebook Reels",iphone,not_delivering,ad,,,,Incremental,,,,0,,,https://eastcoastartstudio.com/products/music-row-wall-art-cubist-nashville-tennessee-usa?variant=47612726968458,SHOP_NOW,{{product.name}},,2,,,,,,,,,,,,,,,not_delivering,,,,,,,19,,,,19,1,,,,,16,,2,2,,,,,,,,,,,,,,,,,,,,,,2026-01-01,2026-07-09
"Video Ads",120244859763850327,"UGC Videos",120244859763860327,"Blue Shirt UGC",120244859763840327,facebook,"Facebook Reels",ipad,not_delivering,ad,,,,Incremental,,,,0,,,https://eastcoastartstudio.com/products/music-row-wall-art-cubist-nashville-tennessee-usa?variant=47612726968458,SHOP_NOW,{{product.name}},,,,,,,,,,,,,,,,,not_delivering,,,,,,,4,,,,4,,,,,,4,,,,,,,,,,,,,,,,,,,,,,,,,2026-01-01,2026-07-09
"Video Ads",120244859763850327,"UGC Videos",120244859763860327,"Blue Shirt UGC",120244859763840327,facebook,Feed,iphone,not_delivering,ad,,,,Incremental,,,,0,,,https://eastcoastartstudio.com/products/music-row-wall-art-cubist-nashville-tennessee-usa?variant=47612726968458,SHOP_NOW,{{product.name}},,6,,,,,,,,,,,,,,,not_delivering,,,,,,,54,,,1,54,2,,1,,,44,,2,2,,,,,,,,,,,,,,,,,,,,,,2026-01-01,2026-07-09
"Video Ads",120244859763850327,"UGC Videos",120244859763860327,"Blue Shirt UGC",120244859763840327,facebook,Feed,android_smartphone,not_delivering,ad,,,,Incremental,,,,0,,,https://eastcoastartstudio.com/products/music-row-wall-art-cubist-nashville-tennessee-usa?variant=47612726968458,SHOP_NOW,{{product.name}},,1,,,,,,,,,,,,,,,not_delivering,,,,,,,10,,,,10,,,,,,9,,1,1,,,,,,,,,,,,,,,,,,,,,,2026-01-01,2026-07-09
"Video Ads",120244859763850327,"UGC Videos",120244859763860327,"Blue Shirt UGC",120244859763840327,facebook,Feed,ipad,not_delivering,ad,,,,Incremental,,,,0,,,https://eastcoastartstudio.com/products/music-row-wall-art-cubist-nashville-tennessee-usa?variant=47612726968458,SHOP_NOW,{{product.name}},,,,,,,,,,,,,,,,,not_delivering,,,,,,,5,,,,5,,,,,,5,,,,,,,,,,,,,,,,,,,,,,,,,2026-01-01,2026-07-09
"Video Ads",120244859763850327,"UGC Videos",120244859763860327,"Blue Shirt UGC",120244859763840327,facebook,Feed,desktop,not_delivering,ad,,,,Incremental,,,,0,,,https://eastcoastartstudio.com/products/music-row-wall-art-cubist-nashville-tennessee-usa?variant=47612726968458,SHOP_NOW,{{product.name}},,,,,,,,,,,,,,,,,not_delivering,,,,,,,2,,,,2,,,,,,2,,,,,,,,,,,,,,,,,,,,,,,,,2026-01-01,2026-07-09
"Video Ads",120244859763850327,"UGC Videos",120244859763860327,"Blue Shirt UGC",120244859763840327,instagram,"Instagram Reels",android_smartphone,not_delivering,ad,,,,Incremental,,,,0,,,https://eastcoastartstudio.com/products/music-row-wall-art-cubist-nashville-tennessee-usa?variant=47612726968458,SHOP_NOW,{{product.name}},,1,,,,,,,,,,,,,,,not_delivering,,,,,,,12,,,,12,,,,,,11,,1,1,,,,,,,,,,,,,,,,,,,,,,2026-01-01,2026-07-09
"Video Ads",120244859763850327,"UGC Videos",120244859763860327,"Blue Shirt UGC",120244859763840327,instagram,"Instagram Reels",iphone,not_delivering,ad,,,,Incremental,,,,0,,,https://eastcoastartstudio.com/products/music-row-wall-art-cubist-nashville-tennessee-usa?variant=47612726968458,SHOP_NOW,{{product.name}},,1,,,,,,,,,,,,,,,not_delivering,,,,,,,39,,,,39,1,,,,,37,,1,1,,,,,,,,,,,,,,,,,,,,,,2026-01-01,2026-07-09
"Video Ads",120244859763850327,"UGC Videos",120244859763860327,"Blue Shirt UGC",120244859763840327,instagram,"Instagram Reels",ipad,not_delivering,ad,,,,Incremental,,,,0,,,https://eastcoastartstudio.com/products/music-row-wall-art-cubist-nashville-tennessee-usa?variant=47612726968458,SHOP_NOW,{{product.name}},,,,,,,,,,,,,,,,,not_delivering,,,,,,,3,,,,3,,,,,,3,,,,,,,,,,,,,,,,,,,,,,,,,2026-01-01,2026-07-09
"Video Ads",120244859763850327,"UGC Videos",120244859763860327,"Blue Shirt UGC",120244859763840327,instagram,Feed,iphone,not_delivering,ad,,,,Incremental,,,,0,,,https://eastcoastartstudio.com/products/music-row-wall-art-cubist-nashville-tennessee-usa?variant=47612726968458,SHOP_NOW,{{product.name}},,7,,,,,,,,,,,,,,,not_delivering,,,,,,,32,,,,32,1,,,,,24,,7,1,,,,,,,,,,,,,,,,,,,,,,2026-01-01,2026-07-09
"Video Ads",120244859763850327,"UGC Videos",120244859763860327,"Blue Shirt UGC",120244859763840327,instagram,Feed,android_smartphone,not_delivering,ad,,,,Incremental,,,,0,,,https://eastcoastartstudio.com/products/music-row-wall-art-cubist-nashville-tennessee-usa?variant=47612726968458,SHOP_NOW,{{product.name}},,,,,,,,,,,,,,,,,not_delivering,,,,,,,3,,,,3,,,,,,3,,,,,,,,,,,,,,,,,,,,,,,,,2026-01-01,2026-07-09
"Video Ads",120244859763850327,"UGC Videos",120244859763860327,"Blue Shirt UGC",120244859763840327,instagram,"Instagram Stories",iphone,not_delivering,ad,,,,Incremental,,,,0,,,https://eastcoastartstudio.com/products/music-row-wall-art-cubist-nashville-tennessee-usa?variant=47612726968458,SHOP_NOW,{{product.name}},,3,,,,,,,,,,,,,,,not_delivering,,,,,,,13,,,,13,,,,,,10,,3,2,,,,,,,,,,,,,,,,,,,,,,2026-01-01,2026-07-09
"Prospecting Static CBO",120244285703060327,"Broad_Pack3 - May 9",120244619377280327,"5 Images + Copy",120244628572270327,instagram,"Instagram Reels",iphone,not_delivering,ad,,,,Incremental,,,,0,,,https://eastcoastartstudio.com/collections/miami?page=2,SHOP_NOW,{{product.name}},,2,,,,,,,,,,,,,,,not_delivering,,,,,,,2,,,,2,,,,,,,,2,2,,,,,,,,,,,,,,,,,,,,,,2026-01-01,2026-07-09
"LittleData - Retargeting",120246576715270327,"Retargeting Testing",120246576715280327,"Free Shipping Ad",120246577245270327,facebook,Feed,iphone,not_delivering,ad,,,,Incremental,,,,0,,,http://eastcoastartstudio.com/,SHOP_NOW,{{product.name}},,1,,,,,,,,,,,,,,,not_delivering,,,,,,,1,,,,1,,,,,,,,1,1,,,,,,,,,,,,,,,,,,,,,,2026-01-01,2026-07-09
"LittleData - Retargeting Duplicate",120247312851600327,"Retargeting Testing",120247312851610327,"Good quality ad",120247312851590327,facebook,Feed,iphone,not_delivering,ad,,,,Incremental,,,,0,,,http://eastcoastartstudio.com/,SHOP_NOW,{{product.name}},,25,,,,,,,,,,,,,,,not_delivering,,,,,,,27,,,,27,2,,,,,,,25,25,,,,,,,,,,,,,,,,,,,,,,2026-01-01,2026-07-09
"LittleData - Retargeting Duplicate",120247312851600327,"Retargeting Testing",120247312851610327,"Good quality ad",120247312851590327,facebook,Feed,ipad,not_delivering,ad,,,,Incremental,,,,0,,,http://eastcoastartstudio.com/,SHOP_NOW,{{product.name}},,4,,,,,,,,,,,,,,,not_delivering,,,,,,,4,,,,4,,,,,,,,4,4,,,,,,,,,,,,,,,,,,,,,,2026-01-01,2026-07-09
"LittleData - Retargeting Duplicate",120247312851600327,"Retargeting Testing",120247312851610327,"Good quality ad",120247312851590327,facebook,Feed,android_smartphone,not_delivering,ad,,,,Incremental,,,,0,,,http://eastcoastartstudio.com/,SHOP_NOW,{{product.name}},,9,,,,,,,,,,,,,,,not_delivering,,,,,,,9,,,,9,,,,,,,,9,8,,,,,,,,,,,,,,,,,,,,,,2026-01-01,2026-07-09
"LittleData - Retargeting Duplicate",120247312851600327,"Retargeting Testing",120247312851610327,"Good quality ad",120247312851590327,facebook,Feed,desktop,not_delivering,ad,,,,Incremental,,,,0,,,http://eastcoastartstudio.com/,SHOP_NOW,{{product.name}},,8,,,,,,,,,,,,,,,not_delivering,,,,,,,8,,,,8,,,,,,,,8,7,,,,,,,,,,,,,,,,,,,,,,2026-01-01,2026-07-09
"Prospecting Static CBO",120244285703060327,Broad_Pack2,120244380430020327,"1 Image",120244384524180327,facebook,Feed,iphone,inactive,ad,,,,"7-day click, 1-day view, or 1-day engaged-view",,,,0,,,https://eastcoastartstudio.com/products/eiffel-tower-print-paris-france?variant=47612534653066,SHOP_NOW,{{product.name}},,,,,,,,,,,,,,,,,inactive,,,,,,,1,,,,1,1,,,,,,,,,,,,,,,,,,,,,,,,,,,,,,2026-01-01,2026-07-09
"LittleData - Retargeting",120246576715270327,"Retargeting Testing",120246576715280327,"Free Shipping Ad",120246577245270327,facebook,Feed,android_smartphone,not_delivering,ad,,,,Incremental,,,,0,,,http://eastcoastartstudio.com/,SHOP_NOW,{{product.name}},,1,,,,,,,,,,,,,,,not_delivering,,,,,,,1,,,,1,,,,,,,,1,1,,,,,,,,,,,,,,,,,,,,,,2026-01-01,2026-07-09
"LittleData - Retargeting",120246576715270327,"Retargeting Testing",120246576715280327,"Free Shipping Ad",120246577245270327,instagram,Feed,iphone,not_delivering,ad,,,,Incremental,,,,0,,,http://eastcoastartstudio.com/,SHOP_NOW,{{product.name}},,2,,,,,,,,,,,,,,,not_delivering,,,,,,,2,,,,2,,,,,,,,2,2,,,,,,,,,,,,,,,,,,,,,,2026-01-01,2026-07-09
"Video Ads",120244859763850327,"UGC Videos",120244859763860327,"Blue Shirt UGC",120244859763840327,instagram,"Instagram Stories",ipad,not_delivering,ad,,,,Incremental,,,,0,,,https://eastcoastartstudio.com/products/music-row-wall-art-cubist-nashville-tennessee-usa?variant=47612726968458,SHOP_NOW,{{product.name}},,,,,,,,,,,,,,,,,not_delivering,,,,,,,1,,,,1,,,,,,1,,,,,,,,,,,,,,,,,,,,,,,,,2026-01-01,2026-07-09
"LittleData - Prospecting CBO",120246244099810327,"Concept 4 - Where we met",120246477935430327,"2 Print Static",120246478490010327,instagram,Feed,iphone,not_delivering,ad,,,,Incremental,,,,0,,,http://eastcoastartstudio.com/,SHOP_NOW,{{product.name}},,3,,,,,,,,,,,,,,,not_delivering,,,,,,,4,,,,4,1,,,,,,,3,3,,,,,,,,,,,,,,,,,,,,,,2026-01-01,2026-07-09
"LittleData - Prospecting CBO",120246244099810327,"Concept 4 - Where we met",120246477935430327,"2 Print Static",120246478490010327,instagram,"Instagram Stories",iphone,not_delivering,ad,,,,Incremental,,,,0,,,http://eastcoastartstudio.com/,SHOP_NOW,{{product.name}},,1,,,,,,,,,,,,,,,not_delivering,,,,,,,1,,,,1,,,,,,,,1,1,,,,,,,,,,,,,,,,,,,,,,2026-01-01,2026-07-09
"LittleData - Prospecting CBO",120246244099810327,"Concept 1 - Travel Wall",120246244099820327,"3 Static Post",120246245836880327,audience_network,"Rewarded video",android_smartphone,not_delivering,ad,,,,Incremental,,,,0,,,https://eastcoastartstudio.com/,SHOP_NOW,{{product.name}},,1,,,,,,,,,,,,,,,not_delivering,,,,,,,1,,,,1,,,,,,,,1,1,,,,,,,,,,,,,,,,,,,,,,2026-01-01,2026-07-09
"LittleData - Prospecting CBO",120246244099810327,"Concept 1 - Travel Wall",120246244099820327,"3 Static Post",120246245836880327,instagram,Feed,iphone,not_delivering,ad,,,,Incremental,,,,0,,,https://eastcoastartstudio.com/,SHOP_NOW,{{product.name}},,2,,,,,,,,,,,,,,,not_delivering,,,,,,,2,,,,2,,,,,,,,2,2,,,,,,,,,,,,,,,,,,,,,,2026-01-01,2026-07-09
"Prospecting Static CBO",120244285703060327,Broad_Pack1,120244285703070327,"2 Image Static",120244287902620327,instagram,Feed,iphone,inactive,ad,,,,"7-day click, 1-day view, or 1-day engaged-view",,,,0,,,https://eastcoastartstudio.com/collections/best-sellers,SHOP_NOW,{{product.name}},,2,,,,,,,,,,,,,,,inactive,,,,,,,3,,,,3,,1,,,,,,2,2,,,,,,,,,,,,,,,,,,,,,,2026-01-01,2026-07-09
"Prospecting Static CBO",120244285703060327,Broad_Pack1,120244285703070327,"2 Image Static",120244287902620327,facebook,Feed,iphone,inactive,ad,,,,"7-day click, 1-day view, or 1-day engaged-view",,,,0,,,https://eastcoastartstudio.com/collections/best-sellers,SHOP_NOW,{{product.name}},,,,,,,,,,,,,,,,,inactive,,,,,,,2,,,,2,1,,1,,,,,,,,,,,,,,,,,,,,,,,,,,,,2026-01-01,2026-07-09
"Video Ads",120244859763850327,"UGC Videos",120244859763860327,"Blue Shirt UGC",120244859763840327,facebook,"Search results",iphone,not_delivering,ad,,,,Incremental,,,,0,,,https://eastcoastartstudio.com/products/music-row-wall-art-cubist-nashville-tennessee-usa?variant=47612726968458,SHOP_NOW,{{product.name}},,,,,,,,,,,,,,,,,not_delivering,,,,,,,3,,,,3,,,,,,3,,,,,,,,,,,,,,,,,,,,,,,,,2026-01-01,2026-07-09
"Prospecting Static CBO",120244285703060327,"Broad_Pack3 - May 9",120244619377280327,"5 Images + Copy",120244628572270327,facebook,Feed,desktop,not_delivering,ad,,,,Incremental,,,,0,,,https://eastcoastartstudio.com/collections/miami?page=2,SHOP_NOW,{{product.name}},,,,,,,,,,,,,,,,,not_delivering,,,,,,,1,,,,1,1,,,,,,,,,,,,,,,,,,,,,,,,,,,,,,2026-01-01,2026-07-09
"Prospecting Static CBO",120244285703060327,Broad_Pack2,120244380430020327,"6 Images",120244439296070327,threads,"Threads feed",iphone,inactive,ad,,,,"7-day click, 1-day view, or 1-day engaged-view",,,,0,,,https://eastcoastartstudio.com/,SHOP_NOW,{{product.name}},,4,,,,,,,,,,,,,,,inactive,,,,,,,4,,,,4,,,,,,,,4,3,,,,,,,,,,,,,,,,,,,,,,2026-01-01,2026-07-09
"LittleData - Prospecting CBO Duplicate",120247312792380327,"Concept 6 - Founders Letter",120247312792480327,"Letter 3",120247312792560327,facebook,Feed,android_smartphone,not_delivering,ad,,,,"7-day click, 1-day view, or 1-day engaged-view",,,,0,,,https://eastcoastartstudio.com/collections/best-sellers,SHOP_NOW,{{product.name}},,2,,,,,,,,,,,,,,,not_delivering,,,,,,,2,,,,2,,,,,,,,2,2,,,,,,,,,,,,,,,,,,,,,,2026-01-01,2026-07-09
"Prospecting Static CBO",120244285703060327,Broad_Pack2,120244380430020327,"6 Images",120244439296070327,facebook,Marketplace,iphone,inactive,ad,,,,"7-day click, 1-day view, or 1-day engaged-view",,,,0,,,https://eastcoastartstudio.com/,SHOP_NOW,{{product.name}},,2,,,,,,,,,,,,,,,inactive,,,,,,,2,,,,2,,,,,,,,2,2,,,,,,,,,,,,,,,,,,,,,,2026-01-01,2026-07-09
"Prospecting Static CBO",120244285703060327,Broad_Pack1,120244285703070327,"6 Image Static - All Copy",120244285703080327,instagram,Feed,iphone,inactive,ad,,,,"7-day click, 1-day view, or 1-day engaged-view",,,,0,,,https://eastcoastartstudio.com/collections/best-sellers,SHOP_NOW,{{product.name}},,1,,,,,,,,,,,,,,,inactive,,,,,,,1,,,,1,,,,,,,,1,1,,,,,,,,,,,,,,,,,,,,,,2026-01-01,2026-07-09
"Prospecting Static CBO",120244285703060327,Broad_Pack1,120244285703070327,"6 Image Static - All Copy",120244285703080327,instagram,Feed,ipad,inactive,ad,,,,"7-day click, 1-day view, or 1-day engaged-view",,,,0,,,https://eastcoastartstudio.com/collections/best-sellers,SHOP_NOW,{{product.name}},,1,,,,,,,,,,,,,,,inactive,,,,,,,1,,,,1,,,,,,,,1,1,,,,,,,,,,,,,,,,,,,,,,2026-01-01,2026-07-09
"Prospecting Static CBO",120244285703060327,Broad_Pack1,120244285703070327,"6 Image Static - All Copy",120244285703080327,facebook,"Facebook Reels",iphone,inactive,ad,,,,"7-day click, 1-day view, or 1-day engaged-view",,,,0,,,https://eastcoastartstudio.com/collections/best-sellers,SHOP_NOW,{{product.name}},,1,,,,,,,,,,,,,,,inactive,,,,,,,1,,,,1,,,,,,,,1,1,,,,,,,,,,,,,,,,,,,,,,2026-01-01,2026-07-09
"Prospecting Static CBO",120244285703060327,Broad_Pack1,120244285703070327,"6 Image Static - All Copy",120244285703080327,facebook,Feed,iphone,inactive,ad,,,,"7-day click, 1-day view, or 1-day engaged-view",,,,0,,,https://eastcoastartstudio.com/collections/best-sellers,SHOP_NOW,{{product.name}},,2,,,,,,,,,,,,,,,inactive,,,,,,,3,,,,3,,,1,,,,,1,1,,,,,,,,,,,,,,,,,,,,,,2026-01-01,2026-07-09
"LittleData - Prospecting CBO",120246244099810327,"Concept 6 - Founders Letter",120246568953080327,"Letter 2",120246569912570327,instagram,"Instagram Reels",iphone,not_delivering,ad,,,,"7-day click, 1-day view, or 1-day engaged-view",,,,0,,,https://eastcoastartstudio.com/pages/our-story,SHOP_NOW,{{product.name}},,1,,,,,,,,,,,,,,,not_delivering,,,,,,,1,,,,1,,,,,,,,1,1,,,,,,,,,,,,,,,,,,,,,,2026-01-01,2026-07-09
"LittleData - Prospecting CBO",120246244099810327,"Concept 6 - Founders Letter",120246568953080327,"Letter 2",120246569912570327,instagram,"Instagram Stories",iphone,not_delivering,ad,,,,"7-day click, 1-day view, or 1-day engaged-view",,,,0,,,https://eastcoastartstudio.com/pages/our-story,SHOP_NOW,{{product.name}},,1,,,,,,,,,,,,,,,not_delivering,,,,,,,1,,,,1,,,,,,,,1,1,,,,,,,,,,,,,,,,,,,,,,2026-01-01,2026-07-09
"LittleData - Prospecting CBO",120246244099810327,"Concept 6 - Founders Letter",120246568953080327,"Letter 2",120246569912570327,facebook,Feed,android_smartphone,not_delivering,ad,,,,"7-day click, 1-day view, or 1-day engaged-view",,,,0,,,https://eastcoastartstudio.com/pages/our-story,SHOP_NOW,{{product.name}},,1,,,,,,,,,,,,,,,not_delivering,,,,,,,1,,,,1,,,,,,,,1,1,,,,,,,,,,,,,,,,,,,,,,2026-01-01,2026-07-09
"LittleData - Prospecting CBO Duplicate",120247312792380327,"Concept 3 - First Apartment",120247312792450327,"4 Print Static",120247312792420327,instagram,Feed,android_smartphone,not_delivering,ad,,,,Incremental,,,,0,,,https://eastcoastartstudio.com/collections/best-sellers,SHOP_NOW,{{product.name}},,1,,,,,,,,,,,,,,,not_delivering,,,,,,,1,,,,1,,,,,,,,1,1,,,,,,,,,,,,,,,,,,,,,,2026-01-01,2026-07-09
"LittleData - Prospecting CBO Duplicate",120247312792380327,"Concept 7 - fathers day",120247312792490327,"1 Image Static",120247312792410327,facebook,Feed,iphone,not_delivering,ad,,,,Incremental,,,,0,,,http://eastcoastartstudio.com/,SHOP_NOW,{{product.name}},,1,,,,,,,,,,,,,,,not_delivering,,,,,,,1,,,,1,,,,,,,,1,1,,,,,,,,,,,,,,,,,,,,,,2026-01-01,2026-07-09
"LittleData - Prospecting CBO Duplicate",120247312792380327,"Concept 6 - Founders Letter",120247312792480327,"Letter 3",120247312792560327,instagram,"Instagram Stories",ipad,not_delivering,ad,,,,"7-day click, 1-day view, or 1-day engaged-view",,,,0,,,https://eastcoastartstudio.com/collections/best-sellers,SHOP_NOW,{{product.name}},,1,,,,,,,,,,,,,,,not_delivering,,,,,,,1,,,,1,,,,,,,,1,1,,,,,,,,,,,,,,,,,,,,,,2026-01-01,2026-07-09
"LittleData - Prospecting CBO Duplicate",120247312792380327,"Concept 6 - Founders Letter",120247312792480327,"Letter 3",120247312792560327,instagram,"Instagram Stories",iphone,not_delivering,ad,,,,"7-day click, 1-day view, or 1-day engaged-view",,,,0,,,https://eastcoastartstudio.com/collections/best-sellers,SHOP_NOW,{{product.name}},,11,,,,,,,,,,,,,,,not_delivering,,,,,,,11,,,,11,,,,,,,,11,11,,,,,,,,,,,,,,,,,,,,,,2026-01-01,2026-07-09
"LittleData - Prospecting CBO Duplicate",120247312792380327,"Concept 6 - Founders Letter",120247312792480327,"Letter 3",120247312792560327,facebook,Feed,iphone,not_delivering,ad,,,,"7-day click, 1-day view, or 1-day engaged-view",,,,0,,,https://eastcoastartstudio.com/collections/best-sellers,SHOP_NOW,{{product.name}},,2,,,,,,,,,,,,,,,not_delivering,,,,,,,3,,,,3,1,,,,,,,2,1,,,,,,,,,,,,,,,,,,,,,,2026-01-01,2026-07-09
"LittleData - Prospecting CBO Duplicate",120247312792380327,"Concept 6 - Founders Letter",120247312792480327,"Letter 3",120247312792560327,facebook,Feed,desktop,not_delivering,ad,,,,"7-day click, 1-day view, or 1-day engaged-view",,,,0,,,https://eastcoastartstudio.com/collections/best-sellers,SHOP_NOW,{{product.name}},,3,,,,,,,,,,,,,,,not_delivering,,,,,,,3,,,,3,,,,,,,,3,3,,,,,,,,,,,,,,,,,,,,,,2026-01-01,2026-07-09
"LittleData - Prospecting CBO Duplicate",120247312792380327,"Concept 6 - Founders Letter",120247312792480327,"Letter 3",120247312792560327,facebook,Feed,ipad,not_delivering,ad,,,,"7-day click, 1-day view, or 1-day engaged-view",,,,0,,,https://eastcoastartstudio.com/collections/best-sellers,SHOP_NOW,{{product.name}},,2,,,,,,,,,,,,,,,not_delivering,,,,,,,2,,,,2,,,,,,,,2,1,,,,,,,,,,,,,,,,,,,,,,2026-01-01,2026-07-09
"Prospecting Static CBO",120244285703060327,"Broad_Pack3 - May 9",120244619377280327,"5 Images + Copy",120244628572270327,facebook,Feed,iphone,not_delivering,ad,,,,Incremental,,,,0,,,https://eastcoastartstudio.com/collections/miami?page=2,SHOP_NOW,{{product.name}},,2,,,,,,,,,,,,,,,not_delivering,,,,,,,3,,,,3,1,,,,,,,2,2,,,,,,,,,,,,,,,,,,,,,,2026-01-01,2026-07-09
"Prospecting Static CBO",120244285703060327,"Broad_Pack3 - May 9",120244619377280327,"Customer Success Ad",120244677830690327,facebook,"Facebook Reels",iphone,not_delivering,ad,,,,Incremental,,,,0,,,https://eastcoastartstudio.com/,SHOP_NOW,{{product.name}},,1,,,,,,,,,,,,,,,not_delivering,,,,,,,1,,,,1,,,,,,,,1,1,,,,,,,,,,,,,,,,,,,,,,2026-01-01,2026-07-09
"Prospecting Static CBO",120244285703060327,"Broad_Pack3 - May 9",120244619377280327,"5 Images + Copy",120244628572270327,facebook,"Facebook Reels",ipad,not_delivering,ad,,,,Incremental,,,,0,,,https://eastcoastartstudio.com/collections/miami?page=2,SHOP_NOW,{{product.name}},,1,,,,,,,,,,,,,,,not_delivering,,,,,,,1,,,,1,,,,,,,,1,1,,,,,,,,,,,,,,,,,,,,,,2026-01-01,2026-07-09
"Prospecting Static CBO",120244285703060327,"Broad_Pack3 - May 9",120244619377280327,"5 Images + Copy",120244628572270327,facebook,"Facebook Reels",android_smartphone,not_delivering,ad,,,,Incremental,,,,0,,,https://eastcoastartstudio.com/collections/miami?page=2,SHOP_NOW,{{product.name}},,1,,,,,,,,,,,,,,,not_delivering,,,,,,,2,,,,2,1,,,,,,,1,1,,,,,,,,,,,,,,,,,,,,,,2026-01-01,2026-07-09
"Prospecting Static CBO",120244285703060327,"Broad_Pack3 - May 9",120244619377280327,"5 Images + Copy",120244628572270327,facebook,"Facebook Reels",android_tablet,not_delivering,ad,,,,Incremental,,,,0,,,https://eastcoastartstudio.com/collections/miami?page=2,SHOP_NOW,{{product.name}},,1,,,,,,,,,,,,,,,not_delivering,,,,,,,2,,,,2,,1,,,,,,1,1,,,,,,,,,,,,,,,,,,,,,,2026-01-01,2026-07-09
"Prospecting Static CBO",120244285703060327,"Broad_Pack3 - May 9",120244619377280327,"5 Images + Copy",120244628572270327,instagram,"Instagram Stories",iphone,not_delivering,ad,,,,Incremental,,,,0,,,https://eastcoastartstudio.com/collections/miami?page=2,SHOP_NOW,{{product.name}},,5,,,,,,,,,,,,,,,not_delivering,,,,,,,5,,,,5,,,,,,,,5,4,,,,,,,,,,,,,,,,,,,,,,2026-01-01,2026-07-09
"Prospecting Static CBO",120244285703060327,"Broad_Pack3 - May 9",120244619377280327,"Customer Success Ad",120244677830690327,instagram,Feed,iphone,not_delivering,ad,,,,Incremental,,,,0,,,https://eastcoastartstudio.com/,SHOP_NOW,{{product.name}},,2,,,,,,,,,,,,,,,not_delivering,,,,,,,2,,,,2,,,,,,,,2,2,,,,,,,,,,,,,,,,,,,,,,2026-01-01,2026-07-09
"Prospecting Static CBO",120244285703060327,"Broad_Pack3 - May 9",120244619377280327,"Customer Success Ad",120244677830690327,facebook,Feed,iphone,not_delivering,ad,,,,Incremental,,,,0,,,https://eastcoastartstudio.com/,SHOP_NOW,{{product.name}},,2,,,,,,,,,,,,,,,not_delivering,,,,,,,5,,,,5,3,,,,,,,2,2,,,,,,,,,,,,,,,,,,,,,,2026-01-01,2026-07-09
"LittleData - Prospecting CBO Duplicate",120247312792380327,"Concept 5 - Parents Gift",120247312792470327,"1 Print Static + Grandma",120247312792640327,facebook,Feed,iphone,not_delivering,ad,,,,"7-day click, 1-day view, or 1-day engaged-view",,,,0,,,http://eastcoastartstudio.com/,SHOP_NOW,{{product.name}},,2,,,,,,,,,,,,,,,not_delivering,,,,,,,2,,,,2,,,,,,,,2,2,,,,,,,,,,,,,,,,,,,,,,2026-01-01,2026-07-09
"LittleData - Prospecting CBO Duplicate",120247312792380327,"Concept 6 - Founders Letter",120247312792480327,"Letter 3",120247312792560327,facebook,Feed,0,not_delivering,ad,,,,"7-day click, 1-day view, or 1-day engaged-view",,,,0,,,https://eastcoastartstudio.com/collections/best-sellers,SHOP_NOW,{{product.name}},,,,,,,,,,,,,,,,,not_delivering,,,,,,,,,,,,,,,,,,,,,,,,,,,,,,,,7,,,,,,,,,,2026-01-01,2026-07-09
"LittleData - Prospecting CBO Duplicate",120247312792380327,"Concept 5 - Parents Gift",120247312792470327,"1 Print Static + Grandma",120247312792640327,facebook,Feed,android_smartphone,not_delivering,ad,,,,"7-day click, 1-day view, or 1-day engaged-view",,,,0,,,http://eastcoastartstudio.com/,SHOP_NOW,{{product.name}},,1,,,,,,,,,,,,,,,not_delivering,,,,,,,1,,,,1,,,,,,,,1,1,,,,,,,,,,,,,,,,,,,,,,2026-01-01,2026-07-09
"LittleData - Retargeting Duplicate",120247312851600327,"Retargeting Testing",120247312851610327,"Free Shipping Ad",120247312851620327,instagram,"Instagram Stories",iphone,not_delivering,ad,,,,Incremental,,,,0,,,http://eastcoastartstudio.com/,SHOP_NOW,{{product.name}},,3,,,,,,,,,,,,,,,not_delivering,,,,,,,3,,,,3,,,,,,,,3,2,,,,,,,,,,,,,,,,,,,,,,2026-01-01,2026-07-09
"LittleData - Retargeting Duplicate",120247312851600327,"Retargeting Testing",120247312851610327,"Free Shipping Ad",120247312851620327,instagram,Feed,iphone,not_delivering,ad,,,,Incremental,,,,0,,,http://eastcoastartstudio.com/,SHOP_NOW,{{product.name}},,3,,,,,,,,,,,,,,,not_delivering,,,,,,,3,,,,3,,,,,,,,3,3,,,,,,,,,,,,,,,,,,,,,,2026-01-01,2026-07-09
"LittleData - Retargeting Duplicate",120247312851600327,"Retargeting Testing",120247312851610327,"Free Shipping Ad",120247312851620327,facebook,Feed,iphone,not_delivering,ad,,,,Incremental,,,,0,,,http://eastcoastartstudio.com/,SHOP_NOW,{{product.name}},,6,,,,,,,,,,,,,,,not_delivering,,,,,,,6,,,,6,,,,,,,,6,5,,,,,,,,,,,,,,,,,,,,,,2026-01-01,2026-07-09
"LittleData - Retargeting Duplicate",120247312851600327,"Retargeting Testing",120247312851610327,"Free Shipping Ad",120247312851620327,facebook,Feed,desktop,not_delivering,ad,,,,Incremental,,,,0,,,http://eastcoastartstudio.com/,SHOP_NOW,{{product.name}},,2,,,,,,,,,,,,,,,not_delivering,,,,,,,2,,,,2,,,,,,,,2,2,,,,,,,,,,,,,,,,,,,,,,2026-01-01,2026-07-09
"LittleData - Retargeting Duplicate",120247312851600327,"Retargeting Testing",120247312851610327,"Free Shipping Ad",120247312851620327,facebook,Feed,android_smartphone,not_delivering,ad,,,,Incremental,,,,0,,,http://eastcoastartstudio.com/,SHOP_NOW,{{product.name}},,2,,,,,,,,,,,,,,,not_delivering,,,,,,,3,,,,3,,,1,,,,,2,2,,,,,,,,,,,,,,,,,,,,,,2026-01-01,2026-07-09
"Music Row Single PDP Test",120244718915920327,"New Sales Ad Set",120244718915930327,"Music Row Static - Pride",120244723901460327,instagram,"Instagram Stories",iphone,not_delivering,ad,,,,Incremental,,,,0,,,https://eastcoastartstudio.com/products/music-row-wall-art-cubist-nashville-tennessee-usa?variant=47612726968458,SHOP_NOW,{{product.name}},,3,,,,,,,,,,,,,,,not_delivering,,,,,,,3,,,,3,,,,,,,,2,2,,,,,,,,,,,,,,,,,,,,,,2026-01-01,2026-07-09
