"Campaign name","Campaign ID","Ad set name","Ad set ID","Ad name","Ad ID",Day,Placement,"Impression device",Platform,"Conversion device","Amount spent (USD)",Reach,Impressions,Starts,Ends,"Attribution setting",Frequency,"Result type",Results,"CPC (cost per link click)","CTR (all)","CPM (cost per 1,000 impressions)","Result rate",Views,"Clicks (all)","CPC (all)","Video average play time","Video plays at 25%","Video plays at 50%","Video plays at 75%","Video plays at 95%","Video plays at 100%","Cost per post engagement",ThruPlays,"Video plays","3-second video plays","Unique 2-second continuous video plays","Link clicks","Cost per ThruPlay","Cost per 3-second video play","Cost per 2-second continuous video play","CTR (link click-through rate)","Unique CTR (link click-through rate)","Outbound CTR (click-through rate)","Instagram profile visits","Cost per app activation","App installs","Cost per app install","App activations conversion value","App activations","Purchase ROAS (return on ad spend)","Ratings submitted","Mobile app installs","In-app sessions conversion value","In-app sessions","In-app purchases","In-app registrations completed","In-app trials started","In-app subscriptions conversion value","Purchases rate per landing page views","Purchases rate per link clicks","Landing page views rate per link clicks","Reporting starts","Reporting ends"
BOOK2_LEAD_JUN26_QUIZ_V3,120246474118350003,ABP_TOF_1865_USA_CONTROL_BOOK2_V3,120246474118390003,C2F_STC_QF_BOOK2_T1,120246474118380003,2026-07-12,"Instagram Stories",iphone,instagram,iphone,,,,2026-06-17,Ongoing,"7-day click, 1-day view, or 1-day engaged-view",,,,,,,,,,,,,,,,,,,,,,1,,,,,,,,,,,,,,,,,,,,,,,,,2026-07-12,2026-07-12
BOOK2_LEAD_JUN26_QUIZ_V3,120246474118350003,ABP_TOF_1865_USA_CONTROL_BOOK2_V3,120246474118390003,C4E_STC_QF_BOOK2_T1,120246474118370003,2026-06-25,Feed,android_smartphone,instagram,android_smartphone,,,,2026-06-17,Ongoing,"7-day click, 1-day view, or 1-day engaged-view",,,,,,,,,,,,,,,,,,,,,,2,,,,,,,,,,,,,,,,,,,,,,,,,2026-06-25,2026-06-25
BOOK2_LEAD_JUN26_QUIZ_V3,120246474118350003,ABP_TOF_1865_USA_CONTROL_BOOK2_V3,120246474118390003,C4E_STC_QF_BOOK2_T1,120246474118370003,2026-06-24,"Threads feed",android_smartphone,threads,android_smartphone,,,,2026-06-17,Ongoing,"7-day click, 1-day view, or 1-day engaged-view",,,,,,,,,,,,,,,,,,,,,,1,,,,,,,,,,,,,,,,,,,,,,,,,2026-06-24,2026-06-24
BOOK2_LEAD_JUN26_QUIZ_V3,120246474118350003,ABP_TOF_1865_USA_CONTROL_BOOK2_V3,120246474118390003,C4E_STC_QF_BOOK2_T1,120246474118370003,2026-06-25,"Instagram Reels",android_smartphone,instagram,android_smartphone,,,,2026-06-17,Ongoing,"7-day click, 1-day view, or 1-day engaged-view",,,,,,,,,,,,,,,,,,,,,,1,,,,,,,,,,,,,,,,,,,,,,,,,2026-06-25,2026-06-25
BOOK2_LEAD_JUN26_QUIZ_V3,120246474118350003,ABP_TOF_1865_USA_CONTROL_BOOK2_V3,120246474118390003,C4E_STC_QF_BOOK2_T1,120246474118370003,2026-06-25,Feed,iphone,instagram,iphone,,,,2026-06-17,Ongoing,"7-day click, 1-day view, or 1-day engaged-view",,,,,,,,,,,,,,,,,,,,,,1,,,,,,,,,,,,,,,,,,,,,,,,,2026-06-25,2026-06-25
BOOK2_LEAD_JUN26_QUIZ_V3,120246474118350003,ABP_TOF_1865_USA_CONTROL_BOOK2_V3,120246474118390003,C4E_STC_QF_BOOK2_T1,120246474118370003,2026-06-25,Feed,ipad,facebook,ipad,,,,2026-06-17,Ongoing,"7-day click, 1-day view, or 1-day engaged-view",,,,,,,,,,,,,,,,,,,,,,1,,,,,,,,,,,,,,,,,,,,,,,,,2026-06-25,2026-06-25
BOOK2_LEAD_JUN26_QUIZ_V3,120246474118350003,ABP_TOF_1865_USA_CONTROL_BOOK2_V3,120246474118390003,C4E_STC_QF_BOOK2_T1,120246474118370003,2026-06-25,"Facebook Reels",iphone,facebook,iphone,,,,2026-06-17,Ongoing,"7-day click, 1-day view, or 1-day engaged-view",,,,,,,,,,,,,,,,,,,,,,1,,,,,,,,,,,,,,,,,,,,,,,,,2026-06-25,2026-06-25
BOOK2_LEAD_JUN26_QUIZ_V3,120246474118350003,ABP_TOF_1865_USA_CONTROL_BOOK2_V3,120246474118390003,C4E_STC_QF_BOOK2_T1,120246474118370003,2026-06-25,"In-stream reels",android_smartphone,facebook,android_smartphone,,,,2026-06-17,Ongoing,"7-day click, 1-day view, or 1-day engaged-view",,,,,,,,,,,,,,,,,,,,,,1,,,,,,,,,,,,,,,,,,,,,,,,,2026-06-25,2026-06-25
BOOK2_LEAD_JUN26_QUIZ_V3,120246474118350003,ABP_TOF_1865_USA_CONTROL_BOOK2_V3,120246474118390003,C4E_STC_QF_BOOK2_T1,120246474118370003,2026-06-25,Feed,android_smartphone,facebook,android_smartphone,,,,2026-06-17,Ongoing,"7-day click, 1-day view, or 1-day engaged-view",,,,,,,,,,,,,,,,,,,,,,4,,,,,,,,,,,,,,,,,,,,,,,,,2026-06-25,2026-06-25
BOOK2_LEAD_JUN26_QUIZ_V3,120246474118350003,ABP_TOF_1865_USA_CONTROL_BOOK2_V3,120246474118390003,C4E_STC_QF_BOOK2_T1,120246474118370003,2026-06-25,"Instagram Stories",iphone,instagram,iphone,,,,2026-06-17,Ongoing,"7-day click, 1-day view, or 1-day engaged-view",,,,,,,,,,,,,,,,,,,,,,3,,,,,,,,,,,,,,,,,,,,,,,,,2026-06-25,2026-06-25
BOOK2_LEAD_JUN26_QUIZ_V3,120246474118350003,ABP_TOF_1865_USA_CONTROL_BOOK2_V3,120246474118390003,C4E_STC_QF_BOOK2_T1,120246474118370003,2026-06-25,"Facebook Reels",android_smartphone,facebook,android_smartphone,,,,2026-06-17,Ongoing,"7-day click, 1-day view, or 1-day engaged-view",,,,,,,,,,,,,,,,,,,,,,1,,,,,,,,,,,,,,,,,,,,,,,,,2026-06-25,2026-06-25
BOOK2_LEAD_JUN26_QUIZ_V3,120246474118350003,ABP_TOF_1865_USA_CONTROL_BOOK2_V3,120246474118390003,C4E_STC_QF_BOOK2_T1,120246474118370003,2026-06-24,Feed,iphone,instagram,iphone,,,,2026-06-17,Ongoing,"7-day click, 1-day view, or 1-day engaged-view",,,,,,,,,,,,,,,,,,,,,,1,,,,,,,,,,,,,,,,,,,,,,,,,2026-06-24,2026-06-24
BOOK2_LEAD_JUN26_QUIZ_V3,120246474118350003,ABP_TOF_1865_USA_CONTROL_BOOK2_V3,120246474118390003,C4E_STC_QF_BOOK2_T1,120246474118370003,2026-06-25,"Native, banner & interstitial",android_smartphone,audience_network,android_smartphone,,,,2026-06-17,Ongoing,"7-day click, 1-day view, or 1-day engaged-view",,,,,,,,,,,,,,,,,,,,,,7,,,,,,,,,,,,,,,,,,,,,,,,,2026-06-25,2026-06-25
BOOK2_LEAD_JUN26_QUIZ_V3,120246474118350003,ABP_TOF_1865_USA_CONTROL_BOOK2_V3,120246474118390003,C4E_STC_QF_BOOK2_T1,120246474118370003,2026-06-25,"Instagram Stories",android_smartphone,instagram,android_smartphone,,,,2026-06-17,Ongoing,"7-day click, 1-day view, or 1-day engaged-view",,,,,,,,,,,,,,,,,,,,,,3,,,,,,,,,,,,,,,,,,,,,,,,,2026-06-25,2026-06-25
BOOK2_LEAD_JUN26_QUIZ_V3,120246474118350003,ABP_TOF_1865_USA_CONTROL_BOOK2_V3,120246474118390003,C4E_STC_QF_BOOK2_T1,120246474118370003,2026-06-25,Feed,iphone,facebook,iphone,,,,2026-06-17,Ongoing,"7-day click, 1-day view, or 1-day engaged-view",,,,,,,,,,,,,,,,,,,,,,2,,,,,,,,,,,,,,,,,,,,,,,,,2026-06-25,2026-06-25
BOOK2_LEAD_JUN26_QUIZ_V3,120246474118350003,ABP_TOF_1865_USA_CONTROL_BOOK2_V3,120246474118390003,C4E_STC_QF_BOOK2_T1,120246474118370003,2026-06-25,Feed,desktop,instagram,other,,,,2026-06-17,Ongoing,"7-day click, 1-day view, or 1-day engaged-view",,,,,,,,,,,,,,,,,,,,,,,,,,,,,,,,,,,,,,,,,,,,,,,2026-06-25,2026-06-25
BOOK2_LEAD_JUN26_QUIZ_V3,120246474118350003,ABP_TOF_1865_USA_CONTROL_BOOK2_V3,120246474118390003,C2E_STC_QF_BOOK2_T2,120246474118340003,2026-06-25,Feed,android_smartphone,instagram,android_smartphone,,,,2026-06-17,Ongoing,"7-day click, 1-day view, or 1-day engaged-view",,,,,,,,,,,,,,,,,,,,,,1,,,,,,,,,,,,,,,,,,,,,,,,,2026-06-25,2026-06-25
BOOK2_LEAD_JUN26_QUIZ_V3,120246474118350003,ABP_TOF_1865_USA_CONTROL_BOOK2_V3,120246474118390003,C4E_STC_QF_BOOK2_T1,120246474118370003,2026-06-26,Feed,iphone,instagram,iphone,,,,2026-06-17,Ongoing,"7-day click, 1-day view, or 1-day engaged-view",,,,,,,,,,,,,,,,,,,,,,,,,,,,,,,,,,,,,,,,,,,,,,,2026-06-26,2026-06-26
BOOK2_LEAD_JUN26_QUIZ_V3,120246474118350003,ABP_TOF_1865_USA_CONTROL_BOOK2_V3,120246474118390003,C4E_STC_QF_BOOK2_T1,120246474118370003,2026-06-26,"Native, banner & interstitial",android_smartphone,audience_network,android_smartphone,,,,2026-06-17,Ongoing,"7-day click, 1-day view, or 1-day engaged-view",,,,,,,,,,,,,,,,,,,,,,1,,,,,,,,,,,,,,,,,,,,,,,,,2026-06-26,2026-06-26
BOOK2_LEAD_JUN26_QUIZ_V3,120246474118350003,ABP_TOF_1865_USA_CONTROL_BOOK2_V3,120246474118390003,C4E_STC_QF_BOOK2_T1,120246474118370003,2026-06-26,Feed,iphone,facebook,iphone,,,,2026-06-17,Ongoing,"7-day click, 1-day view, or 1-day engaged-view",,,,,,,,,,,,,,,,,,,,,,4,,,,,,,,,,,,,,,,,,,,,,,,,2026-06-26,2026-06-26
BOOK2_LEAD_JUN26_QUIZ_V3,120246474118350003,ABP_TOF_1865_USA_CONTROL_BOOK2_V3,120246474118390003,C4E_STC_QF_BOOK2_T1,120246474118370003,2026-06-26,"Threads feed",android_smartphone,threads,android_smartphone,,,,2026-06-17,Ongoing,"7-day click, 1-day view, or 1-day engaged-view",,,,,,,,,,,,,,,,,,,,,,2,,,,,,,,,,,,,,,,,,,,,,,,,2026-06-26,2026-06-26
BOOK2_LEAD_JUN26_QUIZ_V3,120246474118350003,ABP_TOF_1865_USA_CONTROL_BOOK2_V3,120246474118390003,C4E_STC_QF_BOOK2_T1,120246474118370003,2026-06-24,"Right column",desktop,facebook,desktop,,,,2026-06-17,Ongoing,"7-day click, 1-day view, or 1-day engaged-view",,,,,,,,,,,,,,,,,,,,,,1,,,,,,,,,,,,,,,,,,,,,,,,,2026-06-24,2026-06-24
BOOK2_LEAD_JUN26_QUIZ_V3,120246474118350003,ABP_TOF_1865_USA_CONTROL_BOOK2_V3,120246474118390003,C4E_STC_QF_BOOK2_T1,120246474118370003,2026-06-24,"Native, banner & interstitial",android_smartphone,audience_network,android_smartphone,,,,2026-06-17,Ongoing,"7-day click, 1-day view, or 1-day engaged-view",,,,,,,,,,,,,,,,,,,,,,10,,,,,,,,,,,,,,,,,,,,,,,,,2026-06-24,2026-06-24
BOOK2_LEAD_JUN26_QUIZ_V3,120246474118350003,ABP_TOF_1865_USA_CONTROL_BOOK2_V3,120246474118390003,C4E_STC_QF_BOOK2_T1,120246474118370003,2026-06-26,"Facebook Reels",android_smartphone,facebook,android_smartphone,,,,2026-06-17,Ongoing,"7-day click, 1-day view, or 1-day engaged-view",,,,,,,,,,,,,,,,,,,,,,6,,,,,,,,,,,,,,,,,,,,,,,,,2026-06-26,2026-06-26
BOOK2_LEAD_JUN26_QUIZ_V3,120246474118350003,ABP_TOF_1865_USA_CONTROL_BOOK2_V3,120246474118390003,C4E_STC_QF_BOOK2_T1,120246474118370003,2026-06-24,"Instagram Stories",android_smartphone,instagram,android_smartphone,,,,2026-06-17,Ongoing,"7-day click, 1-day view, or 1-day engaged-view",,,,,,,,,,,,,,,,,,,,,,1,,,,,,,,,,,,,,,,,,,,,,,,,2026-06-24,2026-06-24
BOOK2_LEAD_JUN26_QUIZ_V3,120246474118350003,ABP_TOF_1865_USA_CONTROL_BOOK2_V3,120246474118390003,C4E_STC_QF_BOOK2_T1,120246474118370003,2026-06-23,"Instagram Reels",android_smartphone,instagram,android_smartphone,,,,2026-06-17,Ongoing,"7-day click, 1-day view, or 1-day engaged-view",,,,,,,,,,,,,,,,,,,,,,3,,,,,,,,,,,,,,,,,,,,,,,,,2026-06-23,2026-06-23
BOOK2_LEAD_JUN26_QUIZ_V3,120246474118350003,ABP_TOF_1865_USA_CONTROL_BOOK2_V3,120246474118390003,C4E_STC_QF_BOOK2_T1,120246474118370003,2026-06-23,"Facebook Reels",iphone,facebook,iphone,,,,2026-06-17,Ongoing,"7-day click, 1-day view, or 1-day engaged-view",,,,,,,,,,,,,,,,,,,,,,1,,,,,,,,,,,,,,,,,,,,,,,,,2026-06-23,2026-06-23
BOOK2_LEAD_JUN26_QUIZ_V3,120246474118350003,ABP_TOF_1865_USA_CONTROL_BOOK2_V3,120246474118390003,C4E_STC_QF_BOOK2_T1,120246474118370003,2026-06-23,"Facebook Reels",android_smartphone,facebook,android_smartphone,,,,2026-06-17,Ongoing,"7-day click, 1-day view, or 1-day engaged-view",,,,,,,,,,,,,,,,,,,,,,2,,,,,,,,,,,,,,,,,,,,,,,,,2026-06-23,2026-06-23
BOOK2_LEAD_JUN26_QUIZ_V3,120246474118350003,ABP_TOF_1865_USA_CONTROL_BOOK2_V3,120246474118390003,C4E_STC_QF_BOOK2_T1,120246474118370003,2026-06-23,"Facebook Reels",ipad,facebook,ipad,,,,2026-06-17,Ongoing,"7-day click, 1-day view, or 1-day engaged-view",,,,,,,,,,,,,,,,,,,,,,1,,,,,,,,,,,,,,,,,,,,,,,,,2026-06-23,2026-06-23
BOOK2_LEAD_JUN26_QUIZ_V3,120246474118350003,ABP_TOF_1865_USA_CONTROL_BOOK2_V3,120246474118390003,C2B_STC_QF_BOOK2_T2,120246474118360003,2026-06-23,Feed,android_smartphone,facebook,android_smartphone,,,,2026-06-17,Ongoing,"7-day click, 1-day view, or 1-day engaged-view",,,,,,,,,,,,,,,,,,,,,,1,,,,,,,,,,,,,,,,,,,,,,,,,2026-06-23,2026-06-23
BOOK2_LEAD_JUN26_QUIZ_V3,120246474118350003,ABP_TOF_1865_USA_CONTROL_BOOK2_V3,120246474118390003,C2B_STC_QF_BOOK2_T2,120246474118360003,2026-06-23,Feed,ipad,facebook,ipad,,,,2026-06-17,Ongoing,"7-day click, 1-day view, or 1-day engaged-view",,,,,,,,,,,,,,,,,,,,,,1,,,,,,,,,,,,,,,,,,,,,,,,,2026-06-23,2026-06-23
BOOK2_LEAD_JUN26_QUIZ_V3,120246474118350003,ABP_TOF_1865_USA_CONTROL_BOOK2_V3,120246474118390003,C2B_STC_QF_BOOK2_T2,120246474118360003,2026-06-23,Feed,iphone,facebook,iphone,,,,2026-06-17,Ongoing,"7-day click, 1-day view, or 1-day engaged-view",,,,,,,,,,,,,,,,,,,,,,2,,,,,,,,,,,,,,,,,,,,,,,,,2026-06-23,2026-06-23
BOOK2_LEAD_JUN26_QUIZ_V3,120246474118350003,ABP_TOF_1865_USA_CONTROL_BOOK2_V3,120246474118390003,C4E_STC_QF_BOOK2_T1,120246474118370003,2026-06-24,Feed,desktop,facebook,desktop,,,,2026-06-17,Ongoing,"7-day click, 1-day view, or 1-day engaged-view",,,,,,,,,,,,,,,,,,,,,,,,,,,,,,,,,,,,,,,,,,,,,,,2026-06-24,2026-06-24
BOOK2_LEAD_JUN26_QUIZ_V3,120246474118350003,ABP_TOF_1865_USA_CONTROL_BOOK2_V3,120246474118390003,C4E_STC_QF_BOOK2_T1,120246474118370003,2026-06-24,Feed,android_smartphone,instagram,android_smartphone,,,,2026-06-17,Ongoing,"7-day click, 1-day view, or 1-day engaged-view",,,,,,,,,,,,,,,,,,,,,,,,,,,,,,,,,,,,,,,,,,,,,,,2026-06-24,2026-06-24
BOOK2_LEAD_JUN26_QUIZ_V3,120246474118350003,ABP_TOF_1865_USA_CONTROL_BOOK2_V3,120246474118390003,C4E_STC_QF_BOOK2_T1,120246474118370003,2026-06-24,"Native, banner & interstitial",android_tablet,audience_network,android_tablet,,,,2026-06-17,Ongoing,"7-day click, 1-day view, or 1-day engaged-view",,,,,,,,,,,,,,,,,,,,,,2,,,,,,,,,,,,,,,,,,,,,,,,,2026-06-24,2026-06-24
BOOK2_LEAD_JUN26_QUIZ_V3,120246474118350003,ABP_TOF_1865_USA_CONTROL_BOOK2_V3,120246474118390003,C4E_STC_QF_BOOK2_T1,120246474118370003,2026-06-24,"Facebook Stories",other,facebook,other,,,,2026-06-17,Ongoing,"7-day click, 1-day view, or 1-day engaged-view",,,,,,,,,,,,,,,,,,,,,,1,,,,,,,,,,,,,,,,,,,,,,,,,2026-06-24,2026-06-24
BOOK2_LEAD_JUN26_QUIZ_V3,120246474118350003,ABP_TOF_1865_USA_CONTROL_BOOK2_V3,120246474118390003,C4E_STC_QF_BOOK2_T1,120246474118370003,2026-06-24,"Instagram Stories",iphone,instagram,iphone,,,,2026-06-17,Ongoing,"7-day click, 1-day view, or 1-day engaged-view",,,,,,,,,,,,,,,,,,,,,,1,,,,,,,,,,,,,,,,,,,,,,,,,2026-06-24,2026-06-24
BOOK2_LEAD_JUN26_QUIZ_V3,120246474118350003,ABP_TOF_1865_USA_CONTROL_BOOK2_V3,120246474118390003,C4E_STC_QF_BOOK2_T1,120246474118370003,2026-06-24,"Facebook Reels",ipad,facebook,ipad,,,,2026-06-17,Ongoing,"7-day click, 1-day view, or 1-day engaged-view",,,,,,,,,,,,,,,,,,,,,,1,,,,,,,,,,,,,,,,,,,,,,,,,2026-06-24,2026-06-24
BOOK2_LEAD_JUN26_QUIZ_V3,120246474118350003,ABP_TOF_1865_USA_CONTROL_BOOK2_V3,120246474118390003,C4E_STC_QF_BOOK2_T1,120246474118370003,2026-06-24,"Ads on Facebook Reels",iphone,facebook,iphone,,,,2026-06-17,Ongoing,"7-day click, 1-day view, or 1-day engaged-view",,,,,,,,,,,,,,,,,,,,,,1,,,,,,,,,,,,,,,,,,,,,,,,,2026-06-24,2026-06-24
BOOK2_LEAD_JUN26_QUIZ_V3,120246474118350003,ABP_TOF_1865_USA_CONTROL_BOOK2_V3,120246474118390003,C4E_STC_QF_BOOK2_T1,120246474118370003,2026-06-24,"Facebook Reels",android_smartphone,facebook,android_smartphone,,,,2026-06-17,Ongoing,"7-day click, 1-day view, or 1-day engaged-view",,,,,,,,,,,,,,,,,,,,,,2,,,,,,,,,,,,,,,,,,,,,,,,,2026-06-24,2026-06-24
BOOK2_LEAD_JUN26_QUIZ_V3,120246474118350003,ABP_TOF_1865_USA_CONTROL_BOOK2_V3,120246474118390003,C4E_STC_QF_BOOK2_T1,120246474118370003,2026-06-24,"Facebook Reels",iphone,facebook,iphone,,,,2026-06-17,Ongoing,"7-day click, 1-day view, or 1-day engaged-view",,,,,,,,,,,,,,,,,,,,,,2,,,,,,,,,,,,,,,,,,,,,,,,,2026-06-24,2026-06-24
BOOK2_LEAD_JUN26_QUIZ_V3,120246474118350003,ABP_TOF_1865_USA_CONTROL_BOOK2_V3,120246474118390003,C4E_STC_QF_BOOK2_T1,120246474118370003,2026-06-24,"Search results",iphone,facebook,iphone,,,,2026-06-17,Ongoing,"7-day click, 1-day view, or 1-day engaged-view",,,,,,,,,,,,,,,,,,,,,,1,,,,,,,,,,,,,,,,,,,,,,,,,2026-06-24,2026-06-24
BOOK2_LEAD_JUN26_QUIZ_V3,120246474118350003,ABP_TOF_1865_USA_CONTROL_BOOK2_V3,120246474118390003,C4E_STC_QF_BOOK2_T1,120246474118370003,2026-06-24,Feed,iphone,facebook,iphone,,,,2026-06-17,Ongoing,"7-day click, 1-day view, or 1-day engaged-view",,,,,,,,,,,,,,,,,,,,,,5,,,,,,,,,,,,,,,,,,,,,,,,,2026-06-24,2026-06-24
BOOK2_LEAD_JUN26_QUIZ_V3,120246474118350003,ABP_TOF_1865_USA_CONTROL_BOOK2_V3,120246474118390003,C4E_STC_QF_BOOK2_T1,120246474118370003,2026-06-24,Feed,android_smartphone,facebook,android_smartphone,,,,2026-06-17,Ongoing,"7-day click, 1-day view, or 1-day engaged-view",,,,,,,,,,,,,,,,,,,,,,5,,,,,,,,,,,,,,,,,,,,,,,,,2026-06-24,2026-06-24
BOOK2_LEAD_JUN26_QUIZ_V3,120246474118350003,ABP_TOF_1865_USA_CONTROL_BOOK2_V3,120246474118390003,C4E_STC_QF_BOOK2_T1,120246474118370003,2026-06-24,"Instagram Reels",android_smartphone,instagram,android_smartphone,,,,2026-06-17,Ongoing,"7-day click, 1-day view, or 1-day engaged-view",,,,,,,,,,,,,,,,,,,,,,1,,,,,,,,,,,,,,,,,,,,,,,,,2026-06-24,2026-06-24
BOOK2_LEAD_JUN26_QUIZ_V3,120246474118350003,ABP_TOF_1865_USA_CONTROL_BOOK2_V3,120246474118390003,C4E_STC_QF_BOOK2_T1,120246474118370003,2026-06-26,"Search results",android_smartphone,facebook,android_smartphone,,,,2026-06-17,Ongoing,"7-day click, 1-day view, or 1-day engaged-view",,,,,,,,,,,,,,,,,,,,,,1,,,,,,,,,,,,,,,,,,,,,,,,,2026-06-26,2026-06-26
BOOK2_LEAD_JUN26_QUIZ_V3,120246474118350003,ABP_TOF_1865_USA_CONTROL_BOOK2_V3,120246474118390003,C4E_STC_QF_BOOK2_T1,120246474118370003,2026-06-26,"Ads on Facebook Reels",android_smartphone,facebook,android_smartphone,,,,2026-06-17,Ongoing,"7-day click, 1-day view, or 1-day engaged-view",,,,,,,,,,,,,,,,,,,,,,1,,,,,,,,,,,,,,,,,,,,,,,,,2026-06-26,2026-06-26
BOOK2_LEAD_JUN26_QUIZ_V3,120246474118350003,ABP_TOF_1865_USA_CONTROL_BOOK2_V3,120246474118390003,C4E_STC_QF_BOOK2_T1,120246474118370003,2026-06-23,Feed,iphone,facebook,iphone,,,,2026-06-17,Ongoing,"7-day click, 1-day view, or 1-day engaged-view",,,,,,,,,,,,,,,,,,,,,,9,,,,,,,,,,,,,,,,,,,,,,,,,2026-06-23,2026-06-23
BOOK2_LEAD_JUN26_QUIZ_V3,120246474118350003,ABP_TOF_1865_USA_CONTROL_BOOK2_V3,120246474118390003,C2F_STC_QF_BOOK2_T1,120246474118380003,2026-06-28,"Facebook Stories",other,facebook,other,,,,2026-06-17,Ongoing,"7-day click, 1-day view, or 1-day engaged-view",,,,,,,,,,,,,,,,,,,,,,1,,,,,,,,,,,,,,,,,,,,,,,,,2026-06-28,2026-06-28
BOOK2_LEAD_JUN26_QUIZ_V3,120246474118350003,ABP_TOF_1865_USA_CONTROL_BOOK2_V3,120246474118390003,C2F_STC_QF_BOOK2_T1,120246474118380003,2026-06-27,"Threads feed",iphone,threads,iphone,,,,2026-06-17,Ongoing,"7-day click, 1-day view, or 1-day engaged-view",,,,,,,,,,,,,,,,,,,,,,1,,,,,,,,,,,,,,,,,,,,,,,,,2026-06-27,2026-06-27
BOOK2_LEAD_JUN26_QUIZ_V3,120246474118350003,ABP_TOF_1865_USA_CONTROL_BOOK2_V3,120246474118390003,C2F_STC_QF_BOOK2_T1,120246474118380003,2026-06-27,"Instagram Stories",iphone,instagram,iphone,,,,2026-06-17,Ongoing,"7-day click, 1-day view, or 1-day engaged-view",,,,,,,,,,,,,,,,,,,,,,1,,,,,,,,,,,,,,,,,,,,,,,,,2026-06-27,2026-06-27
BOOK2_LEAD_JUN26_QUIZ_V3,120246474118350003,ABP_TOF_1865_USA_CONTROL_BOOK2_V3,120246474118390003,C2F_STC_QF_BOOK2_T1,120246474118380003,2026-06-28,"Instagram Reels",ipad,instagram,ipad,,,,2026-06-17,Ongoing,"7-day click, 1-day view, or 1-day engaged-view",,,,,,,,,,,,,,,,,,,,,,,,,,,,,,,,,,,,,,,,,,,,,,,2026-06-28,2026-06-28
BOOK2_LEAD_JUN26_QUIZ_V3,120246474118350003,ABP_TOF_1865_USA_CONTROL_BOOK2_V3,120246474118390003,C2F_STC_QF_BOOK2_T1,120246474118380003,2026-06-28,"Search results",android_smartphone,facebook,android_smartphone,,,,2026-06-17,Ongoing,"7-day click, 1-day view, or 1-day engaged-view",,,,,,,,,,,,,,,,,,,,,,1,,,,,,,,,,,,,,,,,,,,,,,,,2026-06-28,2026-06-28
BOOK2_LEAD_JUN26_QUIZ_V3,120246474118350003,ABP_TOF_1865_USA_CONTROL_BOOK2_V3,120246474118390003,C2F_STC_QF_BOOK2_T1,120246474118380003,2026-06-28,"Instagram Reels",android_smartphone,instagram,android_smartphone,,,,2026-06-17,Ongoing,"7-day click, 1-day view, or 1-day engaged-view",,,,,,,,,,,,,,,,,,,,,,2,,,,,,,,,,,,,,,,,,,,,,,,,2026-06-28,2026-06-28
BOOK2_LEAD_JUN26_QUIZ_V3,120246474118350003,ABP_TOF_1865_USA_CONTROL_BOOK2_V3,120246474118390003,C2F_STC_QF_BOOK2_T1,120246474118380003,2026-06-28,"Facebook Reels",other,facebook,other,,,,2026-06-17,Ongoing,"7-day click, 1-day view, or 1-day engaged-view",,,,,,,,,,,,,,,,,,,,,,1,,,,,,,,,,,,,,,,,,,,,,,,,2026-06-28,2026-06-28
BOOK2_LEAD_JUN26_QUIZ_V3,120246474118350003,ABP_TOF_1865_USA_CONTROL_BOOK2_V3,120246474118390003,C2F_STC_QF_BOOK2_T1,120246474118380003,2026-06-28,"Facebook Reels",android_smartphone,facebook,android_smartphone,,,,2026-06-17,Ongoing,"7-day click, 1-day view, or 1-day engaged-view",,,,,,,,,,,,,,,,,,,,,,1,,,,,,,,,,,,,,,,,,,,,,,,,2026-06-28,2026-06-28
BOOK2_LEAD_JUN26_QUIZ_V3,120246474118350003,ABP_TOF_1865_USA_CONTROL_BOOK2_V3,120246474118390003,C2F_STC_QF_BOOK2_T1,120246474118380003,2026-06-28,"Instagram Reels",iphone,instagram,iphone,,,,2026-06-17,Ongoing,"7-day click, 1-day view, or 1-day engaged-view",,,,,,,,,,,,,,,,,,,,,,2,,,,,,,,,,,,,,,,,,,,,,,,,2026-06-28,2026-06-28
BOOK2_LEAD_JUN26_QUIZ_V3,120246474118350003,ABP_TOF_1865_USA_CONTROL_BOOK2_V3,120246474118390003,C2F_STC_QF_BOOK2_T1,120246474118380003,2026-06-28,"Facebook Reels",iphone,facebook,iphone,,,,2026-06-17,Ongoing,"7-day click, 1-day view, or 1-day engaged-view",,,,,,,,,,,,,,,,,,,,,,2,,,,,,,,,,,,,,,,,,,,,,,,,2026-06-28,2026-06-28
BOOK2_LEAD_JUN26_QUIZ_V3,120246474118350003,ABP_TOF_1865_USA_CONTROL_BOOK2_V3,120246474118390003,C2F_STC_QF_BOOK2_T1,120246474118380003,2026-06-28,"Native, banner & interstitial",android_smartphone,audience_network,android_smartphone,,,,2026-06-17,Ongoing,"7-day click, 1-day view, or 1-day engaged-view",,,,,,,,,,,,,,,,,,,,,,5,,,,,,,,,,,,,,,,,,,,,,,,,2026-06-28,2026-06-28
BOOK2_LEAD_JUN26_QUIZ_V3,120246474118350003,ABP_TOF_1865_USA_CONTROL_BOOK2_V3,120246474118390003,C2F_STC_QF_BOOK2_T1,120246474118380003,2026-06-27,Feed,android_smartphone,facebook,android_smartphone,,,,2026-06-17,Ongoing,"7-day click, 1-day view, or 1-day engaged-view",,,,,,,,,,,,,,,,,,,,,,4,,,,,,,,,,,,,,,,,,,,,,,,,2026-06-27,2026-06-27
BOOK2_LEAD_JUN26_QUIZ_V3,120246474118350003,ABP_TOF_1865_USA_CONTROL_BOOK2_V3,120246474118390003,C2F_STC_QF_BOOK2_T1,120246474118380003,2026-06-28,Feed,android_smartphone,facebook,android_smartphone,,,,2026-06-17,Ongoing,"7-day click, 1-day view, or 1-day engaged-view",,,,,,,,,,,,,,,,,,,,,,3,,,,,,,,,,,,,,,,,,,,,,,,,2026-06-28,2026-06-28
BOOK2_LEAD_JUN26_QUIZ_V3,120246474118350003,ABP_TOF_1865_USA_CONTROL_BOOK2_V3,120246474118390003,C2F_STC_QF_BOOK2_T1,120246474118380003,2026-06-28,"Native, banner & interstitial",iphone,audience_network,iphone,,,,2026-06-17,Ongoing,"7-day click, 1-day view, or 1-day engaged-view",,,,,,,,,,,,,,,,,,,,,,1,,,,,,,,,,,,,,,,,,,,,,,,,2026-06-28,2026-06-28
BOOK2_LEAD_JUN26_QUIZ_V3,120246474118350003,ABP_TOF_1865_USA_CONTROL_BOOK2_V3,120246474118390003,C2F_STC_QF_BOOK2_T1,120246474118380003,2026-06-28,Feed,iphone,instagram,iphone,,,,2026-06-17,Ongoing,"7-day click, 1-day view, or 1-day engaged-view",,,,,,,,,,,,,,,,,,,,,,1,,,,,,,,,,,,,,,,,,,,,,,,,2026-06-28,2026-06-28
BOOK2_LEAD_JUN26_QUIZ_V3,120246474118350003,ABP_TOF_1865_USA_CONTROL_BOOK2_V3,120246474118390003,C2F_STC_QF_BOOK2_T1,120246474118380003,2026-06-28,Feed,iphone,facebook,iphone,,,,2026-06-17,Ongoing,"7-day click, 1-day view, or 1-day engaged-view",,,,,,,,,,,,,,,,,,,,,,1,,,,,,,,,,,,,,,,,,,,,,,,,2026-06-28,2026-06-28
BOOK2_LEAD_JUN26_QUIZ_V3,120246474118350003,ABP_TOF_1865_USA_CONTROL_BOOK2_V3,120246474118390003,C2F_STC_QF_BOOK2_T1,120246474118380003,2026-06-29,"Instagram Stories",android_smartphone,instagram,android_smartphone,,,,2026-06-17,Ongoing,"7-day click, 1-day view, or 1-day engaged-view",,,,,,,,,,,,,,,,,,,,,,1,,,,,,,,,,,,,,,,,,,,,,,,,2026-06-29,2026-06-29
BOOK2_LEAD_JUN26_QUIZ_V3,120246474118350003,ABP_TOF_1865_USA_CONTROL_BOOK2_V3,120246474118390003,C2F_STC_QF_BOOK2_T1,120246474118380003,2026-06-29,"Threads feed",android_smartphone,threads,android_smartphone,,,,2026-06-17,Ongoing,"7-day click, 1-day view, or 1-day engaged-view",,,,,,,,,,,,,,,,,,,,,,1,,,,,,,,,,,,,,,,,,,,,,,,,2026-06-29,2026-06-29
BOOK2_LEAD_JUN26_QUIZ_V3,120246474118350003,ABP_TOF_1865_USA_CONTROL_BOOK2_V3,120246474118390003,C2F_STC_QF_BOOK2_T1,120246474118380003,2026-06-29,"Search results",ipad,facebook,ipad,,,,2026-06-17,Ongoing,"7-day click, 1-day view, or 1-day engaged-view",,,,,,,,,,,,,,,,,,,,,,1,,,,,,,,,,,,,,,,,,,,,,,,,2026-06-29,2026-06-29
BOOK2_LEAD_JUN26_QUIZ_V3,120246474118350003,ABP_TOF_1865_USA_CONTROL_BOOK2_V3,120246474118390003,C2F_STC_QF_BOOK2_T1,120246474118380003,2026-06-29,Unknown,other,unknown,android_smartphone,,,,2026-06-17,Ongoing,"7-day click, 1-day view, or 1-day engaged-view",,,,,,,,,,,,,,,,,,,,,,1,,,,,,,,,,,,,,,,,,,,,,,,,2026-06-29,2026-06-29
BOOK2_LEAD_JUN26_QUIZ_V3,120246474118350003,ABP_TOF_1865_USA_CONTROL_BOOK2_V3,120246474118390003,C2F_STC_QF_BOOK2_T1,120246474118380003,2026-06-29,"Facebook Stories",iphone,facebook,iphone,,,,2026-06-17,Ongoing,"7-day click, 1-day view, or 1-day engaged-view",,,,,,,,,,,,,,,,,,,,,,1,,,,,,,,,,,,,,,,,,,,,,,,,2026-06-29,2026-06-29
BOOK2_LEAD_JUN26_QUIZ_V3,120246474118350003,ABP_TOF_1865_USA_CONTROL_BOOK2_V3,120246474118390003,C2F_STC_QF_BOOK2_T1,120246474118380003,2026-06-27,"Facebook Stories",android_smartphone,facebook,android_smartphone,,,,2026-06-17,Ongoing,"7-day click, 1-day view, or 1-day engaged-view",,,,,,,,,,,,,,,,,,,,,,1,,,,,,,,,,,,,,,,,,,,,,,,,2026-06-27,2026-06-27
BOOK2_LEAD_JUN26_QUIZ_V3,120246474118350003,ABP_TOF_1865_USA_CONTROL_BOOK2_V3,120246474118390003,C2F_STC_QF_BOOK2_T1,120246474118380003,2026-06-27,Feed,desktop,facebook,desktop,,,,2026-06-17,Ongoing,"7-day click, 1-day view, or 1-day engaged-view",,,,,,,,,,,,,,,,,,,,,,1,,,,,,,,,,,,,,,,,,,,,,,,,2026-06-27,2026-06-27
BOOK2_LEAD_JUN26_QUIZ_V3,120246474118350003,ABP_TOF_1865_USA_CONTROL_BOOK2_V3,120246474118390003,C4E_STC_QF_BOOK2_T1,120246474118370003,2026-06-26,Feed,android_tablet,facebook,android_tablet,,,,2026-06-17,Ongoing,"7-day click, 1-day view, or 1-day engaged-view",,,,,,,,,,,,,,,,,,,,,,1,,,,,,,,,,,,,,,,,,,,,,,,,2026-06-26,2026-06-26
BOOK2_LEAD_JUN26_QUIZ_V3,120246474118350003,ABP_TOF_1865_USA_CONTROL_BOOK2_V3,120246474118390003,C4E_STC_QF_BOOK2_T1,120246474118370003,2026-06-27,"Native, banner & interstitial",android_smartphone,audience_network,android_smartphone,,,,2026-06-17,Ongoing,"7-day click, 1-day view, or 1-day engaged-view",,,,,,,,,,,,,,,,,,,,,,3,,,,,,,,,,,,,,,,,,,,,,,,,2026-06-27,2026-06-27
BOOK2_LEAD_JUN26_QUIZ_V3,120246474118350003,ABP_TOF_1865_USA_CONTROL_BOOK2_V3,120246474118390003,C4E_STC_QF_BOOK2_T1,120246474118370003,2026-06-26,Feed,android_smartphone,facebook,android_smartphone,,,,2026-06-17,Ongoing,"7-day click, 1-day view, or 1-day engaged-view",,,,,,,,,,,,,,,,,,,,,,5,,,,,,,,,,,,,,,,,,,,,,,,,2026-06-26,2026-06-26
BOOK2_LEAD_JUN26_QUIZ_V3,120246474118350003,ABP_TOF_1865_USA_CONTROL_BOOK2_V3,120246474118390003,C4E_STC_QF_BOOK2_T1,120246474118370003,2026-06-26,"Facebook Stories",android_smartphone,facebook,android_smartphone,,,,2026-06-17,Ongoing,"7-day click, 1-day view, or 1-day engaged-view",,,,,,,,,,,,,,,,,,,,,,2,,,,,,,,,,,,,,,,,,,,,,,,,2026-06-26,2026-06-26
BOOK2_LEAD_JUN26_QUIZ_V3,120246474118350003,ABP_TOF_1865_USA_CONTROL_BOOK2_V3,120246474118390003,C4E_STC_QF_BOOK2_T1,120246474118370003,2026-06-26,"Facebook Reels",other,facebook,other,,,,2026-06-17,Ongoing,"7-day click, 1-day view, or 1-day engaged-view",,,,,,,,,,,,,,,,,,,,,,1,,,,,,,,,,,,,,,,,,,,,,,,,2026-06-26,2026-06-26
BOOK2_LEAD_JUN26_QUIZ_V3,120246474118350003,ABP_TOF_1865_USA_CONTROL_BOOK2_V3,120246474118390003,C4E_STC_QF_BOOK2_T1,120246474118370003,2026-06-26,"In-stream reels",android_smartphone,facebook,android_smartphone,,,,2026-06-17,Ongoing,"7-day click, 1-day view, or 1-day engaged-view",,,,,,,,,,,,,,,,,,,,,,1,,,,,,,,,,,,,,,,,,,,,,,,,2026-06-26,2026-06-26
BOOK2_LEAD_JUN26_QUIZ_V3,120246474118350003,ABP_TOF_1865_USA_CONTROL_BOOK2_V3,120246474118390003,C2F_STC_QF_BOOK2_T1,120246474118380003,2026-06-26,Feed,iphone,instagram,iphone,,,,2026-06-17,Ongoing,"7-day click, 1-day view, or 1-day engaged-view",,,,,,,,,,,,,,,,,,,,,,1,,,,,,,,,,,,,,,,,,,,,,,,,2026-06-26,2026-06-26
BOOK2_LEAD_JUN26_QUIZ_V3,120246474118350003,ABP_TOF_1865_USA_CONTROL_BOOK2_V3,120246474118390003,C2F_STC_QF_BOOK2_T1,120246474118380003,2026-06-26,Feed,desktop,facebook,desktop,,,,2026-06-17,Ongoing,"7-day click, 1-day view, or 1-day engaged-view",,,,,,,,,,,,,,,,,,,,,,1,,,,,,,,,,,,,,,,,,,,,,,,,2026-06-26,2026-06-26
BOOK2_LEAD_JUN26_QUIZ_V3,120246474118350003,ABP_TOF_1865_USA_CONTROL_BOOK2_V3,120246474118390003,C2F_STC_QF_BOOK2_T1,120246474118380003,2026-06-26,Feed,android_smartphone,facebook,android_smartphone,,,,2026-06-17,Ongoing,"7-day click, 1-day view, or 1-day engaged-view",,,,,,,,,,,,,,,,,,,,,,1,,,,,,,,,,,,,,,,,,,,,,,,,2026-06-26,2026-06-26
BOOK2_LEAD_JUN26_QUIZ_V3,120246474118350003,ABP_TOF_1865_USA_CONTROL_BOOK2_V3,120246474118390003,C4E_STC_QF_BOOK2_T1,120246474118370003,2026-06-27,"Instagram Reels",android_smartphone,instagram,android_smartphone,,,,2026-06-17,Ongoing,"7-day click, 1-day view, or 1-day engaged-view",,,,,,,,,,,,,,,,,,,,,,1,,,,,,,,,,,,,,,,,,,,,,,,,2026-06-27,2026-06-27
BOOK2_LEAD_JUN26_QUIZ_V3,120246474118350003,ABP_TOF_1865_USA_CONTROL_BOOK2_V3,120246474118390003,C4E_STC_QF_BOOK2_T1,120246474118370003,2026-06-27,"Threads feed",iphone,threads,iphone,,,,2026-06-17,Ongoing,"7-day click, 1-day view, or 1-day engaged-view",,,,,,,,,,,,,,,,,,,,,,1,,,,,,,,,,,,,,,,,,,,,,,,,2026-06-27,2026-06-27
BOOK2_LEAD_JUN26_QUIZ_V3,120246474118350003,ABP_TOF_1865_USA_CONTROL_BOOK2_V3,120246474118390003,C4E_STC_QF_BOOK2_T1,120246474118370003,2026-06-27,Feed,iphone,facebook,iphone,,,,2026-06-17,Ongoing,"7-day click, 1-day view, or 1-day engaged-view",,,,,,,,,,,,,,,,,,,,,,1,,,,,,,,,,,,,,,,,,,,,,,,,2026-06-27,2026-06-27
BOOK2_LEAD_JUN26_QUIZ_V3,120246474118350003,ABP_TOF_1865_USA_CONTROL_BOOK2_V3,120246474118390003,C2F_STC_QF_BOOK2_T1,120246474118380003,2026-06-27,"Facebook Reels",android_smartphone,facebook,android_smartphone,,,,2026-06-17,Ongoing,"7-day click, 1-day view, or 1-day engaged-view",,,,,,,,,,,,,,,,,,,,,,4,,,,,,,,,,,,,,,,,,,,,,,,,2026-06-27,2026-06-27
BOOK2_LEAD_JUN26_QUIZ_V3,120246474118350003,ABP_TOF_1865_USA_CONTROL_BOOK2_V3,120246474118390003,C4E_STC_QF_BOOK2_T1,120246474118370003,2026-06-27,"Facebook Stories",iphone,facebook,iphone,,,,2026-06-17,Ongoing,"7-day click, 1-day view, or 1-day engaged-view",,,,,,,,,,,,,,,,,,,,,,1,,,,,,,,,,,,,,,,,,,,,,,,,2026-06-27,2026-06-27
BOOK2_LEAD_JUN26_QUIZ_V3,120246474118350003,ABP_TOF_1865_USA_CONTROL_BOOK2_V3,120246474118390003,C4E_STC_QF_BOOK2_T1,120246474118370003,2026-06-27,"Facebook Reels",iphone,facebook,iphone,,,,2026-06-17,Ongoing,"7-day click, 1-day view, or 1-day engaged-view",,,,,,,,,,,,,,,,,,,,,,2,,,,,,,,,,,,,,,,,,,,,,,,,2026-06-27,2026-06-27
BOOK2_LEAD_JUN26_QUIZ_V3,120246474118350003,ABP_TOF_1865_USA_CONTROL_BOOK2_V3,120246474118390003,C4E_STC_QF_BOOK2_T1,120246474118370003,2026-06-27,Feed,desktop,facebook,desktop,,,,2026-06-17,Ongoing,"7-day click, 1-day view, or 1-day engaged-view",,,,,,,,,,,,,,,,,,,,,,1,,,,,,,,,,,,,,,,,,,,,,,,,2026-06-27,2026-06-27
BOOK2_LEAD_JUN26_QUIZ_V3,120246474118350003,ABP_TOF_1865_USA_CONTROL_BOOK2_V3,120246474118390003,C4E_STC_QF_BOOK2_T1,120246474118370003,2026-06-27,Feed,android_smartphone,facebook,android_smartphone,,,,2026-06-17,Ongoing,"7-day click, 1-day view, or 1-day engaged-view",,,,,,,,,,,,,,,,,,,,,,,,,,,,,,,,,,,,,,,,,,,,,,,2026-06-27,2026-06-27
BOOK2_LEAD_JUN26_QUIZ_V3,120246474118350003,ABP_TOF_1865_USA_CONTROL_BOOK2_V3,120246474118390003,C4E_STC_QF_BOOK2_T1,120246474118370003,2026-06-27,Feed,iphone,instagram,iphone,,,,2026-06-17,Ongoing,"7-day click, 1-day view, or 1-day engaged-view",,,,,,,,,,,,,,,,,,,,,,,,,,,,,,,,,,,,,,,,,,,,,,,2026-06-27,2026-06-27
BOOK2_LEAD_JUN26_QUIZ_V3,120246474118350003,ABP_TOF_1865_USA_CONTROL_BOOK2_V3,120246474118390003,C2F_STC_QF_BOOK2_T1,120246474118380003,2026-06-27,Feed,iphone,facebook,iphone,,,,2026-06-17,Ongoing,"7-day click, 1-day view, or 1-day engaged-view",,,,,,,,,,,,,,,,,,,,,,2,,,,,,,,,,,,,,,,,,,,,,,,,2026-06-27,2026-06-27
BOOK2_LEAD_JUN26_QUIZ_V3,120246474118350003,ABP_TOF_1865_USA_CONTROL_BOOK2_V3,120246474118390003,C2F_STC_QF_BOOK2_T1,120246474118380003,2026-06-27,"Facebook Reels",iphone,facebook,iphone,,,,2026-06-17,Ongoing,"7-day click, 1-day view, or 1-day engaged-view",,,,,,,,,,,,,,,,,,,,,,1,,,,,,,,,,,,,,,,,,,,,,,,,2026-06-27,2026-06-27
BOOK2_LEAD_JUN26_QUIZ_V3,120246474118350003,ABP_TOF_1865_USA_CONTROL_BOOK2_V3,120246474118390003,C2F_STC_QF_BOOK2_T1,120246474118380003,2026-06-27,"Instagram Reels",iphone,instagram,iphone,,,,2026-06-17,Ongoing,"7-day click, 1-day view, or 1-day engaged-view",,,,,,,,,,,,,,,,,,,,,,1,,,,,,,,,,,,,,,,,,,,,,,,,2026-06-27,2026-06-27
BOOK2_LEAD_JUN26_QUIZ_V3,120246474118350003,ABP_TOF_1865_USA_CONTROL_BOOK2_V3,120246474118390003,C2F_STC_QF_BOOK2_T1,120246474118380003,2026-06-27,"Instagram Reels",android_smartphone,instagram,android_smartphone,,,,2026-06-17,Ongoing,"7-day click, 1-day view, or 1-day engaged-view",,,,,,,,,,,,,,,,,,,,,,1,,,,,,,,,,,,,,,,,,,,,,,,,2026-06-27,2026-06-27
BOOK2_LEAD_JUN26_QUIZ_V3,120246474118350003,ABP_TOF_1865_USA_CONTROL_BOOK2_V3,120246474118390003,C4E_STC_QF_BOOK2_T1,120246474118370003,2026-06-23,Feed,android_smartphone,facebook,android_smartphone,,,,2026-06-17,Ongoing,"7-day click, 1-day view, or 1-day engaged-view",,,,,,,,,,,,,,,,,,,,,,4,,,,,,,,,,,,,,,,,,,,,,,,,2026-06-23,2026-06-23
BOOK2_LEAD_JUN26_QUIZ_V3,120246474118350003,ABP_TOF_1865_USA_CONTROL_BOOK2_V3,120246474118390003,C4E_STC_QF_BOOK2_T1,120246474118370003,2026-06-23,"Threads feed",iphone,threads,iphone,,,,2026-06-17,Ongoing,"7-day click, 1-day view, or 1-day engaged-view",,,,,,,,,,,,,,,,,,,,,,1,,,,,,,,,,,,,,,,,,,,,,,,,2026-06-23,2026-06-23
BOOK2_LEAD_JUN26_QUIZ_V3,120246474118350003,ABP_TOF_1865_USA_CONTROL_BOOK2_V3,120246474118390003,C2F_STC_QF_BOOK2_T1,120246474118380003,2026-06-29,Feed,android_smartphone,instagram,android_smartphone,,,,2026-06-17,Ongoing,"7-day click, 1-day view, or 1-day engaged-view",,,,,,,,,,,,,,,,,,,,,,3,,,,,,,,,,,,,,,,,,,,,,,,,2026-06-29,2026-06-29
BOOK2_LEAD_JUN26_QUIZ_V3,120246474118350003,ABP_TOF_1865_USA_CONTROL_BOOK2_V3,120246474118390003,C2B_STC_QF_BOOK2_T2,120246474118360003,2026-06-18,"Instagram Reels",iphone,instagram,iphone,,,,2026-06-17,Ongoing,"7-day click, 1-day view, or 1-day engaged-view",,,,,,,,,,,,,,,,,,,,,,1,,,,,,,,,,,,,,,,,,,,,,,,,2026-06-18,2026-06-18
BOOK2_LEAD_JUN26_QUIZ_V3,120246474118350003,ABP_TOF_1865_USA_CONTROL_BOOK2_V3,120246474118390003,C4E_STC_QF_BOOK2_T1,120246474118370003,2026-06-18,"Native, banner & interstitial",android_smartphone,audience_network,android_smartphone,,,,2026-06-17,Ongoing,"7-day click, 1-day view, or 1-day engaged-view",,,,,,,,,,,,,,,,,,,,,,84,,,,,,,,,,,,,,,,,,,,,,,,,2026-06-18,2026-06-18
BOOK2_LEAD_JUN26_QUIZ_V3,120246474118350003,ABP_TOF_1865_USA_CONTROL_BOOK2_V3,120246474118390003,C4E_STC_QF_BOOK2_T1,120246474118370003,2026-06-18,"Instagram Stories",iphone,instagram,iphone,,,,2026-06-17,Ongoing,"7-day click, 1-day view, or 1-day engaged-view",,,,,,,,,,,,,,,,,,,,,,1,,,,,,,,,,,,,,,,,,,,,,,,,2026-06-18,2026-06-18
BOOK2_LEAD_JUN26_QUIZ_V3,120246474118350003,ABP_TOF_1865_USA_CONTROL_BOOK2_V3,120246474118390003,C4E_STC_QF_BOOK2_T1,120246474118370003,2026-06-18,Feed,iphone,instagram,iphone,,,,2026-06-17,Ongoing,"7-day click, 1-day view, or 1-day engaged-view",,,,,,,,,,,,,,,,,,,,,,1,,,,,,,,,,,,,,,,,,,,,,,,,2026-06-18,2026-06-18
BOOK2_LEAD_JUN26_QUIZ_V3,120246474118350003,ABP_TOF_1865_USA_CONTROL_BOOK2_V3,120246474118390003,C4E_STC_QF_BOOK2_T1,120246474118370003,2026-06-18,"Instagram Stories",android_smartphone,instagram,android_smartphone,,,,2026-06-17,Ongoing,"7-day click, 1-day view, or 1-day engaged-view",,,,,,,,,,,,,,,,,,,,,,1,,,,,,,,,,,,,,,,,,,,,,,,,2026-06-18,2026-06-18
BOOK2_LEAD_JUN26_QUIZ_V3,120246474118350003,ABP_TOF_1865_USA_CONTROL_BOOK2_V3,120246474118390003,C4E_STC_QF_BOOK2_T1,120246474118370003,2026-06-18,Feed,android_smartphone,facebook,android_smartphone,,,,2026-06-17,Ongoing,"7-day click, 1-day view, or 1-day engaged-view",,,,,,,,,,,,,,,,,,,,,,13,,,,,,,,,,,,,,,,,,,,,,,,,2026-06-18,2026-06-18
BOOK2_LEAD_JUN26_QUIZ_V3,120246474118350003,ABP_TOF_1865_USA_CONTROL_BOOK2_V3,120246474118390003,C4E_STC_QF_BOOK2_T1,120246474118370003,2026-06-18,Feed,other,facebook,other,,,,2026-06-17,Ongoing,"7-day click, 1-day view, or 1-day engaged-view",,,,,,,,,,,,,,,,,,,,,,1,,,,,,,,,,,,,,,,,,,,,,,,,2026-06-18,2026-06-18
BOOK2_LEAD_JUN26_QUIZ_V3,120246474118350003,ABP_TOF_1865_USA_CONTROL_BOOK2_V3,120246474118390003,C4E_STC_QF_BOOK2_T1,120246474118370003,2026-06-18,"Native, banner & interstitial",android_tablet,audience_network,android_tablet,,,,2026-06-17,Ongoing,"7-day click, 1-day view, or 1-day engaged-view",,,,,,,,,,,,,,,,,,,,,,2,,,,,,,,,,,,,,,,,,,,,,,,,2026-06-18,2026-06-18
BOOK2_LEAD_JUN26_QUIZ_V3,120246474118350003,ABP_TOF_1865_USA_CONTROL_BOOK2_V3,120246474118390003,"C4E_STC_QF_BOOK2_T1 - Copy",120246525500420003,2026-06-18,Feed,iphone,facebook,iphone,,,,2026-06-17,Ongoing,"7-day click, 1-day view, or 1-day engaged-view",,,,,,,,,,,,,,,,,,,,,,1,,,,,,,,,,,,,,,,,,,,,,,,,2026-06-18,2026-06-18
BOOK2_LEAD_JUN26_QUIZ_V3,120246474118350003,ABP_TOF_1865_USA_CONTROL_BOOK2_V3,120246474118390003,"C4E_STC_QF_BOOK2_T1 - Copy",120246525500420003,2026-06-18,Feed,iphone,instagram,iphone,,,,2026-06-17,Ongoing,"7-day click, 1-day view, or 1-day engaged-view",,,,,,,,,,,,,,,,,,,,,,1,,,,,,,,,,,,,,,,,,,,,,,,,2026-06-18,2026-06-18
BOOK2_LEAD_JUN26_QUIZ_V3,120246474118350003,ABP_TOF_1865_USA_CONTROL_BOOK2_V3,120246474118390003,C2B_STC_QF_BOOK2_T2,120246474118360003,2026-06-18,Feed,iphone,facebook,iphone,,,,2026-06-17,Ongoing,"7-day click, 1-day view, or 1-day engaged-view",,,,,,,,,,,,,,,,,,,,,,1,,,,,,,,,,,,,,,,,,,,,,,,,2026-06-18,2026-06-18
BOOK2_LEAD_JUN26_QUIZ_V3,120246474118350003,ABP_TOF_1865_USA_CONTROL_BOOK2_V3,120246474118390003,C4E_STC_QF_BOOK2_T1,120246474118370003,2026-06-18,"Native, banner & interstitial",iphone,audience_network,iphone,,,,2026-06-17,Ongoing,"7-day click, 1-day view, or 1-day engaged-view",,,,,,,,,,,,,,,,,,,,,,8,,,,,,,,,,,,,,,,,,,,,,,,,2026-06-18,2026-06-18
BOOK2_LEAD_JUN26_QUIZ_V3,120246474118350003,ABP_TOF_1865_USA_CONTROL_BOOK2_V3,120246474118390003,C2B_STC_QF_BOOK2_T2,120246474118360003,2026-06-18,"Instagram Stories",iphone,instagram,iphone,,,,2026-06-17,Ongoing,"7-day click, 1-day view, or 1-day engaged-view",,,,,,,,,,,,,,,,,,,,,,1,,,,,,,,,,,,,,,,,,,,,,,,,2026-06-18,2026-06-18
BOOK2_LEAD_JUN26_QUIZ_V3,120246474118350003,ABP_TOF_1865_USA_CONTROL_BOOK2_V3,120246474118390003,C2B_STC_QF_BOOK2_T2,120246474118360003,2026-06-18,Feed,desktop,facebook,desktop,,,,2026-06-17,Ongoing,"7-day click, 1-day view, or 1-day engaged-view",,,,,,,,,,,,,,,,,,,,,,1,,,,,,,,,,,,,,,,,,,,,,,,,2026-06-18,2026-06-18
BOOK2_LEAD_JUN26_QUIZ_V3,120246474118350003,ABP_TOF_1865_USA_CONTROL_BOOK2_V3,120246474118390003,C2B_STC_QF_BOOK2_T2,120246474118360003,2026-06-18,Feed,android_smartphone,instagram,android_smartphone,,,,2026-06-17,Ongoing,"7-day click, 1-day view, or 1-day engaged-view",,,,,,,,,,,,,,,,,,,,,,1,,,,,,,,,,,,,,,,,,,,,,,,,2026-06-18,2026-06-18
BOOK2_LEAD_JUN26_QUIZ_V3,120246474118350003,ABP_TOF_1865_USA_CONTROL_BOOK2_V3,120246474118390003,C4E_STC_QF_BOOK2_T1,120246474118370003,2026-06-19,"Instagram Reels",android_smartphone,instagram,android_smartphone,,,,2026-06-17,Ongoing,"7-day click, 1-day view, or 1-day engaged-view",,,,,,,,,,,,,,,,,,,,,,,,,,,,,,,,,,,,,,,,,,,,,,,2026-06-19,2026-06-19
BOOK2_LEAD_JUN26_QUIZ_V3,120246474118350003,ABP_TOF_1865_USA_CONTROL_BOOK2_V3,120246474118390003,C4E_STC_QF_BOOK2_T1,120246474118370003,2026-06-19,Feed,android_smartphone,instagram,android_smartphone,,,,2026-06-17,Ongoing,"7-day click, 1-day view, or 1-day engaged-view",,,,,,,,,,,,,,,,,,,,,,,,,,,,,,,,,,,,,,,,,,,,,,,2026-06-19,2026-06-19
BOOK2_LEAD_JUN26_QUIZ_V3,120246474118350003,ABP_TOF_1865_USA_CONTROL_BOOK2_V3,120246474118390003,C4E_STC_QF_BOOK2_T1,120246474118370003,2026-06-19,"Facebook Reels",iphone,facebook,iphone,,,,2026-06-17,Ongoing,"7-day click, 1-day view, or 1-day engaged-view",,,,,,,,,,,,,,,,,,,,,,1,,,,,,,,,,,,,,,,,,,,,,,,,2026-06-19,2026-06-19
BOOK2_LEAD_JUN26_QUIZ_V3,120246474118350003,ABP_TOF_1865_USA_CONTROL_BOOK2_V3,120246474118390003,C4E_STC_QF_BOOK2_T1,120246474118370003,2026-06-19,"Instagram Reels",iphone,instagram,iphone,,,,2026-06-17,Ongoing,"7-day click, 1-day view, or 1-day engaged-view",,,,,,,,,,,,,,,,,,,,,,1,,,,,,,,,,,,,,,,,,,,,,,,,2026-06-19,2026-06-19
BOOK2_LEAD_JUN26_QUIZ_V3,120246474118350003,ABP_TOF_1865_USA_CONTROL_BOOK2_V3,120246474118390003,C4E_STC_QF_BOOK2_T1,120246474118370003,2026-06-19,Feed,android_smartphone,facebook,android_smartphone,,,,2026-06-17,Ongoing,"7-day click, 1-day view, or 1-day engaged-view",,,,,,,,,,,,,,,,,,,,,,3,,,,,,,,,,,,,,,,,,,,,,,,,2026-06-19,2026-06-19
BOOK2_LEAD_JUN26_QUIZ_V3,120246474118350003,ABP_TOF_1865_USA_CONTROL_BOOK2_V3,120246474118390003,C4E_STC_QF_BOOK2_T1,120246474118370003,2026-06-19,Feed,desktop,facebook,desktop,,,,2026-06-17,Ongoing,"7-day click, 1-day view, or 1-day engaged-view",,,,,,,,,,,,,,,,,,,,,,1,,,,,,,,,,,,,,,,,,,,,,,,,2026-06-19,2026-06-19
BOOK2_LEAD_JUN26_QUIZ_V3,120246474118350003,ABP_TOF_1865_USA_CONTROL_BOOK2_V3,120246474118390003,C4E_STC_QF_BOOK2_T1,120246474118370003,2026-06-18,"Native, banner & interstitial",ipad,audience_network,ipad,,,,2026-06-17,Ongoing,"7-day click, 1-day view, or 1-day engaged-view",,,,,,,,,,,,,,,,,,,,,,1,,,,,,,,,,,,,,,,,,,,,,,,,2026-06-18,2026-06-18
BOOK2_LEAD_JUN26_QUIZ_V3,120246474118350003,ABP_TOF_1865_USA_CONTROL_BOOK2_V3,120246474118390003,C4E_STC_QF_BOOK2_T1,120246474118370003,2026-06-18,Feed,android_smartphone,instagram,android_smartphone,,,,2026-06-17,Ongoing,"7-day click, 1-day view, or 1-day engaged-view",,,,,,,,,,,,,,,,,,,,,,1,,,,,,,,,,,,,,,,,,,,,,,,,2026-06-18,2026-06-18
BOOK2_LEAD_JUN26_QUIZ_V3,120246474118350003,ABP_TOF_1865_USA_CONTROL_BOOK2_V3,120246474118390003,C4E_STC_QF_BOOK2_T1,120246474118370003,2026-06-19,"Facebook Stories",android_smartphone,facebook,android_smartphone,,,,2026-06-17,Ongoing,"7-day click, 1-day view, or 1-day engaged-view",,,,,,,,,,,,,,,,,,,,,,1,,,,,,,,,,,,,,,,,,,,,,,,,2026-06-19,2026-06-19
BOOK2_LEAD_JUN26_QUIZ_V3,120246474118350003,ABP_TOF_1865_USA_CONTROL_BOOK2_V3,120246474118390003,C2E_STC_QF_BOOK2_T2,120246474118340003,2026-06-17,Feed,android_smartphone,facebook,android_smartphone,,,,2026-06-17,Ongoing,"7-day click, 1-day view, or 1-day engaged-view",,,,,,,,,,,,,,,,,,,,,,2,,,,,,,,,,,,,,,,,,,,,,,,,2026-06-17,2026-06-17
BOOK2_LEAD_JUN26_QUIZ_V3,120246474118350003,ABP_TOF_1865_USA_CONTROL_BOOK2_V3,120246474118390003,C4E_STC_QF_BOOK2_T1,120246474118370003,2026-06-17,Feed,android_smartphone,facebook,android_smartphone,,,,2026-06-17,Ongoing,"7-day click, 1-day view, or 1-day engaged-view",,,,,,,,,,,,,,,,,,,,,,1,,,,,,,,,,,,,,,,,,,,,,,,,2026-06-17,2026-06-17
BOOK2_LEAD_JUN26_QUIZ_V3,120246474118350003,ABP_TOF_1865_USA_CONTROL_BOOK2_V3,120246474118390003,C4E_STC_QF_BOOK2_T1,120246474118370003,2026-06-17,Feed,ipad,facebook,ipad,,,,2026-06-17,Ongoing,"7-day click, 1-day view, or 1-day engaged-view",,,,,,,,,,,,,,,,,,,,,,1,,,,,,,,,,,,,,,,,,,,,,,,,2026-06-17,2026-06-17
BOOK2_LEAD_JUN26_QUIZ_V3,120246474118350003,ABP_TOF_1865_USA_CONTROL_BOOK2_V3,120246474118390003,C4E_STC_QF_BOOK2_T1,120246474118370003,2026-06-17,Feed,iphone,instagram,iphone,,,,2026-06-17,Ongoing,"7-day click, 1-day view, or 1-day engaged-view",,,,,,,,,,,,,,,,,,,,,,1,,,,,,,,,,,,,,,,,,,,,,,,,2026-06-17,2026-06-17
BOOK2_LEAD_JUN26_QUIZ_V3,120246474118350003,ABP_TOF_1865_USA_CONTROL_BOOK2_V3,120246474118390003,C4E_STC_QF_BOOK2_T1,120246474118370003,2026-06-17,Feed,iphone,facebook,iphone,,,,2026-06-17,Ongoing,"7-day click, 1-day view, or 1-day engaged-view",,,,,,,,,,,,,,,,,,,,,,2,,,,,,,,,,,,,,,,,,,,,,,,,2026-06-17,2026-06-17
BOOK2_LEAD_JUN26_QUIZ_V3,120246474118350003,ABP_TOF_1865_USA_CONTROL_BOOK2_V3,120246474118390003,C4E_STC_QF_BOOK2_T1,120246474118370003,2026-06-17,"Instagram Stories",android_smartphone,instagram,android_smartphone,,,,2026-06-17,Ongoing,"7-day click, 1-day view, or 1-day engaged-view",,,,,,,,,,,,,,,,,,,,,,1,,,,,,,,,,,,,,,,,,,,,,,,,2026-06-17,2026-06-17
BOOK2_LEAD_JUN26_QUIZ_V3,120246474118350003,ABP_TOF_1865_USA_CONTROL_BOOK2_V3,120246474118390003,C4E_STC_QF_BOOK2_T1,120246474118370003,2026-06-17,"Instagram Stories",iphone,instagram,iphone,,,,2026-06-17,Ongoing,"7-day click, 1-day view, or 1-day engaged-view",,,,,,,,,,,,,,,,,,,,,,1,,,,,,,,,,,,,,,,,,,,,,,,,2026-06-17,2026-06-17
BOOK2_LEAD_JUN26_QUIZ_V3,120246474118350003,ABP_TOF_1865_USA_CONTROL_BOOK2_V3,120246474118390003,C4E_STC_QF_BOOK2_T1,120246474118370003,2026-06-17,"Native, banner & interstitial",android_smartphone,audience_network,android_smartphone,,,,2026-06-17,Ongoing,"7-day click, 1-day view, or 1-day engaged-view",,,,,,,,,,,,,,,,,,,,,,1,,,,,,,,,,,,,,,,,,,,,,,,,2026-06-17,2026-06-17
BOOK2_LEAD_JUN26_QUIZ_V3,120246474118350003,ABP_TOF_1865_USA_CONTROL_BOOK2_V3,120246474118390003,C2E_STC_QF_BOOK2_T2,120246474118340003,2026-06-17,Feed,iphone,instagram,iphone,,,,2026-06-17,Ongoing,"7-day click, 1-day view, or 1-day engaged-view",,,,,,,,,,,,,,,,,,,,,,1,,,,,,,,,,,,,,,,,,,,,,,,,2026-06-17,2026-06-17
BOOK2_LEAD_JUN26_QUIZ_V3,120246474118350003,ABP_TOF_1865_USA_CONTROL_BOOK2_V3,120246474118390003,C2E_STC_QF_BOOK2_T2,120246474118340003,2026-06-17,Feed,desktop,facebook,desktop,,,,2026-06-17,Ongoing,"7-day click, 1-day view, or 1-day engaged-view",,,,,,,,,,,,,,,,,,,,,,1,,,,,,,,,,,,,,,,,,,,,,,,,2026-06-17,2026-06-17
BOOK2_LEAD_JUN26_QUIZ_V3,120246474118350003,ABP_TOF_1865_USA_CONTROL_BOOK2_V3,120246474118390003,C2E_STC_QF_BOOK2_T2,120246474118340003,2026-06-17,Feed,ipad,facebook,ipad,,,,2026-06-17,Ongoing,"7-day click, 1-day view, or 1-day engaged-view",,,,,,,,,,,,,,,,,,,,,,1,,,,,,,,,,,,,,,,,,,,,,,,,2026-06-17,2026-06-17
BOOK2_LEAD_JUN26_QUIZ_V3,120246474118350003,ABP_TOF_1865_USA_CONTROL_BOOK2_V3,120246474118390003,C4E_STC_QF_BOOK2_T1,120246474118370003,2026-06-18,Feed,iphone,facebook,iphone,,,,2026-06-17,Ongoing,"7-day click, 1-day view, or 1-day engaged-view",,,,,,,,,,,,,,,,,,,,,,2,,,,,,,,,,,,,,,,,,,,,,,,,2026-06-18,2026-06-18
BOOK2_LEAD_JUN26_QUIZ_V3,120246474118350003,ABP_TOF_1865_USA_CONTROL_BOOK2_V3,120246474118390003,C2E_STC_QF_BOOK2_T2,120246474118340003,2026-06-17,"Facebook Reels",android_smartphone,facebook,android_smartphone,,,,2026-06-17,Ongoing,"7-day click, 1-day view, or 1-day engaged-view",,,,,,,,,,,,,,,,,,,,,,1,,,,,,,,,,,,,,,,,,,,,,,,,2026-06-17,2026-06-17
BOOK2_LEAD_JUN26_QUIZ_V3,120246474118350003,ABP_TOF_1865_USA_CONTROL_BOOK2_V3,120246474118390003,C2E_STC_QF_BOOK2_T2,120246474118340003,2026-06-17,"Native, banner & interstitial",android_smartphone,audience_network,android_smartphone,,,,2026-06-17,Ongoing,"7-day click, 1-day view, or 1-day engaged-view",,,,,,,,,,,,,,,,,,,,,,1,,,,,,,,,,,,,,,,,,,,,,,,,2026-06-17,2026-06-17
BOOK2_LEAD_JUN26_QUIZ_V3,120246474118350003,ABP_TOF_1865_USA_CONTROL_BOOK2_V3,120246474118390003,C2E_STC_QF_BOOK2_T2,120246474118340003,2026-06-17,Feed,iphone,facebook,iphone,,,,2026-06-17,Ongoing,"7-day click, 1-day view, or 1-day engaged-view",,,,,,,,,,,,,,,,,,,,,,1,,,,,,,,,,,,,,,,,,,,,,,,,2026-06-17,2026-06-17
BOOK2_LEAD_JUN26_QUIZ_V3,120246474118350003,ABP_TOF_1865_USA_CONTROL_BOOK2_V3,120246474118390003,C2F_STC_QF_BOOK2_T1,120246474118380003,2026-06-17,Feed,iphone,instagram,iphone,,,,2026-06-17,Ongoing,"7-day click, 1-day view, or 1-day engaged-view",,,,,,,,,,,,,,,,,,,,,,,,,,,,,,,,,,,,,,,,,,,,,,,2026-06-17,2026-06-17
BOOK2_LEAD_JUN26_QUIZ_V3,120246474118350003,ABP_TOF_1865_USA_CONTROL_BOOK2_V3,120246474118390003,C2F_STC_QF_BOOK2_T1,120246474118380003,2026-06-17,Feed,iphone,facebook,iphone,,,,2026-06-17,Ongoing,"7-day click, 1-day view, or 1-day engaged-view",,,,,,,,,,,,,,,,,,,,,,3,,,,,,,,,,,,,,,,,,,,,,,,,2026-06-17,2026-06-17
BOOK2_LEAD_JUN26_QUIZ_V3,120246474118350003,ABP_TOF_1865_USA_CONTROL_BOOK2_V3,120246474118390003,C2B_STC_QF_BOOK2_T2,120246474118360003,2026-06-17,Feed,iphone,facebook,iphone,,,,2026-06-17,Ongoing,"7-day click, 1-day view, or 1-day engaged-view",,,,,,,,,,,,,,,,,,,,,,2,,,,,,,,,,,,,,,,,,,,,,,,,2026-06-17,2026-06-17
BOOK2_LEAD_JUN26_QUIZ_V3,120246474118350003,ABP_TOF_1865_USA_CONTROL_BOOK2_V3,120246474118390003,C2B_STC_QF_BOOK2_T2,120246474118360003,2026-06-17,"Instagram Stories",iphone,instagram,iphone,,,,2026-06-17,Ongoing,"7-day click, 1-day view, or 1-day engaged-view",,,,,,,,,,,,,,,,,,,,,,1,,,,,,,,,,,,,,,,,,,,,,,,,2026-06-17,2026-06-17
BOOK2_LEAD_JUN26_QUIZ_V3,120246474118350003,ABP_TOF_1865_USA_CONTROL_BOOK2_V3,120246474118390003,C2B_STC_QF_BOOK2_T2,120246474118360003,2026-06-17,Feed,android_smartphone,instagram,android_smartphone,,,,2026-06-17,Ongoing,"7-day click, 1-day view, or 1-day engaged-view",,,,,,,,,,,,,,,,,,,,,,1,,,,,,,,,,,,,,,,,,,,,,,,,2026-06-17,2026-06-17
BOOK2_LEAD_JUN26_QUIZ_V3,120246474118350003,ABP_TOF_1865_USA_CONTROL_BOOK2_V3,120246474118390003,C2B_STC_QF_BOOK2_T2,120246474118360003,2026-06-17,Feed,iphone,instagram,iphone,,,,2026-06-17,Ongoing,"7-day click, 1-day view, or 1-day engaged-view",,,,,,,,,,,,,,,,,,,,,,1,,,,,,,,,,,,,,,,,,,,,,,,,2026-06-17,2026-06-17
BOOK2_LEAD_JUN26_QUIZ_V3,120246474118350003,ABP_TOF_1865_USA_CONTROL_BOOK2_V3,120246474118390003,C4E_STC_QF_BOOK2_T1,120246474118370003,2026-06-19,Feed,iphone,facebook,iphone,,,,2026-06-17,Ongoing,"7-day click, 1-day view, or 1-day engaged-view",,,,,,,,,,,,,,,,,,,,,,1,,,,,,,,,,,,,,,,,,,,,,,,,2026-06-19,2026-06-19
BOOK2_LEAD_JUN26_QUIZ_V3,120246474118350003,ABP_TOF_1865_USA_CONTROL_BOOK2_V3,120246474118390003,"C4E_STC_QF_BOOK2_T1 - Copy",120246525500420003,2026-06-19,Feed,android_smartphone,facebook,android_smartphone,,,,2026-06-17,Ongoing,"7-day click, 1-day view, or 1-day engaged-view",,,,,,,,,,,,,,,,,,,,,,1,,,,,,,,,,,,,,,,,,,,,,,,,2026-06-19,2026-06-19
BOOK2_LEAD_JUN26_QUIZ_V3,120246474118350003,ABP_TOF_1865_USA_CONTROL_BOOK2_V3,120246474118390003,C4E_STC_QF_BOOK2_T1,120246474118370003,2026-06-23,"Instagram Reels",iphone,instagram,iphone,,,,2026-06-17,Ongoing,"7-day click, 1-day view, or 1-day engaged-view",,,,,,,,,,,,,,,,,,,,,,3,,,,,,,,,,,,,,,,,,,,,,,,,2026-06-23,2026-06-23
BOOK2_LEAD_JUN26_QUIZ_V3,120246474118350003,ABP_TOF_1865_USA_CONTROL_BOOK2_V3,120246474118390003,C2B_STC_QF_BOOK2_T2,120246474118360003,2026-06-22,Marketplace,android_smartphone,facebook,android_smartphone,,,,2026-06-17,Ongoing,"7-day click, 1-day view, or 1-day engaged-view",,,,,,,,,,,,,,,,,,,,,,1,,,,,,,,,,,,,,,,,,,,,,,,,2026-06-22,2026-06-22
BOOK2_LEAD_JUN26_QUIZ_V3,120246474118350003,ABP_TOF_1865_USA_CONTROL_BOOK2_V3,120246474118390003,C4E_STC_QF_BOOK2_T1,120246474118370003,2026-06-21,"In-stream reels",iphone,facebook,iphone,,,,2026-06-17,Ongoing,"7-day click, 1-day view, or 1-day engaged-view",,,,,,,,,,,,,,,,,,,,,,1,,,,,,,,,,,,,,,,,,,,,,,,,2026-06-21,2026-06-21
BOOK2_LEAD_JUN26_QUIZ_V3,120246474118350003,ABP_TOF_1865_USA_CONTROL_BOOK2_V3,120246474118390003,C4E_STC_QF_BOOK2_T1,120246474118370003,2026-06-21,Feed,android_smartphone,instagram,android_smartphone,,,,2026-06-17,Ongoing,"7-day click, 1-day view, or 1-day engaged-view",,,,,,,,,,,,,,,,,,,,,,,,,,,,,,,,,,,,,,,,,,,,,,,2026-06-21,2026-06-21
BOOK2_LEAD_JUN26_QUIZ_V3,120246474118350003,ABP_TOF_1865_USA_CONTROL_BOOK2_V3,120246474118390003,C2F_STC_QF_BOOK2_T1,120246474118380003,2026-06-21,Feed,android_smartphone,facebook,android_smartphone,,,,2026-06-17,Ongoing,"7-day click, 1-day view, or 1-day engaged-view",,,,,,,,,,,,,,,,,,,,,,3,,,,,,,,,,,,,,,,,,,,,,,,,2026-06-21,2026-06-21
BOOK2_LEAD_JUN26_QUIZ_V3,120246474118350003,ABP_TOF_1865_USA_CONTROL_BOOK2_V3,120246474118390003,C2B_STC_QF_BOOK2_T2,120246474118360003,2026-06-21,Feed,android_smartphone,facebook,android_smartphone,,,,2026-06-17,Ongoing,"7-day click, 1-day view, or 1-day engaged-view",,,,,,,,,,,,,,,,,,,,,,1,,,,,,,,,,,,,,,,,,,,,,,,,2026-06-21,2026-06-21
BOOK2_LEAD_JUN26_QUIZ_V3,120246474118350003,ABP_TOF_1865_USA_CONTROL_BOOK2_V3,120246474118390003,C2B_STC_QF_BOOK2_T2,120246474118360003,2026-06-21,"Facebook Reels",android_smartphone,facebook,android_smartphone,,,,2026-06-17,Ongoing,"7-day click, 1-day view, or 1-day engaged-view",,,,,,,,,,,,,,,,,,,,,,1,,,,,,,,,,,,,,,,,,,,,,,,,2026-06-21,2026-06-21
BOOK2_LEAD_JUN26_QUIZ_V3,120246474118350003,ABP_TOF_1865_USA_CONTROL_BOOK2_V3,120246474118390003,C4E_STC_QF_BOOK2_T1,120246474118370003,2026-06-22,Feed,android_smartphone,facebook,android_smartphone,,,,2026-06-17,Ongoing,"7-day click, 1-day view, or 1-day engaged-view",,,,,,,,,,,,,,,,,,,,,,1,,,,,,,,,,,,,,,,,,,,,,,,,2026-06-22,2026-06-22
BOOK2_LEAD_JUN26_QUIZ_V3,120246474118350003,ABP_TOF_1865_USA_CONTROL_BOOK2_V3,120246474118390003,C4E_STC_QF_BOOK2_T1,120246474118370003,2026-06-22,"Native, banner & interstitial",android_smartphone,audience_network,android_smartphone,,,,2026-06-17,Ongoing,"7-day click, 1-day view, or 1-day engaged-view",,,,,,,,,,,,,,,,,,,,,,2,,,,,,,,,,,,,,,,,,,,,,,,,2026-06-22,2026-06-22
BOOK2_LEAD_JUN26_QUIZ_V3,120246474118350003,ABP_TOF_1865_USA_CONTROL_BOOK2_V3,120246474118390003,C2E_STC_QF_BOOK2_T2,120246474118340003,2026-06-22,Feed,iphone,facebook,iphone,,,,2026-06-17,Ongoing,"7-day click, 1-day view, or 1-day engaged-view",,,,,,,,,,,,,,,,,,,,,,1,,,,,,,,,,,,,,,,,,,,,,,,,2026-06-22,2026-06-22
BOOK2_LEAD_JUN26_QUIZ_V3,120246474118350003,ABP_TOF_1865_USA_CONTROL_BOOK2_V3,120246474118390003,C2B_STC_QF_BOOK2_T2,120246474118360003,2026-06-22,Feed,desktop,facebook,desktop,,,,2026-06-17,Ongoing,"7-day click, 1-day view, or 1-day engaged-view",,,,,,,,,,,,,,,,,,,,,,3,,,,,,,,,,,,,,,,,,,,,,,,,2026-06-22,2026-06-22
BOOK2_LEAD_JUN26_QUIZ_V3,120246474118350003,ABP_TOF_1865_USA_CONTROL_BOOK2_V3,120246474118390003,C2B_STC_QF_BOOK2_T2,120246474118360003,2026-06-22,Feed,iphone,facebook,iphone,,,,2026-06-17,Ongoing,"7-day click, 1-day view, or 1-day engaged-view",,,,,,,,,,,,,,,,,,,,,,12,,,,,,,,,,,,,,,,,,,,,,,,,2026-06-22,2026-06-22
BOOK2_LEAD_JUN26_QUIZ_V3,120246474118350003,ABP_TOF_1865_USA_CONTROL_BOOK2_V3,120246474118390003,C4E_STC_QF_BOOK2_T1,120246474118370003,2026-06-21,"Facebook Reels",android_smartphone,facebook,android_smartphone,,,,2026-06-17,Ongoing,"7-day click, 1-day view, or 1-day engaged-view",,,,,,,,,,,,,,,,,,,,,,4,,,,,,,,,,,,,,,,,,,,,,,,,2026-06-21,2026-06-21
BOOK2_LEAD_JUN26_QUIZ_V3,120246474118350003,ABP_TOF_1865_USA_CONTROL_BOOK2_V3,120246474118390003,C2B_STC_QF_BOOK2_T2,120246474118360003,2026-06-22,Feed,android_smartphone,facebook,android_smartphone,,,,2026-06-17,Ongoing,"7-day click, 1-day view, or 1-day engaged-view",,,,,,,,,,,,,,,,,,,,,,9,,,,,,,,,,,,,,,,,,,,,,,,,2026-06-22,2026-06-22
BOOK2_LEAD_JUN26_QUIZ_V3,120246474118350003,ABP_TOF_1865_USA_CONTROL_BOOK2_V3,120246474118390003,C2B_STC_QF_BOOK2_T2,120246474118360003,2026-06-22,Feed,iphone,instagram,iphone,,,,2026-06-17,Ongoing,"7-day click, 1-day view, or 1-day engaged-view",,,,,,,,,,,,,,,,,,,,,,1,,,,,,,,,,,,,,,,,,,,,,,,,2026-06-22,2026-06-22
BOOK2_LEAD_JUN26_QUIZ_V3,120246474118350003,ABP_TOF_1865_USA_CONTROL_BOOK2_V3,120246474118390003,C2B_STC_QF_BOOK2_T2,120246474118360003,2026-06-22,Feed,android_tablet,facebook,android_tablet,,,,2026-06-17,Ongoing,"7-day click, 1-day view, or 1-day engaged-view",,,,,,,,,,,,,,,,,,,,,,1,,,,,,,,,,,,,,,,,,,,,,,,,2026-06-22,2026-06-22
BOOK2_LEAD_JUN26_QUIZ_V3,120246474118350003,ABP_TOF_1865_USA_CONTROL_BOOK2_V3,120246474118390003,C2B_STC_QF_BOOK2_T2,120246474118360003,2026-06-22,Feed,ipad,facebook,ipad,,,,2026-06-17,Ongoing,"7-day click, 1-day view, or 1-day engaged-view",,,,,,,,,,,,,,,,,,,,,,1,,,,,,,,,,,,,,,,,,,,,,,,,2026-06-22,2026-06-22
BOOK2_LEAD_JUN26_QUIZ_V3,120246474118350003,ABP_TOF_1865_USA_CONTROL_BOOK2_V3,120246474118390003,C2B_STC_QF_BOOK2_T2,120246474118360003,2026-06-22,"Native, banner & interstitial",android_smartphone,audience_network,android_smartphone,,,,2026-06-17,Ongoing,"7-day click, 1-day view, or 1-day engaged-view",,,,,,,,,,,,,,,,,,,,,,1,,,,,,,,,,,,,,,,,,,,,,,,,2026-06-22,2026-06-22
BOOK2_LEAD_JUN26_QUIZ_V3,120246474118350003,ABP_TOF_1865_USA_CONTROL_BOOK2_V3,120246474118390003,C4E_STC_QF_BOOK2_T1,120246474118370003,2026-06-23,"Instagram Stories",iphone,instagram,iphone,,,,2026-06-17,Ongoing,"7-day click, 1-day view, or 1-day engaged-view",,,,,,,,,,,,,,,,,,,,,,1,,,,,,,,,,,,,,,,,,,,,,,,,2026-06-23,2026-06-23
BOOK2_LEAD_JUN26_QUIZ_V3,120246474118350003,ABP_TOF_1865_USA_CONTROL_BOOK2_V3,120246474118390003,C4E_STC_QF_BOOK2_T1,120246474118370003,2026-06-23,Marketplace,iphone,facebook,iphone,,,,2026-06-17,Ongoing,"7-day click, 1-day view, or 1-day engaged-view",,,,,,,,,,,,,,,,,,,,,,1,,,,,,,,,,,,,,,,,,,,,,,,,2026-06-23,2026-06-23
BOOK2_LEAD_JUN26_QUIZ_V3,120246474118350003,ABP_TOF_1865_USA_CONTROL_BOOK2_V3,120246474118390003,C4E_STC_QF_BOOK2_T1,120246474118370003,2026-06-23,Feed,iphone,instagram,iphone,,,,2026-06-17,Ongoing,"7-day click, 1-day view, or 1-day engaged-view",,,,,,,,,,,,,,,,,,,,,,4,,,,,,,,,,,,,,,,,,,,,,,,,2026-06-23,2026-06-23
BOOK2_LEAD_JUN26_QUIZ_V3,120246474118350003,ABP_TOF_1865_USA_CONTROL_BOOK2_V3,120246474118390003,C4E_STC_QF_BOOK2_T1,120246474118370003,2026-06-23,Feed,android_smartphone,instagram,android_smartphone,,,,2026-06-17,Ongoing,"7-day click, 1-day view, or 1-day engaged-view",,,,,,,,,,,,,,,,,,,,,,1,,,,,,,,,,,,,,,,,,,,,,,,,2026-06-23,2026-06-23
BOOK2_LEAD_JUN26_QUIZ_V3,120246474118350003,ABP_TOF_1865_USA_CONTROL_BOOK2_V3,120246474118390003,C4E_STC_QF_BOOK2_T1,120246474118370003,2026-06-21,Feed,ipad,facebook,ipad,,,,2026-06-17,Ongoing,"7-day click, 1-day view, or 1-day engaged-view",,,,,,,,,,,,,,,,,,,,,,1,,,,,,,,,,,,,,,,,,,,,,,,,2026-06-21,2026-06-21
BOOK2_LEAD_JUN26_QUIZ_V3,120246474118350003,ABP_TOF_1865_USA_CONTROL_BOOK2_V3,120246474118390003,C4E_STC_QF_BOOK2_T1,120246474118370003,2026-06-21,Feed,android_smartphone,facebook,android_smartphone,,,,2026-06-17,Ongoing,"7-day click, 1-day view, or 1-day engaged-view",,,,,,,,,,,,,,,,,,,,,,11,,,,,,,,,,,,,,,,,,,,,,,,,2026-06-21,2026-06-21
BOOK2_LEAD_JUN26_QUIZ_V3,120246474118350003,ABP_TOF_1865_USA_CONTROL_BOOK2_V3,120246474118390003,"C4E_STC_QF_BOOK2_T1 - Copy",120246525500420003,2026-06-19,Feed,android_smartphone,instagram,android_smartphone,,,,2026-06-17,Ongoing,"7-day click, 1-day view, or 1-day engaged-view",,,,,,,,,,,,,,,,,,,,,,1,,,,,,,,,,,,,,,,,,,,,,,,,2026-06-19,2026-06-19
BOOK2_LEAD_JUN26_QUIZ_V3,120246474118350003,ABP_TOF_1865_USA_CONTROL_BOOK2_V3,120246474118390003,C4E_STC_QF_BOOK2_T1,120246474118370003,2026-06-20,"Facebook Reels",android_smartphone,facebook,android_smartphone,,,,2026-06-17,Ongoing,"7-day click, 1-day view, or 1-day engaged-view",,,,,,,,,,,,,,,,,,,,,,3,,,,,,,,,,,,,,,,,,,,,,,,,2026-06-20,2026-06-20
BOOK2_LEAD_JUN26_QUIZ_V3,120246474118350003,ABP_TOF_1865_USA_CONTROL_BOOK2_V3,120246474118390003,"C4E_STC_QF_BOOK2_T1 - Copy",120246525500420003,2026-06-19,Feed,iphone,facebook,iphone,,,,2026-06-17,Ongoing,"7-day click, 1-day view, or 1-day engaged-view",,,,,,,,,,,,,,,,,,,,,,1,,,,,,,,,,,,,,,,,,,,,,,,,2026-06-19,2026-06-19
BOOK2_LEAD_JUN26_QUIZ_V3,120246474118350003,ABP_TOF_1865_USA_CONTROL_BOOK2_V3,120246474118390003,C2B_STC_QF_BOOK2_T2,120246474118360003,2026-06-19,Feed,iphone,facebook,iphone,,,,2026-06-17,Ongoing,"7-day click, 1-day view, or 1-day engaged-view",,,,,,,,,,,,,,,,,,,,,,1,,,,,,,,,,,,,,,,,,,,,,,,,2026-06-19,2026-06-19
BOOK2_LEAD_JUN26_QUIZ_V3,120246474118350003,ABP_TOF_1865_USA_CONTROL_BOOK2_V3,120246474118390003,C2B_STC_QF_BOOK2_T2,120246474118360003,2026-06-19,"Instagram Stories",iphone,instagram,iphone,,,,2026-06-17,Ongoing,"7-day click, 1-day view, or 1-day engaged-view",,,,,,,,,,,,,,,,,,,,,,1,,,,,,,,,,,,,,,,,,,,,,,,,2026-06-19,2026-06-19
BOOK2_LEAD_JUN26_QUIZ_V3,120246474118350003,ABP_TOF_1865_USA_CONTROL_BOOK2_V3,120246474118390003,C2B_STC_QF_BOOK2_T2,120246474118360003,2026-06-19,Feed,android_smartphone,facebook,android_smartphone,,,,2026-06-17,Ongoing,"7-day click, 1-day view, or 1-day engaged-view",,,,,,,,,,,,,,,,,,,,,,2,,,,,,,,,,,,,,,,,,,,,,,,,2026-06-19,2026-06-19
BOOK2_LEAD_JUN26_QUIZ_V3,120246474118350003,ABP_TOF_1865_USA_CONTROL_BOOK2_V3,120246474118390003,C4E_STC_QF_BOOK2_T1,120246474118370003,2026-06-20,Feed,android_smartphone,instagram,android_smartphone,,,,2026-06-17,Ongoing,"7-day click, 1-day view, or 1-day engaged-view",,,,,,,,,,,,,,,,,,,,,,,,,,,,,,,,,,,,,,,,,,,,,,,2026-06-20,2026-06-20
BOOK2_LEAD_JUN26_QUIZ_V3,120246474118350003,ABP_TOF_1865_USA_CONTROL_BOOK2_V3,120246474118390003,C4E_STC_QF_BOOK2_T1,120246474118370003,2026-06-20,"Instagram Reels",android_smartphone,instagram,android_smartphone,,,,2026-06-17,Ongoing,"7-day click, 1-day view, or 1-day engaged-view",,,,,,,,,,,,,,,,,,,,,,1,,,,,,,,,,,,,,,,,,,,,,,,,2026-06-20,2026-06-20
BOOK2_LEAD_JUN26_QUIZ_V3,120246474118350003,ABP_TOF_1865_USA_CONTROL_BOOK2_V3,120246474118390003,C4E_STC_QF_BOOK2_T1,120246474118370003,2026-06-20,"Instagram Stories",android_smartphone,instagram,android_smartphone,,,,2026-06-17,Ongoing,"7-day click, 1-day view, or 1-day engaged-view",,,,,,,,,,,,,,,,,,,,,,1,,,,,,,,,,,,,,,,,,,,,,,,,2026-06-20,2026-06-20
BOOK2_LEAD_JUN26_QUIZ_V3,120246474118350003,ABP_TOF_1865_USA_CONTROL_BOOK2_V3,120246474118390003,C4E_STC_QF_BOOK2_T1,120246474118370003,2026-06-20,Feed,iphone,facebook,iphone,,,,2026-06-17,Ongoing,"7-day click, 1-day view, or 1-day engaged-view",,,,,,,,,,,,,,,,,,,,,,4,,,,,,,,,,,,,,,,,,,,,,,,,2026-06-20,2026-06-20
BOOK2_LEAD_JUN26_QUIZ_V3,120246474118350003,ABP_TOF_1865_USA_CONTROL_BOOK2_V3,120246474118390003,C4E_STC_QF_BOOK2_T1,120246474118370003,2026-06-20,"Facebook Reels",iphone,facebook,iphone,,,,2026-06-17,Ongoing,"7-day click, 1-day view, or 1-day engaged-view",,,,,,,,,,,,,,,,,,,,,,5,,,,,,,,,,,,,,,,,,,,,,,,,2026-06-20,2026-06-20
BOOK2_LEAD_JUN26_QUIZ_V3,120246474118350003,ABP_TOF_1865_USA_CONTROL_BOOK2_V3,120246474118390003,C4E_STC_QF_BOOK2_T1,120246474118370003,2026-06-20,Feed,android_smartphone,facebook,android_smartphone,,,,2026-06-17,Ongoing,"7-day click, 1-day view, or 1-day engaged-view",,,,,,,,,,,,,,,,,,,,,,13,,,,,,,,,,,,,,,,,,,,,,,,,2026-06-20,2026-06-20
BOOK2_LEAD_JUN26_QUIZ_V3,120246474118350003,ABP_TOF_1865_USA_CONTROL_BOOK2_V3,120246474118390003,C4E_STC_QF_BOOK2_T1,120246474118370003,2026-06-21,Feed,iphone,facebook,iphone,,,,2026-06-17,Ongoing,"7-day click, 1-day view, or 1-day engaged-view",,,,,,,,,,,,,,,,,,,,,,3,,,,,,,,,,,,,,,,,,,,,,,,,2026-06-21,2026-06-21
BOOK2_LEAD_JUN26_QUIZ_V3,120246474118350003,ABP_TOF_1865_USA_CONTROL_BOOK2_V3,120246474118390003,C4E_STC_QF_BOOK2_T1,120246474118370003,2026-06-20,"Search results",iphone,facebook,iphone,,,,2026-06-17,Ongoing,"7-day click, 1-day view, or 1-day engaged-view",,,,,,,,,,,,,,,,,,,,,,1,,,,,,,,,,,,,,,,,,,,,,,,,2026-06-20,2026-06-20
BOOK2_LEAD_JUN26_QUIZ_V3,120246474118350003,ABP_TOF_1865_USA_CONTROL_BOOK2_V3,120246474118390003,C4E_STC_QF_BOOK2_T1,120246474118370003,2026-06-20,Feed,iphone,instagram,iphone,,,,2026-06-17,Ongoing,"7-day click, 1-day view, or 1-day engaged-view",,,,,,,,,,,,,,,,,,,,,,2,,,,,,,,,,,,,,,,,,,,,,,,,2026-06-20,2026-06-20
BOOK2_LEAD_JUN26_QUIZ_V3,120246474118350003,ABP_TOF_1865_USA_CONTROL_BOOK2_V3,120246474118390003,"C4E_STC_QF_BOOK2_T1 - Copy",120246525500420003,2026-06-20,Feed,android_smartphone,facebook,android_smartphone,,,,2026-06-17,Ongoing,"7-day click, 1-day view, or 1-day engaged-view",,,,,,,,,,,,,,,,,,,,,,1,,,,,,,,,,,,,,,,,,,,,,,,,2026-06-20,2026-06-20
BOOK2_LEAD_JUN26_QUIZ_V3,120246474118350003,ABP_TOF_1865_USA_CONTROL_BOOK2_V3,120246474118390003,C4E_STC_QF_BOOK2_T1,120246474118370003,2026-06-21,"Instagram Reels",android_smartphone,instagram,android_smartphone,,,,2026-06-17,Ongoing,"7-day click, 1-day view, or 1-day engaged-view",,,,,,,,,,,,,,,,,,,,,,,,,,,,,,,,,,,,,,,,,,,,,,,2026-06-21,2026-06-21
BOOK2_LEAD_JUN26_QUIZ_V3,120246474118350003,ABP_TOF_1865_USA_CONTROL_BOOK2_V3,120246474118390003,C4E_STC_QF_BOOK2_T1,120246474118370003,2026-06-21,Feed,android_tablet,facebook,android_tablet,,,,2026-06-17,Ongoing,"7-day click, 1-day view, or 1-day engaged-view",,,,,,,,,,,,,,,,,,,,,,,,,,,,,,,,,,,,,,,,,,,,,,,2026-06-21,2026-06-21
BOOK2_LEAD_JUN26_QUIZ_V3,120246474118350003,ABP_TOF_1865_USA_CONTROL_BOOK2_V3,120246474118390003,C4E_STC_QF_BOOK2_T1,120246474118370003,2026-06-21,"Ads on Facebook Reels",iphone,facebook,iphone,,,,2026-06-17,Ongoing,"7-day click, 1-day view, or 1-day engaged-view",,,,,,,,,,,,,,,,,,,,,,1,,,,,,,,,,,,,,,,,,,,,,,,,2026-06-21,2026-06-21
BOOK2_LEAD_JUN26_QUIZ_V3,120246474118350003,ABP_TOF_1865_USA_CONTROL_BOOK2_V3,120246474118390003,C4E_STC_QF_BOOK2_T1,120246474118370003,2026-06-21,"Facebook Reels",iphone,facebook,iphone,,,,2026-06-17,Ongoing,"7-day click, 1-day view, or 1-day engaged-view",,,,,,,,,,,,,,,,,,,,,,1,,,,,,,,,,,,,,,,,,,,,,,,,2026-06-21,2026-06-21
BOOK2_LEAD_JUN26_QUIZ_V3,120246474118350003,ABP_TOF_1865_USA_CONTROL_BOOK2_V3,120246474118390003,C4E_STC_QF_BOOK2_T1,120246474118370003,2026-06-21,Feed,iphone,instagram,iphone,,,,2026-06-17,Ongoing,"7-day click, 1-day view, or 1-day engaged-view",,,,,,,,,,,,,,,,,,,,,,3,,,,,,,,,,,,,,,,,,,,,,,,,2026-06-21,2026-06-21
BOOK2_LEAD_JUN26_QUIZ_V3,120246474118350003,ABP_TOF_1865_USA_CONTROL_BOOK2_V3,120246474118390003,C4E_STC_QF_BOOK2_T1,120246474118370003,2026-06-21,"Instagram Stories",android_smartphone,instagram,android_smartphone,,,,2026-06-17,Ongoing,"7-day click, 1-day view, or 1-day engaged-view",,,,,,,,,,,,,,,,,,,,,,1,,,,,,,,,,,,,,,,,,,,,,,,,2026-06-21,2026-06-21
BOOK2_LEAD_JUN26_QUIZ_V3,120246474118350003,ABP_TOF_1865_USA_CONTROL_BOOK2_V3,120246474118390003,C2F_STC_QF_BOOK2_T1,120246474118380003,2026-06-29,"Facebook Stories",android_smartphone,facebook,android_smartphone,,,,2026-06-17,Ongoing,"7-day click, 1-day view, or 1-day engaged-view",,,,,,,,,,,,,,,,,,,,,,1,,,,,,,,,,,,,,,,,,,,,,,,,2026-06-29,2026-06-29
BOOK2_LEAD_JUN26_QUIZ_V3,120246474118350003,ABP_TOF_1865_USA_CONTROL_BOOK2_V3,120246474118390003,C2F_STC_QF_BOOK2_T1,120246474118380003,2026-06-26,Feed,iphone,facebook,iphone,,,,2026-06-17,Ongoing,"7-day click, 1-day view, or 1-day engaged-view",,,,,,,,,,,,,,,,,,,,,,1,,,,,,,,,,,,,,,,,,,,,,,,,2026-06-26,2026-06-26
BOOK2_LEAD_JUN26_QUIZ_V3,120246474118350003,ABP_TOF_1865_USA_CONTROL_BOOK2_V3,120246474118390003,C2F_STC_QF_BOOK2_T1,120246474118380003,2026-06-29,"Native, banner & interstitial",android_smartphone,audience_network,android_smartphone,,,,2026-06-17,Ongoing,"7-day click, 1-day view, or 1-day engaged-view",,,,,,,,,,,,,,,,,,,,,,14,,,,,,,,,,,,,,,,,,,,,,,,,2026-06-29,2026-06-29
BOOK2_LEAD_JUN26_QUIZ_V3,120246474118350003,ABP_TOF_1865_USA_CONTROL_BOOK2_V3,120246474118390003,C2F_STC_QF_BOOK2_T1,120246474118380003,2026-07-09,"Ads on Facebook Reels",iphone,facebook,iphone,,,,2026-06-17,Ongoing,"7-day click, 1-day view, or 1-day engaged-view",,,,,,,,,,,,,,,,,,,,,,1,,,,,,,,,,,,,,,,,,,,,,,,,2026-07-09,2026-07-09
BOOK2_LEAD_JUN26_QUIZ_V3,120246474118350003,ABP_TOF_1865_USA_CONTROL_BOOK2_V3,120246474118390003,C2F_STC_QF_BOOK2_T1,120246474118380003,2026-07-08,"Instagram Stories",iphone,instagram,iphone,,,,2026-06-17,Ongoing,"7-day click, 1-day view, or 1-day engaged-view",,,,,,,,,,,,,,,,,,,,,,1,,,,,,,,,,,,,,,,,,,,,,,,,2026-07-08,2026-07-08
BOOK2_LEAD_JUN26_QUIZ_V3,120246474118350003,ABP_TOF_1865_USA_CONTROL_BOOK2_V3,120246474118390003,C2F_STC_QF_BOOK2_T1,120246474118380003,2026-07-08,Feed,iphone,facebook,iphone,,,,2026-06-17,Ongoing,"7-day click, 1-day view, or 1-day engaged-view",,,,,,,,,,,,,,,,,,,,,,1,,,,,,,,,,,,,,,,,,,,,,,,,2026-07-08,2026-07-08
BOOK2_LEAD_JUN26_QUIZ_V3,120246474118350003,ABP_TOF_1865_USA_CONTROL_BOOK2_V3,120246474118390003,C2F_STC_QF_BOOK2_T1,120246474118380003,2026-07-08,Feed,desktop,facebook,desktop,,,,2026-06-17,Ongoing,"7-day click, 1-day view, or 1-day engaged-view",,,,,,,,,,,,,,,,,,,,,,2,,,,,,,,,,,,,,,,,,,,,,,,,2026-07-08,2026-07-08
BOOK2_LEAD_JUN26_QUIZ_V3,120246474118350003,ABP_TOF_1865_USA_CONTROL_BOOK2_V3,120246474118390003,C2F_STC_QF_BOOK2_T1,120246474118380003,2026-07-08,"In-stream reels",iphone,facebook,iphone,,,,2026-06-17,Ongoing,"7-day click, 1-day view, or 1-day engaged-view",,,,,,,,,,,,,,,,,,,,,,1,,,,,,,,,,,,,,,,,,,,,,,,,2026-07-08,2026-07-08
BOOK2_LEAD_JUN26_QUIZ_V3,120246474118350003,ABP_TOF_1865_USA_CONTROL_BOOK2_V3,120246474118390003,C2F_STC_QF_BOOK2_T1,120246474118380003,2026-07-08,Feed,iphone,instagram,iphone,,,,2026-06-17,Ongoing,"7-day click, 1-day view, or 1-day engaged-view",,,,,,,,,,,,,,,,,,,,,,1,,,,,,,,,,,,,,,,,,,,,,,,,2026-07-08,2026-07-08
BOOK2_LEAD_JUN26_QUIZ_V3,120246474118350003,ABP_TOF_1865_USA_CONTROL_BOOK2_V3,120246474118390003,C2F_STC_QF_BOOK2_T1,120246474118380003,2026-07-08,"In-stream reels",android_smartphone,facebook,android_smartphone,,,,2026-06-17,Ongoing,"7-day click, 1-day view, or 1-day engaged-view",,,,,,,,,,,,,,,,,,,,,,1,,,,,,,,,,,,,,,,,,,,,,,,,2026-07-08,2026-07-08
BOOK2_LEAD_JUN26_QUIZ_V3,120246474118350003,ABP_TOF_1865_USA_CONTROL_BOOK2_V3,120246474118390003,C2F_STC_QF_BOOK2_T1,120246474118380003,2026-07-08,Feed,android_smartphone,facebook,android_smartphone,,,,2026-06-17,Ongoing,"7-day click, 1-day view, or 1-day engaged-view",,,,,,,,,,,,,,,,,,,,,,2,,,,,,,,,,,,,,,,,,,,,,,,,2026-07-08,2026-07-08
BOOK2_LEAD_JUN26_QUIZ_V3,120246474118350003,ABP_TOF_1865_USA_CONTROL_BOOK2_V3,120246474118390003,C2F_STC_QF_BOOK2_T1,120246474118380003,2026-07-08,"Instagram Reels",iphone,instagram,iphone,,,,2026-06-17,Ongoing,"7-day click, 1-day view, or 1-day engaged-view",,,,,,,,,,,,,,,,,,,,,,,,,,,,,,,,,,,,,,,,,,,,,,,2026-07-08,2026-07-08
BOOK2_LEAD_JUN26_QUIZ_V3,120246474118350003,ABP_TOF_1865_USA_CONTROL_BOOK2_V3,120246474118390003,C2F_STC_QF_BOOK2_T1,120246474118380003,2026-07-09,"Facebook Reels",iphone,facebook,iphone,,,,2026-06-17,Ongoing,"7-day click, 1-day view, or 1-day engaged-view",,,,,,,,,,,,,,,,,,,,,,1,,,,,,,,,,,,,,,,,,,,,,,,,2026-07-09,2026-07-09
BOOK2_LEAD_JUN26_QUIZ_V3,120246474118350003,ABP_TOF_1865_USA_CONTROL_BOOK2_V3,120246474118390003,C2F_STC_QF_BOOK2_T1,120246474118380003,2026-07-09,"Facebook Stories",iphone,facebook,iphone,,,,2026-06-17,Ongoing,"7-day click, 1-day view, or 1-day engaged-view",,,,,,,,,,,,,,,,,,,,,,1,,,,,,,,,,,,,,,,,,,,,,,,,2026-07-09,2026-07-09
BOOK2_LEAD_JUN26_QUIZ_V3,120246474118350003,ABP_TOF_1865_USA_CONTROL_BOOK2_V3,120246474118390003,C2E_STC_QF_BOOK2_T2,120246474118340003,2026-07-08,"Instagram Reels",android_smartphone,instagram,android_smartphone,,,,2026-06-17,Ongoing,"7-day click, 1-day view, or 1-day engaged-view",,,,,,,,,,,,,,,,,,,,,,,,,,,,,,,,,,,,,,,,,,,,,,,2026-07-08,2026-07-08
BOOK2_LEAD_JUN26_QUIZ_V3,120246474118350003,ABP_TOF_1865_USA_CONTROL_BOOK2_V3,120246474118390003,C2F_STC_QF_BOOK2_T1,120246474118380003,2026-07-09,"Ads on Facebook Reels",android_smartphone,facebook,android_smartphone,,,,2026-06-17,Ongoing,"7-day click, 1-day view, or 1-day engaged-view",,,,,,,,,,,,,,,,,,,,,,2,,,,,,,,,,,,,,,,,,,,,,,,,2026-07-09,2026-07-09
BOOK2_LEAD_JUN26_QUIZ_V3,120246474118350003,ABP_TOF_1865_USA_CONTROL_BOOK2_V3,120246474118390003,C2F_STC_QF_BOOK2_T1,120246474118380003,2026-07-09,Feed,iphone,facebook,iphone,,,,2026-06-17,Ongoing,"7-day click, 1-day view, or 1-day engaged-view",,,,,,,,,,,,,,,,,,,,,,5,,,,,,,,,,,,,,,,,,,,,,,,,2026-07-09,2026-07-09
BOOK2_LEAD_JUN26_QUIZ_V3,120246474118350003,ABP_TOF_1865_USA_CONTROL_BOOK2_V3,120246474118390003,C2F_STC_QF_BOOK2_T1,120246474118380003,2026-06-29,Feed,android_smartphone,facebook,android_smartphone,,,,2026-06-17,Ongoing,"7-day click, 1-day view, or 1-day engaged-view",,,,,,,,,,,,,,,,,,,,,,8,,,,,,,,,,,,,,,,,,,,,,,,,2026-06-29,2026-06-29
BOOK2_LEAD_JUN26_QUIZ_V3,120246474118350003,ABP_TOF_1865_USA_CONTROL_BOOK2_V3,120246474118390003,C2F_STC_QF_BOOK2_T1,120246474118380003,2026-07-09,Feed,android_smartphone,facebook,android_smartphone,,,,2026-06-17,Ongoing,"7-day click, 1-day view, or 1-day engaged-view",,,,,,,,,,,,,,,,,,,,,,5,,,,,,,,,,,,,,,,,,,,,,,,,2026-07-09,2026-07-09
BOOK2_LEAD_JUN26_QUIZ_V3,120246474118350003,ABP_TOF_1865_USA_CONTROL_BOOK2_V3,120246474118390003,C2F_STC_QF_BOOK2_T1,120246474118380003,2026-07-09,"Instagram Reels",iphone,instagram,iphone,,,,2026-06-17,Ongoing,"7-day click, 1-day view, or 1-day engaged-view",,,,,,,,,,,,,,,,,,,,,,2,,,,,,,,,,,,,,,,,,,,,,,,,2026-07-09,2026-07-09
BOOK2_LEAD_JUN26_QUIZ_V3,120246474118350003,ABP_TOF_1865_USA_CONTROL_BOOK2_V3,120246474118390003,C2F_STC_QF_BOOK2_T1,120246474118380003,2026-07-09,Feed,ipad,facebook,ipad,,,,2026-06-17,Ongoing,"7-day click, 1-day view, or 1-day engaged-view",,,,,,,,,,,,,,,,,,,,,,1,,,,,,,,,,,,,,,,,,,,,,,,,2026-07-09,2026-07-09
BOOK2_LEAD_JUN26_QUIZ_V3,120246474118350003,ABP_TOF_1865_USA_CONTROL_BOOK2_V3,120246474118390003,C2F_STC_QF_BOOK2_T1,120246474118380003,2026-07-09,"Native, banner & interstitial",android_smartphone,audience_network,android_smartphone,,,,2026-06-17,Ongoing,"7-day click, 1-day view, or 1-day engaged-view",,,,,,,,,,,,,,,,,,,,,,3,,,,,,,,,,,,,,,,,,,,,,,,,2026-07-09,2026-07-09
BOOK2_LEAD_JUN26_QUIZ_V3,120246474118350003,ABP_TOF_1865_USA_CONTROL_BOOK2_V3,120246474118390003,C2F_STC_QF_BOOK2_T1,120246474118380003,2026-07-09,Feed,android_smartphone,instagram,android_smartphone,,,,2026-06-17,Ongoing,"7-day click, 1-day view, or 1-day engaged-view",,,,,,,,,,,,,,,,,,,,,,1,,,,,,,,,,,,,,,,,,,,,,,,,2026-07-09,2026-07-09
BOOK2_LEAD_JUN26_QUIZ_V3,120246474118350003,ABP_TOF_1865_USA_CONTROL_BOOK2_V3,120246474118390003,C2F_STC_QF_BOOK2_T1,120246474118380003,2026-07-09,"Right column",desktop,facebook,other,,,,2026-06-17,Ongoing,"7-day click, 1-day view, or 1-day engaged-view",,,,,,,,,,,,,,,,,,,,,,1,,,,,,,,,,,,,,,,,,,,,,,,,2026-07-09,2026-07-09
BOOK2_LEAD_JUN26_QUIZ_V3,120246474118350003,ABP_TOF_1865_USA_CONTROL_BOOK2_V3,120246474118390003,C2F_STC_QF_BOOK2_T1,120246474118380003,2026-07-08,"Facebook Stories",iphone,facebook,iphone,,,,2026-06-17,Ongoing,"7-day click, 1-day view, or 1-day engaged-view",,,,,,,,,,,,,,,,,,,,,,1,,,,,,,,,,,,,,,,,,,,,,,,,2026-07-08,2026-07-08
BOOK2_LEAD_JUN26_QUIZ_V3,120246474118350003,ABP_TOF_1865_USA_CONTROL_BOOK2_V3,120246474118390003,C2E_STC_QF_BOOK2_T2,120246474118340003,2026-07-08,Feed,android_smartphone,instagram,android_smartphone,,,,2026-06-17,Ongoing,"7-day click, 1-day view, or 1-day engaged-view",,,,,,,,,,,,,,,,,,,,,,,,,,,,,,,,,,,,,,,,,,,,,,,2026-07-08,2026-07-08
BOOK2_LEAD_JUN26_QUIZ_V3,120246474118350003,ABP_TOF_1865_USA_CONTROL_BOOK2_V3,120246474118390003,C2F_STC_QF_BOOK2_T1,120246474118380003,2026-07-10,"Search results",iphone,facebook,iphone,,,,2026-06-17,Ongoing,"7-day click, 1-day view, or 1-day engaged-view",,,,,,,,,,,,,,,,,,,,,,1,,,,,,,,,,,,,,,,,,,,,,,,,2026-07-10,2026-07-10
BOOK2_LEAD_JUN26_QUIZ_V3,120246474118350003,ABP_TOF_1865_USA_CONTROL_BOOK2_V3,120246474118390003,C2E_STC_QF_BOOK2_T2,120246474118340003,2026-07-07,Marketplace,android_smartphone,facebook,android_smartphone,,,,2026-06-17,Ongoing,"7-day click, 1-day view, or 1-day engaged-view",,,,,,,,,,,,,,,,,,,,,,1,,,,,,,,,,,,,,,,,,,,,,,,,2026-07-07,2026-07-07
BOOK2_LEAD_JUN26_QUIZ_V3,120246474118350003,ABP_TOF_1865_USA_CONTROL_BOOK2_V3,120246474118390003,C2E_STC_QF_BOOK2_T2,120246474118340003,2026-07-07,"Ads on Facebook Reels",android_smartphone,facebook,android_smartphone,,,,2026-06-17,Ongoing,"7-day click, 1-day view, or 1-day engaged-view",,,,,,,,,,,,,,,,,,,,,,1,,,,,,,,,,,,,,,,,,,,,,,,,2026-07-07,2026-07-07
BOOK2_LEAD_JUN26_QUIZ_V3,120246474118350003,ABP_TOF_1865_USA_CONTROL_BOOK2_V3,120246474118390003,C2E_STC_QF_BOOK2_T2,120246474118340003,2026-07-07,Feed,android_smartphone,instagram,android_smartphone,,,,2026-06-17,Ongoing,"7-day click, 1-day view, or 1-day engaged-view",,,,,,,,,,,,,,,,,,,,,,1,,,,,,,,,,,,,,,,,,,,,,,,,2026-07-07,2026-07-07
BOOK2_LEAD_JUN26_QUIZ_V3,120246474118350003,ABP_TOF_1865_USA_CONTROL_BOOK2_V3,120246474118390003,C2E_STC_QF_BOOK2_T2,120246474118340003,2026-07-07,Feed,android_smartphone,facebook,android_smartphone,,,,2026-06-17,Ongoing,"7-day click, 1-day view, or 1-day engaged-view",,,,,,,,,,,,,,,,,,,,,,10,,,,,,,,,,,,,,,,,,,,,,,,,2026-07-07,2026-07-07
BOOK2_LEAD_JUN26_QUIZ_V3,120246474118350003,ABP_TOF_1865_USA_CONTROL_BOOK2_V3,120246474118390003,C2E_STC_QF_BOOK2_T2,120246474118340003,2026-07-07,Feed,iphone,facebook,iphone,,,,2026-06-17,Ongoing,"7-day click, 1-day view, or 1-day engaged-view",,,,,,,,,,,,,,,,,,,,,,2,,,,,,,,,,,,,,,,,,,,,,,,,2026-07-07,2026-07-07
BOOK2_LEAD_JUN26_QUIZ_V3,120246474118350003,ABP_TOF_1865_USA_CONTROL_BOOK2_V3,120246474118390003,C2E_STC_QF_BOOK2_T2,120246474118340003,2026-07-07,"Native, banner & interstitial",android_smartphone,audience_network,android_smartphone,,,,2026-06-17,Ongoing,"7-day click, 1-day view, or 1-day engaged-view",,,,,,,,,,,,,,,,,,,,,,11,,,,,,,,,,,,,,,,,,,,,,,,,2026-07-07,2026-07-07
BOOK2_LEAD_JUN26_QUIZ_V3,120246474118350003,ABP_TOF_1865_USA_CONTROL_BOOK2_V3,120246474118390003,C2E_STC_QF_BOOK2_T2,120246474118340003,2026-07-07,"Facebook Stories",iphone,facebook,iphone,,,,2026-06-17,Ongoing,"7-day click, 1-day view, or 1-day engaged-view",,,,,,,,,,,,,,,,,,,,,,3,,,,,,,,,,,,,,,,,,,,,,,,,2026-07-07,2026-07-07
BOOK2_LEAD_JUN26_QUIZ_V3,120246474118350003,ABP_TOF_1865_USA_CONTROL_BOOK2_V3,120246474118390003,C2E_STC_QF_BOOK2_T2,120246474118340003,2026-07-07,"Facebook Reels",iphone,facebook,iphone,,,,2026-06-17,Ongoing,"7-day click, 1-day view, or 1-day engaged-view",,,,,,,,,,,,,,,,,,,,,,2,,,,,,,,,,,,,,,,,,,,,,,,,2026-07-07,2026-07-07
BOOK2_LEAD_JUN26_QUIZ_V3,120246474118350003,ABP_TOF_1865_USA_CONTROL_BOOK2_V3,120246474118390003,C2E_STC_QF_BOOK2_T2,120246474118340003,2026-07-07,"Facebook Reels",android_smartphone,facebook,android_smartphone,,,,2026-06-17,Ongoing,"7-day click, 1-day view, or 1-day engaged-view",,,,,,,,,,,,,,,,,,,,,,2,,,,,,,,,,,,,,,,,,,,,,,,,2026-07-07,2026-07-07
BOOK2_LEAD_JUN26_QUIZ_V3,120246474118350003,ABP_TOF_1865_USA_CONTROL_BOOK2_V3,120246474118390003,C2E_STC_QF_BOOK2_T2,120246474118340003,2026-07-07,"Search results",android_smartphone,facebook,android_smartphone,,,,2026-06-17,Ongoing,"7-day click, 1-day view, or 1-day engaged-view",,,,,,,,,,,,,,,,,,,,,,1,,,,,,,,,,,,,,,,,,,,,,,,,2026-07-07,2026-07-07
BOOK2_LEAD_JUN26_QUIZ_V3,120246474118350003,ABP_TOF_1865_USA_CONTROL_BOOK2_V3,120246474118390003,C2E_STC_QF_BOOK2_T2,120246474118340003,2026-07-07,"Instagram Stories",android_smartphone,instagram,android_smartphone,,,,2026-06-17,Ongoing,"7-day click, 1-day view, or 1-day engaged-view",,,,,,,,,,,,,,,,,,,,,,1,,,,,,,,,,,,,,,,,,,,,,,,,2026-07-07,2026-07-07
BOOK2_LEAD_JUN26_QUIZ_V3,120246474118350003,ABP_TOF_1865_USA_CONTROL_BOOK2_V3,120246474118390003,C2E_STC_QF_BOOK2_T2,120246474118340003,2026-07-08,Feed,iphone,facebook,iphone,,,,2026-06-17,Ongoing,"7-day click, 1-day view, or 1-day engaged-view",,,,,,,,,,,,,,,,,,,,,,1,,,,,,,,,,,,,,,,,,,,,,,,,2026-07-08,2026-07-08
BOOK2_LEAD_JUN26_QUIZ_V3,120246474118350003,ABP_TOF_1865_USA_CONTROL_BOOK2_V3,120246474118390003,C2E_STC_QF_BOOK2_T2,120246474118340003,2026-07-08,Feed,desktop,facebook,desktop,,,,2026-06-17,Ongoing,"7-day click, 1-day view, or 1-day engaged-view",,,,,,,,,,,,,,,,,,,,,,1,,,,,,,,,,,,,,,,,,,,,,,,,2026-07-08,2026-07-08
BOOK2_LEAD_JUN26_QUIZ_V3,120246474118350003,ABP_TOF_1865_USA_CONTROL_BOOK2_V3,120246474118390003,C2E_STC_QF_BOOK2_T2,120246474118340003,2026-07-08,"Facebook Reels",iphone,facebook,iphone,,,,2026-06-17,Ongoing,"7-day click, 1-day view, or 1-day engaged-view",,,,,,,,,,,,,,,,,,,,,,1,,,,,,,,,,,,,,,,,,,,,,,,,2026-07-08,2026-07-08
BOOK2_LEAD_JUN26_QUIZ_V3,120246474118350003,ABP_TOF_1865_USA_CONTROL_BOOK2_V3,120246474118390003,C2E_STC_QF_BOOK2_T2,120246474118340003,2026-07-08,"Facebook profile feed",iphone,facebook,iphone,,,,2026-06-17,Ongoing,"7-day click, 1-day view, or 1-day engaged-view",,,,,,,,,,,,,,,,,,,,,,1,,,,,,,,,,,,,,,,,,,,,,,,,2026-07-08,2026-07-08
BOOK2_LEAD_JUN26_QUIZ_V3,120246474118350003,ABP_TOF_1865_USA_CONTROL_BOOK2_V3,120246474118390003,C2E_STC_QF_BOOK2_T2,120246474118340003,2026-07-08,"Native, banner & interstitial",android_smartphone,audience_network,android_smartphone,,,,2026-06-17,Ongoing,"7-day click, 1-day view, or 1-day engaged-view",,,,,,,,,,,,,,,,,,,,,,4,,,,,,,,,,,,,,,,,,,,,,,,,2026-07-08,2026-07-08
BOOK2_LEAD_JUN26_QUIZ_V3,120246474118350003,ABP_TOF_1865_USA_CONTROL_BOOK2_V3,120246474118390003,C2E_STC_QF_BOOK2_T2,120246474118340003,2026-07-08,Feed,android_smartphone,facebook,android_smartphone,,,,2026-06-17,Ongoing,"7-day click, 1-day view, or 1-day engaged-view",,,,,,,,,,,,,,,,,,,,,,5,,,,,,,,,,,,,,,,,,,,,,,,,2026-07-08,2026-07-08
BOOK2_LEAD_JUN26_QUIZ_V3,120246474118350003,ABP_TOF_1865_USA_CONTROL_BOOK2_V3,120246474118390003,C2E_STC_QF_BOOK2_T2,120246474118340003,2026-07-08,Feed,iphone,instagram,iphone,,,,2026-06-17,Ongoing,"7-day click, 1-day view, or 1-day engaged-view",,,,,,,,,,,,,,,,,,,,,,1,,,,,,,,,,,,,,,,,,,,,,,,,2026-07-08,2026-07-08
BOOK2_LEAD_JUN26_QUIZ_V3,120246474118350003,ABP_TOF_1865_USA_CONTROL_BOOK2_V3,120246474118390003,C2E_STC_QF_BOOK2_T2,120246474118340003,2026-07-08,"Instagram Reels",iphone,instagram,iphone,,,,2026-06-17,Ongoing,"7-day click, 1-day view, or 1-day engaged-view",,,,,,,,,,,,,,,,,,,,,,2,,,,,,,,,,,,,,,,,,,,,,,,,2026-07-08,2026-07-08
BOOK2_LEAD_JUN26_QUIZ_V3,120246474118350003,ABP_TOF_1865_USA_CONTROL_BOOK2_V3,120246474118390003,C2E_STC_QF_BOOK2_T2,120246474118340003,2026-07-08,"Instagram Stories",android_smartphone,instagram,android_smartphone,,,,2026-06-17,Ongoing,"7-day click, 1-day view, or 1-day engaged-view",,,,,,,,,,,,,,,,,,,,,,1,,,,,,,,,,,,,,,,,,,,,,,,,2026-07-08,2026-07-08
BOOK2_LEAD_JUN26_QUIZ_V3,120246474118350003,ABP_TOF_1865_USA_CONTROL_BOOK2_V3,120246474118390003,C2E_STC_QF_BOOK2_T2,120246474118340003,2026-07-08,"Instagram Stories",iphone,instagram,iphone,,,,2026-06-17,Ongoing,"7-day click, 1-day view, or 1-day engaged-view",,,,,,,,,,,,,,,,,,,,,,1,,,,,,,,,,,,,,,,,,,,,,,,,2026-07-08,2026-07-08
BOOK2_LEAD_JUN26_QUIZ_V3,120246474118350003,ABP_TOF_1865_USA_CONTROL_BOOK2_V3,120246474118390003,C2F_STC_QF_BOOK2_T1,120246474118380003,2026-07-10,Feed,ipad,facebook,ipad,,,,2026-06-17,Ongoing,"7-day click, 1-day view, or 1-day engaged-view",,,,,,,,,,,,,,,,,,,,,,1,,,,,,,,,,,,,,,,,,,,,,,,,2026-07-10,2026-07-10
BOOK2_LEAD_JUN26_QUIZ_V3,120246474118350003,ABP_TOF_1865_USA_CONTROL_BOOK2_V3,120246474118390003,C2F_STC_QF_BOOK2_T1,120246474118380003,2026-07-10,Feed,android_smartphone,instagram,android_smartphone,,,,2026-06-17,Ongoing,"7-day click, 1-day view, or 1-day engaged-view",,,,,,,,,,,,,,,,,,,,,,3,,,,,,,,,,,,,,,,,,,,,,,,,2026-07-10,2026-07-10
BOOK2_LEAD_JUN26_QUIZ_V3,120246474118350003,ABP_TOF_1865_USA_CONTROL_BOOK2_V3,120246474118390003,C2E_STC_QF_BOOK2_T2,120246474118340003,2026-07-07,"Instagram Reels",iphone,instagram,iphone,,,,2026-06-17,Ongoing,"7-day click, 1-day view, or 1-day engaged-view",,,,,,,,,,,,,,,,,,,,,,1,,,,,,,,,,,,,,,,,,,,,,,,,2026-07-07,2026-07-07
BOOK2_LEAD_JUN26_QUIZ_V3,120246474118350003,ABP_TOF_1865_USA_CONTROL_BOOK2_V3,120246474118390003,C2F_STC_QF_BOOK2_T1,120246474118380003,2026-07-12,"Instagram Reels",iphone,instagram,iphone,,,,2026-06-17,Ongoing,"7-day click, 1-day view, or 1-day engaged-view",,,,,,,,,,,,,,,,,,,,,,1,,,,,,,,,,,,,,,,,,,,,,,,,2026-07-12,2026-07-12
BOOK2_LEAD_JUN26_QUIZ_V3,120246474118350003,ABP_TOF_1865_USA_CONTROL_BOOK2_V3,120246474118390003,C2F_STC_QF_BOOK2_T1,120246474118380003,2026-07-11,Unknown,other,unknown,android_smartphone,,,,2026-06-17,Ongoing,"7-day click, 1-day view, or 1-day engaged-view",,,,,,,,,,,,,,,,,,,,,,1,,,,,,,,,,,,,,,,,,,,,,,,,2026-07-11,2026-07-11
BOOK2_LEAD_JUN26_QUIZ_V3,120246474118350003,ABP_TOF_1865_USA_CONTROL_BOOK2_V3,120246474118390003,C2E_STC_QF_BOOK2_T2,120246474118340003,2026-07-12,Feed,ipad,facebook,ipad,,,,2026-06-17,Ongoing,"7-day click, 1-day view, or 1-day engaged-view",,,,,,,,,,,,,,,,,,,,,,,,,,,,,,,,,,,,,,,,,,,,,,,2026-07-12,2026-07-12
BOOK2_LEAD_JUN26_QUIZ_V3,120246474118350003,ABP_TOF_1865_USA_CONTROL_BOOK2_V3,120246474118390003,C2E_STC_QF_BOOK2_T2,120246474118340003,2026-07-12,Feed,iphone,instagram,iphone,,,,2026-06-17,Ongoing,"7-day click, 1-day view, or 1-day engaged-view",,,,,,,,,,,,,,,,,,,,,,1,,,,,,,,,,,,,,,,,,,,,,,,,2026-07-12,2026-07-12
BOOK2_LEAD_JUN26_QUIZ_V3,120246474118350003,ABP_TOF_1865_USA_CONTROL_BOOK2_V3,120246474118390003,C2E_STC_QF_BOOK2_T2,120246474118340003,2026-07-12,Feed,android_smartphone,instagram,android_smartphone,,,,2026-06-17,Ongoing,"7-day click, 1-day view, or 1-day engaged-view",,,,,,,,,,,,,,,,,,,,,,1,,,,,,,,,,,,,,,,,,,,,,,,,2026-07-12,2026-07-12
BOOK2_LEAD_JUN26_QUIZ_V3,120246474118350003,ABP_TOF_1865_USA_CONTROL_BOOK2_V3,120246474118390003,C2E_STC_QF_BOOK2_T2,120246474118340003,2026-07-12,"Facebook Reels",android_smartphone,facebook,android_smartphone,,,,2026-06-17,Ongoing,"7-day click, 1-day view, or 1-day engaged-view",,,,,,,,,,,,,,,,,,,,,,1,,,,,,,,,,,,,,,,,,,,,,,,,2026-07-12,2026-07-12
BOOK2_LEAD_JUN26_QUIZ_V3,120246474118350003,ABP_TOF_1865_USA_CONTROL_BOOK2_V3,120246474118390003,C2E_STC_QF_BOOK2_T2,120246474118340003,2026-07-12,"Native, banner & interstitial",android_smartphone,audience_network,android_smartphone,,,,2026-06-17,Ongoing,"7-day click, 1-day view, or 1-day engaged-view",,,,,,,,,,,,,,,,,,,,,,1,,,,,,,,,,,,,,,,,,,,,,,,,2026-07-12,2026-07-12
BOOK2_LEAD_JUN26_QUIZ_V3,120246474118350003,ABP_TOF_1865_USA_CONTROL_BOOK2_V3,120246474118390003,C2E_STC_QF_BOOK2_T2,120246474118340003,2026-07-12,Feed,android_smartphone,facebook,android_smartphone,,,,2026-06-17,Ongoing,"7-day click, 1-day view, or 1-day engaged-view",,,,,,,,,,,,,,,,,,,,,,6,,,,,,,,,,,,,,,,,,,,,,,,,2026-07-12,2026-07-12
BOOK2_LEAD_JUN26_QUIZ_V3,120246474118350003,ABP_TOF_1865_USA_CONTROL_BOOK2_V3,120246474118390003,C2E_STC_QF_BOOK2_T2,120246474118340003,2026-07-12,"Instagram Stories",iphone,instagram,iphone,,,,2026-06-17,Ongoing,"7-day click, 1-day view, or 1-day engaged-view",,,,,,,,,,,,,,,,,,,,,,1,,,,,,,,,,,,,,,,,,,,,,,,,2026-07-12,2026-07-12
BOOK2_LEAD_JUN26_QUIZ_V3,120246474118350003,ABP_TOF_1865_USA_CONTROL_BOOK2_V3,120246474118390003,C2F_STC_QF_BOOK2_T1,120246474118380003,2026-07-12,"Facebook Reels",iphone,facebook,iphone,,,,2026-06-17,Ongoing,"7-day click, 1-day view, or 1-day engaged-view",,,,,,,,,,,,,,,,,,,,,,1,,,,,,,,,,,,,,,,,,,,,,,,,2026-07-12,2026-07-12
BOOK2_LEAD_JUN26_QUIZ_V3,120246474118350003,ABP_TOF_1865_USA_CONTROL_BOOK2_V3,120246474118390003,C2F_STC_QF_BOOK2_T1,120246474118380003,2026-07-12,"In-stream reels",android_smartphone,facebook,android_smartphone,,,,2026-06-17,Ongoing,"7-day click, 1-day view, or 1-day engaged-view",,,,,,,,,,,,,,,,,,,,,,1,,,,,,,,,,,,,,,,,,,,,,,,,2026-07-12,2026-07-12
BOOK2_LEAD_JUN26_QUIZ_V3,120246474118350003,ABP_TOF_1865_USA_CONTROL_BOOK2_V3,120246474118390003,C2F_STC_QF_BOOK2_T1,120246474118380003,2026-07-11,Feed,iphone,facebook,iphone,,,,2026-06-17,Ongoing,"7-day click, 1-day view, or 1-day engaged-view",,,,,,,,,,,,,,,,,,,,,,4,,,,,,,,,,,,,,,,,,,,,,,,,2026-07-11,2026-07-11
BOOK2_LEAD_JUN26_QUIZ_V3,120246474118350003,ABP_TOF_1865_USA_CONTROL_BOOK2_V3,120246474118390003,C2F_STC_QF_BOOK2_T1,120246474118380003,2026-07-12,"Facebook Reels",ipad,facebook,ipad,,,,2026-06-17,Ongoing,"7-day click, 1-day view, or 1-day engaged-view",,,,,,,,,,,,,,,,,,,,,,1,,,,,,,,,,,,,,,,,,,,,,,,,2026-07-12,2026-07-12
BOOK2_LEAD_JUN26_QUIZ_V3,120246474118350003,ABP_TOF_1865_USA_CONTROL_BOOK2_V3,120246474118390003,C2F_STC_QF_BOOK2_T1,120246474118380003,2026-07-12,"Instagram Reels",android_smartphone,instagram,android_smartphone,,,,2026-06-17,Ongoing,"7-day click, 1-day view, or 1-day engaged-view",,,,,,,,,,,,,,,,,,,,,,1,,,,,,,,,,,,,,,,,,,,,,,,,2026-07-12,2026-07-12
BOOK2_LEAD_JUN26_QUIZ_V3,120246474118350003,ABP_TOF_1865_USA_CONTROL_BOOK2_V3,120246474118390003,C2F_STC_QF_BOOK2_T1,120246474118380003,2026-07-12,"Facebook Reels",android_smartphone,facebook,android_smartphone,,,,2026-06-17,Ongoing,"7-day click, 1-day view, or 1-day engaged-view",,,,,,,,,,,,,,,,,,,,,,2,,,,,,,,,,,,,,,,,,,,,,,,,2026-07-12,2026-07-12
BOOK2_LEAD_JUN26_QUIZ_V3,120246474118350003,ABP_TOF_1865_USA_CONTROL_BOOK2_V3,120246474118390003,C2F_STC_QF_BOOK2_T1,120246474118380003,2026-07-12,Feed,other,facebook,other,,,,2026-06-17,Ongoing,"7-day click, 1-day view, or 1-day engaged-view",,,,,,,,,,,,,,,,,,,,,,1,,,,,,,,,,,,,,,,,,,,,,,,,2026-07-12,2026-07-12
BOOK2_LEAD_JUN26_QUIZ_V3,120246474118350003,ABP_TOF_1865_USA_CONTROL_BOOK2_V3,120246474118390003,C2F_STC_QF_BOOK2_T1,120246474118380003,2026-07-12,Feed,android_smartphone,facebook,android_smartphone,,,,2026-06-17,Ongoing,"7-day click, 1-day view, or 1-day engaged-view",,,,,,,,,,,,,,,,,,,,,,7,,,,,,,,,,,,,,,,,,,,,,,,,2026-07-12,2026-07-12
BOOK2_LEAD_JUN26_QUIZ_V3,120246474118350003,ABP_TOF_1865_USA_CONTROL_BOOK2_V3,120246474118390003,C2F_STC_QF_BOOK2_T1,120246474118380003,2026-07-12,Feed,android_tablet,facebook,android_tablet,,,,2026-06-17,Ongoing,"7-day click, 1-day view, or 1-day engaged-view",,,,,,,,,,,,,,,,,,,,,,1,,,,,,,,,,,,,,,,,,,,,,,,,2026-07-12,2026-07-12
BOOK2_LEAD_JUN26_QUIZ_V3,120246474118350003,ABP_TOF_1865_USA_CONTROL_BOOK2_V3,120246474118390003,C2F_STC_QF_BOOK2_T1,120246474118380003,2026-07-12,"Native, banner & interstitial",android_smartphone,audience_network,android_smartphone,,,,2026-06-17,Ongoing,"7-day click, 1-day view, or 1-day engaged-view",,,,,,,,,,,,,,,,,,,,,,6,,,,,,,,,,,,,,,,,,,,,,,,,2026-07-12,2026-07-12
BOOK2_LEAD_JUN26_QUIZ_V3,120246474118350003,ABP_TOF_1865_USA_CONTROL_BOOK2_V3,120246474118390003,C2F_STC_QF_BOOK2_T1,120246474118380003,2026-07-12,"Threads feed",iphone,threads,iphone,,,,2026-06-17,Ongoing,"7-day click, 1-day view, or 1-day engaged-view",,,,,,,,,,,,,,,,,,,,,,2,,,,,,,,,,,,,,,,,,,,,,,,,2026-07-12,2026-07-12
BOOK2_LEAD_JUN26_QUIZ_V3,120246474118350003,ABP_TOF_1865_USA_CONTROL_BOOK2_V3,120246474118390003,C2F_STC_QF_BOOK2_T1,120246474118380003,2026-07-12,Feed,ipad,facebook,ipad,,,,2026-06-17,Ongoing,"7-day click, 1-day view, or 1-day engaged-view",,,,,,,,,,,,,,,,,,,,,,1,,,,,,,,,,,,,,,,,,,,,,,,,2026-07-12,2026-07-12
BOOK2_LEAD_JUN26_QUIZ_V3,120246474118350003,ABP_TOF_1865_USA_CONTROL_BOOK2_V3,120246474118390003,C2F_STC_QF_BOOK2_T1,120246474118380003,2026-07-11,"Ads on Facebook Reels",iphone,facebook,iphone,,,,2026-06-17,Ongoing,"7-day click, 1-day view, or 1-day engaged-view",,,,,,,,,,,,,,,,,,,,,,1,,,,,,,,,,,,,,,,,,,,,,,,,2026-07-11,2026-07-11
BOOK2_LEAD_JUN26_QUIZ_V3,120246474118350003,ABP_TOF_1865_USA_CONTROL_BOOK2_V3,120246474118390003,C2F_STC_QF_BOOK2_T1,120246474118380003,2026-07-11,"Instagram Reels",iphone,instagram,iphone,,,,2026-06-17,Ongoing,"7-day click, 1-day view, or 1-day engaged-view",,,,,,,,,,,,,,,,,,,,,,1,,,,,,,,,,,,,,,,,,,,,,,,,2026-07-11,2026-07-11
BOOK2_LEAD_JUN26_QUIZ_V3,120246474118350003,ABP_TOF_1865_USA_CONTROL_BOOK2_V3,120246474118390003,C2F_STC_QF_BOOK2_T1,120246474118380003,2026-07-10,Feed,android_smartphone,facebook,android_smartphone,,,,2026-06-17,Ongoing,"7-day click, 1-day view, or 1-day engaged-view",,,,,,,,,,,,,,,,,,,,,,5,,,,,,,,,,,,,,,,,,,,,,,,,2026-07-10,2026-07-10
BOOK2_LEAD_JUN26_QUIZ_V3,120246474118350003,ABP_TOF_1865_USA_CONTROL_BOOK2_V3,120246474118390003,C2F_STC_QF_BOOK2_T1,120246474118380003,2026-07-10,"Native, banner & interstitial",android_smartphone,audience_network,android_smartphone,,,,2026-06-17,Ongoing,"7-day click, 1-day view, or 1-day engaged-view",,,,,,,,,,,,,,,,,,,,,,4,,,,,,,,,,,,,,,,,,,,,,,,,2026-07-10,2026-07-10
BOOK2_LEAD_JUN26_QUIZ_V3,120246474118350003,ABP_TOF_1865_USA_CONTROL_BOOK2_V3,120246474118390003,C2F_STC_QF_BOOK2_T1,120246474118380003,2026-07-10,"In-stream reels",other,facebook,other,,,,2026-06-17,Ongoing,"7-day click, 1-day view, or 1-day engaged-view",,,,,,,,,,,,,,,,,,,,,,1,,,,,,,,,,,,,,,,,,,,,,,,,2026-07-10,2026-07-10
BOOK2_LEAD_JUN26_QUIZ_V3,120246474118350003,ABP_TOF_1865_USA_CONTROL_BOOK2_V3,120246474118390003,C2F_STC_QF_BOOK2_T1,120246474118380003,2026-07-10,"Facebook Reels",ipad,facebook,ipad,,,,2026-06-17,Ongoing,"7-day click, 1-day view, or 1-day engaged-view",,,,,,,,,,,,,,,,,,,,,,1,,,,,,,,,,,,,,,,,,,,,,,,,2026-07-10,2026-07-10
BOOK2_LEAD_JUN26_QUIZ_V3,120246474118350003,ABP_TOF_1865_USA_CONTROL_BOOK2_V3,120246474118390003,C2F_STC_QF_BOOK2_T1,120246474118380003,2026-07-10,Feed,iphone,instagram,iphone,,,,2026-06-17,Ongoing,"7-day click, 1-day view, or 1-day engaged-view",,,,,,,,,,,,,,,,,,,,,,3,,,,,,,,,,,,,,,,,,,,,,,,,2026-07-10,2026-07-10
BOOK2_LEAD_JUN26_QUIZ_V3,120246474118350003,ABP_TOF_1865_USA_CONTROL_BOOK2_V3,120246474118390003,C2F_STC_QF_BOOK2_T1,120246474118380003,2026-07-10,"Facebook Reels",android_smartphone,facebook,android_smartphone,,,,2026-06-17,Ongoing,"7-day click, 1-day view, or 1-day engaged-view",,,,,,,,,,,,,,,,,,,,,,3,,,,,,,,,,,,,,,,,,,,,,,,,2026-07-10,2026-07-10
BOOK2_LEAD_JUN26_QUIZ_V3,120246474118350003,ABP_TOF_1865_USA_CONTROL_BOOK2_V3,120246474118390003,C2F_STC_QF_BOOK2_T1,120246474118380003,2026-07-10,Feed,iphone,facebook,iphone,,,,2026-06-17,Ongoing,"7-day click, 1-day view, or 1-day engaged-view",,,,,,,,,,,,,,,,,,,,,,3,,,,,,,,,,,,,,,,,,,,,,,,,2026-07-10,2026-07-10
BOOK2_LEAD_JUN26_QUIZ_V3,120246474118350003,ABP_TOF_1865_USA_CONTROL_BOOK2_V3,120246474118390003,C2F_STC_QF_BOOK2_T1,120246474118380003,2026-07-10,"Threads feed",iphone,threads,iphone,,,,2026-06-17,Ongoing,"7-day click, 1-day view, or 1-day engaged-view",,,,,,,,,,,,,,,,,,,,,,1,,,,,,,,,,,,,,,,,,,,,,,,,2026-07-10,2026-07-10
BOOK2_LEAD_JUN26_QUIZ_V3,120246474118350003,ABP_TOF_1865_USA_CONTROL_BOOK2_V3,120246474118390003,C2F_STC_QF_BOOK2_T1,120246474118380003,2026-07-10,"Instagram Stories",iphone,instagram,iphone,,,,2026-06-17,Ongoing,"7-day click, 1-day view, or 1-day engaged-view",,,,,,,,,,,,,,,,,,,,,,2,,,,,,,,,,,,,,,,,,,,,,,,,2026-07-10,2026-07-10
BOOK2_LEAD_JUN26_QUIZ_V3,120246474118350003,ABP_TOF_1865_USA_CONTROL_BOOK2_V3,120246474118390003,C2F_STC_QF_BOOK2_T1,120246474118380003,2026-07-10,"Facebook Reels",iphone,facebook,iphone,,,,2026-06-17,Ongoing,"7-day click, 1-day view, or 1-day engaged-view",,,,,,,,,,,,,,,,,,,,,,3,,,,,,,,,,,,,,,,,,,,,,,,,2026-07-10,2026-07-10
BOOK2_LEAD_JUN26_QUIZ_V3,120246474118350003,ABP_TOF_1865_USA_CONTROL_BOOK2_V3,120246474118390003,C2F_STC_QF_BOOK2_T1,120246474118380003,2026-07-10,"Instagram Reels",iphone,instagram,iphone,,,,2026-06-17,Ongoing,"7-day click, 1-day view, or 1-day engaged-view",,,,,,,,,,,,,,,,,,,,,,1,,,,,,,,,,,,,,,,,,,,,,,,,2026-07-10,2026-07-10
BOOK2_LEAD_JUN26_QUIZ_V3,120246474118350003,ABP_TOF_1865_USA_CONTROL_BOOK2_V3,120246474118390003,C2F_STC_QF_BOOK2_T1,120246474118380003,2026-07-10,"Facebook Stories",iphone,facebook,iphone,,,,2026-06-17,Ongoing,"7-day click, 1-day view, or 1-day engaged-view",,,,,,,,,,,,,,,,,,,,,,1,,,,,,,,,,,,,,,,,,,,,,,,,2026-07-10,2026-07-10
BOOK2_LEAD_JUN26_QUIZ_V3,120246474118350003,ABP_TOF_1865_USA_CONTROL_BOOK2_V3,120246474118390003,C2F_STC_QF_BOOK2_T1,120246474118380003,2026-07-11,Feed,android_smartphone,instagram,android_smartphone,,,,2026-06-17,Ongoing,"7-day click, 1-day view, or 1-day engaged-view",,,,,,,,,,,,,,,,,,,,,,1,,,,,,,,,,,,,,,,,,,,,,,,,2026-07-11,2026-07-11
BOOK2_LEAD_JUN26_QUIZ_V3,120246474118350003,ABP_TOF_1865_USA_CONTROL_BOOK2_V3,120246474118390003,C2F_STC_QF_BOOK2_T1,120246474118380003,2026-07-10,"Instagram Reels",android_smartphone,instagram,android_smartphone,,,,2026-06-17,Ongoing,"7-day click, 1-day view, or 1-day engaged-view",,,,,,,,,,,,,,,,,,,,,,1,,,,,,,,,,,,,,,,,,,,,,,,,2026-07-10,2026-07-10
BOOK2_LEAD_JUN26_QUIZ_V3,120246474118350003,ABP_TOF_1865_USA_CONTROL_BOOK2_V3,120246474118390003,C2F_STC_QF_BOOK2_T1,120246474118380003,2026-07-10,Feed,android_tablet,facebook,android_tablet,,,,2026-06-17,Ongoing,"7-day click, 1-day view, or 1-day engaged-view",,,,,,,,,,,,,,,,,,,,,,1,,,,,,,,,,,,,,,,,,,,,,,,,2026-07-10,2026-07-10
BOOK2_LEAD_JUN26_QUIZ_V3,120246474118350003,ABP_TOF_1865_USA_CONTROL_BOOK2_V3,120246474118390003,C2F_STC_QF_BOOK2_T1,120246474118380003,2026-07-11,"Instagram Reels",android_smartphone,instagram,android_smartphone,,,,2026-06-17,Ongoing,"7-day click, 1-day view, or 1-day engaged-view",,,,,,,,,,,,,,,,,,,,,,1,,,,,,,,,,,,,,,,,,,,,,,,,2026-07-11,2026-07-11
BOOK2_LEAD_JUN26_QUIZ_V3,120246474118350003,ABP_TOF_1865_USA_CONTROL_BOOK2_V3,120246474118390003,C2F_STC_QF_BOOK2_T1,120246474118380003,2026-07-11,"Instagram Stories",iphone,instagram,iphone,,,,2026-06-17,Ongoing,"7-day click, 1-day view, or 1-day engaged-view",,,,,,,,,,,,,,,,,,,,,,2,,,,,,,,,,,,,,,,,,,,,,,,,2026-07-11,2026-07-11
BOOK2_LEAD_JUN26_QUIZ_V3,120246474118350003,ABP_TOF_1865_USA_CONTROL_BOOK2_V3,120246474118390003,C2F_STC_QF_BOOK2_T1,120246474118380003,2026-07-11,"Facebook Reels",iphone,facebook,iphone,,,,2026-06-17,Ongoing,"7-day click, 1-day view, or 1-day engaged-view",,,,,,,,,,,,,,,,,,,,,,1,,,,,,,,,,,,,,,,,,,,,,,,,2026-07-11,2026-07-11
BOOK2_LEAD_JUN26_QUIZ_V3,120246474118350003,ABP_TOF_1865_USA_CONTROL_BOOK2_V3,120246474118390003,C2F_STC_QF_BOOK2_T1,120246474118380003,2026-07-11,Feed,iphone,instagram,iphone,,,,2026-06-17,Ongoing,"7-day click, 1-day view, or 1-day engaged-view",,,,,,,,,,,,,,,,,,,,,,2,,,,,,,,,,,,,,,,,,,,,,,,,2026-07-11,2026-07-11
BOOK2_LEAD_JUN26_QUIZ_V3,120246474118350003,ABP_TOF_1865_USA_CONTROL_BOOK2_V3,120246474118390003,C2F_STC_QF_BOOK2_T1,120246474118380003,2026-07-11,Feed,android_smartphone,facebook,android_smartphone,,,,2026-06-17,Ongoing,"7-day click, 1-day view, or 1-day engaged-view",,,,,,,,,,,,,,,,,,,,,,2,,,,,,,,,,,,,,,,,,,,,,,,,2026-07-11,2026-07-11
BOOK2_LEAD_JUN26_QUIZ_V3,120246474118350003,ABP_TOF_1865_USA_CONTROL_BOOK2_V3,120246474118390003,C2F_STC_QF_BOOK2_T1,120246474118380003,2026-07-11,"Native, banner & interstitial",android_smartphone,audience_network,android_smartphone,,,,2026-06-17,Ongoing,"7-day click, 1-day view, or 1-day engaged-view",,,,,,,,,,,,,,,,,,,,,,7,,,,,,,,,,,,,,,,,,,,,,,,,2026-07-11,2026-07-11
BOOK2_LEAD_JUN26_QUIZ_V3,120246474118350003,ABP_TOF_1865_USA_CONTROL_BOOK2_V3,120246474118390003,C2F_STC_QF_BOOK2_T1,120246474118380003,2026-07-11,"Threads feed",iphone,threads,iphone,,,,2026-06-17,Ongoing,"7-day click, 1-day view, or 1-day engaged-view",,,,,,,,,,,,,,,,,,,,,,2,,,,,,,,,,,,,,,,,,,,,,,,,2026-07-11,2026-07-11
BOOK2_LEAD_JUN26_QUIZ_V3,120246474118350003,ABP_TOF_1865_USA_CONTROL_BOOK2_V3,120246474118390003,C2E_STC_QF_BOOK2_T2,120246474118340003,2026-07-07,Feed,ipad,facebook,ipad,,,,2026-06-17,Ongoing,"7-day click, 1-day view, or 1-day engaged-view",,,,,,,,,,,,,,,,,,,,,,1,,,,,,,,,,,,,,,,,,,,,,,,,2026-07-07,2026-07-07
BOOK2_LEAD_JUN26_QUIZ_V3,120246474118350003,ABP_TOF_1865_USA_CONTROL_BOOK2_V3,120246474118390003,C2F_STC_QF_BOOK2_T1,120246474118380003,2026-07-09,"Facebook Reels",android_smartphone,facebook,android_smartphone,,,,2026-06-17,Ongoing,"7-day click, 1-day view, or 1-day engaged-view",,,,,,,,,,,,,,,,,,,,,,1,,,,,,,,,,,,,,,,,,,,,,,,,2026-07-09,2026-07-09
BOOK2_LEAD_JUN26_QUIZ_V3,120246474118350003,ABP_TOF_1865_USA_CONTROL_BOOK2_V3,120246474118390003,C2E_STC_QF_BOOK2_T2,120246474118340003,2026-07-07,Feed,android_tablet,facebook,android_tablet,,,,2026-06-17,Ongoing,"7-day click, 1-day view, or 1-day engaged-view",,,,,,,,,,,,,,,,,,,,,,,,,,,,,,,,,,,,,,,,,,,,,,,2026-07-07,2026-07-07
BOOK2_LEAD_JUN26_QUIZ_V3,120246474118350003,ABP_TOF_1865_USA_CONTROL_BOOK2_V3,120246474118390003,C2F_STC_QF_BOOK2_T1,120246474118380003,2026-07-01,Feed,iphone,instagram,iphone,,,,2026-06-17,Ongoing,"7-day click, 1-day view, or 1-day engaged-view",,,,,,,,,,,,,,,,,,,,,,1,,,,,,,,,,,,,,,,,,,,,,,,,2026-07-01,2026-07-01
BOOK2_LEAD_JUN26_QUIZ_V3,120246474118350003,ABP_TOF_1865_USA_CONTROL_BOOK2_V3,120246474118390003,C2F_STC_QF_BOOK2_T1,120246474118380003,2026-06-30,Feed,iphone,facebook,iphone,,,,2026-06-17,Ongoing,"7-day click, 1-day view, or 1-day engaged-view",,,,,,,,,,,,,,,,,,,,,,4,,,,,,,,,,,,,,,,,,,,,,,,,2026-06-30,2026-06-30
BOOK2_LEAD_JUN26_QUIZ_V3,120246474118350003,ABP_TOF_1865_USA_CONTROL_BOOK2_V3,120246474118390003,C2F_STC_QF_BOOK2_T1,120246474118380003,2026-06-30,"Facebook Reels",iphone,facebook,iphone,,,,2026-06-17,Ongoing,"7-day click, 1-day view, or 1-day engaged-view",,,,,,,,,,,,,,,,,,,,,,2,,,,,,,,,,,,,,,,,,,,,,,,,2026-06-30,2026-06-30
BOOK2_LEAD_JUN26_QUIZ_V3,120246474118350003,ABP_TOF_1865_USA_CONTROL_BOOK2_V3,120246474118390003,C2F_STC_QF_BOOK2_T1,120246474118380003,2026-06-30,"Instagram Reels",ipad,instagram,ipad,,,,2026-06-17,Ongoing,"7-day click, 1-day view, or 1-day engaged-view",,,,,,,,,,,,,,,,,,,,,,1,,,,,,,,,,,,,,,,,,,,,,,,,2026-06-30,2026-06-30
BOOK2_LEAD_JUN26_QUIZ_V3,120246474118350003,ABP_TOF_1865_USA_CONTROL_BOOK2_V3,120246474118390003,C2F_STC_QF_BOOK2_T1,120246474118380003,2026-06-30,Feed,android_tablet,facebook,android_tablet,,,,2026-06-17,Ongoing,"7-day click, 1-day view, or 1-day engaged-view",,,,,,,,,,,,,,,,,,,,,,1,,,,,,,,,,,,,,,,,,,,,,,,,2026-06-30,2026-06-30
BOOK2_LEAD_JUN26_QUIZ_V3,120246474118350003,ABP_TOF_1865_USA_CONTROL_BOOK2_V3,120246474118390003,C2F_STC_QF_BOOK2_T1,120246474118380003,2026-07-01,"Facebook Reels",iphone,facebook,iphone,,,,2026-06-17,Ongoing,"7-day click, 1-day view, or 1-day engaged-view",,,,,,,,,,,,,,,,,,,,,,2,,,,,,,,,,,,,,,,,,,,,,,,,2026-07-01,2026-07-01
BOOK2_LEAD_JUN26_QUIZ_V3,120246474118350003,ABP_TOF_1865_USA_CONTROL_BOOK2_V3,120246474118390003,C2F_STC_QF_BOOK2_T1,120246474118380003,2026-07-01,"Facebook Reels",android_smartphone,facebook,android_smartphone,,,,2026-06-17,Ongoing,"7-day click, 1-day view, or 1-day engaged-view",,,,,,,,,,,,,,,,,,,,,,1,,,,,,,,,,,,,,,,,,,,,,,,,2026-07-01,2026-07-01
BOOK2_LEAD_JUN26_QUIZ_V3,120246474118350003,ABP_TOF_1865_USA_CONTROL_BOOK2_V3,120246474118390003,C2F_STC_QF_BOOK2_T1,120246474118380003,2026-07-01,"Native, banner & interstitial",android_smartphone,audience_network,android_smartphone,,,,2026-06-17,Ongoing,"7-day click, 1-day view, or 1-day engaged-view",,,,,,,,,,,,,,,,,,,,,,3,,,,,,,,,,,,,,,,,,,,,,,,,2026-07-01,2026-07-01
BOOK2_LEAD_JUN26_QUIZ_V3,120246474118350003,ABP_TOF_1865_USA_CONTROL_BOOK2_V3,120246474118390003,C2F_STC_QF_BOOK2_T1,120246474118380003,2026-07-01,"Instagram Reels",iphone,instagram,iphone,,,,2026-06-17,Ongoing,"7-day click, 1-day view, or 1-day engaged-view",,,,,,,,,,,,,,,,,,,,,,1,,,,,,,,,,,,,,,,,,,,,,,,,2026-07-01,2026-07-01
BOOK2_LEAD_JUN26_QUIZ_V3,120246474118350003,ABP_TOF_1865_USA_CONTROL_BOOK2_V3,120246474118390003,C2F_STC_QF_BOOK2_T1,120246474118380003,2026-07-01,Feed,iphone,facebook,iphone,,,,2026-06-17,Ongoing,"7-day click, 1-day view, or 1-day engaged-view",,,,,,,,,,,,,,,,,,,,,,3,,,,,,,,,,,,,,,,,,,,,,,,,2026-07-01,2026-07-01
BOOK2_LEAD_JUN26_QUIZ_V3,120246474118350003,ABP_TOF_1865_USA_CONTROL_BOOK2_V3,120246474118390003,C2F_STC_QF_BOOK2_T1,120246474118380003,2026-07-01,Feed,android_smartphone,facebook,android_smartphone,,,,2026-06-17,Ongoing,"7-day click, 1-day view, or 1-day engaged-view",,,,,,,,,,,,,,,,,,,,,,8,,,,,,,,,,,,,,,,,,,,,,,,,2026-07-01,2026-07-01
BOOK2_LEAD_JUN26_QUIZ_V3,120246474118350003,ABP_TOF_1865_USA_CONTROL_BOOK2_V3,120246474118390003,C2F_STC_QF_BOOK2_T1,120246474118380003,2026-06-30,"Native, banner & interstitial",android_smartphone,audience_network,android_smartphone,,,,2026-06-17,Ongoing,"7-day click, 1-day view, or 1-day engaged-view",,,,,,,,,,,,,,,,,,,,,,11,,,,,,,,,,,,,,,,,,,,,,,,,2026-06-30,2026-06-30
BOOK2_LEAD_JUN26_QUIZ_V3,120246474118350003,ABP_TOF_1865_USA_CONTROL_BOOK2_V3,120246474118390003,C2F_STC_QF_BOOK2_T1,120246474118380003,2026-07-01,"Native, banner & interstitial",android_tablet,audience_network,android_tablet,,,,2026-06-17,Ongoing,"7-day click, 1-day view, or 1-day engaged-view",,,,,,,,,,,,,,,,,,,,,,1,,,,,,,,,,,,,,,,,,,,,,,,,2026-07-01,2026-07-01
BOOK2_LEAD_JUN26_QUIZ_V3,120246474118350003,ABP_TOF_1865_USA_CONTROL_BOOK2_V3,120246474118390003,C2F_STC_QF_BOOK2_T1,120246474118380003,2026-07-01,"Ads on Facebook Reels",android_smartphone,facebook,android_smartphone,,,,2026-06-17,Ongoing,"7-day click, 1-day view, or 1-day engaged-view",,,,,,,,,,,,,,,,,,,,,,1,,,,,,,,,,,,,,,,,,,,,,,,,2026-07-01,2026-07-01
BOOK2_LEAD_JUN26_QUIZ_V3,120246474118350003,ABP_TOF_1865_USA_CONTROL_BOOK2_V3,120246474118390003,C2E_STC_QF_BOOK2_T2,120246474118340003,2026-07-02,Feed,iphone,instagram,iphone,,,,2026-06-17,Ongoing,"7-day click, 1-day view, or 1-day engaged-view",,,,,,,,,,,,,,,,,,,,,,,,,,,,,,,,,,,,,,,,,,,,,,,2026-07-02,2026-07-02
BOOK2_LEAD_JUN26_QUIZ_V3,120246474118350003,ABP_TOF_1865_USA_CONTROL_BOOK2_V3,120246474118390003,C2E_STC_QF_BOOK2_T2,120246474118340003,2026-07-02,"Facebook profile feed",iphone,facebook,iphone,,,,2026-06-17,Ongoing,"7-day click, 1-day view, or 1-day engaged-view",,,,,,,,,,,,,,,,,,,,,,1,,,,,,,,,,,,,,,,,,,,,,,,,2026-07-02,2026-07-02
BOOK2_LEAD_JUN26_QUIZ_V3,120246474118350003,ABP_TOF_1865_USA_CONTROL_BOOK2_V3,120246474118390003,C2E_STC_QF_BOOK2_T2,120246474118340003,2026-07-02,"Native, banner & interstitial",android_smartphone,audience_network,android_smartphone,,,,2026-06-17,Ongoing,"7-day click, 1-day view, or 1-day engaged-view",,,,,,,,,,,,,,,,,,,,,,3,,,,,,,,,,,,,,,,,,,,,,,,,2026-07-02,2026-07-02
BOOK2_LEAD_JUN26_QUIZ_V3,120246474118350003,ABP_TOF_1865_USA_CONTROL_BOOK2_V3,120246474118390003,C2E_STC_QF_BOOK2_T2,120246474118340003,2026-07-02,"In-stream reels",iphone,facebook,iphone,,,,2026-06-17,Ongoing,"7-day click, 1-day view, or 1-day engaged-view",,,,,,,,,,,,,,,,,,,,,,1,,,,,,,,,,,,,,,,,,,,,,,,,2026-07-02,2026-07-02
BOOK2_LEAD_JUN26_QUIZ_V3,120246474118350003,ABP_TOF_1865_USA_CONTROL_BOOK2_V3,120246474118390003,C2E_STC_QF_BOOK2_T2,120246474118340003,2026-07-02,Feed,android_smartphone,instagram,android_smartphone,,,,2026-06-17,Ongoing,"7-day click, 1-day view, or 1-day engaged-view",,,,,,,,,,,,,,,,,,,,,,2,,,,,,,,,,,,,,,,,,,,,,,,,2026-07-02,2026-07-02
BOOK2_LEAD_JUN26_QUIZ_V3,120246474118350003,ABP_TOF_1865_USA_CONTROL_BOOK2_V3,120246474118390003,C2E_STC_QF_BOOK2_T2,120246474118340003,2026-07-02,Feed,iphone,facebook,iphone,,,,2026-06-17,Ongoing,"7-day click, 1-day view, or 1-day engaged-view",,,,,,,,,,,,,,,,,,,,,,8,,,,,,,,,,,,,,,,,,,,,,,,,2026-07-02,2026-07-02
BOOK2_LEAD_JUN26_QUIZ_V3,120246474118350003,ABP_TOF_1865_USA_CONTROL_BOOK2_V3,120246474118390003,C2E_STC_QF_BOOK2_T2,120246474118340003,2026-07-02,"Facebook Reels",other,facebook,other,,,,2026-06-17,Ongoing,"7-day click, 1-day view, or 1-day engaged-view",,,,,,,,,,,,,,,,,,,,,,1,,,,,,,,,,,,,,,,,,,,,,,,,2026-07-02,2026-07-02
BOOK2_LEAD_JUN26_QUIZ_V3,120246474118350003,ABP_TOF_1865_USA_CONTROL_BOOK2_V3,120246474118390003,C2F_STC_QF_BOOK2_T1,120246474118380003,2026-06-30,"Native, banner & interstitial",android_tablet,audience_network,android_tablet,,,,2026-06-17,Ongoing,"7-day click, 1-day view, or 1-day engaged-view",,,,,,,,,,,,,,,,,,,,,,2,,,,,,,,,,,,,,,,,,,,,,,,,2026-06-30,2026-06-30
BOOK2_LEAD_JUN26_QUIZ_V3,120246474118350003,ABP_TOF_1865_USA_CONTROL_BOOK2_V3,120246474118390003,C2F_STC_QF_BOOK2_T1,120246474118380003,2026-06-30,Feed,iphone,instagram,iphone,,,,2026-06-17,Ongoing,"7-day click, 1-day view, or 1-day engaged-view",,,,,,,,,,,,,,,,,,,,,,3,,,,,,,,,,,,,,,,,,,,,,,,,2026-06-30,2026-06-30
BOOK2_LEAD_JUN26_QUIZ_V3,120246474118350003,ABP_TOF_1865_USA_CONTROL_BOOK2_V3,120246474118390003,C2E_STC_QF_BOOK2_T2,120246474118340003,2026-07-02,"Facebook Reels",iphone,facebook,iphone,,,,2026-06-17,Ongoing,"7-day click, 1-day view, or 1-day engaged-view",,,,,,,,,,,,,,,,,,,,,,1,,,,,,,,,,,,,,,,,,,,,,,,,2026-07-02,2026-07-02
BOOK2_LEAD_JUN26_QUIZ_V3,120246474118350003,ABP_TOF_1865_USA_CONTROL_BOOK2_V3,120246474118390003,C2F_STC_QF_BOOK2_T1,120246474118380003,2026-06-29,Feed,ipad,facebook,ipad,,,,2026-06-17,Ongoing,"7-day click, 1-day view, or 1-day engaged-view",,,,,,,,,,,,,,,,,,,,,,1,,,,,,,,,,,,,,,,,,,,,,,,,2026-06-29,2026-06-29
BOOK2_LEAD_JUN26_QUIZ_V3,120246474118350003,ABP_TOF_1865_USA_CONTROL_BOOK2_V3,120246474118390003,C2F_STC_QF_BOOK2_T1,120246474118380003,2026-06-29,"Facebook Reels",android_smartphone,facebook,android_smartphone,,,,2026-06-17,Ongoing,"7-day click, 1-day view, or 1-day engaged-view",,,,,,,,,,,,,,,,,,,,,,2,,,,,,,,,,,,,,,,,,,,,,,,,2026-06-29,2026-06-29
BOOK2_LEAD_JUN26_QUIZ_V3,120246474118350003,ABP_TOF_1865_USA_CONTROL_BOOK2_V3,120246474118390003,C2F_STC_QF_BOOK2_T1,120246474118380003,2026-06-29,"Instagram Reels",android_smartphone,instagram,android_smartphone,,,,2026-06-17,Ongoing,"7-day click, 1-day view, or 1-day engaged-view",,,,,,,,,,,,,,,,,,,,,,2,,,,,,,,,,,,,,,,,,,,,,,,,2026-06-29,2026-06-29
BOOK2_LEAD_JUN26_QUIZ_V3,120246474118350003,ABP_TOF_1865_USA_CONTROL_BOOK2_V3,120246474118390003,C2F_STC_QF_BOOK2_T1,120246474118380003,2026-06-29,Feed,desktop,facebook,desktop,,,,2026-06-17,Ongoing,"7-day click, 1-day view, or 1-day engaged-view",,,,,,,,,,,,,,,,,,,,,,2,,,,,,,,,,,,,,,,,,,,,,,,,2026-06-29,2026-06-29
BOOK2_LEAD_JUN26_QUIZ_V3,120246474118350003,ABP_TOF_1865_USA_CONTROL_BOOK2_V3,120246474118390003,C2F_STC_QF_BOOK2_T1,120246474118380003,2026-06-29,Feed,iphone,instagram,iphone,,,,2026-06-17,Ongoing,"7-day click, 1-day view, or 1-day engaged-view",,,,,,,,,,,,,,,,,,,,,,3,,,,,,,,,,,,,,,,,,,,,,,,,2026-06-29,2026-06-29
BOOK2_LEAD_JUN26_QUIZ_V3,120246474118350003,ABP_TOF_1865_USA_CONTROL_BOOK2_V3,120246474118390003,C2F_STC_QF_BOOK2_T1,120246474118380003,2026-06-29,"Ads on Facebook Reels",android_smartphone,facebook,android_smartphone,,,,2026-06-17,Ongoing,"7-day click, 1-day view, or 1-day engaged-view",,,,,,,,,,,,,,,,,,,,,,2,,,,,,,,,,,,,,,,,,,,,,,,,2026-06-29,2026-06-29
BOOK2_LEAD_JUN26_QUIZ_V3,120246474118350003,ABP_TOF_1865_USA_CONTROL_BOOK2_V3,120246474118390003,C2F_STC_QF_BOOK2_T1,120246474118380003,2026-06-29,"Instagram Stories",iphone,instagram,iphone,,,,2026-06-17,Ongoing,"7-day click, 1-day view, or 1-day engaged-view",,,,,,,,,,,,,,,,,,,,,,2,,,,,,,,,,,,,,,,,,,,,,,,,2026-06-29,2026-06-29
BOOK2_LEAD_JUN26_QUIZ_V3,120246474118350003,ABP_TOF_1865_USA_CONTROL_BOOK2_V3,120246474118390003,C2F_STC_QF_BOOK2_T1,120246474118380003,2026-06-29,"Search results",iphone,facebook,iphone,,,,2026-06-17,Ongoing,"7-day click, 1-day view, or 1-day engaged-view",,,,,,,,,,,,,,,,,,,,,,2,,,,,,,,,,,,,,,,,,,,,,,,,2026-06-29,2026-06-29
BOOK2_LEAD_JUN26_QUIZ_V3,120246474118350003,ABP_TOF_1865_USA_CONTROL_BOOK2_V3,120246474118390003,C2E_STC_QF_BOOK2_T2,120246474118340003,2026-07-06,"Facebook Reels",iphone,facebook,iphone,,,,2026-06-17,Ongoing,"7-day click, 1-day view, or 1-day engaged-view",,,,,,,,,,,,,,,,,,,,,,,,,,,,,,,,,,,,,,,,,,,,,,,2026-07-06,2026-07-06
BOOK2_LEAD_JUN26_QUIZ_V3,120246474118350003,ABP_TOF_1865_USA_CONTROL_BOOK2_V3,120246474118390003,C2F_STC_QF_BOOK2_T1,120246474118380003,2026-06-29,Feed,iphone,facebook,iphone,,,,2026-06-17,Ongoing,"7-day click, 1-day view, or 1-day engaged-view",,,,,,,,,,,,,,,,,,,,,,1,,,,,,,,,,,,,,,,,,,,,,,,,2026-06-29,2026-06-29
BOOK2_LEAD_JUN26_QUIZ_V3,120246474118350003,ABP_TOF_1865_USA_CONTROL_BOOK2_V3,120246474118390003,C2F_STC_QF_BOOK2_T1,120246474118380003,2026-06-29,"Threads feed",iphone,threads,iphone,,,,2026-06-17,Ongoing,"7-day click, 1-day view, or 1-day engaged-view",,,,,,,,,,,,,,,,,,,,,,1,,,,,,,,,,,,,,,,,,,,,,,,,2026-06-29,2026-06-29
BOOK2_LEAD_JUN26_QUIZ_V3,120246474118350003,ABP_TOF_1865_USA_CONTROL_BOOK2_V3,120246474118390003,C2F_STC_QF_BOOK2_T1,120246474118380003,2026-06-30,Feed,android_smartphone,facebook,android_smartphone,,,,2026-06-17,Ongoing,"7-day click, 1-day view, or 1-day engaged-view",,,,,,,,,,,,,,,,,,,,,,13,,,,,,,,,,,,,,,,,,,,,,,,,2026-06-30,2026-06-30
BOOK2_LEAD_JUN26_QUIZ_V3,120246474118350003,ABP_TOF_1865_USA_CONTROL_BOOK2_V3,120246474118390003,C2F_STC_QF_BOOK2_T1,120246474118380003,2026-06-29,Feed,other,facebook,other,,,,2026-06-17,Ongoing,"7-day click, 1-day view, or 1-day engaged-view",,,,,,,,,,,,,,,,,,,,,,1,,,,,,,,,,,,,,,,,,,,,,,,,2026-06-29,2026-06-29
BOOK2_LEAD_JUN26_QUIZ_V3,120246474118350003,ABP_TOF_1865_USA_CONTROL_BOOK2_V3,120246474118390003,C2F_STC_QF_BOOK2_T1,120246474118380003,2026-06-29,"In-stream reels",android_smartphone,facebook,android_smartphone,,,,2026-06-17,Ongoing,"7-day click, 1-day view, or 1-day engaged-view",,,,,,,,,,,,,,,,,,,,,,1,,,,,,,,,,,,,,,,,,,,,,,,,2026-06-29,2026-06-29
BOOK2_LEAD_JUN26_QUIZ_V3,120246474118350003,ABP_TOF_1865_USA_CONTROL_BOOK2_V3,120246474118390003,C2E_STC_QF_BOOK2_T2,120246474118340003,2026-06-30,Feed,android_smartphone,facebook,android_smartphone,,,,2026-06-17,Ongoing,"7-day click, 1-day view, or 1-day engaged-view",,,,,,,,,,,,,,,,,,,,,,1,,,,,,,,,,,,,,,,,,,,,,,,,2026-06-30,2026-06-30
BOOK2_LEAD_JUN26_QUIZ_V3,120246474118350003,ABP_TOF_1865_USA_CONTROL_BOOK2_V3,120246474118390003,C2F_STC_QF_BOOK2_T1,120246474118380003,2026-06-30,"Instagram Reels",android_smartphone,instagram,android_smartphone,,,,2026-06-17,Ongoing,"7-day click, 1-day view, or 1-day engaged-view",,,,,,,,,,,,,,,,,,,,,,,,,,,,,,,,,,,,,,,,,,,,,,,2026-06-30,2026-06-30
BOOK2_LEAD_JUN26_QUIZ_V3,120246474118350003,ABP_TOF_1865_USA_CONTROL_BOOK2_V3,120246474118390003,C2F_STC_QF_BOOK2_T1,120246474118380003,2026-06-30,Feed,ipad,facebook,ipad,,,,2026-06-17,Ongoing,"7-day click, 1-day view, or 1-day engaged-view",,,,,,,,,,,,,,,,,,,,,,4,,,,,,,,,,,,,,,,,,,,,,,,,2026-06-30,2026-06-30
BOOK2_LEAD_JUN26_QUIZ_V3,120246474118350003,ABP_TOF_1865_USA_CONTROL_BOOK2_V3,120246474118390003,C2F_STC_QF_BOOK2_T1,120246474118380003,2026-06-30,Feed,android_smartphone,instagram,android_smartphone,,,,2026-06-17,Ongoing,"7-day click, 1-day view, or 1-day engaged-view",,,,,,,,,,,,,,,,,,,,,,1,,,,,,,,,,,,,,,,,,,,,,,,,2026-06-30,2026-06-30
BOOK2_LEAD_JUN26_QUIZ_V3,120246474118350003,ABP_TOF_1865_USA_CONTROL_BOOK2_V3,120246474118390003,C2F_STC_QF_BOOK2_T1,120246474118380003,2026-06-30,"Facebook Stories",android_smartphone,facebook,android_smartphone,,,,2026-06-17,Ongoing,"7-day click, 1-day view, or 1-day engaged-view",,,,,,,,,,,,,,,,,,,,,,2,,,,,,,,,,,,,,,,,,,,,,,,,2026-06-30,2026-06-30
BOOK2_LEAD_JUN26_QUIZ_V3,120246474118350003,ABP_TOF_1865_USA_CONTROL_BOOK2_V3,120246474118390003,C2F_STC_QF_BOOK2_T1,120246474118380003,2026-06-30,"Facebook Reels",android_smartphone,facebook,android_smartphone,,,,2026-06-17,Ongoing,"7-day click, 1-day view, or 1-day engaged-view",,,,,,,,,,,,,,,,,,,,,,2,,,,,,,,,,,,,,,,,,,,,,,,,2026-06-30,2026-06-30
BOOK2_LEAD_JUN26_QUIZ_V3,120246474118350003,ABP_TOF_1865_USA_CONTROL_BOOK2_V3,120246474118390003,C2F_STC_QF_BOOK2_T1,120246474118380003,2026-06-30,"Instagram Reels",iphone,instagram,iphone,,,,2026-06-17,Ongoing,"7-day click, 1-day view, or 1-day engaged-view",,,,,,,,,,,,,,,,,,,,,,2,,,,,,,,,,,,,,,,,,,,,,,,,2026-06-30,2026-06-30
BOOK2_LEAD_JUN26_QUIZ_V3,120246474118350003,ABP_TOF_1865_USA_CONTROL_BOOK2_V3,120246474118390003,C2E_STC_QF_BOOK2_T2,120246474118340003,2026-07-02,Feed,android_smartphone,facebook,android_smartphone,,,,2026-06-17,Ongoing,"7-day click, 1-day view, or 1-day engaged-view",,,,,,,,,,,,,,,,,,,,,,6,,,,,,,,,,,,,,,,,,,,,,,,,2026-07-02,2026-07-02
BOOK2_LEAD_JUN26_QUIZ_V3,120246474118350003,ABP_TOF_1865_USA_CONTROL_BOOK2_V3,120246474118390003,C2F_STC_QF_BOOK2_T1,120246474118380003,2026-07-01,Feed,ipad,facebook,ipad,,,,2026-06-17,Ongoing,"7-day click, 1-day view, or 1-day engaged-view",,,,,,,,,,,,,,,,,,,,,,1,,,,,,,,,,,,,,,,,,,,,,,,,2026-07-01,2026-07-01
BOOK2_LEAD_JUN26_QUIZ_V3,120246474118350003,ABP_TOF_1865_USA_CONTROL_BOOK2_V3,120246474118390003,C2E_STC_QF_BOOK2_T2,120246474118340003,2026-07-02,"Facebook Reels",android_smartphone,facebook,android_smartphone,,,,2026-06-17,Ongoing,"7-day click, 1-day view, or 1-day engaged-view",,,,,,,,,,,,,,,,,,,,,,1,,,,,,,,,,,,,,,,,,,,,,,,,2026-07-02,2026-07-02
BOOK2_LEAD_JUN26_QUIZ_V3,120246474118350003,ABP_TOF_1865_USA_CONTROL_BOOK2_V3,120246474118390003,C2E_STC_QF_BOOK2_T2,120246474118340003,2026-07-06,"Ads on Facebook Reels",android_smartphone,facebook,android_smartphone,,,,2026-06-17,Ongoing,"7-day click, 1-day view, or 1-day engaged-view",,,,,,,,,,,,,,,,,,,,,,1,,,,,,,,,,,,,,,,,,,,,,,,,2026-07-06,2026-07-06
BOOK2_LEAD_JUN26_QUIZ_V3,120246474118350003,ABP_TOF_1865_USA_CONTROL_BOOK2_V3,120246474118390003,C2E_STC_QF_BOOK2_T2,120246474118340003,2026-07-05,Feed,android_smartphone,facebook,android_smartphone,,,,2026-06-17,Ongoing,"7-day click, 1-day view, or 1-day engaged-view",,,,,,,,,,,,,,,,,,,,,,11,,,,,,,,,,,,,,,,,,,,,,,,,2026-07-05,2026-07-05
BOOK2_LEAD_JUN26_QUIZ_V3,120246474118350003,ABP_TOF_1865_USA_CONTROL_BOOK2_V3,120246474118390003,C2E_STC_QF_BOOK2_T2,120246474118340003,2026-07-05,"Facebook Reels",android_smartphone,facebook,android_smartphone,,,,2026-06-17,Ongoing,"7-day click, 1-day view, or 1-day engaged-view",,,,,,,,,,,,,,,,,,,,,,9,,,,,,,,,,,,,,,,,,,,,,,,,2026-07-05,2026-07-05
BOOK2_LEAD_JUN26_QUIZ_V3,120246474118350003,ABP_TOF_1865_USA_CONTROL_BOOK2_V3,120246474118390003,C2E_STC_QF_BOOK2_T2,120246474118340003,2026-07-05,Feed,iphone,facebook,iphone,,,,2026-06-17,Ongoing,"7-day click, 1-day view, or 1-day engaged-view",,,,,,,,,,,,,,,,,,,,,,4,,,,,,,,,,,,,,,,,,,,,,,,,2026-07-05,2026-07-05
BOOK2_LEAD_JUN26_QUIZ_V3,120246474118350003,ABP_TOF_1865_USA_CONTROL_BOOK2_V3,120246474118390003,C2E_STC_QF_BOOK2_T2,120246474118340003,2026-07-05,"Instagram Stories",iphone,instagram,iphone,,,,2026-06-17,Ongoing,"7-day click, 1-day view, or 1-day engaged-view",,,,,,,,,,,,,,,,,,,,,,2,,,,,,,,,,,,,,,,,,,,,,,,,2026-07-05,2026-07-05
BOOK2_LEAD_JUN26_QUIZ_V3,120246474118350003,ABP_TOF_1865_USA_CONTROL_BOOK2_V3,120246474118390003,C2E_STC_QF_BOOK2_T2,120246474118340003,2026-07-05,"Facebook Reels",iphone,facebook,iphone,,,,2026-06-17,Ongoing,"7-day click, 1-day view, or 1-day engaged-view",,,,,,,,,,,,,,,,,,,,,,1,,,,,,,,,,,,,,,,,,,,,,,,,2026-07-05,2026-07-05
BOOK2_LEAD_JUN26_QUIZ_V3,120246474118350003,ABP_TOF_1865_USA_CONTROL_BOOK2_V3,120246474118390003,C2E_STC_QF_BOOK2_T2,120246474118340003,2026-07-06,"Instagram Reels",android_smartphone,instagram,android_smartphone,,,,2026-06-17,Ongoing,"7-day click, 1-day view, or 1-day engaged-view",,,,,,,,,,,,,,,,,,,,,,1,,,,,,,,,,,,,,,,,,,,,,,,,2026-07-06,2026-07-06
BOOK2_LEAD_JUN26_QUIZ_V3,120246474118350003,ABP_TOF_1865_USA_CONTROL_BOOK2_V3,120246474118390003,C2E_STC_QF_BOOK2_T2,120246474118340003,2026-07-06,Feed,desktop,facebook,desktop,,,,2026-06-17,Ongoing,"7-day click, 1-day view, or 1-day engaged-view",,,,,,,,,,,,,,,,,,,,,,1,,,,,,,,,,,,,,,,,,,,,,,,,2026-07-06,2026-07-06
BOOK2_LEAD_JUN26_QUIZ_V3,120246474118350003,ABP_TOF_1865_USA_CONTROL_BOOK2_V3,120246474118390003,C2E_STC_QF_BOOK2_T2,120246474118340003,2026-07-06,"Ads on Facebook Reels",iphone,facebook,iphone,,,,2026-06-17,Ongoing,"7-day click, 1-day view, or 1-day engaged-view",,,,,,,,,,,,,,,,,,,,,,1,,,,,,,,,,,,,,,,,,,,,,,,,2026-07-06,2026-07-06
BOOK2_LEAD_JUN26_QUIZ_V3,120246474118350003,ABP_TOF_1865_USA_CONTROL_BOOK2_V3,120246474118390003,C2E_STC_QF_BOOK2_T2,120246474118340003,2026-07-06,"Native, banner & interstitial",android_smartphone,audience_network,android_smartphone,,,,2026-06-17,Ongoing,"7-day click, 1-day view, or 1-day engaged-view",,,,,,,,,,,,,,,,,,,,,,1,,,,,,,,,,,,,,,,,,,,,,,,,2026-07-06,2026-07-06
BOOK2_LEAD_JUN26_QUIZ_V3,120246474118350003,ABP_TOF_1865_USA_CONTROL_BOOK2_V3,120246474118390003,C2E_STC_QF_BOOK2_T2,120246474118340003,2026-07-06,Feed,ipad,facebook,ipad,,,,2026-06-17,Ongoing,"7-day click, 1-day view, or 1-day engaged-view",,,,,,,,,,,,,,,,,,,,,,6,,,,,,,,,,,,,,,,,,,,,,,,,2026-07-06,2026-07-06
BOOK2_LEAD_JUN26_QUIZ_V3,120246474118350003,ABP_TOF_1865_USA_CONTROL_BOOK2_V3,120246474118390003,C2E_STC_QF_BOOK2_T2,120246474118340003,2026-07-05,"Facebook Stories",iphone,facebook,iphone,,,,2026-06-17,Ongoing,"7-day click, 1-day view, or 1-day engaged-view",,,,,,,,,,,,,,,,,,,,,,1,,,,,,,,,,,,,,,,,,,,,,,,,2026-07-05,2026-07-05
BOOK2_LEAD_JUN26_QUIZ_V3,120246474118350003,ABP_TOF_1865_USA_CONTROL_BOOK2_V3,120246474118390003,C2E_STC_QF_BOOK2_T2,120246474118340003,2026-07-06,Feed,iphone,instagram,iphone,,,,2026-06-17,Ongoing,"7-day click, 1-day view, or 1-day engaged-view",,,,,,,,,,,,,,,,,,,,,,2,,,,,,,,,,,,,,,,,,,,,,,,,2026-07-06,2026-07-06
BOOK2_LEAD_JUN26_QUIZ_V3,120246474118350003,ABP_TOF_1865_USA_CONTROL_BOOK2_V3,120246474118390003,C2E_STC_QF_BOOK2_T2,120246474118340003,2026-07-06,"Facebook Reels",android_smartphone,facebook,android_smartphone,,,,2026-06-17,Ongoing,"7-day click, 1-day view, or 1-day engaged-view",,,,,,,,,,,,,,,,,,,,,,3,,,,,,,,,,,,,,,,,,,,,,,,,2026-07-06,2026-07-06
BOOK2_LEAD_JUN26_QUIZ_V3,120246474118350003,ABP_TOF_1865_USA_CONTROL_BOOK2_V3,120246474118390003,C2E_STC_QF_BOOK2_T2,120246474118340003,2026-07-02,"Instagram Stories",iphone,instagram,iphone,,,,2026-06-17,Ongoing,"7-day click, 1-day view, or 1-day engaged-view",,,,,,,,,,,,,,,,,,,,,,1,,,,,,,,,,,,,,,,,,,,,,,,,2026-07-02,2026-07-02
BOOK2_LEAD_JUN26_QUIZ_V3,120246474118350003,ABP_TOF_1865_USA_CONTROL_BOOK2_V3,120246474118390003,C2E_STC_QF_BOOK2_T2,120246474118340003,2026-07-06,Feed,iphone,facebook,iphone,,,,2026-06-17,Ongoing,"7-day click, 1-day view, or 1-day engaged-view",,,,,,,,,,,,,,,,,,,,,,4,,,,,,,,,,,,,,,,,,,,,,,,,2026-07-06,2026-07-06
BOOK2_LEAD_JUN26_QUIZ_V3,120246474118350003,ABP_TOF_1865_USA_CONTROL_BOOK2_V3,120246474118390003,C2E_STC_QF_BOOK2_T2,120246474118340003,2026-07-06,"Instagram Stories",iphone,instagram,iphone,,,,2026-06-17,Ongoing,"7-day click, 1-day view, or 1-day engaged-view",,,,,,,,,,,,,,,,,,,,,,2,,,,,,,,,,,,,,,,,,,,,,,,,2026-07-06,2026-07-06
BOOK2_LEAD_JUN26_QUIZ_V3,120246474118350003,ABP_TOF_1865_USA_CONTROL_BOOK2_V3,120246474118390003,C2E_STC_QF_BOOK2_T2,120246474118340003,2026-07-06,Feed,android_smartphone,facebook,android_smartphone,,,,2026-06-17,Ongoing,"7-day click, 1-day view, or 1-day engaged-view",,,,,,,,,,,,,,,,,,,,,,8,,,,,,,,,,,,,,,,,,,,,,,,,2026-07-06,2026-07-06
BOOK2_LEAD_JUN26_QUIZ_V3,120246474118350003,ABP_TOF_1865_USA_CONTROL_BOOK2_V3,120246474118390003,C2E_STC_QF_BOOK2_T2,120246474118340003,2026-07-06,Feed,android_tablet,facebook,android_tablet,,,,2026-06-17,Ongoing,"7-day click, 1-day view, or 1-day engaged-view",,,,,,,,,,,,,,,,,,,,,,2,,,,,,,,,,,,,,,,,,,,,,,,,2026-07-06,2026-07-06
BOOK2_LEAD_JUN26_QUIZ_V3,120246474118350003,ABP_TOF_1865_USA_CONTROL_BOOK2_V3,120246474118390003,C2E_STC_QF_BOOK2_T2,120246474118340003,2026-07-06,"In-stream reels",android_smartphone,facebook,android_smartphone,,,,2026-06-17,Ongoing,"7-day click, 1-day view, or 1-day engaged-view",,,,,,,,,,,,,,,,,,,,,,1,,,,,,,,,,,,,,,,,,,,,,,,,2026-07-06,2026-07-06
BOOK2_LEAD_JUN26_QUIZ_V3,120246474118350003,ABP_TOF_1865_USA_CONTROL_BOOK2_V3,120246474118390003,C2E_STC_QF_BOOK2_T2,120246474118340003,2026-07-06,"Search results",android_smartphone,facebook,android_smartphone,,,,2026-06-17,Ongoing,"7-day click, 1-day view, or 1-day engaged-view",,,,,,,,,,,,,,,,,,,,,,1,,,,,,,,,,,,,,,,,,,,,,,,,2026-07-06,2026-07-06
BOOK2_LEAD_JUN26_QUIZ_V3,120246474118350003,ABP_TOF_1865_USA_CONTROL_BOOK2_V3,120246474118390003,C2E_STC_QF_BOOK2_T2,120246474118340003,2026-07-06,"Instagram Reels",iphone,instagram,iphone,,,,2026-06-17,Ongoing,"7-day click, 1-day view, or 1-day engaged-view",,,,,,,,,,,,,,,,,,,,,,1,,,,,,,,,,,,,,,,,,,,,,,,,2026-07-06,2026-07-06
BOOK2_LEAD_JUN26_QUIZ_V3,120246474118350003,ABP_TOF_1865_USA_CONTROL_BOOK2_V3,120246474118390003,C2E_STC_QF_BOOK2_T2,120246474118340003,2026-07-05,"Ads on Facebook Reels",android_smartphone,facebook,android_smartphone,,,,2026-06-17,Ongoing,"7-day click, 1-day view, or 1-day engaged-view",,,,,,,,,,,,,,,,,,,,,,1,,,,,,,,,,,,,,,,,,,,,,,,,2026-07-05,2026-07-05
BOOK2_LEAD_JUN26_QUIZ_V3,120246474118350003,ABP_TOF_1865_USA_CONTROL_BOOK2_V3,120246474118390003,C2E_STC_QF_BOOK2_T2,120246474118340003,2026-07-06,Feed,android_smartphone,instagram,android_smartphone,,,,2026-06-17,Ongoing,"7-day click, 1-day view, or 1-day engaged-view",,,,,,,,,,,,,,,,,,,,,,,,,,,,,,,,,,,,,,,,,,,,,,,2026-07-06,2026-07-06
BOOK2_LEAD_JUN26_QUIZ_V3,120246474118350003,ABP_TOF_1865_USA_CONTROL_BOOK2_V3,120246474118390003,C2E_STC_QF_BOOK2_T2,120246474118340003,2026-07-05,"Native, banner & interstitial",android_smartphone,audience_network,android_smartphone,,,,2026-06-17,Ongoing,"7-day click, 1-day view, or 1-day engaged-view",,,,,,,,,,,,,,,,,,,,,,2,,,,,,,,,,,,,,,,,,,,,,,,,2026-07-05,2026-07-05
BOOK2_LEAD_JUN26_QUIZ_V3,120246474118350003,ABP_TOF_1865_USA_CONTROL_BOOK2_V3,120246474118390003,C2E_STC_QF_BOOK2_T2,120246474118340003,2026-07-03,"Instagram Reels",android_smartphone,instagram,android_smartphone,,,,2026-06-17,Ongoing,"7-day click, 1-day view, or 1-day engaged-view",,,,,,,,,,,,,,,,,,,,,,1,,,,,,,,,,,,,,,,,,,,,,,,,2026-07-03,2026-07-03
BOOK2_LEAD_JUN26_QUIZ_V3,120246474118350003,ABP_TOF_1865_USA_CONTROL_BOOK2_V3,120246474118390003,C2E_STC_QF_BOOK2_T2,120246474118340003,2026-07-02,"Instagram Reels",android_smartphone,instagram,android_smartphone,,,,2026-06-17,Ongoing,"7-day click, 1-day view, or 1-day engaged-view",,,,,,,,,,,,,,,,,,,,,,1,,,,,,,,,,,,,,,,,,,,,,,,,2026-07-02,2026-07-02
BOOK2_LEAD_JUN26_QUIZ_V3,120246474118350003,ABP_TOF_1865_USA_CONTROL_BOOK2_V3,120246474118390003,C2F_STC_QF_BOOK2_T1,120246474118380003,2026-07-02,Feed,android_smartphone,facebook,android_smartphone,,,,2026-06-17,Ongoing,"7-day click, 1-day view, or 1-day engaged-view",,,,,,,,,,,,,,,,,,,,,,2,,,,,,,,,,,,,,,,,,,,,,,,,2026-07-02,2026-07-02
BOOK2_LEAD_JUN26_QUIZ_V3,120246474118350003,ABP_TOF_1865_USA_CONTROL_BOOK2_V3,120246474118390003,C2E_STC_QF_BOOK2_T2,120246474118340003,2026-07-03,Feed,android_smartphone,facebook,android_smartphone,,,,2026-06-17,Ongoing,"7-day click, 1-day view, or 1-day engaged-view",,,,,,,,,,,,,,,,,,,,,,7,,,,,,,,,,,,,,,,,,,,,,,,,2026-07-03,2026-07-03
BOOK2_LEAD_JUN26_QUIZ_V3,120246474118350003,ABP_TOF_1865_USA_CONTROL_BOOK2_V3,120246474118390003,C2E_STC_QF_BOOK2_T2,120246474118340003,2026-07-03,"Instagram Reels",iphone,instagram,iphone,,,,2026-06-17,Ongoing,"7-day click, 1-day view, or 1-day engaged-view",,,,,,,,,,,,,,,,,,,,,,2,,,,,,,,,,,,,,,,,,,,,,,,,2026-07-03,2026-07-03
BOOK2_LEAD_JUN26_QUIZ_V3,120246474118350003,ABP_TOF_1865_USA_CONTROL_BOOK2_V3,120246474118390003,C2E_STC_QF_BOOK2_T2,120246474118340003,2026-07-03,"Facebook Reels",android_smartphone,facebook,android_smartphone,,,,2026-06-17,Ongoing,"7-day click, 1-day view, or 1-day engaged-view",,,,,,,,,,,,,,,,,,,,,,3,,,,,,,,,,,,,,,,,,,,,,,,,2026-07-03,2026-07-03
BOOK2_LEAD_JUN26_QUIZ_V3,120246474118350003,ABP_TOF_1865_USA_CONTROL_BOOK2_V3,120246474118390003,C2E_STC_QF_BOOK2_T2,120246474118340003,2026-07-03,"Native, banner & interstitial",android_smartphone,audience_network,android_smartphone,,,,2026-06-17,Ongoing,"7-day click, 1-day view, or 1-day engaged-view",,,,,,,,,,,,,,,,,,,,,,2,,,,,,,,,,,,,,,,,,,,,,,,,2026-07-03,2026-07-03
BOOK2_LEAD_JUN26_QUIZ_V3,120246474118350003,ABP_TOF_1865_USA_CONTROL_BOOK2_V3,120246474118390003,C2E_STC_QF_BOOK2_T2,120246474118340003,2026-07-05,Feed,ipad,instagram,ipad,,,,2026-06-17,Ongoing,"7-day click, 1-day view, or 1-day engaged-view",,,,,,,,,,,,,,,,,,,,,,1,,,,,,,,,,,,,,,,,,,,,,,,,2026-07-05,2026-07-05
BOOK2_LEAD_JUN26_QUIZ_V3,120246474118350003,ABP_TOF_1865_USA_CONTROL_BOOK2_V3,120246474118390003,C2E_STC_QF_BOOK2_T2,120246474118340003,2026-07-03,"Right column",desktop,facebook,desktop,,,,2026-06-17,Ongoing,"7-day click, 1-day view, or 1-day engaged-view",,,,,,,,,,,,,,,,,,,,,,1,,,,,,,,,,,,,,,,,,,,,,,,,2026-07-03,2026-07-03
BOOK2_LEAD_JUN26_QUIZ_V3,120246474118350003,ABP_TOF_1865_USA_CONTROL_BOOK2_V3,120246474118390003,C2E_STC_QF_BOOK2_T2,120246474118340003,2026-07-03,"Facebook Reels",iphone,facebook,iphone,,,,2026-06-17,Ongoing,"7-day click, 1-day view, or 1-day engaged-view",,,,,,,,,,,,,,,,,,,,,,2,,,,,,,,,,,,,,,,,,,,,,,,,2026-07-03,2026-07-03
BOOK2_LEAD_JUN26_QUIZ_V3,120246474118350003,ABP_TOF_1865_USA_CONTROL_BOOK2_V3,120246474118390003,C2E_STC_QF_BOOK2_T2,120246474118340003,2026-07-03,Feed,iphone,facebook,iphone,,,,2026-06-17,Ongoing,"7-day click, 1-day view, or 1-day engaged-view",,,,,,,,,,,,,,,,,,,,,,2,,,,,,,,,,,,,,,,,,,,,,,,,2026-07-03,2026-07-03
BOOK2_LEAD_JUN26_QUIZ_V3,120246474118350003,ABP_TOF_1865_USA_CONTROL_BOOK2_V3,120246474118390003,C2E_STC_QF_BOOK2_T2,120246474118340003,2026-07-03,Feed,iphone,instagram,iphone,,,,2026-06-17,Ongoing,"7-day click, 1-day view, or 1-day engaged-view",,,,,,,,,,,,,,,,,,,,,,,,,,,,,,,,,,,,,,,,,,,,,,,2026-07-03,2026-07-03
BOOK2_LEAD_JUN26_QUIZ_V3,120246474118350003,ABP_TOF_1865_USA_CONTROL_BOOK2_V3,120246474118390003,C2E_STC_QF_BOOK2_T2,120246474118340003,2026-07-04,"Instagram Reels",android_smartphone,instagram,android_smartphone,,,,2026-06-17,Ongoing,"7-day click, 1-day view, or 1-day engaged-view",,,,,,,,,,,,,,,,,,,,,,,,,,,,,,,,,,,,,,,,,,,,,,,2026-07-04,2026-07-04
BOOK2_LEAD_JUN26_QUIZ_V3,120246474118350003,ABP_TOF_1865_USA_CONTROL_BOOK2_V3,120246474118390003,C2E_STC_QF_BOOK2_T2,120246474118340003,2026-07-05,Feed,desktop,facebook,desktop,,,,2026-06-17,Ongoing,"7-day click, 1-day view, or 1-day engaged-view",,,,,,,,,,,,,,,,,,,,,,1,,,,,,,,,,,,,,,,,,,,,,,,,2026-07-05,2026-07-05
BOOK2_LEAD_JUN26_QUIZ_V3,120246474118350003,ABP_TOF_1865_USA_CONTROL_BOOK2_V3,120246474118390003,C2E_STC_QF_BOOK2_T2,120246474118340003,2026-07-04,"Ads on Facebook Reels",android_smartphone,facebook,android_smartphone,,,,2026-06-17,Ongoing,"7-day click, 1-day view, or 1-day engaged-view",,,,,,,,,,,,,,,,,,,,,,1,,,,,,,,,,,,,,,,,,,,,,,,,2026-07-04,2026-07-04
BOOK2_LEAD_JUN26_QUIZ_V3,120246474118350003,ABP_TOF_1865_USA_CONTROL_BOOK2_V3,120246474118390003,C2E_STC_QF_BOOK2_T2,120246474118340003,2026-07-04,Feed,iphone,instagram,iphone,,,,2026-06-17,Ongoing,"7-day click, 1-day view, or 1-day engaged-view",,,,,,,,,,,,,,,,,,,,,,3,,,,,,,,,,,,,,,,,,,,,,,,,2026-07-04,2026-07-04
BOOK2_LEAD_JUN26_QUIZ_V3,120246474118350003,ABP_TOF_1865_USA_CONTROL_BOOK2_V3,120246474118390003,C2E_STC_QF_BOOK2_T2,120246474118340003,2026-07-04,Feed,iphone,facebook,iphone,,,,2026-06-17,Ongoing,"7-day click, 1-day view, or 1-day engaged-view",,,,,,,,,,,,,,,,,,,,,,5,,,,,,,,,,,,,,,,,,,,,,,,,2026-07-04,2026-07-04
BOOK2_LEAD_JUN26_QUIZ_V3,120246474118350003,ABP_TOF_1865_USA_CONTROL_BOOK2_V3,120246474118390003,C2E_STC_QF_BOOK2_T2,120246474118340003,2026-07-04,Feed,android_smartphone,facebook,android_smartphone,,,,2026-06-17,Ongoing,"7-day click, 1-day view, or 1-day engaged-view",,,,,,,,,,,,,,,,,,,,,,10,,,,,,,,,,,,,,,,,,,,,,,,,2026-07-04,2026-07-04
BOOK2_LEAD_JUN26_QUIZ_V3,120246474118350003,ABP_TOF_1865_USA_CONTROL_BOOK2_V3,120246474118390003,C2E_STC_QF_BOOK2_T2,120246474118340003,2026-07-04,"Facebook Reels",android_smartphone,facebook,android_smartphone,,,,2026-06-17,Ongoing,"7-day click, 1-day view, or 1-day engaged-view",,,,,,,,,,,,,,,,,,,,,,1,,,,,,,,,,,,,,,,,,,,,,,,,2026-07-04,2026-07-04
BOOK2_LEAD_JUN26_QUIZ_V3,120246474118350003,ABP_TOF_1865_USA_CONTROL_BOOK2_V3,120246474118390003,C2E_STC_QF_BOOK2_T2,120246474118340003,2026-07-04,"Facebook Reels",iphone,facebook,iphone,,,,2026-06-17,Ongoing,"7-day click, 1-day view, or 1-day engaged-view",,,,,,,,,,,,,,,,,,,,,,2,,,,,,,,,,,,,,,,,,,,,,,,,2026-07-04,2026-07-04
"BOOK2_LEAD_JUN26_QUIZ_V2 [Complete Registration]",120245678667710003,ABP_TOF_1865_USA_CONTROL_BOOK2_V1,120245678667730003,C2B_STC_QF_BOOK2_T2,120245678667720003,2026-06-11,"In-stream reels",android_smartphone,facebook,android_smartphone,,,,2026-06-06,Ongoing,"7-day click, 1-day view, or 1-day engaged-view",,,,,,,,,,,,,,,,,,,,,,1,,,,,,,,,,,,,,,,,,,,,,,,,2026-06-11,2026-06-11
"BOOK2_LEAD_JUN26_QUIZ_V2 [Complete Registration]",120245678667710003,ABP_TOF_1865_USA_CONTROL_BOOK2_V1,120245678667730003,C2B_STC_QF_BOOK2_T2,120245678667720003,2026-06-11,Feed,android_tablet,facebook,android_tablet,,,,2026-06-06,Ongoing,"7-day click, 1-day view, or 1-day engaged-view",,,,,,,,,,,,,,,,,,,,,,4,,,,,,,,,,,,,,,,,,,,,,,,,2026-06-11,2026-06-11
"BOOK2_LEAD_JUN26_QUIZ_V2 [Complete Registration]",120245678667710003,ABP_TOF_1865_USA_CONTROL_BOOK2_V1,120245678667730003,C2E_STC_QF_BOOK2_T2,120245678667700003,2026-06-10,Feed,android_smartphone,facebook,android_smartphone,,,,2026-06-06,Ongoing,"7-day click, 1-day view, or 1-day engaged-view",,,,,,,,,,,,,,,,,,,,,,1,,,,,,,,,,,,,,,,,,,,,,,,,2026-06-10,2026-06-10
"BOOK2_LEAD_JUN26_QUIZ_V2 [Complete Registration]",120245678667710003,ABP_TOF_1865_USA_CONTROL_BOOK2_V1,120245678667730003,C2B_STC_QF_BOOK2_T2,120245678667720003,2026-06-11,"Instagram Reels",iphone,instagram,iphone,,,,2026-06-06,Ongoing,"7-day click, 1-day view, or 1-day engaged-view",,,,,,,,,,,,,,,,,,,,,,1,,,,,,,,,,,,,,,,,,,,,,,,,2026-06-11,2026-06-11
"BOOK2_LEAD_JUN26_QUIZ_V2 [Complete Registration]",120245678667710003,ABP_TOF_1865_USA_CONTROL_BOOK2_V1,120245678667730003,C2B_STC_QF_BOOK2_T2,120245678667720003,2026-06-11,"Facebook Reels",android_smartphone,facebook,android_smartphone,,,,2026-06-06,Ongoing,"7-day click, 1-day view, or 1-day engaged-view",,,,,,,,,,,,,,,,,,,,,,4,,,,,,,,,,,,,,,,,,,,,,,,,2026-06-11,2026-06-11
"BOOK2_LEAD_JUN26_QUIZ_V2 [Complete Registration]",120245678667710003,ABP_TOF_1865_USA_CONTROL_BOOK2_V1,120245678667730003,C2B_STC_QF_BOOK2_T2,120245678667720003,2026-06-11,"Instagram Reels",android_smartphone,instagram,android_smartphone,,,,2026-06-06,Ongoing,"7-day click, 1-day view, or 1-day engaged-view",,,,,,,,,,,,,,,,,,,,,,1,,,,,,,,,,,,,,,,,,,,,,,,,2026-06-11,2026-06-11
"BOOK2_LEAD_JUN26_QUIZ_V2 [Complete Registration]",120245678667710003,ABP_TOF_1865_USA_CONTROL_BOOK2_V1,120245678667730003,C2F_STC_QF_BOOK2_T2,120245678667740003,2026-06-10,"Facebook Reels",iphone,facebook,iphone,,,,2026-06-06,Ongoing,"7-day click, 1-day view, or 1-day engaged-view",,,,,,,,,,,,,,,,,,,,,,1,,,,,,,,,,,,,,,,,,,,,,,,,2026-06-10,2026-06-10
"BOOK2_LEAD_JUN26_QUIZ_V2 [Complete Registration]",120245678667710003,ABP_TOF_1865_USA_CONTROL_BOOK2_V1,120245678667730003,C2E_STC_QF_BOOK2_T2,120245678667700003,2026-06-10,Feed,iphone,facebook,iphone,,,,2026-06-06,Ongoing,"7-day click, 1-day view, or 1-day engaged-view",,,,,,,,,,,,,,,,,,,,,,3,,,,,,,,,,,,,,,,,,,,,,,,,2026-06-10,2026-06-10
"BOOK2_LEAD_JUN26_QUIZ_V2 [Complete Registration]",120245678667710003,ABP_TOF_1865_USA_CONTROL_BOOK2_V1,120245678667730003,C2B_STC_QF_BOOK2_T2,120245678667720003,2026-06-10,Marketplace,android_tablet,facebook,android_tablet,,,,2026-06-06,Ongoing,"7-day click, 1-day view, or 1-day engaged-view",,,,,,,,,,,,,,,,,,,,,,1,,,,,,,,,,,,,,,,,,,,,,,,,2026-06-10,2026-06-10
"BOOK2_LEAD_JUN26_QUIZ_V2 [Complete Registration]",120245678667710003,ABP_TOF_1865_USA_CONTROL_BOOK2_V1,120245678667730003,C2F_STC_QF_BOOK2_T2,120245678667740003,2026-06-10,"Threads feed",iphone,threads,iphone,,,,2026-06-06,Ongoing,"7-day click, 1-day view, or 1-day engaged-view",,,,,,,,,,,,,,,,,,,,,,1,,,,,,,,,,,,,,,,,,,,,,,,,2026-06-10,2026-06-10
"BOOK2_LEAD_JUN26_QUIZ_V2 [Complete Registration]",120245678667710003,ABP_TOF_1865_USA_CONTROL_BOOK2_V1,120245678667730003,C2B_STC_QF_BOOK2_T2,120245678667720003,2026-06-10,Feed,iphone,instagram,iphone,,,,2026-06-06,Ongoing,"7-day click, 1-day view, or 1-day engaged-view",,,,,,,,,,,,,,,,,,,,,,,,,,,,,,,,,,,,,,,,,,,,,,,2026-06-10,2026-06-10
"BOOK2_LEAD_JUN26_QUIZ_V2 [Complete Registration]",120245678667710003,ABP_TOF_1865_USA_CONTROL_BOOK2_V1,120245678667730003,C2B_STC_QF_BOOK2_T2,120245678667720003,2026-06-10,"Threads feed",iphone,threads,iphone,,,,2026-06-06,Ongoing,"7-day click, 1-day view, or 1-day engaged-view",,,,,,,,,,,,,,,,,,,,,,1,,,,,,,,,,,,,,,,,,,,,,,,,2026-06-10,2026-06-10
"BOOK2_LEAD_JUN26_QUIZ_V2 [Complete Registration]",120245678667710003,ABP_TOF_1865_USA_CONTROL_BOOK2_V1,120245678667730003,C2B_STC_QF_BOOK2_T2,120245678667720003,2026-06-10,"Facebook Reels",iphone,facebook,iphone,,,,2026-06-06,Ongoing,"7-day click, 1-day view, or 1-day engaged-view",,,,,,,,,,,,,,,,,,,,,,2,,,,,,,,,,,,,,,,,,,,,,,,,2026-06-10,2026-06-10
"BOOK2_LEAD_JUN26_QUIZ_V2 [Complete Registration]",120245678667710003,ABP_TOF_1865_USA_CONTROL_BOOK2_V1,120245678667730003,C2B_STC_QF_BOOK2_T2,120245678667720003,2026-06-10,Feed,desktop,facebook,desktop,,,,2026-06-06,Ongoing,"7-day click, 1-day view, or 1-day engaged-view",,,,,,,,,,,,,,,,,,,,,,2,,,,,,,,,,,,,,,,,,,,,,,,,2026-06-10,2026-06-10
"BOOK2_LEAD_JUN26_QUIZ_V2 [Complete Registration]",120245678667710003,ABP_TOF_1865_USA_CONTROL_BOOK2_V1,120245678667730003,C2B_STC_QF_BOOK2_T2,120245678667720003,2026-06-10,Feed,iphone,facebook,iphone,,,,2026-06-06,Ongoing,"7-day click, 1-day view, or 1-day engaged-view",,,,,,,,,,,,,,,,,,,,,,23,,,,,,,,,,,,,,,,,,,,,,,,,2026-06-10,2026-06-10
"BOOK2_LEAD_JUN26_QUIZ_V2 [Complete Registration]",120245678667710003,ABP_TOF_1865_USA_CONTROL_BOOK2_V1,120245678667730003,C2B_STC_QF_BOOK2_T2,120245678667720003,2026-06-10,Feed,android_smartphone,instagram,android_smartphone,,,,2026-06-06,Ongoing,"7-day click, 1-day view, or 1-day engaged-view",,,,,,,,,,,,,,,,,,,,,,1,,,,,,,,,,,,,,,,,,,,,,,,,2026-06-10,2026-06-10
"BOOK2_LEAD_JUN26_QUIZ_V2 [Complete Registration]",120245678667710003,ABP_TOF_1865_USA_CONTROL_BOOK2_V1,120245678667730003,C2B_STC_QF_BOOK2_T2,120245678667720003,2026-06-11,Feed,iphone,instagram,iphone,,,,2026-06-06,Ongoing,"7-day click, 1-day view, or 1-day engaged-view",,,,,,,,,,,,,,,,,,,,,,2,,,,,,,,,,,,,,,,,,,,,,,,,2026-06-11,2026-06-11
"BOOK2_LEAD_JUN26_QUIZ_V2 [Complete Registration]",120245678667710003,ABP_TOF_1865_USA_CONTROL_BOOK2_V1,120245678667730003,C2B_STC_QF_BOOK2_T2,120245678667720003,2026-06-10,"Facebook Reels",android_smartphone,facebook,android_smartphone,,,,2026-06-06,Ongoing,"7-day click, 1-day view, or 1-day engaged-view",,,,,,,,,,,,,,,,,,,,,,2,,,,,,,,,,,,,,,,,,,,,,,,,2026-06-10,2026-06-10
"BOOK2_LEAD_JUN26_QUIZ_V2 [Complete Registration]",120245678667710003,ABP_TOF_1865_USA_CONTROL_BOOK2_V1,120245678667730003,C2B_STC_QF_BOOK2_T2,120245678667720003,2026-06-11,"Facebook Reels",iphone,facebook,iphone,,,,2026-06-06,Ongoing,"7-day click, 1-day view, or 1-day engaged-view",,,,,,,,,,,,,,,,,,,,,,3,,,,,,,,,,,,,,,,,,,,,,,,,2026-06-11,2026-06-11
"BOOK2_LEAD_JUN26_QUIZ_V2 [Complete Registration]",120245678667710003,ABP_TOF_1865_USA_CONTROL_BOOK2_V1,120245678667730003,C2B_STC_QF_BOOK2_T2,120245678667720003,2026-06-12,"Threads feed",iphone,threads,iphone,,,,2026-06-06,Ongoing,"7-day click, 1-day view, or 1-day engaged-view",,,,,,,,,,,,,,,,,,,,,,1,,,,,,,,,,,,,,,,,,,,,,,,,2026-06-12,2026-06-12
"BOOK2_LEAD_JUN26_QUIZ_V2 [Complete Registration]",120245678667710003,ABP_TOF_1865_USA_CONTROL_BOOK2_V1,120245678667730003,C2B_STC_QF_BOOK2_T2,120245678667720003,2026-06-11,Feed,iphone,facebook,iphone,,,,2026-06-06,Ongoing,"7-day click, 1-day view, or 1-day engaged-view",,,,,,,,,,,,,,,,,,,,,,14,,,,,,,,,,,,,,,,,,,,,,,,,2026-06-11,2026-06-11
"BOOK2_LEAD_JUN26_QUIZ_V2 [Complete Registration]",120245678667710003,ABP_TOF_1865_USA_CONTROL_BOOK2_V1,120245678667730003,C2B_STC_QF_BOOK2_T2,120245678667720003,2026-06-12,"Facebook Reels",android_tablet,facebook,android_tablet,,,,2026-06-06,Ongoing,"7-day click, 1-day view, or 1-day engaged-view",,,,,,,,,,,,,,,,,,,,,,1,,,,,,,,,,,,,,,,,,,,,,,,,2026-06-12,2026-06-12
"BOOK2_LEAD_JUN26_QUIZ_V2 [Complete Registration]",120245678667710003,ABP_TOF_1865_USA_CONTROL_BOOK2_V1,120245678667730003,C2B_STC_QF_BOOK2_T2,120245678667720003,2026-06-12,Feed,ipad,facebook,ipad,,,,2026-06-06,Ongoing,"7-day click, 1-day view, or 1-day engaged-view",,,,,,,,,,,,,,,,,,,,,,2,,,,,,,,,,,,,,,,,,,,,,,,,2026-06-12,2026-06-12
"BOOK2_LEAD_JUN26_QUIZ_V2 [Complete Registration]",120245678667710003,ABP_TOF_1865_USA_CONTROL_BOOK2_V1,120245678667730003,C2B_STC_QF_BOOK2_T2,120245678667720003,2026-06-10,"Threads feed",android_smartphone,threads,android_smartphone,,,,2026-06-06,Ongoing,"7-day click, 1-day view, or 1-day engaged-view",,,,,,,,,,,,,,,,,,,,,,2,,,,,,,,,,,,,,,,,,,,,,,,,2026-06-10,2026-06-10
"BOOK2_LEAD_JUN26_QUIZ_V2 [Complete Registration]",120245678667710003,ABP_TOF_1865_USA_CONTROL_BOOK2_V1,120245678667730003,C2B_STC_QF_BOOK2_T2,120245678667720003,2026-06-12,Unknown,other,unknown,iphone,,,,2026-06-06,Ongoing,"7-day click, 1-day view, or 1-day engaged-view",,,,,,,,,,,,,,,,,,,,,,2,,,,,,,,,,,,,,,,,,,,,,,,,2026-06-12,2026-06-12
"BOOK2_LEAD_JUN26_QUIZ_V2 [Complete Registration]",120245678667710003,ABP_TOF_1865_USA_CONTROL_BOOK2_V1,120245678667730003,C2B_STC_QF_BOOK2_T2,120245678667720003,2026-06-12,"Instagram Reels",iphone,instagram,iphone,,,,2026-06-06,Ongoing,"7-day click, 1-day view, or 1-day engaged-view",,,,,,,,,,,,,,,,,,,,,,1,,,,,,,,,,,,,,,,,,,,,,,,,2026-06-12,2026-06-12
"BOOK2_LEAD_JUN26_QUIZ_V2 [Complete Registration]",120245678667710003,ABP_TOF_1865_USA_CONTROL_BOOK2_V1,120245678667730003,C2B_STC_QF_BOOK2_T2,120245678667720003,2026-06-12,"Facebook Reels",iphone,facebook,iphone,,,,2026-06-06,Ongoing,"7-day click, 1-day view, or 1-day engaged-view",,,,,,,,,,,,,,,,,,,,,,3,,,,,,,,,,,,,,,,,,,,,,,,,2026-06-12,2026-06-12
"BOOK2_LEAD_JUN26_QUIZ_V2 [Complete Registration]",120245678667710003,ABP_TOF_1865_USA_CONTROL_BOOK2_V1,120245678667730003,C2B_STC_QF_BOOK2_T2,120245678667720003,2026-06-12,Feed,android_tablet,facebook,android_tablet,,,,2026-06-06,Ongoing,"7-day click, 1-day view, or 1-day engaged-view",,,,,,,,,,,,,,,,,,,,,,2,,,,,,,,,,,,,,,,,,,,,,,,,2026-06-12,2026-06-12
"BOOK2_LEAD_JUN26_QUIZ_V2 [Complete Registration]",120245678667710003,ABP_TOF_1865_USA_CONTROL_BOOK2_V1,120245678667730003,C2B_STC_QF_BOOK2_T2,120245678667720003,2026-06-12,"Facebook Reels",android_smartphone,facebook,android_smartphone,,,,2026-06-06,Ongoing,"7-day click, 1-day view, or 1-day engaged-view",,,,,,,,,,,,,,,,,,,,,,4,,,,,,,,,,,,,,,,,,,,,,,,,2026-06-12,2026-06-12
"BOOK2_LEAD_JUN26_QUIZ_V2 [Complete Registration]",120245678667710003,ABP_TOF_1865_USA_CONTROL_BOOK2_V1,120245678667730003,C2B_STC_QF_BOOK2_T2,120245678667720003,2026-06-12,Feed,android_smartphone,instagram,android_smartphone,,,,2026-06-06,Ongoing,"7-day click, 1-day view, or 1-day engaged-view",,,,,,,,,,,,,,,,,,,,,,1,,,,,,,,,,,,,,,,,,,,,,,,,2026-06-12,2026-06-12
"BOOK2_LEAD_JUN26_QUIZ_V2 [Complete Registration]",120245678667710003,ABP_TOF_1865_USA_CONTROL_BOOK2_V1,120245678667730003,C2B_STC_QF_BOOK2_T2,120245678667720003,2026-06-11,Feed,android_smartphone,facebook,android_smartphone,,,,2026-06-06,Ongoing,"7-day click, 1-day view, or 1-day engaged-view",,,,,,,,,,,,,,,,,,,,,,27,,,,,,,,,,,,,,,,,,,,,,,,,2026-06-11,2026-06-11
"BOOK2_LEAD_JUN26_QUIZ_V2 [Complete Registration]",120245678667710003,ABP_TOF_1865_USA_CONTROL_BOOK2_V1,120245678667730003,C2B_STC_QF_BOOK2_T2,120245678667720003,2026-06-12,"Threads feed",android_smartphone,threads,android_smartphone,,,,2026-06-06,Ongoing,"7-day click, 1-day view, or 1-day engaged-view",,,,,,,,,,,,,,,,,,,,,,1,,,,,,,,,,,,,,,,,,,,,,,,,2026-06-12,2026-06-12
"BOOK2_LEAD_JUN26_QUIZ_V2 [Complete Registration]",120245678667710003,ABP_TOF_1865_USA_CONTROL_BOOK2_V1,120245678667730003,C2B_STC_QF_BOOK2_T2,120245678667720003,2026-06-12,Feed,iphone,instagram,iphone,,,,2026-06-06,Ongoing,"7-day click, 1-day view, or 1-day engaged-view",,,,,,,,,,,,,,,,,,,,,,1,,,,,,,,,,,,,,,,,,,,,,,,,2026-06-12,2026-06-12
"BOOK2_LEAD_JUN26_QUIZ_V2 [Complete Registration]",120245678667710003,ABP_TOF_1865_USA_CONTROL_BOOK2_V1,120245678667730003,C2B_STC_QF_BOOK2_T2,120245678667720003,2026-06-12,Feed,iphone,facebook,iphone,,,,2026-06-06,Ongoing,"7-day click, 1-day view, or 1-day engaged-view",,,,,,,,,,,,,,,,,,,,,,13,,,,,,,,,,,,,,,,,,,,,,,,,2026-06-12,2026-06-12
"BOOK2_LEAD_JUN26_QUIZ_V2 [Complete Registration]",120245678667710003,ABP_TOF_1865_USA_CONTROL_BOOK2_V1,120245678667730003,C4E_STC_QF_BOOK2_T2,120245678667690003,2026-06-12,Feed,ipad,facebook,ipad,,,,2026-06-06,Ongoing,"7-day click, 1-day view, or 1-day engaged-view",,,,,,,,,,,,,,,,,,,,,,1,,,,,,,,,,,,,,,,,,,,,,,,,2026-06-12,2026-06-12
"BOOK2_LEAD_JUN26_QUIZ_V2 [Complete Registration]",120245678667710003,ABP_TOF_1865_USA_CONTROL_BOOK2_V1,120245678667730003,C2B_STC_QF_BOOK2_T2,120245678667720003,2026-06-11,Feed,ipad,facebook,ipad,,,,2026-06-06,Ongoing,"7-day click, 1-day view, or 1-day engaged-view",,,,,,,,,,,,,,,,,,,,,,2,,,,,,,,,,,,,,,,,,,,,,,,,2026-06-11,2026-06-11
"BOOK2_LEAD_JUN26_QUIZ_V2 [Complete Registration]",120245678667710003,ABP_TOF_1865_USA_CONTROL_BOOK2_V1,120245678667730003,C2B_STC_QF_BOOK2_T2,120245678667720003,2026-06-11,"Instagram Stories",iphone,instagram,iphone,,,,2026-06-06,Ongoing,"7-day click, 1-day view, or 1-day engaged-view",,,,,,,,,,,,,,,,,,,,,,1,,,,,,,,,,,,,,,,,,,,,,,,,2026-06-11,2026-06-11
"BOOK2_LEAD_JUN26_QUIZ_V2 [Complete Registration]",120245678667710003,ABP_TOF_1865_USA_CONTROL_BOOK2_V1,120245678667730003,C2B_STC_QF_BOOK2_T2,120245678667720003,2026-06-11,"Facebook Reels",ipad,facebook,ipad,,,,2026-06-06,Ongoing,"7-day click, 1-day view, or 1-day engaged-view",,,,,,,,,,,,,,,,,,,,,,1,,,,,,,,,,,,,,,,,,,,,,,,,2026-06-11,2026-06-11
"BOOK2_LEAD_JUN26_QUIZ_V2 [Complete Registration]",120245678667710003,ABP_TOF_1865_USA_CONTROL_BOOK2_V1,120245678667730003,C2B_STC_QF_BOOK2_T2,120245678667720003,2026-06-11,Feed,other,facebook,other,,,,2026-06-06,Ongoing,"7-day click, 1-day view, or 1-day engaged-view",,,,,,,,,,,,,,,,,,,,,,4,,,,,,,,,,,,,,,,,,,,,,,,,2026-06-11,2026-06-11
"BOOK2_LEAD_JUN26_QUIZ_V2 [Complete Registration]",120245678667710003,ABP_TOF_1865_USA_CONTROL_BOOK2_V1,120245678667730003,C2B_STC_QF_BOOK2_T2,120245678667720003,2026-06-10,Feed,android_smartphone,facebook,android_smartphone,,,,2026-06-06,Ongoing,"7-day click, 1-day view, or 1-day engaged-view",,,,,,,,,,,,,,,,,,,,,,13,,,,,,,,,,,,,,,,,,,,,,,,,2026-06-10,2026-06-10
"BOOK2_LEAD_JUN26_QUIZ_V2 [Complete Registration]",120245678667710003,ABP_TOF_1865_USA_CONTROL_BOOK2_V1,120245678667730003,C4E_STC_QF_BOOK2_T2,120245678667690003,2026-06-06,Feed,android_smartphone,facebook,android_smartphone,,,,2026-06-06,Ongoing,"7-day click, 1-day view, or 1-day engaged-view",,,,,,,,,,,,,,,,,,,,,,1,,,,,,,,,,,,,,,,,,,,,,,,,2026-06-06,2026-06-06
"BOOK2_LEAD_JUN26_QUIZ_V2 [Complete Registration]",120245678667710003,ABP_TOF_1865_USA_CONTROL_BOOK2_V1,120245678667730003,C2B_STC_QF_BOOK2_T2,120245678667720003,2026-06-10,Feed,android_tablet,facebook,android_tablet,,,,2026-06-06,Ongoing,"7-day click, 1-day view, or 1-day engaged-view",,,,,,,,,,,,,,,,,,,,,,1,,,,,,,,,,,,,,,,,,,,,,,,,2026-06-10,2026-06-10
"BOOK2_LEAD_JUN26_QUIZ_V2 [Complete Registration]",120245678667710003,ABP_TOF_1865_USA_CONTROL_BOOK2_V1,120245678667730003,C2B_STC_QF_BOOK2_T2,120245678667720003,2026-06-06,Feed,ipad,facebook,ipad,,,,2026-06-06,Ongoing,"7-day click, 1-day view, or 1-day engaged-view",,,,,,,,,,,,,,,,,,,,,,1,,,,,,,,,,,,,,,,,,,,,,,,,2026-06-06,2026-06-06
"BOOK2_LEAD_JUN26_QUIZ_V2 [Complete Registration]",120245678667710003,ABP_TOF_1865_USA_CONTROL_BOOK2_V1,120245678667730003,C2E_STC_QF_BOOK2_T2,120245678667700003,2026-06-06,"Instagram Reels",iphone,instagram,iphone,,,,2026-06-06,Ongoing,"7-day click, 1-day view, or 1-day engaged-view",,,,,,,,,,,,,,,,,,,,,,1,,,,,,,,,,,,,,,,,,,,,,,,,2026-06-06,2026-06-06
"BOOK2_LEAD_JUN26_QUIZ_V2 [Complete Registration]",120245678667710003,ABP_TOF_1865_USA_CONTROL_BOOK2_V1,120245678667730003,C2E_STC_QF_BOOK2_T2,120245678667700003,2026-06-06,Feed,iphone,instagram,iphone,,,,2026-06-06,Ongoing,"7-day click, 1-day view, or 1-day engaged-view",,,,,,,,,,,,,,,,,,,,,,1,,,,,,,,,,,,,,,,,,,,,,,,,2026-06-06,2026-06-06
"BOOK2_LEAD_JUN26_QUIZ_V2 [Complete Registration]",120245678667710003,ABP_TOF_1865_USA_CONTROL_BOOK2_V1,120245678667730003,C2B_STC_QF_BOOK2_T2,120245678667720003,2026-06-06,Feed,android_tablet,facebook,android_tablet,,,,2026-06-06,Ongoing,"7-day click, 1-day view, or 1-day engaged-view",,,,,,,,,,,,,,,,,,,,,,1,,,,,,,,,,,,,,,,,,,,,,,,,2026-06-06,2026-06-06
"BOOK2_LEAD_JUN26_QUIZ_V2 [Complete Registration]",120245678667710003,ABP_TOF_1865_USA_CONTROL_BOOK2_V1,120245678667730003,C2B_STC_QF_BOOK2_T2,120245678667720003,2026-06-06,"Threads feed",android_smartphone,threads,android_smartphone,,,,2026-06-06,Ongoing,"7-day click, 1-day view, or 1-day engaged-view",,,,,,,,,,,,,,,,,,,,,,2,,,,,,,,,,,,,,,,,,,,,,,,,2026-06-06,2026-06-06
"BOOK2_LEAD_JUN26_QUIZ_V2 [Complete Registration]",120245678667710003,ABP_TOF_1865_USA_CONTROL_BOOK2_V1,120245678667730003,C2B_STC_QF_BOOK2_T2,120245678667720003,2026-06-06,"Instagram Reels",iphone,instagram,iphone,,,,2026-06-06,Ongoing,"7-day click, 1-day view, or 1-day engaged-view",,,,,,,,,,,,,,,,,,,,,,1,,,,,,,,,,,,,,,,,,,,,,,,,2026-06-06,2026-06-06
"BOOK2_LEAD_JUN26_QUIZ_V2 [Complete Registration]",120245678667710003,ABP_TOF_1865_USA_CONTROL_BOOK2_V1,120245678667730003,C2B_STC_QF_BOOK2_T2,120245678667720003,2026-06-06,Feed,iphone,instagram,iphone,,,,2026-06-06,Ongoing,"7-day click, 1-day view, or 1-day engaged-view",,,,,,,,,,,,,,,,,,,,,,4,,,,,,,,,,,,,,,,,,,,,,,,,2026-06-06,2026-06-06
"BOOK2_LEAD_JUN26_QUIZ_V2 [Complete Registration]",120245678667710003,ABP_TOF_1865_USA_CONTROL_BOOK2_V1,120245678667730003,C2B_STC_QF_BOOK2_T2,120245678667720003,2026-06-06,Feed,iphone,facebook,iphone,,,,2026-06-06,Ongoing,"7-day click, 1-day view, or 1-day engaged-view",,,,,,,,,,,,,,,,,,,,,,3,,,,,,,,,,,,,,,,,,,,,,,,,2026-06-06,2026-06-06
"BOOK2_LEAD_JUN26_QUIZ_V2 [Complete Registration]",120245678667710003,ABP_TOF_1865_USA_CONTROL_BOOK2_V1,120245678667730003,C2B_STC_QF_BOOK2_T2,120245678667720003,2026-06-06,Feed,android_smartphone,instagram,android_smartphone,,,,2026-06-06,Ongoing,"7-day click, 1-day view, or 1-day engaged-view",,,,,,,,,,,,,,,,,,,,,,1,,,,,,,,,,,,,,,,,,,,,,,,,2026-06-06,2026-06-06
"BOOK2_LEAD_JUN26_QUIZ_V2 [Complete Registration]",120245678667710003,ABP_TOF_1865_USA_CONTROL_BOOK2_V1,120245678667730003,C2E_STC_QF_BOOK2_T2,120245678667700003,2026-06-06,"Facebook Reels",android_smartphone,facebook,android_smartphone,,,,2026-06-06,Ongoing,"7-day click, 1-day view, or 1-day engaged-view",,,,,,,,,,,,,,,,,,,,,,1,,,,,,,,,,,,,,,,,,,,,,,,,2026-06-06,2026-06-06
"BOOK2_LEAD_JUN26_QUIZ_V2 [Complete Registration]",120245678667710003,ABP_TOF_1865_USA_CONTROL_BOOK2_V1,120245678667730003,C2B_STC_QF_BOOK2_T2,120245678667720003,2026-06-06,"Facebook Reels",android_smartphone,facebook,android_smartphone,,,,2026-06-06,Ongoing,"7-day click, 1-day view, or 1-day engaged-view",,,,,,,,,,,,,,,,,,,,,,1,,,,,,,,,,,,,,,,,,,,,,,,,2026-06-06,2026-06-06
"BOOK2_LEAD_JUN26_QUIZ_V2 [Complete Registration]",120245678667710003,ABP_TOF_1865_USA_CONTROL_BOOK2_V1,120245678667730003,C2B_STC_QF_BOOK2_T2,120245678667720003,2026-06-06,"Facebook profile feed",android_smartphone,facebook,android_smartphone,,,,2026-06-06,Ongoing,"7-day click, 1-day view, or 1-day engaged-view",,,,,,,,,,,,,,,,,,,,,,1,,,,,,,,,,,,,,,,,,,,,,,,,2026-06-06,2026-06-06
"BOOK2_LEAD_JUN26_QUIZ_V2 [Complete Registration]",120245678667710003,ABP_TOF_1865_USA_CONTROL_BOOK2_V1,120245678667730003,C2B_STC_QF_BOOK2_T2,120245678667720003,2026-06-06,Feed,android_smartphone,facebook,android_smartphone,,,,2026-06-06,Ongoing,"7-day click, 1-day view, or 1-day engaged-view",,,,,,,,,,,,,,,,,,,,,,15,,,,,,,,,,,,,,,,,,,,,,,,,2026-06-06,2026-06-06
"BOOK2_LEAD_JUN26_QUIZ_V2 [Complete Registration]",120245678667710003,ABP_TOF_1865_USA_CONTROL_BOOK2_V1,120245678667730003,C4E_STC_QF_BOOK2_T2,120245678667690003,2026-06-06,"Facebook Reels",iphone,facebook,iphone,,,,2026-06-06,Ongoing,"7-day click, 1-day view, or 1-day engaged-view",,,,,,,,,,,,,,,,,,,,,,2,,,,,,,,,,,,,,,,,,,,,,,,,2026-06-06,2026-06-06
"BOOK2_LEAD_JUN26_QUIZ_V2 [Complete Registration]",120245678667710003,ABP_TOF_1865_USA_CONTROL_BOOK2_V1,120245678667730003,C4E_STC_QF_BOOK2_T2,120245678667690003,2026-06-06,"Instagram Reels",android_smartphone,instagram,android_smartphone,,,,2026-06-06,Ongoing,"7-day click, 1-day view, or 1-day engaged-view",,,,,,,,,,,,,,,,,,,,,,3,,,,,,,,,,,,,,,,,,,,,,,,,2026-06-06,2026-06-06
"BOOK2_LEAD_JUN26_QUIZ_V2 [Complete Registration]",120245678667710003,ABP_TOF_1865_USA_CONTROL_BOOK2_V1,120245678667730003,C4E_STC_QF_BOOK2_T2,120245678667690003,2026-06-06,"Instagram Stories",iphone,instagram,iphone,,,,2026-06-06,Ongoing,"7-day click, 1-day view, or 1-day engaged-view",,,,,,,,,,,,,,,,,,,,,,1,,,,,,,,,,,,,,,,,,,,,,,,,2026-06-06,2026-06-06
"BOOK2_LEAD_JUN26_QUIZ_V2 [Complete Registration]",120245678667710003,ABP_TOF_1865_USA_CONTROL_BOOK2_V1,120245678667730003,C4E_STC_QF_BOOK2_T2,120245678667690003,2026-06-06,Feed,iphone,facebook,iphone,,,,2026-06-06,Ongoing,"7-day click, 1-day view, or 1-day engaged-view",,,,,,,,,,,,,,,,,,,,,,1,,,,,,,,,,,,,,,,,,,,,,,,,2026-06-06,2026-06-06
"BOOK2_LEAD_JUN26_QUIZ_V2 [Complete Registration]",120245678667710003,ABP_TOF_1865_USA_CONTROL_BOOK2_V1,120245678667730003,C2B_STC_QF_BOOK2_T2,120245678667720003,2026-06-12,"Instagram Reels",android_smartphone,instagram,android_smartphone,,,,2026-06-06,Ongoing,"7-day click, 1-day view, or 1-day engaged-view",,,,,,,,,,,,,,,,,,,,,,1,,,,,,,,,,,,,,,,,,,,,,,,,2026-06-12,2026-06-12
"BOOK2_LEAD_JUN26_QUIZ_V2 [Complete Registration]",120245678667710003,ABP_TOF_1865_USA_CONTROL_BOOK2_V1,120245678667730003,C2E_STC_QF_BOOK2_T2,120245678667700003,2026-06-06,"Instagram Stories",android_smartphone,instagram,android_smartphone,,,,2026-06-06,Ongoing,"7-day click, 1-day view, or 1-day engaged-view",,,,,,,,,,,,,,,,,,,,,,1,,,,,,,,,,,,,,,,,,,,,,,,,2026-06-06,2026-06-06
"BOOK2_LEAD_JUN26_QUIZ_V2 [Complete Registration]",120245678667710003,ABP_TOF_1865_USA_CONTROL_BOOK2_V1,120245678667730003,C2B_STC_QF_BOOK2_T2,120245678667720003,2026-06-07,"Instagram Reels",iphone,instagram,iphone,,,,2026-06-06,Ongoing,"7-day click, 1-day view, or 1-day engaged-view",,,,,,,,,,,,,,,,,,,,,,,,,,,,,,,,,,,,,,,,,,,,,,,2026-06-07,2026-06-07
"BOOK2_LEAD_JUN26_QUIZ_V2 [Complete Registration]",120245678667710003,ABP_TOF_1865_USA_CONTROL_BOOK2_V1,120245678667730003,C2B_STC_QF_BOOK2_T2,120245678667720003,2026-06-10,Feed,ipad,facebook,ipad,,,,2026-06-06,Ongoing,"7-day click, 1-day view, or 1-day engaged-view",,,,,,,,,,,,,,,,,,,,,,1,,,,,,,,,,,,,,,,,,,,,,,,,2026-06-10,2026-06-10
"BOOK2_LEAD_JUN26_QUIZ_V2 [Complete Registration]",120245678667710003,ABP_TOF_1865_USA_CONTROL_BOOK2_V1,120245678667730003,C2B_STC_QF_BOOK2_T2,120245678667720003,2026-06-08,Feed,desktop,facebook,desktop,,,,2026-06-06,Ongoing,"7-day click, 1-day view, or 1-day engaged-view",,,,,,,,,,,,,,,,,,,,,,2,,,,,,,,,,,,,,,,,,,,,,,,,2026-06-08,2026-06-08
"BOOK2_LEAD_JUN26_QUIZ_V2 [Complete Registration]",120245678667710003,ABP_TOF_1865_USA_CONTROL_BOOK2_V1,120245678667730003,C4E_STC_QF_BOOK2_T2,120245678667690003,2026-06-10,Feed,ipad,facebook,ipad,,,,2026-06-06,Ongoing,"7-day click, 1-day view, or 1-day engaged-view",,,,,,,,,,,,,,,,,,,,,,1,,,,,,,,,,,,,,,,,,,,,,,,,2026-06-10,2026-06-10
"BOOK2_LEAD_JUN26_QUIZ_V2 [Complete Registration]",120245678667710003,ABP_TOF_1865_USA_CONTROL_BOOK2_V1,120245678667730003,C2B_STC_QF_BOOK2_T2,120245678667720003,2026-06-09,Feed,desktop,facebook,desktop,,,,2026-06-06,Ongoing,"7-day click, 1-day view, or 1-day engaged-view",,,,,,,,,,,,,,,,,,,,,,1,,,,,,,,,,,,,,,,,,,,,,,,,2026-06-09,2026-06-09
"BOOK2_LEAD_JUN26_QUIZ_V2 [Complete Registration]",120245678667710003,ABP_TOF_1865_USA_CONTROL_BOOK2_V1,120245678667730003,C2B_STC_QF_BOOK2_T2,120245678667720003,2026-06-09,Feed,android_smartphone,facebook,android_smartphone,,,,2026-06-06,Ongoing,"7-day click, 1-day view, or 1-day engaged-view",,,,,,,,,,,,,,,,,,,,,,15,,,,,,,,,,,,,,,,,,,,,,,,,2026-06-09,2026-06-09
"BOOK2_LEAD_JUN26_QUIZ_V2 [Complete Registration]",120245678667710003,ABP_TOF_1865_USA_CONTROL_BOOK2_V1,120245678667730003,C2B_STC_QF_BOOK2_T2,120245678667720003,2026-06-09,Feed,iphone,facebook,iphone,,,,2026-06-06,Ongoing,"7-day click, 1-day view, or 1-day engaged-view",,,,,,,,,,,,,,,,,,,,,,10,,,,,,,,,,,,,,,,,,,,,,,,,2026-06-09,2026-06-09
"BOOK2_LEAD_JUN26_QUIZ_V2 [Complete Registration]",120245678667710003,ABP_TOF_1865_USA_CONTROL_BOOK2_V1,120245678667730003,C2B_STC_QF_BOOK2_T2,120245678667720003,2026-06-09,"Facebook Reels",ipad,facebook,ipad,,,,2026-06-06,Ongoing,"7-day click, 1-day view, or 1-day engaged-view",,,,,,,,,,,,,,,,,,,,,,2,,,,,,,,,,,,,,,,,,,,,,,,,2026-06-09,2026-06-09
"BOOK2_LEAD_JUN26_QUIZ_V2 [Complete Registration]",120245678667710003,ABP_TOF_1865_USA_CONTROL_BOOK2_V1,120245678667730003,C2B_STC_QF_BOOK2_T2,120245678667720003,2026-06-09,Feed,ipad,facebook,ipad,,,,2026-06-06,Ongoing,"7-day click, 1-day view, or 1-day engaged-view",,,,,,,,,,,,,,,,,,,,,,1,,,,,,,,,,,,,,,,,,,,,,,,,2026-06-09,2026-06-09
"BOOK2_LEAD_JUN26_QUIZ_V2 [Complete Registration]",120245678667710003,ABP_TOF_1865_USA_CONTROL_BOOK2_V1,120245678667730003,C2B_STC_QF_BOOK2_T2,120245678667720003,2026-06-09,Feed,android_smartphone,instagram,android_smartphone,,,,2026-06-06,Ongoing,"7-day click, 1-day view, or 1-day engaged-view",,,,,,,,,,,,,,,,,,,,,,,,,,,,,,,,,,,,,,,,,,,,,,,2026-06-09,2026-06-09
"BOOK2_LEAD_JUN26_QUIZ_V2 [Complete Registration]",120245678667710003,ABP_TOF_1865_USA_CONTROL_BOOK2_V1,120245678667730003,C2B_STC_QF_BOOK2_T2,120245678667720003,2026-06-09,"Threads feed",iphone,threads,iphone,,,,2026-06-06,Ongoing,"7-day click, 1-day view, or 1-day engaged-view",,,,,,,,,,,,,,,,,,,,,,,,,,,,,,,,,,,,,,,,,,,,,,,2026-06-09,2026-06-09
"BOOK2_LEAD_JUN26_QUIZ_V2 [Complete Registration]",120245678667710003,ABP_TOF_1865_USA_CONTROL_BOOK2_V1,120245678667730003,C2B_STC_QF_BOOK2_T2,120245678667720003,2026-06-08,Feed,iphone,facebook,iphone,,,,2026-06-06,Ongoing,"7-day click, 1-day view, or 1-day engaged-view",,,,,,,,,,,,,,,,,,,,,,13,,,,,,,,,,,,,,,,,,,,,,,,,2026-06-08,2026-06-08
"BOOK2_LEAD_JUN26_QUIZ_V2 [Complete Registration]",120245678667710003,ABP_TOF_1865_USA_CONTROL_BOOK2_V1,120245678667730003,C2B_STC_QF_BOOK2_T2,120245678667720003,2026-06-07,Feed,iphone,facebook,iphone,,,,2026-06-06,Ongoing,"7-day click, 1-day view, or 1-day engaged-view",,,,,,,,,,,,,,,,,,,,,,18,,,,,,,,,,,,,,,,,,,,,,,,,2026-06-07,2026-06-07
"BOOK2_LEAD_JUN26_QUIZ_V2 [Complete Registration]",120245678667710003,ABP_TOF_1865_USA_CONTROL_BOOK2_V1,120245678667730003,C2B_STC_QF_BOOK2_T2,120245678667720003,2026-06-08,Feed,ipad,facebook,ipad,,,,2026-06-06,Ongoing,"7-day click, 1-day view, or 1-day engaged-view",,,,,,,,,,,,,,,,,,,,,,1,,,,,,,,,,,,,,,,,,,,,,,,,2026-06-08,2026-06-08
"BOOK2_LEAD_JUN26_QUIZ_V2 [Complete Registration]",120245678667710003,ABP_TOF_1865_USA_CONTROL_BOOK2_V1,120245678667730003,C2B_STC_QF_BOOK2_T2,120245678667720003,2026-06-08,"Facebook Reels",ipad,facebook,ipad,,,,2026-06-06,Ongoing,"7-day click, 1-day view, or 1-day engaged-view",,,,,,,,,,,,,,,,,,,,,,1,,,,,,,,,,,,,,,,,,,,,,,,,2026-06-08,2026-06-08
"BOOK2_LEAD_JUN26_QUIZ_V2 [Complete Registration]",120245678667710003,ABP_TOF_1865_USA_CONTROL_BOOK2_V1,120245678667730003,C2B_STC_QF_BOOK2_T2,120245678667720003,2026-06-08,Feed,android_smartphone,facebook,android_smartphone,,,,2026-06-06,Ongoing,"7-day click, 1-day view, or 1-day engaged-view",,,,,,,,,,,,,,,,,,,,,,12,,,,,,,,,,,,,,,,,,,,,,,,,2026-06-08,2026-06-08
"BOOK2_LEAD_JUN26_QUIZ_V2 [Complete Registration]",120245678667710003,ABP_TOF_1865_USA_CONTROL_BOOK2_V1,120245678667730003,C2B_STC_QF_BOOK2_T2,120245678667720003,2026-06-08,Feed,android_smartphone,instagram,android_smartphone,,,,2026-06-06,Ongoing,"7-day click, 1-day view, or 1-day engaged-view",,,,,,,,,,,,,,,,,,,,,,,,,,,,,,,,,,,,,,,,,,,,,,,2026-06-08,2026-06-08
"BOOK2_LEAD_JUN26_QUIZ_V2 [Complete Registration]",120245678667710003,ABP_TOF_1865_USA_CONTROL_BOOK2_V1,120245678667730003,C2B_STC_QF_BOOK2_T2,120245678667720003,2026-06-07,Feed,ipad,facebook,ipad,,,,2026-06-06,Ongoing,"7-day click, 1-day view, or 1-day engaged-view",,,,,,,,,,,,,,,,,,,,,,1,,,,,,,,,,,,,,,,,,,,,,,,,2026-06-07,2026-06-07
"BOOK2_LEAD_JUN26_QUIZ_V2 [Complete Registration]",120245678667710003,ABP_TOF_1865_USA_CONTROL_BOOK2_V1,120245678667730003,C2B_STC_QF_BOOK2_T2,120245678667720003,2026-06-07,Feed,iphone,instagram,iphone,,,,2026-06-06,Ongoing,"7-day click, 1-day view, or 1-day engaged-view",,,,,,,,,,,,,,,,,,,,,,3,,,,,,,,,,,,,,,,,,,,,,,,,2026-06-07,2026-06-07
"BOOK2_LEAD_JUN26_QUIZ_V2 [Complete Registration]",120245678667710003,ABP_TOF_1865_USA_CONTROL_BOOK2_V1,120245678667730003,C2B_STC_QF_BOOK2_T2,120245678667720003,2026-06-07,Feed,android_smartphone,facebook,android_smartphone,,,,2026-06-06,Ongoing,"7-day click, 1-day view, or 1-day engaged-view",,,,,,,,,,,,,,,,,,,,,,18,,,,,,,,,,,,,,,,,,,,,,,,,2026-06-07,2026-06-07
"BOOK2_LEAD_JUN26_QUIZ_V2 [Complete Registration]",120245678667710003,ABP_TOF_1865_USA_CONTROL_BOOK2_V1,120245678667730003,C2B_STC_QF_BOOK2_T2,120245678667720003,2026-06-07,Feed,android_smartphone,instagram,android_smartphone,,,,2026-06-06,Ongoing,"7-day click, 1-day view, or 1-day engaged-view",,,,,,,,,,,,,,,,,,,,,,1,,,,,,,,,,,,,,,,,,,,,,,,,2026-06-07,2026-06-07
"BOOK2_LEAD_JUN26_QUIZ_V2 [Complete Registration]",120245678667710003,ABP_TOF_1865_USA_CONTROL_BOOK2_V1,120245678667730003,C2B_STC_QF_BOOK2_T2,120245678667720003,2026-06-12,"Ads on Facebook Reels",iphone,facebook,iphone,,,,2026-06-06,Ongoing,"7-day click, 1-day view, or 1-day engaged-view",,,,,,,,,,,,,,,,,,,,,,1,,,,,,,,,,,,,,,,,,,,,,,,,2026-06-12,2026-06-12
"BOOK2_LEAD_JUN26_QUIZ_V2 [Complete Registration]",120245678667710003,ABP_TOF_1865_USA_CONTROL_BOOK2_V1,120245678667730003,C2B_STC_QF_BOOK2_T2,120245678667720003,2026-06-12,"Facebook profile feed",android_smartphone,facebook,android_smartphone,,,,2026-06-06,Ongoing,"7-day click, 1-day view, or 1-day engaged-view",,,,,,,,,,,,,,,,,,,,,,1,,,,,,,,,,,,,,,,,,,,,,,,,2026-06-12,2026-06-12
"BOOK2_LEAD_JUN26_QUIZ_V2 [Complete Registration]",120245678667710003,ABP_TOF_1865_USA_CONTROL_BOOK2_V1,120245678667730003,C2B_STC_QF_BOOK2_T2,120245678667720003,2026-06-12,Feed,android_smartphone,facebook,android_smartphone,,,,2026-06-06,Ongoing,"7-day click, 1-day view, or 1-day engaged-view",,,,,,,,,,,,,,,,,,,,,,15,,,,,,,,,,,,,,,,,,,,,,,,,2026-06-12,2026-06-12
"BOOK2_LEAD_JUN26_QUIZ_V2 [Complete Registration]",120245678667710003,ABP_TOF_1865_USA_CONTROL_BOOK2_V1,120245678667730003,C2B_STC_QF_BOOK2_T2,120245678667720003,2026-06-15,Feed,ipad,facebook,ipad,,,,2026-06-06,Ongoing,"7-day click, 1-day view, or 1-day engaged-view",,,,,,,,,,,,,,,,,,,,,,1,,,,,,,,,,,,,,,,,,,,,,,,,2026-06-15,2026-06-15
"BOOK2_LEAD_JUN26_QUIZ_V2 [Complete Registration]",120245678667710003,ABP_TOF_1865_USA_CONTROL_BOOK2_V1,120245678667730003,C2B_STC_QF_BOOK2_T2,120245678667720003,2026-06-14,Feed,android_smartphone,facebook,android_smartphone,,,,2026-06-06,Ongoing,"7-day click, 1-day view, or 1-day engaged-view",,,,,,,,,,,,,,,,,,,,,,20,,,,,,,,,,,,,,,,,,,,,,,,,2026-06-14,2026-06-14
"BOOK2_LEAD_JUN26_QUIZ_V2 [Complete Registration]",120245678667710003,ABP_TOF_1865_USA_CONTROL_BOOK2_V1,120245678667730003,C2B_STC_QF_BOOK2_T2,120245678667720003,2026-06-14,Feed,iphone,instagram,iphone,,,,2026-06-06,Ongoing,"7-day click, 1-day view, or 1-day engaged-view",,,,,,,,,,,,,,,,,,,,,,2,,,,,,,,,,,,,,,,,,,,,,,,,2026-06-14,2026-06-14
"BOOK2_LEAD_JUN26_QUIZ_V2 [Complete Registration]",120245678667710003,ABP_TOF_1865_USA_CONTROL_BOOK2_V1,120245678667730003,C2B_STC_QF_BOOK2_T2,120245678667720003,2026-06-14,"Facebook Reels",iphone,facebook,iphone,,,,2026-06-06,Ongoing,"7-day click, 1-day view, or 1-day engaged-view",,,,,,,,,,,,,,,,,,,,,,2,,,,,,,,,,,,,,,,,,,,,,,,,2026-06-14,2026-06-14
"BOOK2_LEAD_JUN26_QUIZ_V2 [Complete Registration]",120245678667710003,ABP_TOF_1865_USA_CONTROL_BOOK2_V1,120245678667730003,C2B_STC_QF_BOOK2_T2,120245678667720003,2026-06-14,"Instagram Stories",iphone,instagram,iphone,,,,2026-06-06,Ongoing,"7-day click, 1-day view, or 1-day engaged-view",,,,,,,,,,,,,,,,,,,,,,1,,,,,,,,,,,,,,,,,,,,,,,,,2026-06-14,2026-06-14
"BOOK2_LEAD_JUN26_QUIZ_V2 [Complete Registration]",120245678667710003,ABP_TOF_1865_USA_CONTROL_BOOK2_V1,120245678667730003,C2B_STC_QF_BOOK2_T2,120245678667720003,2026-06-14,Feed,iphone,facebook,iphone,,,,2026-06-06,Ongoing,"7-day click, 1-day view, or 1-day engaged-view",,,,,,,,,,,,,,,,,,,,,,21,,,,,,,,,,,,,,,,,,,,,,,,,2026-06-14,2026-06-14
"BOOK2_LEAD_JUN26_QUIZ_V2 [Complete Registration]",120245678667710003,ABP_TOF_1865_USA_CONTROL_BOOK2_V1,120245678667730003,C2B_STC_QF_BOOK2_T2,120245678667720003,2026-06-14,"Facebook Reels",android_tablet,facebook,android_tablet,,,,2026-06-06,Ongoing,"7-day click, 1-day view, or 1-day engaged-view",,,,,,,,,,,,,,,,,,,,,,1,,,,,,,,,,,,,,,,,,,,,,,,,2026-06-14,2026-06-14
"BOOK2_LEAD_JUN26_QUIZ_V2 [Complete Registration]",120245678667710003,ABP_TOF_1865_USA_CONTROL_BOOK2_V1,120245678667730003,C2B_STC_QF_BOOK2_T2,120245678667720003,2026-06-14,"Facebook Reels",other,facebook,other,,,,2026-06-06,Ongoing,"7-day click, 1-day view, or 1-day engaged-view",,,,,,,,,,,,,,,,,,,,,,1,,,,,,,,,,,,,,,,,,,,,,,,,2026-06-14,2026-06-14
"BOOK2_LEAD_JUN26_QUIZ_V2 [Complete Registration]",120245678667710003,ABP_TOF_1865_USA_CONTROL_BOOK2_V1,120245678667730003,C2E_STC_QF_BOOK2_T2,120245678667700003,2026-06-14,Feed,android_smartphone,facebook,android_smartphone,,,,2026-06-06,Ongoing,"7-day click, 1-day view, or 1-day engaged-view",,,,,,,,,,,,,,,,,,,,,,1,,,,,,,,,,,,,,,,,,,,,,,,,2026-06-14,2026-06-14
"BOOK2_LEAD_JUN26_QUIZ_V2 [Complete Registration]",120245678667710003,ABP_TOF_1865_USA_CONTROL_BOOK2_V1,120245678667730003,C2B_STC_QF_BOOK2_T2,120245678667720003,2026-06-15,"Facebook Reels",ipad,facebook,ipad,,,,2026-06-06,Ongoing,"7-day click, 1-day view, or 1-day engaged-view",,,,,,,,,,,,,,,,,,,,,,1,,,,,,,,,,,,,,,,,,,,,,,,,2026-06-15,2026-06-15
"BOOK2_LEAD_JUN26_QUIZ_V2 [Complete Registration]",120245678667710003,ABP_TOF_1865_USA_CONTROL_BOOK2_V1,120245678667730003,C2B_STC_QF_BOOK2_T2,120245678667720003,2026-06-15,Feed,other,facebook,other,,,,2026-06-06,Ongoing,"7-day click, 1-day view, or 1-day engaged-view",,,,,,,,,,,,,,,,,,,,,,1,,,,,,,,,,,,,,,,,,,,,,,,,2026-06-15,2026-06-15
"BOOK2_LEAD_JUN26_QUIZ_V2 [Complete Registration]",120245678667710003,ABP_TOF_1865_USA_CONTROL_BOOK2_V1,120245678667730003,C2B_STC_QF_BOOK2_T2,120245678667720003,2026-06-15,"In-stream reels",android_tablet,facebook,android_tablet,,,,2026-06-06,Ongoing,"7-day click, 1-day view, or 1-day engaged-view",,,,,,,,,,,,,,,,,,,,,,1,,,,,,,,,,,,,,,,,,,,,,,,,2026-06-15,2026-06-15
"BOOK2_LEAD_JUN26_QUIZ_V2 [Complete Registration]",120245678667710003,ABP_TOF_1865_USA_CONTROL_BOOK2_V1,120245678667730003,C2B_STC_QF_BOOK2_T2,120245678667720003,2026-06-15,"Search results",android_smartphone,facebook,android_smartphone,,,,2026-06-06,Ongoing,"7-day click, 1-day view, or 1-day engaged-view",,,,,,,,,,,,,,,,,,,,,,2,,,,,,,,,,,,,,,,,,,,,,,,,2026-06-15,2026-06-15
"BOOK2_LEAD_JUN26_QUIZ_V2 [Complete Registration]",120245678667710003,ABP_TOF_1865_USA_CONTROL_BOOK2_V1,120245678667730003,C2B_STC_QF_BOOK2_T2,120245678667720003,2026-06-15,Feed,desktop,facebook,desktop,,,,2026-06-06,Ongoing,"7-day click, 1-day view, or 1-day engaged-view",,,,,,,,,,,,,,,,,,,,,,1,,,,,,,,,,,,,,,,,,,,,,,,,2026-06-15,2026-06-15
"BOOK2_LEAD_JUN26_QUIZ_V2 [Complete Registration]",120245678667710003,ABP_TOF_1865_USA_CONTROL_BOOK2_V1,120245678667730003,C2B_STC_QF_BOOK2_T2,120245678667720003,2026-06-16,Feed,iphone,facebook,iphone,,,,2026-06-06,Ongoing,"7-day click, 1-day view, or 1-day engaged-view",,,,,,,,,,,,,,,,,,,,,,5,,,,,,,,,,,,,,,,,,,,,,,,,2026-06-16,2026-06-16
"BOOK2_LEAD_JUN26_QUIZ_V2 [Complete Registration]",120245678667710003,ABP_TOF_1865_USA_CONTROL_BOOK2_V1,120245678667730003,C2B_STC_QF_BOOK2_T2,120245678667720003,2026-06-14,"Facebook Reels",android_smartphone,facebook,android_smartphone,,,,2026-06-06,Ongoing,"7-day click, 1-day view, or 1-day engaged-view",,,,,,,,,,,,,,,,,,,,,,6,,,,,,,,,,,,,,,,,,,,,,,,,2026-06-14,2026-06-14
"BOOK2_LEAD_JUN26_QUIZ_V2 [Complete Registration]",120245678667710003,ABP_TOF_1865_USA_CONTROL_BOOK2_V1,120245678667730003,C2B_STC_QF_BOOK2_T2,120245678667720003,2026-06-15,"Instagram Stories",android_smartphone,instagram,android_smartphone,,,,2026-06-06,Ongoing,"7-day click, 1-day view, or 1-day engaged-view",,,,,,,,,,,,,,,,,,,,,,3,,,,,,,,,,,,,,,,,,,,,,,,,2026-06-15,2026-06-15
"BOOK2_LEAD_JUN26_QUIZ_V2 [Complete Registration]",120245678667710003,ABP_TOF_1865_USA_CONTROL_BOOK2_V1,120245678667730003,C2B_STC_QF_BOOK2_T2,120245678667720003,2026-06-15,Feed,iphone,instagram,iphone,,,,2026-06-06,Ongoing,"7-day click, 1-day view, or 1-day engaged-view",,,,,,,,,,,,,,,,,,,,,,3,,,,,,,,,,,,,,,,,,,,,,,,,2026-06-15,2026-06-15
"BOOK2_LEAD_JUN26_QUIZ_V2 [Complete Registration]",120245678667710003,ABP_TOF_1865_USA_CONTROL_BOOK2_V1,120245678667730003,C2B_STC_QF_BOOK2_T2,120245678667720003,2026-06-15,"Facebook Reels",android_smartphone,facebook,android_smartphone,,,,2026-06-06,Ongoing,"7-day click, 1-day view, or 1-day engaged-view",,,,,,,,,,,,,,,,,,,,,,6,,,,,,,,,,,,,,,,,,,,,,,,,2026-06-15,2026-06-15
"BOOK2_LEAD_JUN26_QUIZ_V2 [Complete Registration]",120245678667710003,ABP_TOF_1865_USA_CONTROL_BOOK2_V1,120245678667730003,C2B_STC_QF_BOOK2_T2,120245678667720003,2026-06-15,Feed,android_smartphone,facebook,android_smartphone,,,,2026-06-06,Ongoing,"7-day click, 1-day view, or 1-day engaged-view",,,,,,,,,,,,,,,,,,,,,,9,,,,,,,,,,,,,,,,,,,,,,,,,2026-06-15,2026-06-15
"BOOK2_LEAD_JUN26_QUIZ_V2 [Complete Registration]",120245678667710003,ABP_TOF_1865_USA_CONTROL_BOOK2_V1,120245678667730003,C2B_STC_QF_BOOK2_T2,120245678667720003,2026-06-15,"Facebook Reels",iphone,facebook,iphone,,,,2026-06-06,Ongoing,"7-day click, 1-day view, or 1-day engaged-view",,,,,,,,,,,,,,,,,,,,,,5,,,,,,,,,,,,,,,,,,,,,,,,,2026-06-15,2026-06-15
"BOOK2_LEAD_JUN26_QUIZ_V2 [Complete Registration]",120245678667710003,ABP_TOF_1865_USA_CONTROL_BOOK2_V1,120245678667730003,C2B_STC_QF_BOOK2_T2,120245678667720003,2026-06-15,"Threads feed",iphone,threads,iphone,,,,2026-06-06,Ongoing,"7-day click, 1-day view, or 1-day engaged-view",,,,,,,,,,,,,,,,,,,,,,1,,,,,,,,,,,,,,,,,,,,,,,,,2026-06-15,2026-06-15
"BOOK2_LEAD_JUN26_QUIZ_V2 [Complete Registration]",120245678667710003,ABP_TOF_1865_USA_CONTROL_BOOK2_V1,120245678667730003,C2B_STC_QF_BOOK2_T2,120245678667720003,2026-06-15,Feed,android_smartphone,instagram,android_smartphone,,,,2026-06-06,Ongoing,"7-day click, 1-day view, or 1-day engaged-view",,,,,,,,,,,,,,,,,,,,,,,,,,,,,,,,,,,,,,,,,,,,,,,2026-06-15,2026-06-15
"BOOK2_LEAD_JUN26_QUIZ_V2 [Complete Registration]",120245678667710003,ABP_TOF_1865_USA_CONTROL_BOOK2_V1,120245678667730003,C2E_STC_QF_BOOK2_T2,120245678667700003,2026-06-15,Feed,android_smartphone,facebook,android_smartphone,,,,2026-06-06,Ongoing,"7-day click, 1-day view, or 1-day engaged-view",,,,,,,,,,,,,,,,,,,,,,1,,,,,,,,,,,,,,,,,,,,,,,,,2026-06-15,2026-06-15
"BOOK2_LEAD_JUN26_QUIZ_V2 [Complete Registration]",120245678667710003,ABP_TOF_1865_USA_CONTROL_BOOK2_V1,120245678667730003,C2E_STC_QF_BOOK2_T2,120245678667700003,2026-06-15,"Facebook Reels",ipad,facebook,ipad,,,,2026-06-06,Ongoing,"7-day click, 1-day view, or 1-day engaged-view",,,,,,,,,,,,,,,,,,,,,,1,,,,,,,,,,,,,,,,,,,,,,,,,2026-06-15,2026-06-15
"BOOK2_LEAD_JUN26_QUIZ_V2 [Complete Registration]",120245678667710003,ABP_TOF_1865_USA_CONTROL_BOOK2_V1,120245678667730003,C2B_STC_QF_BOOK2_T2,120245678667720003,2026-06-16,"Instagram Reels",iphone,instagram,iphone,,,,2026-06-06,Ongoing,"7-day click, 1-day view, or 1-day engaged-view",,,,,,,,,,,,,,,,,,,,,,3,,,,,,,,,,,,,,,,,,,,,,,,,2026-06-16,2026-06-16
"BOOK2_LEAD_JUN26_QUIZ_V2 [Complete Registration]",120245678667710003,ABP_TOF_1865_USA_CONTROL_BOOK2_V1,120245678667730003,C2B_STC_QF_BOOK2_T2,120245678667720003,2026-06-16,"Facebook Reels",iphone,facebook,iphone,,,,2026-06-06,Ongoing,"7-day click, 1-day view, or 1-day engaged-view",,,,,,,,,,,,,,,,,,,,,,1,,,,,,,,,,,,,,,,,,,,,,,,,2026-06-16,2026-06-16
"BOOK2_LEAD_JUN26_QUIZ_V2 [Complete Registration]",120245678667710003,ABP_TOF_1865_USA_CONTROL_BOOK2_V1,120245678667730003,C2B_STC_QF_BOOK2_T2,120245678667720003,2026-06-16,Feed,android_smartphone,facebook,android_smartphone,,,,2026-06-06,Ongoing,"7-day click, 1-day view, or 1-day engaged-view",,,,,,,,,,,,,,,,,,,,,,2,,,,,,,,,,,,,,,,,,,,,,,,,2026-06-16,2026-06-16
"BOOK2_LEAD_JUN26_QUIZ_V2 [Complete Registration]",120245678667710003,ABP_TOF_1865_USA_CONTROL_BOOK2_V1,120245678667730003,C2B_STC_QF_BOOK2_T2,120245678667720003,2026-06-16,"Instagram Stories",iphone,instagram,iphone,,,,2026-06-06,Ongoing,"7-day click, 1-day view, or 1-day engaged-view",,,,,,,,,,,,,,,,,,,,,,1,,,,,,,,,,,,,,,,,,,,,,,,,2026-06-16,2026-06-16
"BOOK2_LEAD_JUN26_QUIZ_V2 [Complete Registration]",120245678667710003,ABP_TOF_1865_USA_CONTROL_BOOK2_V1,120245678667730003,C2B_STC_QF_BOOK2_T2,120245678667720003,2026-06-16,Marketplace,android_smartphone,facebook,android_smartphone,,,,2026-06-06,Ongoing,"7-day click, 1-day view, or 1-day engaged-view",,,,,,,,,,,,,,,,,,,,,,1,,,,,,,,,,,,,,,,,,,,,,,,,2026-06-16,2026-06-16
"BOOK2_LEAD_JUN26_QUIZ_V2 [Complete Registration]",120245678667710003,ABP_TOF_1865_USA_CONTROL_BOOK2_V1,120245678667730003,C2B_STC_QF_BOOK2_T2,120245678667720003,2026-06-14,"Facebook Reels",ipad,facebook,ipad,,,,2026-06-06,Ongoing,"7-day click, 1-day view, or 1-day engaged-view",,,,,,,,,,,,,,,,,,,,,,1,,,,,,,,,,,,,,,,,,,,,,,,,2026-06-14,2026-06-14
"BOOK2_LEAD_JUN26_QUIZ_V2 [Complete Registration]",120245678667710003,ABP_TOF_1865_USA_CONTROL_BOOK2_V1,120245678667730003,C2B_STC_QF_BOOK2_T2,120245678667720003,2026-06-15,Feed,iphone,facebook,iphone,,,,2026-06-06,Ongoing,"7-day click, 1-day view, or 1-day engaged-view",,,,,,,,,,,,,,,,,,,,,,17,,,,,,,,,,,,,,,,,,,,,,,,,2026-06-15,2026-06-15
"BOOK2_LEAD_JUN26_QUIZ_V2 [Complete Registration]",120245678667710003,ABP_TOF_1865_USA_CONTROL_BOOK2_V1,120245678667730003,C2B_STC_QF_BOOK2_T2,120245678667720003,2026-06-13,"Instagram Reels",ipad,instagram,ipad,,,,2026-06-06,Ongoing,"7-day click, 1-day view, or 1-day engaged-view",,,,,,,,,,,,,,,,,,,,,,,,,,,,,,,,,,,,,,,,,,,,,,,2026-06-13,2026-06-13
"BOOK2_LEAD_JUN26_QUIZ_V2 [Complete Registration]",120245678667710003,ABP_TOF_1865_USA_CONTROL_BOOK2_V1,120245678667730003,C2B_STC_QF_BOOK2_T2,120245678667720003,2026-06-13,"Facebook Reels",android_smartphone,facebook,android_smartphone,,,,2026-06-06,Ongoing,"7-day click, 1-day view, or 1-day engaged-view",,,,,,,,,,,,,,,,,,,,,,4,,,,,,,,,,,,,,,,,,,,,,,,,2026-06-13,2026-06-13
"BOOK2_LEAD_JUN26_QUIZ_V2 [Complete Registration]",120245678667710003,ABP_TOF_1865_USA_CONTROL_BOOK2_V1,120245678667730003,C2E_STC_QF_BOOK2_T2,120245678667700003,2026-06-12,Feed,android_smartphone,facebook,android_smartphone,,,,2026-06-06,Ongoing,"7-day click, 1-day view, or 1-day engaged-view",,,,,,,,,,,,,,,,,,,,,,1,,,,,,,,,,,,,,,,,,,,,,,,,2026-06-12,2026-06-12
"BOOK2_LEAD_JUN26_QUIZ_V2 [Complete Registration]",120245678667710003,ABP_TOF_1865_USA_CONTROL_BOOK2_V1,120245678667730003,C2B_STC_QF_BOOK2_T2,120245678667720003,2026-06-13,Feed,iphone,facebook,iphone,,,,2026-06-06,Ongoing,"7-day click, 1-day view, or 1-day engaged-view",,,,,,,,,,,,,,,,,,,,,,5,,,,,,,,,,,,,,,,,,,,,,,,,2026-06-13,2026-06-13
"BOOK2_LEAD_JUN26_QUIZ_V2 [Complete Registration]",120245678667710003,ABP_TOF_1865_USA_CONTROL_BOOK2_V1,120245678667730003,C2B_STC_QF_BOOK2_T2,120245678667720003,2026-06-13,Feed,android_smartphone,facebook,android_smartphone,,,,2026-06-06,Ongoing,"7-day click, 1-day view, or 1-day engaged-view",,,,,,,,,,,,,,,,,,,,,,17,,,,,,,,,,,,,,,,,,,,,,,,,2026-06-13,2026-06-13
"BOOK2_LEAD_JUN26_QUIZ_V2 [Complete Registration]",120245678667710003,ABP_TOF_1865_USA_CONTROL_BOOK2_V1,120245678667730003,C2B_STC_QF_BOOK2_T2,120245678667720003,2026-06-13,Feed,iphone,instagram,iphone,,,,2026-06-06,Ongoing,"7-day click, 1-day view, or 1-day engaged-view",,,,,,,,,,,,,,,,,,,,,,1,,,,,,,,,,,,,,,,,,,,,,,,,2026-06-13,2026-06-13
"BOOK2_LEAD_JUN26_QUIZ_V2 [Complete Registration]",120245678667710003,ABP_TOF_1865_USA_CONTROL_BOOK2_V1,120245678667730003,C2B_STC_QF_BOOK2_T2,120245678667720003,2026-06-13,"Facebook profile feed",iphone,facebook,iphone,,,,2026-06-06,Ongoing,"7-day click, 1-day view, or 1-day engaged-view",,,,,,,,,,,,,,,,,,,,,,1,,,,,,,,,,,,,,,,,,,,,,,,,2026-06-13,2026-06-13
"BOOK2_LEAD_JUN26_QUIZ_V2 [Complete Registration]",120245678667710003,ABP_TOF_1865_USA_CONTROL_BOOK2_V1,120245678667730003,C2B_STC_QF_BOOK2_T2,120245678667720003,2026-06-13,"Instagram Reels",android_smartphone,instagram,android_smartphone,,,,2026-06-06,Ongoing,"7-day click, 1-day view, or 1-day engaged-view",,,,,,,,,,,,,,,,,,,,,,1,,,,,,,,,,,,,,,,,,,,,,,,,2026-06-13,2026-06-13
"BOOK2_LEAD_JUN26_QUIZ_V2 [Complete Registration]",120245678667710003,ABP_TOF_1865_USA_CONTROL_BOOK2_V1,120245678667730003,C2B_STC_QF_BOOK2_T2,120245678667720003,2026-06-13,"Facebook Reels",android_tablet,facebook,android_tablet,,,,2026-06-06,Ongoing,"7-day click, 1-day view, or 1-day engaged-view",,,,,,,,,,,,,,,,,,,,,,2,,,,,,,,,,,,,,,,,,,,,,,,,2026-06-13,2026-06-13
"BOOK2_LEAD_JUN26_QUIZ_V2 [Complete Registration]",120245678667710003,ABP_TOF_1865_USA_CONTROL_BOOK2_V1,120245678667730003,C2B_STC_QF_BOOK2_T2,120245678667720003,2026-06-13,"Threads feed",iphone,threads,iphone,,,,2026-06-06,Ongoing,"7-day click, 1-day view, or 1-day engaged-view",,,,,,,,,,,,,,,,,,,,,,2,,,,,,,,,,,,,,,,,,,,,,,,,2026-06-13,2026-06-13
"BOOK2_LEAD_JUN26_QUIZ_V2 [Complete Registration]",120245678667710003,ABP_TOF_1865_USA_CONTROL_BOOK2_V1,120245678667730003,C2B_STC_QF_BOOK2_T2,120245678667720003,2026-06-13,Feed,ipad,facebook,ipad,,,,2026-06-06,Ongoing,"7-day click, 1-day view, or 1-day engaged-view",,,,,,,,,,,,,,,,,,,,,,4,,,,,,,,,,,,,,,,,,,,,,,,,2026-06-13,2026-06-13
"BOOK2_LEAD_JUN26_QUIZ_V2 [Complete Registration]",120245678667710003,ABP_TOF_1865_USA_CONTROL_BOOK2_V1,120245678667730003,C2B_STC_QF_BOOK2_T2,120245678667720003,2026-06-13,"Facebook Reels",iphone,facebook,iphone,,,,2026-06-06,Ongoing,"7-day click, 1-day view, or 1-day engaged-view",,,,,,,,,,,,,,,,,,,,,,5,,,,,,,,,,,,,,,,,,,,,,,,,2026-06-13,2026-06-13
"BOOK2_LEAD_JUN26_QUIZ_V2 [Complete Registration]",120245678667710003,ABP_TOF_1865_USA_CONTROL_BOOK2_V1,120245678667730003,C2B_STC_QF_BOOK2_T2,120245678667720003,2026-06-16,"Instagram Reels",android_smartphone,instagram,android_smartphone,,,,2026-06-06,Ongoing,"7-day click, 1-day view, or 1-day engaged-view",,,,,,,,,,,,,,,,,,,,,,,,,,,,,,,,,,,,,,,,,,,,,,,2026-06-16,2026-06-16
"BOOK2_LEAD_JUN26_QUIZ_V2 [Complete Registration]",120245678667710003,ABP_TOF_1865_USA_CONTROL_BOOK2_V1,120245678667730003,C2B_STC_QF_BOOK2_T2,120245678667720003,2026-06-13,Feed,android_tablet,facebook,android_tablet,,,,2026-06-06,Ongoing,"7-day click, 1-day view, or 1-day engaged-view",,,,,,,,,,,,,,,,,,,,,,2,,,,,,,,,,,,,,,,,,,,,,,,,2026-06-13,2026-06-13
"BOOK2_LEAD_JUN26_QUIZ_V2 [Complete Registration]",120245678667710003,ABP_TOF_1865_USA_CONTROL_BOOK2_V1,120245678667730003,C2B_STC_QF_BOOK2_T2,120245678667720003,2026-06-13,"Facebook Reels",ipad,facebook,ipad,,,,2026-06-06,Ongoing,"7-day click, 1-day view, or 1-day engaged-view",,,,,,,,,,,,,,,,,,,,,,1,,,,,,,,,,,,,,,,,,,,,,,,,2026-06-13,2026-06-13
"BOOK2_LEAD_JUN26_QUIZ_V2 [Complete Registration]",120245678667710003,ABP_TOF_1865_USA_CONTROL_BOOK2_V1,120245678667730003,C2B_STC_QF_BOOK2_T2,120245678667720003,2026-06-13,"Instagram Reels",iphone,instagram,iphone,,,,2026-06-06,Ongoing,"7-day click, 1-day view, or 1-day engaged-view",,,,,,,,,,,,,,,,,,,,,,1,,,,,,,,,,,,,,,,,,,,,,,,,2026-06-13,2026-06-13
"BOOK2_LEAD_JUN26_QUIZ_V2 [Complete Registration]",120245678667710003,ABP_TOF_1865_USA_CONTROL_BOOK2_V1,120245678667730003,C2B_STC_QF_BOOK2_T2,120245678667720003,2026-06-14,Feed,android_tablet,facebook,android_tablet,,,,2026-06-06,Ongoing,"7-day click, 1-day view, or 1-day engaged-view",,,,,,,,,,,,,,,,,,,,,,1,,,,,,,,,,,,,,,,,,,,,,,,,2026-06-14,2026-06-14
"BOOK2_LEAD_JUN26_QUIZ_V2 [Complete Registration]",120245678667710003,ABP_TOF_1865_USA_CONTROL_BOOK2_V1,120245678667730003,C2B_STC_QF_BOOK2_T2,120245678667720003,2026-06-14,"Instagram Reels",android_smartphone,instagram,android_smartphone,,,,2026-06-06,Ongoing,"7-day click, 1-day view, or 1-day engaged-view",,,,,,,,,,,,,,,,,,,,,,,,,,,,,,,,,,,,,,,,,,,,,,,2026-06-14,2026-06-14
"BOOK2_LEAD_JUN26_QUIZ_V2 [Complete Registration]",120245678667710003,ABP_TOF_1865_USA_CONTROL_BOOK2_V1,120245678667730003,C2B_STC_QF_BOOK2_T2,120245678667720003,2026-06-14,Feed,desktop,facebook,desktop,,,,2026-06-06,Ongoing,"7-day click, 1-day view, or 1-day engaged-view",,,,,,,,,,,,,,,,,,,,,,2,,,,,,,,,,,,,,,,,,,,,,,,,2026-06-14,2026-06-14
"BOOK2_LEAD_JUN26_QUIZ_V2 [Complete Registration]",120245678667710003,ABP_TOF_1865_USA_CONTROL_BOOK2_V1,120245678667730003,C2B_STC_QF_BOOK2_T2,120245678667720003,2026-06-14,Feed,android_smartphone,instagram,android_smartphone,,,,2026-06-06,Ongoing,"7-day click, 1-day view, or 1-day engaged-view",,,,,,,,,,,,,,,,,,,,,,2,,,,,,,,,,,,,,,,,,,,,,,,,2026-06-14,2026-06-14
BOOK2_LEAD_JUN26_QUIZ_V1,120245534669630003,ABP_TOF_1865_USA_CONTROL_BOOK2_V1,120245534669640003,C2E_STC_QF_BOOK2_T2,120245543244860003,2026-06-04,"Native, banner & interstitial",android_smartphone,audience_network,android_smartphone,,,,2026-06-04,Ongoing,"7-day click, 1-day view, or 1-day engaged-view",,,,,,,,,,,,,,,,,,,,,,5,,,,,,,,,,,,,,,,,,,,,,,,,2026-06-04,2026-06-04
BOOK2_LEAD_JUN26_QUIZ_V1,120245534669630003,ABP_TOF_1865_USA_CONTROL_BOOK2_V1,120245534669640003,C2F_STC_QF_BOOK2_T1,120245534669620003,2026-06-05,"Instagram Stories",iphone,instagram,iphone,,,,2026-06-04,Ongoing,"7-day click, 1-day view, or 1-day engaged-view",,,,,,,,,,,,,,,,,,,,,,1,,,,,,,,,,,,,,,,,,,,,,,,,2026-06-05,2026-06-05
BOOK2_LEAD_JUN26_QUIZ_V1,120245534669630003,ABP_TOF_1865_USA_CONTROL_BOOK2_V1,120245534669640003,C2B_STC_QF_BOOK2_T2,120245536899710003,2026-06-06,Feed,iphone,instagram,iphone,,,,2026-06-04,Ongoing,"7-day click, 1-day view, or 1-day engaged-view",,,,,,,,,,,,,,,,,,,,,,1,,,,,,,,,,,,,,,,,,,,,,,,,2026-06-06,2026-06-06
BOOK2_LEAD_JUN26_QUIZ_V1,120245534669630003,ABP_TOF_1865_USA_CONTROL_BOOK2_V1,120245534669640003,C2F_STC_QF_BOOK2_T1,120245534669620003,2026-06-05,"Instagram Reels",iphone,instagram,iphone,,,,2026-06-04,Ongoing,"7-day click, 1-day view, or 1-day engaged-view",,,,,,,,,,,,,,,,,,,,,,1,,,,,,,,,,,,,,,,,,,,,,,,,2026-06-05,2026-06-05
BOOK2_LEAD_JUN26_QUIZ_V1,120245534669630003,ABP_TOF_1865_USA_CONTROL_BOOK2_V1,120245534669640003,C2F_STC_QF_BOOK2_T1,120245534669620003,2026-06-05,"Facebook Reels",other,facebook,other,,,,2026-06-04,Ongoing,"7-day click, 1-day view, or 1-day engaged-view",,,,,,,,,,,,,,,,,,,,,,1,,,,,,,,,,,,,,,,,,,,,,,,,2026-06-05,2026-06-05
BOOK2_LEAD_JUN26_QUIZ_V1,120245534669630003,ABP_TOF_1865_USA_CONTROL_BOOK2_V1,120245534669640003,C2F_STC_QF_BOOK2_T1,120245534669620003,2026-06-05,"Facebook Stories",iphone,facebook,iphone,,,,2026-06-04,Ongoing,"7-day click, 1-day view, or 1-day engaged-view",,,,,,,,,,,,,,,,,,,,,,2,,,,,,,,,,,,,,,,,,,,,,,,,2026-06-05,2026-06-05
BOOK2_LEAD_JUN26_QUIZ_V1,120245534669630003,ABP_TOF_1865_USA_CONTROL_BOOK2_V1,120245534669640003,C2E_STC_QF_BOOK2_T2,120245543244860003,2026-06-17,Feed,android_smartphone,facebook,android_smartphone,,,,2026-06-04,Ongoing,"7-day click, 1-day view, or 1-day engaged-view",,,,,,,,,,,,,,,,,,,,,,1,,,,,,,,,,,,,,,,,,,,,,,,,2026-06-17,2026-06-17
BOOK2_LEAD_JUN26_QUIZ_V1,120245534669630003,ABP_TOF_1865_USA_CONTROL_BOOK2_V1,120245534669640003,C2E_STC_QF_BOOK2_T2,120245543244860003,2026-06-05,"Facebook Reels",ipad,facebook,ipad,,,,2026-06-04,Ongoing,"7-day click, 1-day view, or 1-day engaged-view",,,,,,,,,,,,,,,,,,,,,,3,,,,,,,,,,,,,,,,,,,,,,,,,2026-06-05,2026-06-05
BOOK2_LEAD_JUN26_QUIZ_V1,120245534669630003,ABP_TOF_1865_USA_CONTROL_BOOK2_V1,120245534669640003,C2E_STC_QF_BOOK2_T2,120245543244860003,2026-06-05,"Facebook Reels",android_smartphone,facebook,android_smartphone,,,,2026-06-04,Ongoing,"7-day click, 1-day view, or 1-day engaged-view",,,,,,,,,,,,,,,,,,,,,,2,,,,,,,,,,,,,,,,,,,,,,,,,2026-06-05,2026-06-05
BOOK2_LEAD_JUN26_QUIZ_V1,120245534669630003,ABP_TOF_1865_USA_CONTROL_BOOK2_V1,120245534669640003,C2E_STC_QF_BOOK2_T2,120245543244860003,2026-06-05,Feed,other,facebook,other,,,,2026-06-04,Ongoing,"7-day click, 1-day view, or 1-day engaged-view",,,,,,,,,,,,,,,,,,,,,,1,,,,,,,,,,,,,,,,,,,,,,,,,2026-06-05,2026-06-05
BOOK2_LEAD_JUN26_QUIZ_V1,120245534669630003,ABP_TOF_1865_USA_CONTROL_BOOK2_V1,120245534669640003,C2E_STC_QF_BOOK2_T2,120245543244860003,2026-06-05,"Ads on Facebook Reels",android_smartphone,facebook,android_smartphone,,,,2026-06-04,Ongoing,"7-day click, 1-day view, or 1-day engaged-view",,,,,,,,,,,,,,,,,,,,,,1,,,,,,,,,,,,,,,,,,,,,,,,,2026-06-05,2026-06-05
BOOK2_LEAD_JUN26_QUIZ_V1,120245534669630003,ABP_TOF_1865_USA_CONTROL_BOOK2_V1,120245534669640003,C2E_STC_QF_BOOK2_T2,120245543244860003,2026-06-05,Feed,iphone,facebook,iphone,,,,2026-06-04,Ongoing,"7-day click, 1-day view, or 1-day engaged-view",,,,,,,,,,,,,,,,,,,,,,2,,,,,,,,,,,,,,,,,,,,,,,,,2026-06-05,2026-06-05
BOOK2_LEAD_JUN26_QUIZ_V1,120245534669630003,ABP_TOF_1865_USA_CONTROL_BOOK2_V1,120245534669640003,C2E_STC_QF_BOOK2_T2,120245543244860003,2026-06-17,"Facebook Reels",android_smartphone,facebook,android_smartphone,,,,2026-06-04,Ongoing,"7-day click, 1-day view, or 1-day engaged-view",,,,,,,,,,,,,,,,,,,,,,,,,,,,,,,,,,,,,,,,,,,,,,,2026-06-17,2026-06-17
BOOK2_LEAD_JUN26_QUIZ_V1,120245534669630003,ABP_TOF_1865_USA_CONTROL_BOOK2_V1,120245534669640003,C2E_STC_QF_BOOK2_T2,120245543244860003,2026-06-17,"Native, banner & interstitial",android_smartphone,audience_network,android_smartphone,,,,2026-06-04,Ongoing,"7-day click, 1-day view, or 1-day engaged-view",,,,,,,,,,,,,,,,,,,,,,11,,,,,,,,,,,,,,,,,,,,,,,,,2026-06-17,2026-06-17
BOOK2_LEAD_JUN26_QUIZ_V1,120245534669630003,ABP_TOF_1865_USA_CONTROL_BOOK2_V1,120245534669640003,C2E_STC_QF_BOOK2_T2,120245543244860003,2026-06-17,"Native, banner & interstitial",android_tablet,audience_network,android_tablet,,,,2026-06-04,Ongoing,"7-day click, 1-day view, or 1-day engaged-view",,,,,,,,,,,,,,,,,,,,,,1,,,,,,,,,,,,,,,,,,,,,,,,,2026-06-17,2026-06-17
BOOK2_LEAD_JUN26_QUIZ_V1,120245534669630003,ABP_TOF_1865_USA_CONTROL_BOOK2_V1,120245534669640003,C2E_STC_QF_BOOK2_T2,120245543244860003,2026-06-06,"Facebook Reels",iphone,facebook,iphone,,,,2026-06-04,Ongoing,"7-day click, 1-day view, or 1-day engaged-view",,,,,,,,,,,,,,,,,,,,,,2,,,,,,,,,,,,,,,,,,,,,,,,,2026-06-06,2026-06-06
BOOK2_LEAD_JUN26_QUIZ_V1,120245534669630003,ABP_TOF_1865_USA_CONTROL_BOOK2_V1,120245534669640003,C2E_STC_QF_BOOK2_T2,120245543244860003,2026-06-04,"Facebook Reels",iphone,facebook,iphone,,,,2026-06-04,Ongoing,"7-day click, 1-day view, or 1-day engaged-view",,,,,,,,,,,,,,,,,,,,,,5,,,,,,,,,,,,,,,,,,,,,,,,,2026-06-04,2026-06-04
BOOK2_LEAD_JUN26_QUIZ_V1,120245534669630003,ABP_TOF_1865_USA_CONTROL_BOOK2_V1,120245534669640003,C2B_STC_QF_BOOK2_T2,120245536899710003,2026-06-04,"In-stream reels",android_smartphone,facebook,android_smartphone,,,,2026-06-04,Ongoing,"7-day click, 1-day view, or 1-day engaged-view",,,,,,,,,,,,,,,,,,,,,,1,,,,,,,,,,,,,,,,,,,,,,,,,2026-06-04,2026-06-04
BOOK2_LEAD_JUN26_QUIZ_V1,120245534669630003,ABP_TOF_1865_USA_CONTROL_BOOK2_V1,120245534669640003,C2B_STC_QF_BOOK2_T2,120245536899710003,2026-06-04,Feed,iphone,facebook,iphone,,,,2026-06-04,Ongoing,"7-day click, 1-day view, or 1-day engaged-view",,,,,,,,,,,,,,,,,,,,,,3,,,,,,,,,,,,,,,,,,,,,,,,,2026-06-04,2026-06-04
BOOK2_LEAD_JUN26_QUIZ_V1,120245534669630003,ABP_TOF_1865_USA_CONTROL_BOOK2_V1,120245534669640003,C2B_STC_QF_BOOK2_T2,120245536899710003,2026-06-04,Feed,android_smartphone,facebook,android_smartphone,,,,2026-06-04,Ongoing,"7-day click, 1-day view, or 1-day engaged-view",,,,,,,,,,,,,,,,,,,,,,4,,,,,,,,,,,,,,,,,,,,,,,,,2026-06-04,2026-06-04
BOOK2_LEAD_JUN26_QUIZ_V1,120245534669630003,ABP_TOF_1865_USA_CONTROL_BOOK2_V1,120245534669640003,C2B_STC_QF_BOOK2_T2,120245536899710003,2026-06-04,Feed,ipad,facebook,ipad,,,,2026-06-04,Ongoing,"7-day click, 1-day view, or 1-day engaged-view",,,,,,,,,,,,,,,,,,,,,,1,,,,,,,,,,,,,,,,,,,,,,,,,2026-06-04,2026-06-04
BOOK2_LEAD_JUN26_QUIZ_V1,120245534669630003,ABP_TOF_1865_USA_CONTROL_BOOK2_V1,120245534669640003,C2E_STC_QF_BOOK2_T2,120245543244860003,2026-06-17,"Facebook Reels",iphone,facebook,iphone,,,,2026-06-04,Ongoing,"7-day click, 1-day view, or 1-day engaged-view",,,,,,,,,,,,,,,,,,,,,,1,,,,,,,,,,,,,,,,,,,,,,,,,2026-06-17,2026-06-17
BOOK2_LEAD_JUN26_QUIZ_V1,120245534669630003,ABP_TOF_1865_USA_CONTROL_BOOK2_V1,120245534669640003,C2E_STC_QF_BOOK2_T2,120245543244860003,2026-06-06,"Threads feed",iphone,threads,iphone,,,,2026-06-04,Ongoing,"7-day click, 1-day view, or 1-day engaged-view",,,,,,,,,,,,,,,,,,,,,,2,,,,,,,,,,,,,,,,,,,,,,,,,2026-06-06,2026-06-06
BOOK2_LEAD_JUN26_QUIZ_V1,120245534669630003,ABP_TOF_1865_USA_CONTROL_BOOK2_V1,120245534669640003,C2E_STC_QF_BOOK2_T2,120245543244860003,2026-06-17,"Ads on Facebook Reels",iphone,facebook,iphone,,,,2026-06-04,Ongoing,"7-day click, 1-day view, or 1-day engaged-view",,,,,,,,,,,,,,,,,,,,,,1,,,,,,,,,,,,,,,,,,,,,,,,,2026-06-17,2026-06-17
BOOK2_LEAD_JUN26_QUIZ_V1,120245534669630003,ABP_TOF_1865_USA_CONTROL_BOOK2_V1,120245534669640003,C2E_STC_QF_BOOK2_T2,120245543244860003,2026-06-06,"Instagram Reels",android_smartphone,instagram,android_smartphone,,,,2026-06-04,Ongoing,"7-day click, 1-day view, or 1-day engaged-view",,,,,,,,,,,,,,,,,,,,,,1,,,,,,,,,,,,,,,,,,,,,,,,,2026-06-06,2026-06-06
BOOK2_LEAD_JUN26_QUIZ_V1,120245534669630003,ABP_TOF_1865_USA_CONTROL_BOOK2_V1,120245534669640003,C2E_STC_QF_BOOK2_T2,120245543244860003,2026-06-06,Feed,android_smartphone,facebook,android_smartphone,,,,2026-06-04,Ongoing,"7-day click, 1-day view, or 1-day engaged-view",,,,,,,,,,,,,,,,,,,,,,3,,,,,,,,,,,,,,,,,,,,,,,,,2026-06-06,2026-06-06
BOOK2_LEAD_JUN26_QUIZ_V1,120245534669630003,ABP_TOF_1865_USA_CONTROL_BOOK2_V1,120245534669640003,C2E_STC_QF_BOOK2_T2,120245543244860003,2026-06-06,"Facebook Reels",ipad,facebook,ipad,,,,2026-06-04,Ongoing,"7-day click, 1-day view, or 1-day engaged-view",,,,,,,,,,,,,,,,,,,,,,3,,,,,,,,,,,,,,,,,,,,,,,,,2026-06-06,2026-06-06
BOOK2_LEAD_JUN26_QUIZ_V1,120245534669630003,ABP_TOF_1865_USA_CONTROL_BOOK2_V1,120245534669640003,C2E_STC_QF_BOOK2_T2,120245543244860003,2026-06-06,"Facebook Reels",android_smartphone,facebook,android_smartphone,,,,2026-06-04,Ongoing,"7-day click, 1-day view, or 1-day engaged-view",,,,,,,,,,,,,,,,,,,,,,1,,,,,,,,,,,,,,,,,,,,,,,,,2026-06-06,2026-06-06
BOOK2_LEAD_JUN26_QUIZ_V1,120245534669630003,ABP_TOF_1865_USA_CONTROL_BOOK2_V1,120245534669640003,C2E_STC_QF_BOOK2_T2,120245543244860003,2026-06-06,Feed,iphone,facebook,iphone,,,,2026-06-04,Ongoing,"7-day click, 1-day view, or 1-day engaged-view",,,,,,,,,,,,,,,,,,,,,,3,,,,,,,,,,,,,,,,,,,,,,,,,2026-06-06,2026-06-06
BOOK2_LEAD_JUN26_QUIZ_V1,120245534669630003,ABP_TOF_1865_USA_CONTROL_BOOK2_V1,120245534669640003,C2E_STC_QF_BOOK2_T2,120245543244860003,2026-06-05,"Instagram Reels",ipad,instagram,ipad,,,,2026-06-04,Ongoing,"7-day click, 1-day view, or 1-day engaged-view",,,,,,,,,,,,,,,,,,,,,,1,,,,,,,,,,,,,,,,,,,,,,,,,2026-06-05,2026-06-05
BOOK2_LEAD_JUN26_QUIZ_V1,120245534669630003,ABP_TOF_1865_USA_CONTROL_BOOK2_V1,120245534669640003,C2E_STC_QF_BOOK2_T2,120245543244860003,2026-06-05,"Instagram Stories",iphone,instagram,iphone,,,,2026-06-04,Ongoing,"7-day click, 1-day view, or 1-day engaged-view",,,,,,,,,,,,,,,,,,,,,,1,,,,,,,,,,,,,,,,,,,,,,,,,2026-06-05,2026-06-05
BOOK2_LEAD_JUN26_QUIZ_V1,120245534669630003,ABP_TOF_1865_USA_CONTROL_BOOK2_V1,120245534669640003,C2E_STC_QF_BOOK2_T2,120245543244860003,2026-06-05,Feed,iphone,instagram,iphone,,,,2026-06-04,Ongoing,"7-day click, 1-day view, or 1-day engaged-view",,,,,,,,,,,,,,,,,,,,,,4,,,,,,,,,,,,,,,,,,,,,,,,,2026-06-05,2026-06-05
BOOK2_LEAD_JUN26_QUIZ_V1,120245534669630003,ABP_TOF_1865_USA_CONTROL_BOOK2_V1,120245534669640003,C2E_STC_QF_BOOK2_T2,120245543244860003,2026-06-05,Feed,android_smartphone,facebook,android_smartphone,,,,2026-06-04,Ongoing,"7-day click, 1-day view, or 1-day engaged-view",,,,,,,,,,,,,,,,,,,,,,6,,,,,,,,,,,,,,,,,,,,,,,,,2026-06-05,2026-06-05
BOOK2_LEAD_JUN26_QUIZ_V1,120245534669630003,ABP_TOF_1865_USA_CONTROL_BOOK2_V1,120245534669640003,C2F_STC_QF_BOOK2_T1,120245534669620003,2026-06-04,"Facebook Reels",iphone,facebook,iphone,,,,2026-06-04,Ongoing,"7-day click, 1-day view, or 1-day engaged-view",,,,,,,,,,,,,,,,,,,,,,1,,,,,,,,,,,,,,,,,,,,,,,,,2026-06-04,2026-06-04
BOOK2_LEAD_JUN26_QUIZ_V1,120245534669630003,ABP_TOF_1865_USA_CONTROL_BOOK2_V1,120245534669640003,C2E_STC_QF_BOOK2_T2,120245543244860003,2026-06-04,Feed,iphone,instagram,iphone,,,,2026-06-04,Ongoing,"7-day click, 1-day view, or 1-day engaged-view",,,,,,,,,,,,,,,,,,,,,,2,,,,,,,,,,,,,,,,,,,,,,,,,2026-06-04,2026-06-04
BOOK2_LEAD_JUN26_QUIZ_V1,120245534669630003,ABP_TOF_1865_USA_CONTROL_BOOK2_V1,120245534669640003,C2E_STC_QF_BOOK2_T2,120245543244860003,2026-06-04,"Facebook Reels",android_tablet,facebook,android_tablet,,,,2026-06-04,Ongoing,"7-day click, 1-day view, or 1-day engaged-view",,,,,,,,,,,,,,,,,,,,,,1,,,,,,,,,,,,,,,,,,,,,,,,,2026-06-04,2026-06-04
BOOK2_LEAD_JUN26_QUIZ_V1,120245534669630003,ABP_TOF_1865_USA_CONTROL_BOOK2_V1,120245534669640003,C2E_STC_QF_BOOK2_T2,120245543244860003,2026-06-04,"Instagram Reels",android_smartphone,instagram,android_smartphone,,,,2026-06-04,Ongoing,"7-day click, 1-day view, or 1-day engaged-view",,,,,,,,,,,,,,,,,,,,,,,,,,,,,,,,,,,,,,,,,,,,,,,2026-06-04,2026-06-04
BOOK2_LEAD_JUN26_QUIZ_V1,120245534669630003,ABP_TOF_1865_USA_CONTROL_BOOK2_V1,120245534669640003,C2F_STC_QF_BOOK2_T1,120245534669620003,2026-06-04,"Threads feed",iphone,threads,iphone,,,,2026-06-04,Ongoing,"7-day click, 1-day view, or 1-day engaged-view",,,,,,,,,,,,,,,,,,,,,,1,,,,,,,,,,,,,,,,,,,,,,,,,2026-06-04,2026-06-04
BOOK2_LEAD_JUN26_QUIZ_V1,120245534669630003,ABP_TOF_1865_USA_CONTROL_BOOK2_V1,120245534669640003,C2F_STC_QF_BOOK2_T1,120245534669620003,2026-06-04,Feed,android_smartphone,instagram,android_smartphone,,,,2026-06-04,Ongoing,"7-day click, 1-day view, or 1-day engaged-view",,,,,,,,,,,,,,,,,,,,,,1,,,,,,,,,,,,,,,,,,,,,,,,,2026-06-04,2026-06-04
BOOK2_LEAD_JUN26_QUIZ_V1,120245534669630003,ABP_TOF_1865_USA_CONTROL_BOOK2_V1,120245534669640003,C2E_STC_QF_BOOK2_T2,120245543244860003,2026-06-04,"Facebook Stories",iphone,facebook,iphone,,,,2026-06-04,Ongoing,"7-day click, 1-day view, or 1-day engaged-view",,,,,,,,,,,,,,,,,,,,,,1,,,,,,,,,,,,,,,,,,,,,,,,,2026-06-04,2026-06-04
BOOK2_LEAD_JUN26_QUIZ_V1,120245534669630003,ABP_TOF_1865_USA_CONTROL_BOOK2_V1,120245534669640003,C2E_STC_QF_BOOK2_T2,120245543244860003,2026-06-04,"Threads feed",iphone,threads,iphone,,,,2026-06-04,Ongoing,"7-day click, 1-day view, or 1-day engaged-view",,,,,,,,,,,,,,,,,,,,,,1,,,,,,,,,,,,,,,,,,,,,,,,,2026-06-04,2026-06-04
BOOK2_LEAD_JUN26_QUIZ_V1,120245534669630003,ABP_TOF_1865_USA_CONTROL_BOOK2_V1,120245534669640003,C4E_STC_QF_BOOK2_T1,120245545794510003,2026-06-04,Feed,android_smartphone,instagram,android_smartphone,,,,2026-06-04,Ongoing,"7-day click, 1-day view, or 1-day engaged-view",,,,,,,,,,,,,,,,,,,,,,1,,,,,,,,,,,,,,,,,,,,,,,,,2026-06-04,2026-06-04
BOOK2_LEAD_JUN26_QUIZ_V1,120245534669630003,ABP_TOF_1865_USA_CONTROL_BOOK2_V1,120245534669640003,C2E_STC_QF_BOOK2_T2,120245543244860003,2026-06-04,"Instagram Reels",iphone,instagram,iphone,,,,2026-06-04,Ongoing,"7-day click, 1-day view, or 1-day engaged-view",,,,,,,,,,,,,,,,,,,,,,3,,,,,,,,,,,,,,,,,,,,,,,,,2026-06-04,2026-06-04
BOOK2_LEAD_JUN26_QUIZ_V1,120245534669630003,ABP_TOF_1865_USA_CONTROL_BOOK2_V1,120245534669640003,C2E_STC_QF_BOOK2_T2,120245543244860003,2026-06-04,"Facebook Reels",android_smartphone,facebook,android_smartphone,,,,2026-06-04,Ongoing,"7-day click, 1-day view, or 1-day engaged-view",,,,,,,,,,,,,,,,,,,,,,4,,,,,,,,,,,,,,,,,,,,,,,,,2026-06-04,2026-06-04
BOOK2_LEAD_JUN26_QUIZ_V1,120245534669630003,ABP_TOF_1865_USA_CONTROL_BOOK2_V1,120245534669640003,C2E_STC_QF_BOOK2_T2,120245543244860003,2026-06-04,Feed,android_smartphone,instagram,android_smartphone,,,,2026-06-04,Ongoing,"7-day click, 1-day view, or 1-day engaged-view",,,,,,,,,,,,,,,,,,,,,,2,,,,,,,,,,,,,,,,,,,,,,,,,2026-06-04,2026-06-04
BOOK2_LEAD_JUN26_QUIZ_V1,120245534669630003,ABP_TOF_1865_USA_CONTROL_BOOK2_V1,120245534669640003,C2F_STC_QF_BOOK2_T1,120245534669620003,2026-06-04,"Instagram Stories",android_smartphone,instagram,android_smartphone,,,,2026-06-04,Ongoing,"7-day click, 1-day view, or 1-day engaged-view",,,,,,,,,,,,,,,,,,,,,,3,,,,,,,,,,,,,,,,,,,,,,,,,2026-06-04,2026-06-04
BOOK2_LEAD_JUN26_QUIZ_V1,120245534669630003,ABP_TOF_1865_USA_CONTROL_BOOK2_V1,120245534669640003,C2F_STC_QF_BOOK2_T1,120245534669620003,2026-06-04,Feed,android_smartphone,facebook,android_smartphone,,,,2026-06-04,Ongoing,"7-day click, 1-day view, or 1-day engaged-view",,,,,,,,,,,,,,,,,,,,,,2,,,,,,,,,,,,,,,,,,,,,,,,,2026-06-04,2026-06-04
BOOK2_LEAD_JUN26_QUIZ_V1,120245534669630003,ABP_TOF_1865_USA_CONTROL_BOOK2_V1,120245534669640003,C2F_STC_QF_BOOK2_T1,120245534669620003,2026-06-04,Feed,iphone,facebook,iphone,,,,2026-06-04,Ongoing,"7-day click, 1-day view, or 1-day engaged-view",,,,,,,,,,,,,,,,,,,,,,7,,,,,,,,,,,,,,,,,,,,,,,,,2026-06-04,2026-06-04
BOOK2_LEAD_JUN26_QUIZ_V1,120245534669630003,ABP_TOF_1865_USA_CONTROL_BOOK2_V1,120245534669640003,C2E_STC_QF_BOOK2_T2,120245543244860003,2026-06-05,"Facebook Reels",iphone,facebook,iphone,,,,2026-06-04,Ongoing,"7-day click, 1-day view, or 1-day engaged-view",,,,,,,,,,,,,,,,,,,,,,2,,,,,,,,,,,,,,,,,,,,,,,,,2026-06-05,2026-06-05
BOOK2_LEAD_JUN26_QUIZ_V1,120245534669630003,ABP_TOF_1865_USA_CONTROL_BOOK2_V1,120245534669640003,C2F_STC_QF_BOOK2_T1,120245534669620003,2026-06-04,Feed,android_tablet,facebook,android_tablet,,,,2026-06-04,Ongoing,"7-day click, 1-day view, or 1-day engaged-view",,,,,,,,,,,,,,,,,,,,,,1,,,,,,,,,,,,,,,,,,,,,,,,,2026-06-04,2026-06-04
BOOK2_LEAD_JUN26_QUIZ_V1,120245534669630003,ABP_TOF_1865_USA_CONTROL_BOOK2_V1,120245534669640003,C2B_STC_QF_BOOK2_T2,120245536899710003,2026-06-05,Feed,iphone,instagram,iphone,,,,2026-06-04,Ongoing,"7-day click, 1-day view, or 1-day engaged-view",,,,,,,,,,,,,,,,,,,,,,2,,,,,,,,,,,,,,,,,,,,,,,,,2026-06-05,2026-06-05
BOOK2_LEAD_JUN26_QUIZ_V1,120245534669630003,ABP_TOF_1865_USA_CONTROL_BOOK2_V1,120245534669640003,C2B_STC_QF_BOOK2_T2,120245536899710003,2026-06-05,Feed,android_smartphone,facebook,android_smartphone,,,,2026-06-04,Ongoing,"7-day click, 1-day view, or 1-day engaged-view",,,,,,,,,,,,,,,,,,,,,,5,,,,,,,,,,,,,,,,,,,,,,,,,2026-06-05,2026-06-05
BOOK2_LEAD_JUN26_QUIZ_V1,120245534669630003,ABP_TOF_1865_USA_CONTROL_BOOK2_V1,120245534669640003,C2B_STC_QF_BOOK2_T2,120245536899710003,2026-06-04,Feed,iphone,instagram,iphone,,,,2026-06-04,Ongoing,"7-day click, 1-day view, or 1-day engaged-view",,,,,,,,,,,,,,,,,,,,,,1,,,,,,,,,,,,,,,,,,,,,,,,,2026-06-04,2026-06-04
BOOK2_LEAD_JUN26_QUIZ_V1,120245534669630003,ABP_TOF_1865_USA_CONTROL_BOOK2_V1,120245534669640003,C2E_STC_QF_BOOK2_T2,120245543244860003,2026-06-04,"Instagram Stories",iphone,instagram,iphone,,,,2026-06-04,Ongoing,"7-day click, 1-day view, or 1-day engaged-view",,,,,,,,,,,,,,,,,,,,,,3,,,,,,,,,,,,,,,,,,,,,,,,,2026-06-04,2026-06-04
BOOK2_LEAD_JUN26_QUIZ_V1,120245534669630003,ABP_TOF_1865_USA_CONTROL_BOOK2_V1,120245534669640003,C2B_STC_QF_BOOK2_T2,120245536899710003,2026-06-05,Feed,iphone,facebook,iphone,,,,2026-06-04,Ongoing,"7-day click, 1-day view, or 1-day engaged-view",,,,,,,,,,,,,,,,,,,,,,2,,,,,,,,,,,,,,,,,,,,,,,,,2026-06-05,2026-06-05
BOOK2_LEAD_JUN26_QUIZ_V1,120245534669630003,ABP_TOF_1865_USA_CONTROL_BOOK2_V1,120245534669640003,C2B_STC_QF_BOOK2_T2,120245536899710003,2026-06-05,"Instagram Reels",android_smartphone,instagram,android_smartphone,,,,2026-06-04,Ongoing,"7-day click, 1-day view, or 1-day engaged-view",,,,,,,,,,,,,,,,,,,,,,2,,,,,,,,,,,,,,,,,,,,,,,,,2026-06-05,2026-06-05
BOOK2_LEAD_JUN26_QUIZ_V1,120245534669630003,ABP_TOF_1865_USA_CONTROL_BOOK2_V1,120245534669640003,C2B_STC_QF_BOOK2_T2,120245536899710003,2026-06-05,"Instagram Reels",iphone,instagram,iphone,,,,2026-06-04,Ongoing,"7-day click, 1-day view, or 1-day engaged-view",,,,,,,,,,,,,,,,,,,,,,1,,,,,,,,,,,,,,,,,,,,,,,,,2026-06-05,2026-06-05
BOOK2_LEAD_JUN26_QUIZ_V1,120245534669630003,ABP_TOF_1865_USA_CONTROL_BOOK2_V1,120245534669640003,C2B_STC_QF_BOOK2_T2,120245536899710003,2026-06-05,Feed,android_tablet,facebook,android_tablet,,,,2026-06-04,Ongoing,"7-day click, 1-day view, or 1-day engaged-view",,,,,,,,,,,,,,,,,,,,,,1,,,,,,,,,,,,,,,,,,,,,,,,,2026-06-05,2026-06-05
BOOK2_LEAD_JUN26_QUIZ_V1,120245534669630003,ABP_TOF_1865_USA_CONTROL_BOOK2_V1,120245534669640003,C2E_STC_QF_BOOK2_T2,120245543244860003,2026-06-05,"Threads feed",iphone,threads,iphone,,,,2026-06-04,Ongoing,"7-day click, 1-day view, or 1-day engaged-view",,,,,,,,,,,,,,,,,,,,,,1,,,,,,,,,,,,,,,,,,,,,,,,,2026-06-05,2026-06-05
BOOK2_LEAD_JUN26_QUIZ_V1,120245534669630003,ABP_TOF_1865_USA_CONTROL_BOOK2_V1,120245534669640003,C2E_STC_QF_BOOK2_T2,120245543244860003,2026-06-05,"Facebook Notifications",iphone,facebook,iphone,,,,2026-06-04,Ongoing,"7-day click, 1-day view, or 1-day engaged-view",,,,,,,,,,,,,,,,,,,,,,1,,,,,,,,,,,,,,,,,,,,,,,,,2026-06-05,2026-06-05
BOOK2_LEAD_JUN26_QUIZ_V1,120245534669630003,ABP_TOF_1865_USA_CONTROL_BOOK2_V1,120245534669640003,C2E_STC_QF_BOOK2_T2,120245543244860003,2026-06-04,Feed,iphone,facebook,iphone,,,,2026-06-04,Ongoing,"7-day click, 1-day view, or 1-day engaged-view",,,,,,,,,,,,,,,,,,,,,,4,,,,,,,,,,,,,,,,,,,,,,,,,2026-06-04,2026-06-04
BOOK2_LEAD_JUN26_QUIZ_V1,120245534669630003,ABP_TOF_1865_USA_CONTROL_BOOK2_V1,120245534669640003,C2E_STC_QF_BOOK2_T2,120245543244860003,2026-06-05,"Instagram Reels",iphone,instagram,iphone,,,,2026-06-04,Ongoing,"7-day click, 1-day view, or 1-day engaged-view",,,,,,,,,,,,,,,,,,,,,,1,,,,,,,,,,,,,,,,,,,,,,,,,2026-06-05,2026-06-05
BOOK2_LEAD_JUN26_QUIZ_V1,120245534669630003,ABP_TOF_1865_USA_CONTROL_BOOK2_V1,120245534669640003,C2E_STC_QF_BOOK2_T2,120245543244860003,2026-06-04,Feed,android_smartphone,facebook,android_smartphone,,,,2026-06-04,Ongoing,"7-day click, 1-day view, or 1-day engaged-view",,,,,,,,,,,,,,,,,,,,,,15,,,,,,,,,,,,,,,,,,,,,,,,,2026-06-04,2026-06-04
BOOK2_LEAD_JUN26_QUIZ_V1,120245534669630003,ABP_TOF_1865_USA_CONTROL_BOOK2_V1,120245534669640003,C2F_STC_QF_BOOK2_T1,120245534669620003,2026-06-04,Feed,iphone,instagram,iphone,,,,2026-06-04,Ongoing,"7-day click, 1-day view, or 1-day engaged-view",,,,,,,,,,,,,,,,,,,,,,3,,,,,,,,,,,,,,,,,,,,,,,,,2026-06-04,2026-06-04
BOOK2_LEAD_JUN26_QUIZ_V1,120245534669630003,ABP_TOF_1865_USA_CONTROL_BOOK2_V1,120245534669640003,C2E_STC_QF_BOOK2_T2,120245543244860003,2026-06-16,"Native, banner & interstitial",android_tablet,audience_network,android_tablet,,,,2026-06-04,Ongoing,"7-day click, 1-day view, or 1-day engaged-view",,,,,,,,,,,,,,,,,,,,,,1,,,,,,,,,,,,,,,,,,,,,,,,,2026-06-16,2026-06-16
BOOK2_LEAD_JUN26_QUIZ_V1,120245534669630003,ABP_TOF_1865_USA_CONTROL_BOOK2_V1,120245534669640003,C2B_STC_QF_BOOK2_T2,120245536899710003,2026-06-15,"Native, banner & interstitial",android_tablet,audience_network,android_tablet,,,,2026-06-04,Ongoing,"7-day click, 1-day view, or 1-day engaged-view",,,,,,,,,,,,,,,,,,,,,,1,,,,,,,,,,,,,,,,,,,,,,,,,2026-06-15,2026-06-15
BOOK2_LEAD_JUN26_QUIZ_V1,120245534669630003,ABP_TOF_1865_USA_CONTROL_BOOK2_V1,120245534669640003,C2E_STC_QF_BOOK2_T2,120245543244860003,2026-06-08,Feed,iphone,facebook,iphone,,,,2026-06-04,Ongoing,"7-day click, 1-day view, or 1-day engaged-view",,,,,,,,,,,,,,,,,,,,,,1,,,,,,,,,,,,,,,,,,,,,,,,,2026-06-08,2026-06-08
BOOK2_LEAD_JUN26_QUIZ_V1,120245534669630003,ABP_TOF_1865_USA_CONTROL_BOOK2_V1,120245534669640003,C2E_STC_QF_BOOK2_T2,120245543244860003,2026-06-08,"Native, banner & interstitial",android_smartphone,audience_network,android_smartphone,,,,2026-06-04,Ongoing,"7-day click, 1-day view, or 1-day engaged-view",,,,,,,,,,,,,,,,,,,,,,1,,,,,,,,,,,,,,,,,,,,,,,,,2026-06-08,2026-06-08
BOOK2_LEAD_JUN26_QUIZ_V1,120245534669630003,ABP_TOF_1865_USA_CONTROL_BOOK2_V1,120245534669640003,C2B_STC_QF_BOOK2_T2,120245536899710003,2026-06-16,Feed,iphone,facebook,iphone,,,,2026-06-04,Ongoing,"7-day click, 1-day view, or 1-day engaged-view",,,,,,,,,,,,,,,,,,,,,,1,,,,,,,,,,,,,,,,,,,,,,,,,2026-06-16,2026-06-16
BOOK2_LEAD_JUN26_QUIZ_V1,120245534669630003,ABP_TOF_1865_USA_CONTROL_BOOK2_V1,120245534669640003,C2B_STC_QF_BOOK2_T2,120245536899710003,2026-06-09,Feed,android_tablet,facebook,android_tablet,,,,2026-06-04,Ongoing,"7-day click, 1-day view, or 1-day engaged-view",,,,,,,,,,,,,,,,,,,,,,1,,,,,,,,,,,,,,,,,,,,,,,,,2026-06-09,2026-06-09
BOOK2_LEAD_JUN26_QUIZ_V1,120245534669630003,ABP_TOF_1865_USA_CONTROL_BOOK2_V1,120245534669640003,C2B_STC_QF_BOOK2_T2,120245536899710003,2026-06-09,"Ads on Facebook Reels",android_smartphone,facebook,android_smartphone,,,,2026-06-04,Ongoing,"7-day click, 1-day view, or 1-day engaged-view",,,,,,,,,,,,,,,,,,,,,,1,,,,,,,,,,,,,,,,,,,,,,,,,2026-06-09,2026-06-09
BOOK2_LEAD_JUN26_QUIZ_V1,120245534669630003,ABP_TOF_1865_USA_CONTROL_BOOK2_V1,120245534669640003,C2B_STC_QF_BOOK2_T2,120245536899710003,2026-06-09,Feed,ipad,facebook,ipad,,,,2026-06-04,Ongoing,"7-day click, 1-day view, or 1-day engaged-view",,,,,,,,,,,,,,,,,,,,,,1,,,,,,,,,,,,,,,,,,,,,,,,,2026-06-09,2026-06-09
BOOK2_LEAD_JUN26_QUIZ_V1,120245534669630003,ABP_TOF_1865_USA_CONTROL_BOOK2_V1,120245534669640003,C2B_STC_QF_BOOK2_T2,120245536899710003,2026-06-09,"Instagram Reels",ipad,instagram,ipad,,,,2026-06-04,Ongoing,"7-day click, 1-day view, or 1-day engaged-view",,,,,,,,,,,,,,,,,,,,,,1,,,,,,,,,,,,,,,,,,,,,,,,,2026-06-09,2026-06-09
BOOK2_LEAD_JUN26_QUIZ_V1,120245534669630003,ABP_TOF_1865_USA_CONTROL_BOOK2_V1,120245534669640003,C2B_STC_QF_BOOK2_T2,120245536899710003,2026-06-09,Feed,iphone,facebook,iphone,,,,2026-06-04,Ongoing,"7-day click, 1-day view, or 1-day engaged-view",,,,,,,,,,,,,,,,,,,,,,8,,,,,,,,,,,,,,,,,,,,,,,,,2026-06-09,2026-06-09
BOOK2_LEAD_JUN26_QUIZ_V1,120245534669630003,ABP_TOF_1865_USA_CONTROL_BOOK2_V1,120245534669640003,C2B_STC_QF_BOOK2_T2,120245536899710003,2026-06-09,Feed,android_smartphone,facebook,android_smartphone,,,,2026-06-04,Ongoing,"7-day click, 1-day view, or 1-day engaged-view",,,,,,,,,,,,,,,,,,,,,,10,,,,,,,,,,,,,,,,,,,,,,,,,2026-06-09,2026-06-09
BOOK2_LEAD_JUN26_QUIZ_V1,120245534669630003,ABP_TOF_1865_USA_CONTROL_BOOK2_V1,120245534669640003,C2B_STC_QF_BOOK2_T2,120245536899710003,2026-06-09,Feed,desktop,facebook,desktop,,,,2026-06-04,Ongoing,"7-day click, 1-day view, or 1-day engaged-view",,,,,,,,,,,,,,,,,,,,,,2,,,,,,,,,,,,,,,,,,,,,,,,,2026-06-09,2026-06-09
BOOK2_LEAD_JUN26_QUIZ_V1,120245534669630003,ABP_TOF_1865_USA_CONTROL_BOOK2_V1,120245534669640003,C2B_STC_QF_BOOK2_T2,120245536899710003,2026-06-10,Feed,iphone,facebook,iphone,,,,2026-06-04,Ongoing,"7-day click, 1-day view, or 1-day engaged-view",,,,,,,,,,,,,,,,,,,,,,9,,,,,,,,,,,,,,,,,,,,,,,,,2026-06-10,2026-06-10
BOOK2_LEAD_JUN26_QUIZ_V1,120245534669630003,ABP_TOF_1865_USA_CONTROL_BOOK2_V1,120245534669640003,C2B_STC_QF_BOOK2_T2,120245536899710003,2026-06-10,Feed,android_smartphone,facebook,android_smartphone,,,,2026-06-04,Ongoing,"7-day click, 1-day view, or 1-day engaged-view",,,,,,,,,,,,,,,,,,,,,,9,,,,,,,,,,,,,,,,,,,,,,,,,2026-06-10,2026-06-10
BOOK2_LEAD_JUN26_QUIZ_V1,120245534669630003,ABP_TOF_1865_USA_CONTROL_BOOK2_V1,120245534669640003,C2B_STC_QF_BOOK2_T2,120245536899710003,2026-06-10,"Facebook Reels",iphone,facebook,iphone,,,,2026-06-04,Ongoing,"7-day click, 1-day view, or 1-day engaged-view",,,,,,,,,,,,,,,,,,,,,,,,,,,,,,,,,,,,,,,,,,,,,,,2026-06-10,2026-06-10
BOOK2_LEAD_JUN26_QUIZ_V1,120245534669630003,ABP_TOF_1865_USA_CONTROL_BOOK2_V1,120245534669640003,C2B_STC_QF_BOOK2_T2,120245536899710003,2026-06-15,Feed,iphone,facebook,iphone,,,,2026-06-04,Ongoing,"7-day click, 1-day view, or 1-day engaged-view",,,,,,,,,,,,,,,,,,,,,,1,,,,,,,,,,,,,,,,,,,,,,,,,2026-06-15,2026-06-15
BOOK2_LEAD_JUN26_QUIZ_V1,120245534669630003,ABP_TOF_1865_USA_CONTROL_BOOK2_V1,120245534669640003,C2B_STC_QF_BOOK2_T2,120245536899710003,2026-06-15,Feed,android_smartphone,facebook,android_smartphone,,,,2026-06-04,Ongoing,"7-day click, 1-day view, or 1-day engaged-view",,,,,,,,,,,,,,,,,,,,,,1,,,,,,,,,,,,,,,,,,,,,,,,,2026-06-15,2026-06-15
BOOK2_LEAD_JUN26_QUIZ_V1,120245534669630003,ABP_TOF_1865_USA_CONTROL_BOOK2_V1,120245534669640003,C2E_STC_QF_BOOK2_T2,120245543244860003,2026-06-08,Feed,android_smartphone,facebook,android_smartphone,,,,2026-06-04,Ongoing,"7-day click, 1-day view, or 1-day engaged-view",,,,,,,,,,,,,,,,,,,,,,1,,,,,,,,,,,,,,,,,,,,,,,,,2026-06-08,2026-06-08
BOOK2_LEAD_JUN26_QUIZ_V1,120245534669630003,ABP_TOF_1865_USA_CONTROL_BOOK2_V1,120245534669640003,C2B_STC_QF_BOOK2_T2,120245536899710003,2026-06-12,Feed,android_smartphone,instagram,android_smartphone,,,,2026-06-04,Ongoing,"7-day click, 1-day view, or 1-day engaged-view",,,,,,,,,,,,,,,,,,,,,,1,,,,,,,,,,,,,,,,,,,,,,,,,2026-06-12,2026-06-12
BOOK2_LEAD_JUN26_QUIZ_V1,120245534669630003,ABP_TOF_1865_USA_CONTROL_BOOK2_V1,120245534669640003,C2B_STC_QF_BOOK2_T2,120245536899710003,2026-06-13,Feed,iphone,facebook,iphone,,,,2026-06-04,Ongoing,"7-day click, 1-day view, or 1-day engaged-view",,,,,,,,,,,,,,,,,,,,,,,,,,,,,,,,,,,,,,,,,,,,,,,2026-06-13,2026-06-13
BOOK2_LEAD_JUN26_QUIZ_V1,120245534669630003,ABP_TOF_1865_USA_CONTROL_BOOK2_V1,120245534669640003,C2E_STC_QF_BOOK2_T2,120245543244860003,2026-06-16,"Facebook Reels",iphone,facebook,iphone,,,,2026-06-04,Ongoing,"7-day click, 1-day view, or 1-day engaged-view",,,,,,,,,,,,,,,,,,,,,,1,,,,,,,,,,,,,,,,,,,,,,,,,2026-06-16,2026-06-16
BOOK2_LEAD_JUN26_QUIZ_V1,120245534669630003,ABP_TOF_1865_USA_CONTROL_BOOK2_V1,120245534669640003,C2B_STC_QF_BOOK2_T2,120245536899710003,2026-06-13,"Facebook profile feed",android_smartphone,facebook,android_smartphone,,,,2026-06-04,Ongoing,"7-day click, 1-day view, or 1-day engaged-view",,,,,,,,,,,,,,,,,,,,,,1,,,,,,,,,,,,,,,,,,,,,,,,,2026-06-13,2026-06-13
BOOK2_LEAD_JUN26_QUIZ_V1,120245534669630003,ABP_TOF_1865_USA_CONTROL_BOOK2_V1,120245534669640003,C2B_STC_QF_BOOK2_T2,120245536899710003,2026-06-13,Feed,android_smartphone,facebook,android_smartphone,,,,2026-06-04,Ongoing,"7-day click, 1-day view, or 1-day engaged-view",,,,,,,,,,,,,,,,,,,,,,6,,,,,,,,,,,,,,,,,,,,,,,,,2026-06-13,2026-06-13
BOOK2_LEAD_JUN26_QUIZ_V1,120245534669630003,ABP_TOF_1865_USA_CONTROL_BOOK2_V1,120245534669640003,C2B_STC_QF_BOOK2_T2,120245536899710003,2026-06-13,"Native, banner & interstitial",android_smartphone,audience_network,android_smartphone,,,,2026-06-04,Ongoing,"7-day click, 1-day view, or 1-day engaged-view",,,,,,,,,,,,,,,,,,,,,,2,,,,,,,,,,,,,,,,,,,,,,,,,2026-06-13,2026-06-13
BOOK2_LEAD_JUN26_QUIZ_V1,120245534669630003,ABP_TOF_1865_USA_CONTROL_BOOK2_V1,120245534669640003,C2B_STC_QF_BOOK2_T2,120245536899710003,2026-06-13,"Facebook Reels",iphone,facebook,iphone,,,,2026-06-04,Ongoing,"7-day click, 1-day view, or 1-day engaged-view",,,,,,,,,,,,,,,,,,,,,,1,,,,,,,,,,,,,,,,,,,,,,,,,2026-06-13,2026-06-13
BOOK2_LEAD_JUN26_QUIZ_V1,120245534669630003,ABP_TOF_1865_USA_CONTROL_BOOK2_V1,120245534669640003,C2B_STC_QF_BOOK2_T2,120245536899710003,2026-06-12,Feed,iphone,facebook,iphone,,,,2026-06-04,Ongoing,"7-day click, 1-day view, or 1-day engaged-view",,,,,,,,,,,,,,,,,,,,,,2,,,,,,,,,,,,,,,,,,,,,,,,,2026-06-12,2026-06-12
BOOK2_LEAD_JUN26_QUIZ_V1,120245534669630003,ABP_TOF_1865_USA_CONTROL_BOOK2_V1,120245534669640003,C2B_STC_QF_BOOK2_T2,120245536899710003,2026-06-11,Feed,iphone,facebook,iphone,,,,2026-06-04,Ongoing,"7-day click, 1-day view, or 1-day engaged-view",,,,,,,,,,,,,,,,,,,,,,4,,,,,,,,,,,,,,,,,,,,,,,,,2026-06-11,2026-06-11
BOOK2_LEAD_JUN26_QUIZ_V1,120245534669630003,ABP_TOF_1865_USA_CONTROL_BOOK2_V1,120245534669640003,C2B_STC_QF_BOOK2_T2,120245536899710003,2026-06-12,Feed,android_smartphone,facebook,android_smartphone,,,,2026-06-04,Ongoing,"7-day click, 1-day view, or 1-day engaged-view",,,,,,,,,,,,,,,,,,,,,,1,,,,,,,,,,,,,,,,,,,,,,,,,2026-06-12,2026-06-12
BOOK2_LEAD_JUN26_QUIZ_V1,120245534669630003,ABP_TOF_1865_USA_CONTROL_BOOK2_V1,120245534669640003,C2B_STC_QF_BOOK2_T2,120245536899710003,2026-06-14,"Facebook Reels",android_smartphone,facebook,android_smartphone,,,,2026-06-04,Ongoing,"7-day click, 1-day view, or 1-day engaged-view",,,,,,,,,,,,,,,,,,,,,,1,,,,,,,,,,,,,,,,,,,,,,,,,2026-06-14,2026-06-14
BOOK2_LEAD_JUN26_QUIZ_V1,120245534669630003,ABP_TOF_1865_USA_CONTROL_BOOK2_V1,120245534669640003,C2B_STC_QF_BOOK2_T2,120245536899710003,2026-06-14,Feed,android_smartphone,facebook,android_smartphone,,,,2026-06-04,Ongoing,"7-day click, 1-day view, or 1-day engaged-view",,,,,,,,,,,,,,,,,,,,,,1,,,,,,,,,,,,,,,,,,,,,,,,,2026-06-14,2026-06-14
BOOK2_LEAD_JUN26_QUIZ_V1,120245534669630003,ABP_TOF_1865_USA_CONTROL_BOOK2_V1,120245534669640003,C2B_STC_QF_BOOK2_T2,120245536899710003,2026-06-14,Feed,iphone,facebook,iphone,,,,2026-06-04,Ongoing,"7-day click, 1-day view, or 1-day engaged-view",,,,,,,,,,,,,,,,,,,,,,3,,,,,,,,,,,,,,,,,,,,,,,,,2026-06-14,2026-06-14
BOOK2_LEAD_JUN26_QUIZ_V1,120245534669630003,ABP_TOF_1865_USA_CONTROL_BOOK2_V1,120245534669640003,C2B_STC_QF_BOOK2_T2,120245536899710003,2026-06-11,Feed,android_smartphone,facebook,android_smartphone,,,,2026-06-04,Ongoing,"7-day click, 1-day view, or 1-day engaged-view",,,,,,,,,,,,,,,,,,,,,,5,,,,,,,,,,,,,,,,,,,,,,,,,2026-06-11,2026-06-11
BOOK2_LEAD_JUN26_QUIZ_V1,120245534669630003,ABP_TOF_1865_USA_CONTROL_BOOK2_V1,120245534669640003,C2B_STC_QF_BOOK2_T2,120245536899710003,2026-06-11,"Native, banner & interstitial",android_smartphone,audience_network,android_smartphone,,,,2026-06-04,Ongoing,"7-day click, 1-day view, or 1-day engaged-view",,,,,,,,,,,,,,,,,,,,,,1,,,,,,,,,,,,,,,,,,,,,,,,,2026-06-11,2026-06-11
BOOK2_LEAD_JUN26_QUIZ_V1,120245534669630003,ABP_TOF_1865_USA_CONTROL_BOOK2_V1,120245534669640003,C2E_STC_QF_BOOK2_T2,120245543244860003,2026-06-08,"Instagram Stories",android_smartphone,instagram,android_smartphone,,,,2026-06-04,Ongoing,"7-day click, 1-day view, or 1-day engaged-view",,,,,,,,,,,,,,,,,,,,,,1,,,,,,,,,,,,,,,,,,,,,,,,,2026-06-08,2026-06-08
BOOK2_LEAD_JUN26_QUIZ_V1,120245534669630003,ABP_TOF_1865_USA_CONTROL_BOOK2_V1,120245534669640003,C2B_STC_QF_BOOK2_T2,120245536899710003,2026-06-12,"Threads feed",ipad,threads,ipad,,,,2026-06-04,Ongoing,"7-day click, 1-day view, or 1-day engaged-view",,,,,,,,,,,,,,,,,,,,,,1,,,,,,,,,,,,,,,,,,,,,,,,,2026-06-12,2026-06-12
BOOK2_LEAD_JUN26_QUIZ_V1,120245534669630003,ABP_TOF_1865_USA_CONTROL_BOOK2_V1,120245534669640003,C2B_STC_QF_BOOK2_T2,120245536899710003,2026-06-08,"Facebook Reels",android_smartphone,facebook,android_smartphone,,,,2026-06-04,Ongoing,"7-day click, 1-day view, or 1-day engaged-view",,,,,,,,,,,,,,,,,,,,,,1,,,,,,,,,,,,,,,,,,,,,,,,,2026-06-08,2026-06-08
BOOK2_LEAD_JUN26_QUIZ_V1,120245534669630003,ABP_TOF_1865_USA_CONTROL_BOOK2_V1,120245534669640003,C2E_STC_QF_BOOK2_T2,120245543244860003,2026-06-07,Feed,android_smartphone,instagram,android_smartphone,,,,2026-06-04,Ongoing,"7-day click, 1-day view, or 1-day engaged-view",,,,,,,,,,,,,,,,,,,,,,,,,,,,,,,,,,,,,,,,,,,,,,,2026-06-07,2026-06-07
BOOK2_LEAD_JUN26_QUIZ_V1,120245534669630003,ABP_TOF_1865_USA_CONTROL_BOOK2_V1,120245534669640003,C2E_STC_QF_BOOK2_T2,120245543244860003,2026-06-07,"Native, banner & interstitial",android_smartphone,audience_network,android_smartphone,,,,2026-06-04,Ongoing,"7-day click, 1-day view, or 1-day engaged-view",,,,,,,,,,,,,,,,,,,,,,2,,,,,,,,,,,,,,,,,,,,,,,,,2026-06-07,2026-06-07
BOOK2_LEAD_JUN26_QUIZ_V1,120245534669630003,ABP_TOF_1865_USA_CONTROL_BOOK2_V1,120245534669640003,C2E_STC_QF_BOOK2_T2,120245543244860003,2026-06-07,Feed,iphone,facebook,iphone,,,,2026-06-04,Ongoing,"7-day click, 1-day view, or 1-day engaged-view",,,,,,,,,,,,,,,,,,,,,,1,,,,,,,,,,,,,,,,,,,,,,,,,2026-06-07,2026-06-07
BOOK2_LEAD_JUN26_QUIZ_V1,120245534669630003,ABP_TOF_1865_USA_CONTROL_BOOK2_V1,120245534669640003,C2E_STC_QF_BOOK2_T2,120245543244860003,2026-06-07,"Facebook Reels",android_smartphone,facebook,android_smartphone,,,,2026-06-04,Ongoing,"7-day click, 1-day view, or 1-day engaged-view",,,,,,,,,,,,,,,,,,,,,,2,,,,,,,,,,,,,,,,,,,,,,,,,2026-06-07,2026-06-07
BOOK2_LEAD_JUN26_QUIZ_V1,120245534669630003,ABP_TOF_1865_USA_CONTROL_BOOK2_V1,120245534669640003,C2E_STC_QF_BOOK2_T2,120245543244860003,2026-06-07,"Facebook Reels",iphone,facebook,iphone,,,,2026-06-04,Ongoing,"7-day click, 1-day view, or 1-day engaged-view",,,,,,,,,,,,,,,,,,,,,,1,,,,,,,,,,,,,,,,,,,,,,,,,2026-06-07,2026-06-07
BOOK2_LEAD_JUN26_QUIZ_V1,120245534669630003,ABP_TOF_1865_USA_CONTROL_BOOK2_V1,120245534669640003,C2E_STC_QF_BOOK2_T2,120245543244860003,2026-06-07,Feed,android_smartphone,facebook,android_smartphone,,,,2026-06-04,Ongoing,"7-day click, 1-day view, or 1-day engaged-view",,,,,,,,,,,,,,,,,,,,,,2,,,,,,,,,,,,,,,,,,,,,,,,,2026-06-07,2026-06-07
BOOK2_LEAD_JUN26_QUIZ_V1,120245534669630003,ABP_TOF_1865_USA_CONTROL_BOOK2_V1,120245534669640003,C2E_STC_QF_BOOK2_T2,120245543244860003,2026-06-07,Feed,desktop,facebook,desktop,,,,2026-06-04,Ongoing,"7-day click, 1-day view, or 1-day engaged-view",,,,,,,,,,,,,,,,,,,,,,2,,,,,,,,,,,,,,,,,,,,,,,,,2026-06-07,2026-06-07
BOOK2_LEAD_JUN26_QUIZ_V1,120245534669630003,ABP_TOF_1865_USA_CONTROL_BOOK2_V1,120245534669640003,C2E_STC_QF_BOOK2_T2,120245543244860003,2026-06-07,"Instagram Reels",iphone,instagram,iphone,,,,2026-06-04,Ongoing,"7-day click, 1-day view, or 1-day engaged-view",,,,,,,,,,,,,,,,,,,,,,,,,,,,,,,,,,,,,,,,,,,,,,,2026-06-07,2026-06-07
BOOK2_LEAD_JUN26_QUIZ_V1,120245534669630003,ABP_TOF_1865_USA_CONTROL_BOOK2_V1,120245534669640003,C2B_STC_QF_BOOK2_T2,120245536899710003,2026-06-07,Feed,iphone,instagram,iphone,,,,2026-06-04,Ongoing,"7-day click, 1-day view, or 1-day engaged-view",,,,,,,,,,,,,,,,,,,,,,,,,,,,,,,,,,,,,,,,,,,,,,,2026-06-07,2026-06-07
BOOK2_LEAD_JUN26_QUIZ_V1,120245534669630003,ABP_TOF_1865_USA_CONTROL_BOOK2_V1,120245534669640003,C4E_STC_QF_BOOK2_T1,120245545794510003,2026-06-16,Feed,android_smartphone,facebook,android_smartphone,,,,2026-06-04,Ongoing,"7-day click, 1-day view, or 1-day engaged-view",,,,,,,,,,,,,,,,,,,,,,2,,,,,,,,,,,,,,,,,,,,,,,,,2026-06-16,2026-06-16
BOOK2_LEAD_JUN26_QUIZ_V1,120245534669630003,ABP_TOF_1865_USA_CONTROL_BOOK2_V1,120245534669640003,C2B_STC_QF_BOOK2_T2,120245536899710003,2026-06-07,"Search results",android_smartphone,facebook,android_smartphone,,,,2026-06-04,Ongoing,"7-day click, 1-day view, or 1-day engaged-view",,,,,,,,,,,,,,,,,,,,,,1,,,,,,,,,,,,,,,,,,,,,,,,,2026-06-07,2026-06-07
BOOK2_LEAD_JUN26_QUIZ_V1,120245534669630003,ABP_TOF_1865_USA_CONTROL_BOOK2_V1,120245534669640003,C2B_STC_QF_BOOK2_T2,120245536899710003,2026-06-07,Feed,android_smartphone,facebook,android_smartphone,,,,2026-06-04,Ongoing,"7-day click, 1-day view, or 1-day engaged-view",,,,,,,,,,,,,,,,,,,,,,3,,,,,,,,,,,,,,,,,,,,,,,,,2026-06-07,2026-06-07
BOOK2_LEAD_JUN26_QUIZ_V1,120245534669630003,ABP_TOF_1865_USA_CONTROL_BOOK2_V1,120245534669640003,C2B_STC_QF_BOOK2_T2,120245536899710003,2026-06-07,"Facebook Reels",android_smartphone,facebook,android_smartphone,,,,2026-06-04,Ongoing,"7-day click, 1-day view, or 1-day engaged-view",,,,,,,,,,,,,,,,,,,,,,1,,,,,,,,,,,,,,,,,,,,,,,,,2026-06-07,2026-06-07
BOOK2_LEAD_JUN26_QUIZ_V1,120245534669630003,ABP_TOF_1865_USA_CONTROL_BOOK2_V1,120245534669640003,C2E_STC_QF_BOOK2_T2,120245543244860003,2026-06-16,Feed,other,facebook,other,,,,2026-06-04,Ongoing,"7-day click, 1-day view, or 1-day engaged-view",,,,,,,,,,,,,,,,,,,,,,1,,,,,,,,,,,,,,,,,,,,,,,,,2026-06-16,2026-06-16
BOOK2_LEAD_JUN26_QUIZ_V1,120245534669630003,ABP_TOF_1865_USA_CONTROL_BOOK2_V1,120245534669640003,C2E_STC_QF_BOOK2_T2,120245543244860003,2026-06-16,"Native, banner & interstitial",android_smartphone,audience_network,android_smartphone,,,,2026-06-04,Ongoing,"7-day click, 1-day view, or 1-day engaged-view",,,,,,,,,,,,,,,,,,,,,,5,,,,,,,,,,,,,,,,,,,,,,,,,2026-06-16,2026-06-16
BOOK2_LEAD_JUN26_QUIZ_V1,120245534669630003,ABP_TOF_1865_USA_CONTROL_BOOK2_V1,120245534669640003,C2E_STC_QF_BOOK2_T2,120245543244860003,2026-06-16,Feed,android_smartphone,facebook,android_smartphone,,,,2026-06-04,Ongoing,"7-day click, 1-day view, or 1-day engaged-view",,,,,,,,,,,,,,,,,,,,,,1,,,,,,,,,,,,,,,,,,,,,,,,,2026-06-16,2026-06-16
BOOK2_LEAD_JUN26_QUIZ_V1,120245534669630003,ABP_TOF_1865_USA_CONTROL_BOOK2_V1,120245534669640003,C2B_STC_QF_BOOK2_T2,120245536899710003,2026-06-08,Feed,other,facebook,other,,,,2026-06-04,Ongoing,"7-day click, 1-day view, or 1-day engaged-view",,,,,,,,,,,,,,,,,,,,,,1,,,,,,,,,,,,,,,,,,,,,,,,,2026-06-08,2026-06-08
BOOK2_LEAD_JUN26_QUIZ_V1,120245534669630003,ABP_TOF_1865_USA_CONTROL_BOOK2_V1,120245534669640003,C2E_STC_QF_BOOK2_T2,120245543244860003,2026-06-16,Feed,iphone,facebook,iphone,,,,2026-06-04,Ongoing,"7-day click, 1-day view, or 1-day engaged-view",,,,,,,,,,,,,,,,,,,,,,3,,,,,,,,,,,,,,,,,,,,,,,,,2026-06-16,2026-06-16
BOOK2_LEAD_JUN26_QUIZ_V1,120245534669630003,ABP_TOF_1865_USA_CONTROL_BOOK2_V1,120245534669640003,C2E_STC_QF_BOOK2_T2,120245543244860003,2026-06-07,Feed,ipad,facebook,ipad,,,,2026-06-04,Ongoing,"7-day click, 1-day view, or 1-day engaged-view",,,,,,,,,,,,,,,,,,,,,,1,,,,,,,,,,,,,,,,,,,,,,,,,2026-06-07,2026-06-07
BOOK2_LEAD_JUN26_QUIZ_V1,120245534669630003,ABP_TOF_1865_USA_CONTROL_BOOK2_V1,120245534669640003,C2B_STC_QF_BOOK2_T2,120245536899710003,2026-06-07,Feed,iphone,facebook,iphone,,,,2026-06-04,Ongoing,"7-day click, 1-day view, or 1-day engaged-view",,,,,,,,,,,,,,,,,,,,,,3,,,,,,,,,,,,,,,,,,,,,,,,,2026-06-07,2026-06-07
BOOK2_LEAD_JUN26_QUIZ_V1,120245534669630003,ABP_TOF_1865_USA_CONTROL_BOOK2_V1,120245534669640003,C2B_STC_QF_BOOK2_T2,120245536899710003,2026-06-08,"Native, banner & interstitial",android_smartphone,audience_network,android_smartphone,,,,2026-06-04,Ongoing,"7-day click, 1-day view, or 1-day engaged-view",,,,,,,,,,,,,,,,,,,,,,3,,,,,,,,,,,,,,,,,,,,,,,,,2026-06-08,2026-06-08
BOOK2_LEAD_JUN26_QUIZ_V1,120245534669630003,ABP_TOF_1865_USA_CONTROL_BOOK2_V1,120245534669640003,C2B_STC_QF_BOOK2_T2,120245536899710003,2026-06-08,"Instagram Reels",android_smartphone,instagram,android_smartphone,,,,2026-06-04,Ongoing,"7-day click, 1-day view, or 1-day engaged-view",,,,,,,,,,,,,,,,,,,,,,,,,,,,,,,,,,,,,,,,,,,,,,,2026-06-08,2026-06-08
BOOK2_LEAD_JUN26_QUIZ_V1,120245534669630003,ABP_TOF_1865_USA_CONTROL_BOOK2_V1,120245534669640003,C2B_STC_QF_BOOK2_T2,120245536899710003,2026-06-08,Feed,iphone,facebook,iphone,,,,2026-06-04,Ongoing,"7-day click, 1-day view, or 1-day engaged-view",,,,,,,,,,,,,,,,,,,,,,9,,,,,,,,,,,,,,,,,,,,,,,,,2026-06-08,2026-06-08
BOOK2_LEAD_JUN26_QUIZ_V1,120245534669630003,ABP_TOF_1865_USA_CONTROL_BOOK2_V1,120245534669640003,C2B_STC_QF_BOOK2_T2,120245536899710003,2026-06-08,Feed,iphone,instagram,iphone,,,,2026-06-04,Ongoing,"7-day click, 1-day view, or 1-day engaged-view",,,,,,,,,,,,,,,,,,,,,,1,,,,,,,,,,,,,,,,,,,,,,,,,2026-06-08,2026-06-08
BOOK2_LEAD_JUN26_QUIZ_V1,120245534669630003,ABP_TOF_1865_USA_CONTROL_BOOK2_V1,120245534669640003,C2B_STC_QF_BOOK2_T2,120245536899710003,2026-06-08,Feed,android_smartphone,facebook,android_smartphone,,,,2026-06-04,Ongoing,"7-day click, 1-day view, or 1-day engaged-view",,,,,,,,,,,,,,,,,,,,,,13,,,,,,,,,,,,,,,,,,,,,,,,,2026-06-08,2026-06-08
BOOK2_LEAD_JUN26_QUIZ_V1,120245534669630003,ABP_TOF_1865_USA_CONTROL_BOOK2_V1,120245534669640003,C2B_STC_QF_BOOK2_T2,120245536899710003,2026-06-08,Feed,android_smartphone,instagram,android_smartphone,,,,2026-06-04,Ongoing,"7-day click, 1-day view, or 1-day engaged-view",,,,,,,,,,,,,,,,,,,,,,,,,,,,,,,,,,,,,,,,,,,,,,,2026-06-08,2026-06-08
BOOK2_LEAD_JUN26_QUIZ_V1,120245534669630003,ABP_TOF_1865_USA_CONTROL_BOOK2_V1,120245534669640003,C2B_STC_QF_BOOK2_T2,120245536899710003,2026-06-08,"Threads feed",iphone,threads,iphone,,,,2026-06-04,Ongoing,"7-day click, 1-day view, or 1-day engaged-view",,,,,,,,,,,,,,,,,,,,,,1,,,,,,,,,,,,,,,,,,,,,,,,,2026-06-08,2026-06-08
BOOK2_LEAD_JUN26_QUIZ_V1,120245534669630003,ABP_TOF_1865_USA_CONTROL_BOOK2_V1,120245534669640003,C4E_STC_QF_BOOK2_T1,120245545794510003,2026-06-16,"Search results",android_smartphone,facebook,android_smartphone,,,,2026-06-04,Ongoing,"7-day click, 1-day view, or 1-day engaged-view",,,,,,,,,,,,,,,,,,,,,,,,,,,,,,,,,,,,,,,,,,,,,,,2026-06-16,2026-06-16
BOOK2_LEAD_JUN26_QUIZ_V1,120245534669630003,ABP_TOF_1865_USA_CONTROL_BOOK2_V1,120245534669640003,C4E_STC_QF_BOOK2_T1,120245545794510003,2026-06-16,"Instagram Reels",iphone,instagram,iphone,,,,2026-06-04,Ongoing,"7-day click, 1-day view, or 1-day engaged-view",,,,,,,,,,,,,,,,,,,,,,1,,,,,,,,,,,,,,,,,,,,,,,,,2026-06-16,2026-06-16
BOOK2_LEAD_JUN26_QUIZ_V1,120245534669630003,ABP_TOF_1865_USA_CONTROL_BOOK2_V1,120245534669640003,C4E_STC_QF_BOOK2_T1,120245545794510003,2026-06-16,Feed,desktop,facebook,desktop,,,,2026-06-04,Ongoing,"7-day click, 1-day view, or 1-day engaged-view",,,,,,,,,,,,,,,,,,,,,,1,,,,,,,,,,,,,,,,,,,,,,,,,2026-06-16,2026-06-16
BOOK2_LEAD_JUN26_QUIZ_V1,120245534669630003,ABP_TOF_1865_USA_CONTROL_BOOK2_V1,120245534669640003,C4E_STC_QF_BOOK2_T1,120245545794510003,2026-06-16,"Facebook Reels",android_smartphone,facebook,android_smartphone,,,,2026-06-04,Ongoing,"7-day click, 1-day view, or 1-day engaged-view",,,,,,,,,,,,,,,,,,,,,,1,,,,,,,,,,,,,,,,,,,,,,,,,2026-06-16,2026-06-16
BOOK2_LEAD_JUN26_QUIZ_V1,120245534669630003,ABP_TOF_1865_USA_CONTROL_BOOK2_V1,120245534669640003,C4E_STC_QF_BOOK2_T1,120245545794510003,2026-06-16,"Right column",desktop,facebook,desktop,,,,2026-06-04,Ongoing,"7-day click, 1-day view, or 1-day engaged-view",,,,,,,,,,,,,,,,,,,,,,1,,,,,,,,,,,,,,,,,,,,,,,,,2026-06-16,2026-06-16
"BOOK0_APP_MAY26_IOS_MST _V2 [iOS]",120243710427300003,WIN_APB_TOF_1865_IPS_BOOK0_V1,120243710469920003,"C2B_STC_APP_BOOK0_T1 - Copy",120243710773800003,2026-05-23,"Native, banner & interstitial",iphone,audience_network,iphone,,,,2026-05-08,Ongoing,"1-day click",,,,,,,,,,,,,,,,,,,,,,4,,,,,,,,,,,,,,,,,,,,,,,,,2026-05-23,2026-05-23
"BOOK0_APP_MAY26_IOS_MST _V2 [iOS]",120243710427300003,WIN_APB_TOF_1865_IPS_BOOK0_V1,120243710469920003,"C2B_STC_APP_BOOK0_T1 - Copy",120243710773800003,2026-05-23,Feed,iphone,instagram,other,,,,2026-05-08,Ongoing,"1-day click",,,,,,,,,,,,,,,,,,,,,,,,,,,,,,,,,,,,,2,,,,1,,,,,,2026-05-23,2026-05-23
"BOOK0_APP_MAY26_IOS_MST _V2 [iOS]",120243710427300003,WIN_APB_TOF_1865_IPS_BOOK0_V1,120243710469920003,"C2B_STC_APP_BOOK0_T1 - Copy",120243710773800003,2026-05-23,Feed,iphone,instagram,0,,,,2026-05-08,Ongoing,"1-day click",,,,,,,,,,,,,,,,,,,,,,,,,,,,,,,2,,,,,,,,,,,,,,,,2026-05-23,2026-05-23
"BOOK0_APP_MAY26_IOS_MST _V2 [iOS]",120243710427300003,WIN_APB_TOF_1865_IPS_BOOK0_V1,120243710469920003,"C2B_STC_APP_BOOK0_T1 - Copy",120243710773800003,2026-05-23,Feed,iphone,instagram,iphone,,,,2026-05-08,Ongoing,"1-day click",,,,,,,,,,,,,,,,,,,,,,6,,,,,,,,,,,,,,,,,,,,,,,,,2026-05-23,2026-05-23
"BOOK0_APP_MAY26_IOS_MST _V2 [iOS]",120243710427300003,WIN_APB_TOF_1865_IPS_BOOK0_V1,120243710469920003,"C2B_STC_APP_BOOK0_T1 - Copy",120243710773800003,2026-05-23,"Threads feed",iphone,threads,iphone,,,,2026-05-08,Ongoing,"1-day click",,,,,,,,,,,,,,,,,,,,,,4,,,,,,,,,,,,,,,,,,,,,,,,,2026-05-23,2026-05-23
"BOOK0_APP_MAY26_IOS_MST _V2 [iOS]",120243710427300003,WIN_APB_TOF_1865_IPS_BOOK0_V1,120243710469920003,"C2B_STC_APP_BOOK0_T1 - Copy",120243710773800003,2026-05-24,Feed,iphone,facebook,other,,,,2026-05-08,Ongoing,"1-day click",,,,,,,,,,,,,,,,,,,,,,,,,,,,,,,,,,,,,4,,,,4,,,,,,2026-05-24,2026-05-24
"BOOK0_APP_MAY26_IOS_MST _V2 [iOS]",120243710427300003,WIN_APB_TOF_1865_IPS_BOOK0_V1,120243710469920003,"C2B_STC_APP_BOOK0_T1 - Copy",120243710773800003,2026-05-24,"Facebook profile feed",iphone,facebook,iphone,,,,2026-05-08,Ongoing,"1-day click",,,,,,,,,,,,,,,,,,,,,,,,,,,,,,,,,,,,,,,,,,,,,,,2026-05-24,2026-05-24
"BOOK0_APP_MAY26_IOS_MST _V2 [iOS]",120243710427300003,WIN_APB_TOF_1865_IPS_BOOK0_V1,120243710469920003,"C2B_STC_APP_BOOK0_T1 - Copy",120243710773800003,2026-05-24,"Facebook Reels",ipad,facebook,ipad,,,,2026-05-08,Ongoing,"1-day click",,,,,,,,,,,,,,,,,,,,,,,,,,,,,,,,,,,,,,,,,,,,,,,2026-05-24,2026-05-24
"BOOK0_APP_MAY26_IOS_MST _V2 [iOS]",120243710427300003,WIN_APB_TOF_1865_IPS_BOOK0_V1,120243710469920003,"C2B_STC_APP_BOOK0_T1 - Copy",120243710773800003,2026-05-24,"Native, banner & interstitial",ipad,audience_network,ipad,,,,2026-05-08,Ongoing,"1-day click",,,,,,,,,,,,,,,,,,,,,,1,,,,,,,,,,,,,,,,,,,,,,,,,2026-05-24,2026-05-24
"BOOK0_APP_MAY26_IOS_MST _V2 [iOS]",120243710427300003,WIN_APB_TOF_1865_IPS_BOOK0_V1,120243710469920003,"C2B_STC_APP_BOOK0_T1 - Copy",120243710773800003,2026-05-24,Feed,iphone,facebook,iphone,,,,2026-05-08,Ongoing,"1-day click",,,,,,,,,,,,,,,,,,,,,,15,,,,,,,,,,,,,,,,,,,,,,,,,2026-05-24,2026-05-24
"BOOK0_APP_MAY26_IOS_MST _V2 [iOS]",120243710427300003,WIN_APB_TOF_1865_IPS_BOOK0_V1,120243710469920003,"C2B_STC_APP_BOOK0_T1 - Copy",120243710773800003,2026-05-23,"Ads on Facebook Reels",iphone,facebook,iphone,,,,2026-05-08,Ongoing,"1-day click",,,,,,,,,,,,,,,,,,,,,,1,,,,,,,,,,,,,,,,,,,,,,,,,2026-05-23,2026-05-23
"BOOK0_APP_MAY26_IOS_MST _V2 [iOS]",120243710427300003,WIN_APB_TOF_1865_IPS_BOOK0_V1,120243710469920003,"C2B_STC_APP_BOOK0_T1 - Copy",120243710773800003,2026-05-24,Feed,iphone,facebook,0,,,,2026-05-08,Ongoing,"1-day click",,,,,,,,,,,,,,,,,,,,,,,,,,,,,,,4,,,,,,,,,,,,,,,,2026-05-24,2026-05-24
"BOOK0_APP_MAY26_IOS_MST _V2 [iOS]",120243710427300003,WIN_APB_TOF_1865_IPS_BOOK0_V1,120243710469920003,"C2B_STC_APP_BOOK0_T1 - Copy",120243710773800003,2026-05-24,"Native, banner & interstitial",iphone,audience_network,iphone,,,,2026-05-08,Ongoing,"1-day click",,,,,,,,,,,,,,,,,,,,,,8,,,,,,,,,,,,,,,1,,,,,,,,,,2026-05-24,2026-05-24
"BOOK0_APP_MAY26_IOS_MST _V2 [iOS]",120243710427300003,WIN_APB_TOF_1865_IPS_BOOK0_V1,120243710469920003,"C2B_STC_APP_BOOK0_T1 - Copy",120243710773800003,2026-05-24,"Native, banner & interstitial",iphone,audience_network,0,,,,2026-05-08,Ongoing,"1-day click",,,,,,,,,,,,,,,,,,,,,,,,,,,,,,,1,,,,,,,,,,,,,,,,2026-05-24,2026-05-24
"BOOK0_APP_MAY26_IOS_MST _V2 [iOS]",120243710427300003,WIN_APB_TOF_1865_IPS_BOOK0_V1,120243710469920003,"C2B_STC_APP_BOOK0_T1 - Copy",120243710773800003,2026-05-23,"Facebook Reels",iphone,facebook,iphone,,,,2026-05-08,Ongoing,"1-day click",,,,,,,,,,,,,,,,,,,,,,3,,,,,,,,,,,,,,,,,,,,,,,,,2026-05-23,2026-05-23
"BOOK0_APP_MAY26_IOS_MST _V2 [iOS]",120243710427300003,WIN_APB_TOF_1865_IPS_BOOK0_V1,120243710469920003,"C2B_STC_APP_BOOK0_T1 - Copy",120243710773800003,2026-05-22,"Instagram Stories",iphone,instagram,0,,,,2026-05-08,Ongoing,"1-day click",,,,,,,,,,,,,,,,,,,,,,,,,,,,,,,1,,,,,,,,,,,,,,,,2026-05-22,2026-05-22
"BOOK0_APP_MAY26_IOS_MST _V2 [iOS]",120243710427300003,WIN_APB_TOF_1865_IPS_BOOK0_V1,120243710469920003,"C2B_STC_APP_BOOK0_T1 - Copy",120243710773800003,2026-05-23,"Threads feed",ipad,threads,ipad,,,,2026-05-08,Ongoing,"1-day click",,,,,,,,,,,,,,,,,,,,,,1,,,,,,,,,,,,,,,,,,,,,,,,,2026-05-23,2026-05-23
"BOOK0_APP_MAY26_IOS_MST _V2 [iOS]",120243710427300003,WIN_APB_TOF_1865_IPS_BOOK0_V1,120243710469920003,"C2B_STC_APP_BOOK0_T1 - Copy",120243710773800003,2026-05-22,"Facebook Reels",iphone,facebook,iphone,,,,2026-05-08,Ongoing,"1-day click",,,,,,,,,,,,,,,,,,,,,,6,,,,,,,,,,,,,,,,,,,,,,,,,2026-05-22,2026-05-22
"BOOK0_APP_MAY26_IOS_MST _V2 [iOS]",120243710427300003,WIN_APB_TOF_1865_IPS_BOOK0_V1,120243710469920003,"C2B_STC_APP_BOOK0_T1 - Copy",120243710773800003,2026-05-22,"Native, banner & interstitial",ipad,audience_network,ipad,,,,2026-05-08,Ongoing,"1-day click",,,,,,,,,,,,,,,,,,,,,,1,,,,,,,,,,,,,,,,,,,,,,,,,2026-05-22,2026-05-22
"BOOK0_APP_MAY26_IOS_MST _V2 [iOS]",120243710427300003,WIN_APB_TOF_1865_IPS_BOOK0_V1,120243710469920003,"C2B_STC_APP_BOOK0_T1 - Copy",120243710773800003,2026-05-22,"Instagram Stories",iphone,instagram,other,,,,2026-05-08,Ongoing,"1-day click",,,,,,,,,,,,,,,,,,,,,,,,,,,,,,,,,,,,,1,,,,,,,,,,2026-05-22,2026-05-22
"BOOK0_APP_MAY26_IOS_MST _V2 [iOS]",120243710427300003,WIN_APB_TOF_1865_IPS_BOOK0_V1,120243710469920003,"C2B_STC_APP_BOOK0_T1 - Copy",120243710773800003,2026-05-22,"Instagram Stories",iphone,instagram,iphone,,,,2026-05-08,Ongoing,"1-day click",,,,,,,,,,,,,,,,,,,,,,3,,,,,,,,,,,,,,,,,,,,,,,,,2026-05-22,2026-05-22
"BOOK0_APP_MAY26_IOS_MST _V2 [iOS]",120243710427300003,WIN_APB_TOF_1865_IPS_BOOK0_V1,120243710469920003,"C2B_STC_APP_BOOK0_T1 - Copy",120243710773800003,2026-05-22,"Facebook Stories",iphone,facebook,iphone,,,,2026-05-08,Ongoing,"1-day click",,,,,,,,,,,,,,,,,,,,,,1,,,,,,,,,,,,,,,,,,,,,,,,,2026-05-22,2026-05-22
"BOOK0_APP_MAY26_IOS_MST _V2 [iOS]",120243710427300003,WIN_APB_TOF_1865_IPS_BOOK0_V1,120243710469920003,"C2B_STC_APP_BOOK0_T1 - Copy",120243710773800003,2026-05-24,Feed,ipad,facebook,0,,,,2026-05-08,Ongoing,"1-day click",,,,,,,,,,,,,,,,,,,,,,,,,,,,,,,1,,,,,,,,,,,,,,,,2026-05-24,2026-05-24
"BOOK0_APP_MAY26_IOS_MST _V2 [iOS]",120243710427300003,WIN_APB_TOF_1865_IPS_BOOK0_V1,120243710469920003,"C2B_STC_APP_BOOK0_T1 - Copy",120243710773800003,2026-05-22,"Facebook Reels",iphone,facebook,other,,,,2026-05-08,Ongoing,"1-day click",,,,,,,,,,,,,,,,,,,,,,,,,,,,,,,,,,,,,,,,,1,,,,,,2026-05-22,2026-05-22
"BOOK0_APP_MAY26_IOS_MST _V2 [iOS]",120243710427300003,WIN_APB_TOF_1865_IPS_BOOK0_V1,120243710469920003,"C2B_STC_APP_BOOK0_T1 - Copy",120243710773800003,2026-05-22,"Facebook Reels",ipad,facebook,ipad,,,,2026-05-08,Ongoing,"1-day click",,,,,,,,,,,,,,,,,,,,,,2,,,,,,,,,,,,,,,,,,,,,,,,,2026-05-22,2026-05-22
"BOOK0_APP_MAY26_IOS_MST _V2 [iOS]",120243710427300003,WIN_APB_TOF_1865_IPS_BOOK0_V1,120243710469920003,"C2B_STC_APP_BOOK0_T1 - Copy",120243710773800003,2026-05-22,"Instagram Reels",ipad,instagram,ipad,,,,2026-05-08,Ongoing,"1-day click",,,,,,,,,,,,,,,,,,,,,,1,,,,,,,,,,,,,,,,,,,,,,,,,2026-05-22,2026-05-22
"BOOK0_APP_MAY26_IOS_MST _V2 [iOS]",120243710427300003,WIN_APB_TOF_1865_IPS_BOOK0_V1,120243710469920003,"C2B_STC_APP_BOOK0_T1 - Copy",120243710773800003,2026-05-23,"Instagram Stories",iphone,instagram,iphone,,,,2026-05-08,Ongoing,"1-day click",,,,,,,,,,,,,,,,,,,,,,1,,,,,,,,,,,,,,,,,,,,,,,,,2026-05-23,2026-05-23
"BOOK0_APP_MAY26_IOS_MST _V2 [iOS]",120243710427300003,WIN_APB_TOF_1865_IPS_BOOK0_V1,120243710469920003,"C2B_STC_APP_BOOK0_T1 - Copy",120243710773800003,2026-05-22,Feed,iphone,instagram,0,,,,2026-05-08,Ongoing,"1-day click",,,,,,,,,,,,,,,,,,,,,,,,,,,,,,,5,,,,,,,,,,,,,,,,2026-05-22,2026-05-22
"BOOK0_APP_MAY26_IOS_MST _V2 [iOS]",120243710427300003,WIN_APB_TOF_1865_IPS_BOOK0_V1,120243710469920003,"C2B_STC_APP_BOOK0_T1 - Copy",120243710773800003,2026-05-22,Feed,iphone,instagram,other,,,,2026-05-08,Ongoing,"1-day click",,,,,,,,,,,,,,,,,,,,,,,,,,,,,,,,,,,,,3,,,,1,,,,,,2026-05-22,2026-05-22
"BOOK0_APP_MAY26_IOS_MST _V2 [iOS]",120243710427300003,WIN_APB_TOF_1865_IPS_BOOK0_V1,120243710469920003,"C2B_STC_APP_BOOK0_T1 - Copy",120243710773800003,2026-05-22,"In-stream reels",iphone,facebook,iphone,,,,2026-05-08,Ongoing,"1-day click",,,,,,,,,,,,,,,,,,,,,,2,,,,,,,,,,,,,,,,,,,,,,,,,2026-05-22,2026-05-22
"BOOK0_APP_MAY26_IOS_MST _V2 [iOS]",120243710427300003,WIN_APB_TOF_1865_IPS_BOOK0_V1,120243710469920003,"C2B_STC_APP_BOOK0_T1 - Copy",120243710773800003,2026-05-22,"Threads feed",iphone,threads,iphone,,,,2026-05-08,Ongoing,"1-day click",,,,,,,,,,,,,,,,,,,,,,5,,,,,,,,,,,,,,,,,,,,,,,,,2026-05-22,2026-05-22
"BOOK0_APP_MAY26_IOS_MST _V2 [iOS]",120243710427300003,WIN_APB_TOF_1865_IPS_BOOK0_V1,120243710469920003,"C2B_STC_APP_BOOK0_T1 - Copy",120243710773800003,2026-05-23,Feed,iphone,facebook,iphone,,,,2026-05-08,Ongoing,"1-day click",,,,,,,,,,,,,,,,,,,,,,9,,,,,,,,,,,,,,,2,,,,,,,,,,2026-05-23,2026-05-23
"BOOK0_APP_MAY26_IOS_MST _V2 [iOS]",120243710427300003,WIN_APB_TOF_1865_IPS_BOOK0_V1,120243710469920003,"C2B_STC_APP_BOOK0_T1 - Copy",120243710773800003,2026-05-23,Feed,iphone,facebook,0,,,,2026-05-08,Ongoing,"1-day click",,,,,,,,,,,,,,,,,,,,,,,,,,,,,,,2,,,,,,,,,,,,,,,,2026-05-23,2026-05-23
"BOOK0_APP_MAY26_IOS_MST _V2 [iOS]",120243710427300003,WIN_APB_TOF_1865_IPS_BOOK0_V1,120243710469920003,"C2B_STC_APP_BOOK0_T1 - Copy",120243710773800003,2026-05-23,"Instagram Reels",iphone,instagram,iphone,,,,2026-05-08,Ongoing,"1-day click",,,,,,,,,,,,,,,,,,,,,,1,,,,,,,,,,,,,,,,,,,,,,,,,2026-05-23,2026-05-23
"BOOK0_APP_MAY26_IOS_MST _V2 [iOS]",120243710427300003,WIN_APB_TOF_1865_IPS_BOOK0_V1,120243710469920003,"C2B_STC_APP_BOOK0_T1 - Copy",120243710773800003,2026-05-24,Feed,ipad,facebook,ipad,,,,2026-05-08,Ongoing,"1-day click",,,,,,,,,,,,,,,,,,,,,,2,,,,,,,,,,,,,,,1,,,,,,,,,,2026-05-24,2026-05-24
"BOOK0_APP_MAY26_IOS_MST _V2 [iOS]",120243710427300003,WIN_APB_TOF_1865_IPS_BOOK0_V1,120243710469920003,"C2B_STC_APP_BOOK0_T1 - Copy",120243710773800003,2026-05-25,Unknown,other,unknown,iphone,,,,2026-05-08,Ongoing,"1-day click",,,,,,,,,,,,,,,,,,,,,,,,,,,,,,,,,,,,,,,,,,,,,,,2026-05-25,2026-05-25
"BOOK0_APP_MAY26_IOS_MST _V2 [iOS]",120243710427300003,WIN_APB_TOF_1865_IPS_BOOK0_V1,120243710469920003,"C2B_STC_APP_BOOK0_T1 - Copy",120243710773800003,2026-05-24,Feed,iphone,instagram,iphone,,,,2026-05-08,Ongoing,"1-day click",,,,,,,,,,,,,,,,,,,,,,12,,,,,,,,,,,,,,,1,,,,,,,,,,2026-05-24,2026-05-24
"BOOK0_APP_MAY26_IOS_MST _V2 [iOS]",120243710427300003,TEST_APB_TOF_1865_IOS_BOOK0,120244843459890003,C5B_STC_APP_BOOK0_T1,120244843460010003,2026-05-26,"Instagram Reels",ipad,instagram,ipad,,,,2026-05-25,Ongoing,"1-day click",,,,,,,,,,,,,,,,,,,,,,1,,,,,,,,,,,,,,,,,,,,,,,,,2026-05-26,2026-05-26
"BOOK0_APP_MAY26_IOS_MST _V2 [iOS]",120243710427300003,WIN_APB_TOF_1865_IPS_BOOK0_V1,120243710469920003,"C2B_STC_APP_BOOK0_T1 - Copy",120243710773800003,2026-05-25,Feed,iphone,instagram,0,,,,2026-05-08,Ongoing,"1-day click",,,,,,,,,,,,,,,,,,,,,,,,,,,,,,,1,,,,,,,,,,,,,,,,2026-05-25,2026-05-25
"BOOK0_APP_MAY26_IOS_MST _V2 [iOS]",120243710427300003,WIN_APB_TOF_1865_IPS_BOOK0_V1,120243710469920003,"C2B_STC_APP_BOOK0_T1 - Copy",120243710773800003,2026-05-25,"Explore home",iphone,instagram,iphone,,,,2026-05-08,Ongoing,"1-day click",,,,,,,,,,,,,,,,,,,,,,1,,,,,,,,,,,,,,,,,,,,,,,,,2026-05-25,2026-05-25
"BOOK0_APP_MAY26_IOS_MST _V2 [iOS]",120243710427300003,WIN_APB_TOF_1865_IPS_BOOK0_V1,120243710469920003,"C2B_STC_APP_BOOK0_T1 - Copy",120243710773800003,2026-05-25,Feed,ipad,facebook,ipad,,,,2026-05-08,Ongoing,"1-day click",,,,,,,,,,,,,,,,,,,,,,4,,,,,,,,,,,,,,,,,,,,,,,,,2026-05-25,2026-05-25
"BOOK0_APP_MAY26_IOS_MST _V2 [iOS]",120243710427300003,WIN_APB_TOF_1865_IPS_BOOK0_V1,120243710469920003,"C2B_STC_APP_BOOK0_T1 - Copy",120243710773800003,2026-05-25,"Native, banner & interstitial",iphone,audience_network,iphone,,,,2026-05-08,Ongoing,"1-day click",,,,,,,,,,,,,,,,,,,,,,4,,,,,,,,,,,,,,,,,,,,,,,,,2026-05-25,2026-05-25
"BOOK0_APP_MAY26_IOS_MST _V2 [iOS]",120243710427300003,WIN_APB_TOF_1865_IPS_BOOK0_V1,120243710469920003,"C2B_STC_APP_BOOK0_T1 - Copy",120243710773800003,2026-05-22,Feed,iphone,facebook,0,,,,2026-05-08,Ongoing,"1-day click",,,,,,,,,,,,,,,,,,,,,,,,,,,,,,,5,,,,,,,,,,,,,,,,2026-05-22,2026-05-22
"BOOK0_APP_MAY26_IOS_MST _V2 [iOS]",120243710427300003,TEST_APB_TOF_1865_IOS_BOOK0,120244843459890003,C7A_STC_APP_BOOK0_T1,120244849158970003,2026-05-25,"Native, banner & interstitial",iphone,audience_network,iphone,,,,2026-05-25,Ongoing,"1-day click",,,,,,,,,,,,,,,,,,,,,,1,,,,,,,,,,,,,,,,,,,,,,,,,2026-05-25,2026-05-25
"BOOK0_APP_MAY26_IOS_MST _V2 [iOS]",120243710427300003,TEST_APB_TOF_1865_IOS_BOOK0,120244843459890003,C5B_STC_APP_BOOK0_T1,120244843460010003,2026-05-26,"Instagram Stories",iphone,instagram,iphone,,,,2026-05-25,Ongoing,"1-day click",,,,,,,,,,,,,,,,,,,,,,1,,,,,,,,,,,,,,,,,,,,,,,,,2026-05-26,2026-05-26
"BOOK0_APP_MAY26_IOS_MST _V2 [iOS]",120243710427300003,WIN_APB_TOF_1865_IPS_BOOK0_V1,120243710469920003,"C2B_STC_APP_BOOK0_T1 - Copy",120243710773800003,2026-05-25,Feed,iphone,instagram,iphone,,,,2026-05-08,Ongoing,"1-day click",,,,,,,,,,,,,,,,,,,,,,3,,,,,,,,,,,,,,,,,,,,,,,,,2026-05-25,2026-05-25
"BOOK0_APP_MAY26_IOS_MST _V2 [iOS]",120243710427300003,TEST_APB_TOF_1865_IOS_BOOK0,120244843459890003,C5B_STC_APP_BOOK0_T1,120244843460010003,2026-05-26,"Instagram Reels",iphone,instagram,iphone,,,,2026-05-25,Ongoing,"1-day click",,,,,,,,,,,,,,,,,,,,,,1,,,,,,,,,,,,,,,,,,,,,,,,,2026-05-26,2026-05-26
"BOOK0_APP_MAY26_IOS_MST _V2 [iOS]",120243710427300003,TEST_APB_TOF_1865_IOS_BOOK0,120244843459890003,C5B_STC_APP_BOOK0_T1,120244843460010003,2026-05-26,Feed,ipad,facebook,ipad,,,,2026-05-25,Ongoing,"1-day click",,,,,,,,,,,,,,,,,,,,,,2,,,,,,,,,,,,,,,,,,,,,,,,,2026-05-26,2026-05-26
"BOOK0_APP_MAY26_IOS_MST _V2 [iOS]",120243710427300003,TEST_APB_TOF_1865_IOS_BOOK0,120244843459890003,C5B_STC_APP_BOOK0_T1,120244843460010003,2026-05-26,Feed,ipad,facebook,other,,,,2026-05-25,Ongoing,"1-day click",,,,,,,,,,,,,,,,,,,,,,,,,,,,,,,,,,,,,2,,,,1,,,,,,2026-05-26,2026-05-26
"BOOK0_APP_MAY26_IOS_MST _V2 [iOS]",120243710427300003,TEST_APB_TOF_1865_IOS_BOOK0,120244843459890003,C5B_STC_APP_BOOK0_T1,120244843460010003,2026-05-26,Feed,ipad,facebook,0,,,,2026-05-25,Ongoing,"1-day click",,,,,,,,,,,,,,,,,,,,,,,,,,,,,,,2,,,,,,,,,,,,,,,,2026-05-26,2026-05-26
"BOOK0_APP_MAY26_IOS_MST _V2 [iOS]",120243710427300003,TEST_APB_TOF_1865_IOS_BOOK0,120244843459890003,C5B_STC_APP_BOOK0_T1,120244843460010003,2026-05-26,Feed,iphone,instagram,iphone,,,,2026-05-25,Ongoing,"1-day click",,,,,,,,,,,,,,,,,,,,,,10,,,,,,,,,,,,,,,,,,,,,,,,,2026-05-26,2026-05-26
"BOOK0_APP_MAY26_IOS_MST _V2 [iOS]",120243710427300003,TEST_APB_TOF_1865_IOS_BOOK0,120244843459890003,C5B_STC_APP_BOOK0_T1,120244843460010003,2026-05-26,Feed,iphone,instagram,other,,,,2026-05-25,Ongoing,"1-day click",,,,,,,,,,,,,,,,,,,,,,,,,,,,,,,,,,,,,,,,,2,,,,,,2026-05-26,2026-05-26
"BOOK0_APP_MAY26_IOS_MST _V2 [iOS]",120243710427300003,TEST_APB_TOF_1865_IOS_BOOK0,120244843459890003,C5B_STC_APP_BOOK0_T1,120244843460010003,2026-05-26,Feed,iphone,facebook,iphone,,,,2026-05-25,Ongoing,"1-day click",,,,,,,,,,,,,,,,,,,,,,12,,,,,,,,,,,,,,,2,,,,,,,,,,2026-05-26,2026-05-26
"BOOK0_APP_MAY26_IOS_MST _V2 [iOS]",120243710427300003,WIN_APB_TOF_1865_IPS_BOOK0_V1,120243710469920003,"C2B_STC_APP_BOOK0_T1 - Copy",120243710773800003,2026-05-25,Feed,iphone,instagram,other,,,,2026-05-08,Ongoing,"1-day click",,,,,,,,,,,,,,,,,,,,,,,,,,,,,,,,,,,,,1,,,,,,,,,,2026-05-25,2026-05-25
"BOOK0_APP_MAY26_IOS_MST _V2 [iOS]",120243710427300003,WIN_APB_TOF_1865_IPS_BOOK0_V1,120243710469920003,"C2B_STC_APP_BOOK0_T1 - Copy",120243710773800003,2026-05-25,"Threads feed",iphone,threads,iphone,,,,2026-05-08,Ongoing,"1-day click",,,,,,,,,,,,,,,,,,,,,,2,,,,,,,,,,,,,,,,,,,,,,,,,2026-05-25,2026-05-25
"BOOK0_APP_MAY26_IOS_MST _V2 [iOS]",120243710427300003,WIN_APB_TOF_1865_IPS_BOOK0_V1,120243710469920003,"C2B_STC_APP_BOOK0_T1 - Copy",120243710773800003,2026-05-24,Feed,iphone,instagram,other,,,,2026-05-08,Ongoing,"1-day click",,,,,,,,,,,,,,,,,,,,,,,,,,,,,,,,,,,,,1,,,,1,,,,,,2026-05-24,2026-05-24
"BOOK0_APP_MAY26_IOS_MST _V2 [iOS]",120243710427300003,WIN_APB_TOF_1865_IPS_BOOK0_V1,120243710469920003,"C2B_STC_APP_BOOK0_T1 - Copy",120243710773800003,2026-05-24,"Threads feed",iphone,threads,0,,,,2026-05-08,Ongoing,"1-day click",,,,,,,,,,,,,,,,,,,,,,,,,,,,,,,1,,,,,,,,,,,,,,,,2026-05-24,2026-05-24
"BOOK0_APP_MAY26_IOS_MST _V2 [iOS]",120243710427300003,WIN_APB_TOF_1865_IPS_BOOK0_V1,120243710469920003,"C2B_STC_APP_BOOK0_T1 - Copy",120243710773800003,2026-05-24,Feed,iphone,instagram,0,,,,2026-05-08,Ongoing,"1-day click",,,,,,,,,,,,,,,,,,,,,,,,,,,,,,,2,,,,,,,,,,,,,,,,2026-05-24,2026-05-24
"BOOK0_APP_MAY26_IOS_MST _V2 [iOS]",120243710427300003,WIN_APB_TOF_1865_IPS_BOOK0_V1,120243710469920003,"C2B_STC_APP_BOOK0_T1 - Copy",120243710773800003,2026-05-24,"Instagram Stories",iphone,instagram,iphone,,,,2026-05-08,Ongoing,"1-day click",,,,,,,,,,,,,,,,,,,,,,1,,,,,,,,,,,,,,,,,,,,,,,,,2026-05-24,2026-05-24
"BOOK0_APP_MAY26_IOS_MST _V2 [iOS]",120243710427300003,WIN_APB_TOF_1865_IPS_BOOK0_V1,120243710469920003,"C2B_STC_APP_BOOK0_T1 - Copy",120243710773800003,2026-05-24,"Facebook Reels",iphone,facebook,iphone,,,,2026-05-08,Ongoing,"1-day click",,,,,,,,,,,,,,,,,,,,,,4,,,,,,,,,,,,,,,,,,,,,,,,,2026-05-24,2026-05-24
"BOOK0_APP_MAY26_IOS_MST _V2 [iOS]",120243710427300003,WIN_APB_TOF_1865_IPS_BOOK0_V1,120243710469920003,"C2B_STC_APP_BOOK0_T1 - Copy",120243710773800003,2026-05-24,"Instagram Reels",iphone,instagram,iphone,,,,2026-05-08,Ongoing,"1-day click",,,,,,,,,,,,,,,,,,,,,,1,,,,,,,,,,,,,,,,,,,,,,,,,2026-05-24,2026-05-24
"BOOK0_APP_MAY26_IOS_MST _V2 [iOS]",120243710427300003,WIN_APB_TOF_1865_IPS_BOOK0_V1,120243710469920003,"C2B_STC_APP_BOOK0_T1 - Copy",120243710773800003,2026-05-24,"Instagram Reels",iphone,instagram,other,,,,2026-05-08,Ongoing,"1-day click",,,,,,,,,,,,,,,,,,,,,,,,,,,,,,,,,,,,,1,,,,1,,,,,,2026-05-24,2026-05-24
"BOOK0_APP_MAY26_IOS_MST _V2 [iOS]",120243710427300003,WIN_APB_TOF_1865_IPS_BOOK0_V1,120243710469920003,"C2B_STC_APP_BOOK0_T1 - Copy",120243710773800003,2026-05-24,"Instagram Reels",iphone,instagram,0,,,,2026-05-08,Ongoing,"1-day click",,,,,,,,,,,,,,,,,,,,,,,,,,,,,,,1,,,,,,,,,,,,,,,,2026-05-24,2026-05-24
"BOOK0_APP_MAY26_IOS_MST _V2 [iOS]",120243710427300003,WIN_APB_TOF_1865_IPS_BOOK0_V1,120243710469920003,"C2B_STC_APP_BOOK0_T1 - Copy",120243710773800003,2026-05-24,"Threads feed",iphone,threads,iphone,,,,2026-05-08,Ongoing,"1-day click",,,,,,,,,,,,,,,,,,,,,,2,,,,,,,,,,,,,,,1,,,,,,,,,,2026-05-24,2026-05-24
"BOOK0_APP_MAY26_IOS_MST _V2 [iOS]",120243710427300003,TEST_APB_TOF_1865_IOS_BOOK0,120244843459890003,C5B_STC_APP_BOOK0_T1,120244843460010003,2026-05-25,Feed,iphone,instagram,iphone,,,,2026-05-25,Ongoing,"1-day click",,,,,,,,,,,,,,,,,,,,,,1,,,,,,,,,,,,,,,,,,,,,,,,,2026-05-25,2026-05-25
"BOOK0_APP_MAY26_IOS_MST _V2 [iOS]",120243710427300003,WIN_APB_TOF_1865_IPS_BOOK0_V1,120243710469920003,"C2B_STC_APP_BOOK0_T1 - Copy",120243710773800003,2026-05-25,"Instagram Stories",iphone,instagram,iphone,,,,2026-05-08,Ongoing,"1-day click",,,,,,,,,,,,,,,,,,,,,,3,,,,,,,,,,,,,,,,,,,,,,,,,2026-05-25,2026-05-25
"BOOK0_APP_MAY26_IOS_MST _V2 [iOS]",120243710427300003,TEST_APB_TOF_1865_IOS_BOOK0,120244843459890003,C5B_STC_APP_BOOK0_T1,120244843460010003,2026-05-25,Feed,ipad,facebook,ipad,,,,2026-05-25,Ongoing,"1-day click",,,,,,,,,,,,,,,,,,,,,,2,,,,,,,,,,,,,,,,,,,,,,,,,2026-05-25,2026-05-25
"BOOK0_APP_MAY26_IOS_MST _V2 [iOS]",120243710427300003,TEST_APB_TOF_1865_IOS_BOOK0,120244843459890003,C6B_STC_APP_BOOK0_T1,120244847782220003,2026-05-25,Feed,iphone,facebook,iphone,,,,2026-05-25,Ongoing,"1-day click",,,,,,,,,,,,,,,,,,,,,,1,,,,,,,,,,,,,,,,,,,,,,,,,2026-05-25,2026-05-25
"BOOK0_APP_MAY26_IOS_MST _V2 [iOS]",120243710427300003,TEST_APB_TOF_1865_IOS_BOOK0,120244843459890003,C6B_STC_APP_BOOK0_T1,120244847782220003,2026-05-25,Feed,iphone,instagram,iphone,,,,2026-05-25,Ongoing,"1-day click",,,,,,,,,,,,,,,,,,,,,,1,,,,,,,,,,,,,,,,,,,,,,,,,2026-05-25,2026-05-25
"BOOK0_APP_MAY26_IOS_MST _V2 [iOS]",120243710427300003,TEST_APB_TOF_1865_IOS_BOOK0,120244843459890003,C5D_STC_APP_BOOK0_T1,120244850261200003,2026-05-25,Feed,iphone,facebook,iphone,,,,2026-05-25,Ongoing,"1-day click",,,,,,,,,,,,,,,,,,,,,,1,,,,,,,,,,,,,,,,,,,,,,,,,2026-05-25,2026-05-25
"BOOK0_APP_MAY26_IOS_MST _V2 [iOS]",120243710427300003,WIN_APB_TOF_1865_IPS_BOOK0_V1,120243710469920003,"C2B_STC_APP_BOOK0_T1 - Copy",120243710773800003,2026-05-25,Feed,iphone,facebook,iphone,,,,2026-05-08,Ongoing,"1-day click",,,,,,,,,,,,,,,,,,,,,,7,,,,,,,,,,,,,,,,,,,,,,,,,2026-05-25,2026-05-25
"BOOK0_APP_MAY26_IOS_MST _V2 [iOS]",120243710427300003,WIN_APB_TOF_1865_IPS_BOOK0_V1,120243710469920003,"C2B_STC_APP_BOOK0_T1 - Copy",120243710773800003,2026-05-25,"Facebook Reels",iphone,facebook,iphone,,,,2026-05-08,Ongoing,"1-day click",,,,,,,,,,,,,,,,,,,,,,1,,,,,,,,,,,,,,,,,,,,,,,,,2026-05-25,2026-05-25
"BOOK0_APP_MAY26_IOS_MST _V2 [iOS]",120243710427300003,WIN_APB_TOF_1865_IPS_BOOK0_V1,120243710469920003,"C2B_STC_APP_BOOK0_T1 - Copy",120243710773800003,2026-05-25,"In-stream reels",iphone,facebook,iphone,,,,2026-05-08,Ongoing,"1-day click",,,,,,,,,,,,,,,,,,,,,,1,,,,,,,,,,,,,,,,,,,,,,,,,2026-05-25,2026-05-25
"BOOK0_APP_MAY26_IOS_MST _V2 [iOS]",120243710427300003,WIN_APB_TOF_1865_IPS_BOOK0_V1,120243710469920003,"C2B_STC_APP_BOOK0_T1 - Copy",120243710773800003,2026-05-22,Feed,iphone,instagram,iphone,,,,2026-05-08,Ongoing,"1-day click",,,,,,,,,,,,,,,,,,,,,,6,,,,,,,,,,,,,,,2,,,,,,,,,,2026-05-22,2026-05-22
"BOOK0_APP_MAY26_IOS_MST _V2 [iOS]",120243710427300003,WIN_APB_TOF_1865_IPS_BOOK0_V1,120243710469920003,"C2B_STC_APP_BOOK0_T1 - Copy",120243710773800003,2026-05-20,Feed,iphone,facebook,other,,,,2026-05-08,Ongoing,"1-day click",,,,,,,,,,,,,,,,,,,,,,,,,,,,,,,,,,,,,2,,,,1,,,,,,2026-05-20,2026-05-20
"BOOK0_APP_MAY26_IOS_MST _V2 [iOS]",120243710427300003,WIN_APB_TOF_1865_IPS_BOOK0_V1,120243710469920003,"C2B_STC_APP_BOOK0_T1 - Copy",120243710773800003,2026-05-22,Feed,iphone,facebook,other,,,,2026-05-08,Ongoing,"1-day click",,,,,,,,,,,,,,,,,,,,,,,,,,,,,,,,,,,,,5,,,,5,,,,,,2026-05-22,2026-05-22
"BOOK0_APP_MAY26_IOS_MST _V2 [iOS]",120243710427300003,WIN_APB_TOF_1865_IPS_BOOK0_V1,120243710469920003,"C2B_STC_APP_BOOK0_T1 - Copy",120243710773800003,2026-05-19,"Instagram Stories",iphone,instagram,iphone,,,,2026-05-08,Ongoing,"1-day click",,,,,,,,,,,,,,,,,,,,,,3,,,,,,,,,,,,,,,,,,,,,,,,,2026-05-19,2026-05-19
"BOOK0_APP_MAY26_IOS_MST _V2 [iOS]",120243710427300003,WIN_APB_TOF_1865_IPS_BOOK0_V1,120243710469920003,"C2B_STC_APP_BOOK0_T1 - Copy",120243710773800003,2026-05-18,"Instagram Reels",iphone,instagram,iphone,,,,2026-05-08,Ongoing,"1-day click",,,,,,,,,,,,,,,,,,,,,,6,,,,,,,,,,,,,,,,,,,,,,,,,2026-05-18,2026-05-18
"BOOK0_APP_MAY26_IOS_MST _V2 [iOS]",120243710427300003,WIN_APB_TOF_1865_IPS_BOOK0_V1,120243710469920003,"C2B_STC_APP_BOOK0_T1 - Copy",120243710773800003,2026-05-18,Feed,iphone,instagram,iphone,,,,2026-05-08,Ongoing,"1-day click",,,,,,,,,,,,,,,,,,,,,,7,,,,,,,,,,,,,,,,,,,,,,,,,2026-05-18,2026-05-18
"BOOK0_APP_MAY26_IOS_MST _V2 [iOS]",120243710427300003,WIN_APB_TOF_1865_IPS_BOOK0_V1,120243710469920003,"C2B_STC_APP_BOOK0_T1 - Copy",120243710773800003,2026-05-18,"Instagram Reels",ipad,instagram,ipad,,,,2026-05-08,Ongoing,"1-day click",,,,,,,,,,,,,,,,,,,,,,1,,,,,,,,,,,,,,,,,,,,,,,,,2026-05-18,2026-05-18
"BOOK0_APP_MAY26_IOS_MST _V2 [iOS]",120243710427300003,WIN_APB_TOF_1865_IPS_BOOK0_V1,120243710469920003,"C4D_STC_APP_BOOK0_T1 - Copy",120243710773880003,2026-05-19,Feed,iphone,facebook,iphone,,,,2026-05-08,Ongoing,"1-day click",,,,,,,,,,,,,,,,,,,,,,1,,,,,,,,,,,,,,,,,,,,,,,,,2026-05-19,2026-05-19
"BOOK0_APP_MAY26_IOS_MST _V2 [iOS]",120243710427300003,WIN_APB_TOF_1865_IPS_BOOK0_V1,120243710469920003,"C2B_STC_APP_BOOK0_T1 - Copy",120243710773800003,2026-05-19,"Threads feed",ipad,threads,ipad,,,,2026-05-08,Ongoing,"1-day click",,,,,,,,,,,,,,,,,,,,,,,,,,,,,,,,,,,,,,,,,,,,,,,2026-05-19,2026-05-19
"BOOK0_APP_MAY26_IOS_MST _V2 [iOS]",120243710427300003,WIN_APB_TOF_1865_IPS_BOOK0_V1,120243710469920003,"C2B_STC_APP_BOOK0_T1 - Copy",120243710773800003,2026-05-19,"Threads feed",iphone,threads,iphone,,,,2026-05-08,Ongoing,"1-day click",,,,,,,,,,,,,,,,,,,,,,,,,,,,,,,,,,,,,,,,,,,,,,,2026-05-19,2026-05-19
"BOOK0_APP_MAY26_IOS_MST _V2 [iOS]",120243710427300003,WIN_APB_TOF_1865_IPS_BOOK0_V1,120243710469920003,"C2B_STC_APP_BOOK0_T1 - Copy",120243710773800003,2026-05-19,Feed,ipad,facebook,ipad,,,,2026-05-08,Ongoing,"1-day click",,,,,,,,,,,,,,,,,,,,,,2,,,,,,,,,,,,,,,,,,,,,,,,,2026-05-19,2026-05-19
"BOOK0_APP_MAY26_IOS_MST _V2 [iOS]",120243710427300003,WIN_APB_TOF_1865_IPS_BOOK0_V1,120243710469920003,"C2B_STC_APP_BOOK0_T1 - Copy",120243710773800003,2026-05-18,Feed,iphone,facebook,iphone,,,,2026-05-08,Ongoing,"1-day click",,,,,,,,,,,,,,,,,,,,,,11,,,,,,,,,,,,,,,,,,,,,,,,,2026-05-18,2026-05-18
"BOOK0_APP_MAY26_IOS_MST _V2 [iOS]",120243710427300003,WIN_APB_TOF_1865_IPS_BOOK0_V1,120243710469920003,"C2B_STC_APP_BOOK0_T1 - Copy",120243710773800003,2026-05-19,"Native, banner & interstitial",iphone,audience_network,iphone,,,,2026-05-08,Ongoing,"1-day click",,,,,,,,,,,,,,,,,,,,,,1,,,,,,,,,,,,,,,,,,,,,,,,,2026-05-19,2026-05-19
"BOOK0_APP_MAY26_IOS_MST _V2 [iOS]",120243710427300003,WIN_APB_TOF_1865_IPS_BOOK0_V1,120243710469920003,"C2B_STC_APP_BOOK0_T1 - Copy",120243710773800003,2026-05-19,Feed,iphone,facebook,iphone,,,,2026-05-08,Ongoing,"1-day click",,,,,,,,,,,,,,,,,,,,,,7,,,,,,,,,,,,,,,1,,,,,,,,,,2026-05-19,2026-05-19
"BOOK0_APP_MAY26_IOS_MST _V2 [iOS]",120243710427300003,WIN_APB_TOF_1865_IPS_BOOK0_V1,120243710469920003,"C2B_STC_APP_BOOK0_T1 - Copy",120243710773800003,2026-05-19,Feed,iphone,facebook,0,,,,2026-05-08,Ongoing,"1-day click",,,,,,,,,,,,,,,,,,,,,,,,,,,,,,,1,,,,,,,,,,,,,,,,2026-05-19,2026-05-19
"BOOK0_APP_MAY26_IOS_MST _V2 [iOS]",120243710427300003,WIN_APB_TOF_1865_IPS_BOOK0_V1,120243710469920003,"C2B_STC_APP_BOOK0_T1 - Copy",120243710773800003,2026-05-19,"Facebook Reels",iphone,facebook,iphone,,,,2026-05-08,Ongoing,"1-day click",,,,,,,,,,,,,,,,,,,,,,11,,,,,,,,,,,,,,,,,,,,,,,,,2026-05-19,2026-05-19
"BOOK0_APP_MAY26_IOS_MST _V2 [iOS]",120243710427300003,WIN_APB_TOF_1865_IPS_BOOK0_V1,120243710469920003,"C2B_STC_APP_BOOK0_T1 - Copy",120243710773800003,2026-05-19,"Instagram Reels",iphone,instagram,iphone,,,,2026-05-08,Ongoing,"1-day click",,,,,,,,,,,,,,,,,,,,,,4,,,,,,,,,,,,,,,,,,,,,,,,,2026-05-19,2026-05-19
"BOOK0_APP_MAY26_IOS_MST _V2 [iOS]",120243710427300003,WIN_APB_TOF_1865_IPS_BOOK0_V1,120243710469920003,"C2B_STC_APP_BOOK0_T1 - Copy",120243710773800003,2026-05-19,Feed,iphone,instagram,iphone,,,,2026-05-08,Ongoing,"1-day click",,,,,,,,,,,,,,,,,,,,,,5,,,,,,,,,,,,,,,,,,,,,,,,,2026-05-19,2026-05-19
"BOOK0_APP_MAY26_IOS_MST _V2 [iOS]",120243710427300003,WIN_APB_TOF_1865_IPS_BOOK0_V1,120243710469920003,"C2B_STC_APP_BOOK0_T1 - Copy",120243710773800003,2026-05-20,"Instagram Stories",iphone,instagram,iphone,,,,2026-05-08,Ongoing,"1-day click",,,,,,,,,,,,,,,,,,,,,,2,,,,,,,,,,,,,,,,,,,,,,,,,2026-05-20,2026-05-20
"BOOK0_APP_MAY26_IOS_MST _V2 [iOS]",120243710427300003,WIN_APB_TOF_1865_IPS_BOOK0_V1,120243710469920003,"C2B_STC_APP_BOOK0_T1 - Copy",120243710773800003,2026-05-18,"Facebook Reels",iphone,facebook,iphone,,,,2026-05-08,Ongoing,"1-day click",,,,,,,,,,,,,,,,,,,,,,8,,,,,,,,,,,,,,,,,,,,,,,,,2026-05-18,2026-05-18
"BOOK0_APP_MAY26_IOS_MST _V2 [iOS]",120243710427300003,WIN_APB_TOF_1865_IPS_BOOK0_V1,120243710469920003,"C2B_STC_APP_BOOK0_T1 - Copy",120243710773800003,2026-05-18,"Native, banner & interstitial",iphone,audience_network,iphone,,,,2026-05-08,Ongoing,"1-day click",,,,,,,,,,,,,,,,,,,,,,2,,,,,,,,,,,,,,,,,,,,,,,,,2026-05-18,2026-05-18
"BOOK0_APP_MAY26_IOS_MST _V2 [iOS]",120243710427300003,WIN_APB_TOF_1865_IPS_BOOK0_V1,120243710469920003,"C2B_STC_APP_BOOK0_T1 - Copy",120243710773800003,2026-05-20,"Instagram Stories",iphone,instagram,0,,,,2026-05-08,Ongoing,"1-day click",,,,,,,,,,,,,,,,,,,,,,,,,,,,,,,1,,,,,,,,,,,,,,,,2026-05-20,2026-05-20
"BOOK0_APP_MAY26_IOS_MST _V2 [iOS]",120243710427300003,TEST_APB_TOF_1865_IOS_BOOK0,120244843459890003,C5B_STC_APP_BOOK0_T1,120244843460010003,2026-05-26,Feed,iphone,facebook,0,,,,2026-05-25,Ongoing,"1-day click",,,,,,,,,,,,,,,,,,,,,,,,,,,,,,,4,,,,,,,,,,,,,,,,2026-05-26,2026-05-26
"BOOK0_APP_MAY26_IOS_MST _V2 [iOS]",120243710427300003,WIN_APB_TOF_1865_IPS_BOOK0_V1,120243710469920003,"C2B_STC_APP_BOOK0_T1 - Copy",120243710773800003,2026-05-17,"Threads feed",iphone,threads,iphone,,,,2026-05-08,Ongoing,"1-day click",,,,,,,,,,,,,,,,,,,,,,2,,,,,,,,,,,,,,,,,,,,,,,,,2026-05-17,2026-05-17
"BOOK0_APP_MAY26_IOS_MST _V2 [iOS]",120243710427300003,WIN_APB_TOF_1865_IPS_BOOK0_V1,120243710469920003,"C2B_STC_APP_BOOK0_T1 - Copy",120243710773800003,2026-05-17,"In-stream reels",iphone,facebook,iphone,,,,2026-05-08,Ongoing,"1-day click",,,,,,,,,,,,,,,,,,,,,,3,,,,,,,,,,,,,,,,,,,,,,,,,2026-05-17,2026-05-17
"BOOK0_APP_MAY26_IOS_MST _V2 [iOS]",120243710427300003,WIN_APB_TOF_1865_IPS_BOOK0_V1,120243710469920003,"C2B_STC_APP_BOOK0_T1 - Copy",120243710773800003,2026-05-17,"Facebook Reels",ipad,facebook,ipad,,,,2026-05-08,Ongoing,"1-day click",,,,,,,,,,,,,,,,,,,,,,2,,,,,,,,,,,,,,,,,,,,,,,,,2026-05-17,2026-05-17
"BOOK0_APP_MAY26_IOS_MST _V2 [iOS]",120243710427300003,WIN_APB_TOF_1865_IPS_BOOK0_V1,120243710469920003,"C2B_STC_APP_BOOK0_T1 - Copy",120243710773800003,2026-05-17,Feed,ipad,facebook,ipad,,,,2026-05-08,Ongoing,"1-day click",,,,,,,,,,,,,,,,,,,,,,3,,,,,,,,,,,,,,,,,,,,,,,,,2026-05-17,2026-05-17
"BOOK0_APP_MAY26_IOS_MST _V2 [iOS]",120243710427300003,WIN_APB_TOF_1865_IPS_BOOK0_V1,120243710469920003,"C2B_STC_APP_BOOK0_T1 - Copy",120243710773800003,2026-05-17,"Facebook Stories",iphone,facebook,iphone,,,,2026-05-08,Ongoing,"1-day click",,,,,,,,,,,,,,,,,,,,,,1,,,,,,,,,,,,,,,,,,,,,,,,,2026-05-17,2026-05-17
"BOOK0_APP_MAY26_IOS_MST _V2 [iOS]",120243710427300003,WIN_APB_TOF_1865_IPS_BOOK0_V1,120243710469920003,"C2B_STC_APP_BOOK0_T1 - Copy",120243710773800003,2026-05-17,"Native, banner & interstitial",iphone,audience_network,iphone,,,,2026-05-08,Ongoing,"1-day click",,,,,,,,,,,,,,,,,,,,,,7,,,,,,,,,,,,,,,,,,,,,,,,,2026-05-17,2026-05-17
"BOOK0_APP_MAY26_IOS_MST _V2 [iOS]",120243710427300003,WIN_APB_TOF_1865_IPS_BOOK0_V1,120243710469920003,"C2B_STC_APP_BOOK0_T1 - Copy",120243710773800003,2026-05-17,Feed,iphone,instagram,iphone,,,,2026-05-08,Ongoing,"1-day click",,,,,,,,,,,,,,,,,,,,,,8,,,,,,,,,,,,,,,,,,,,,,,,,2026-05-17,2026-05-17
"BOOK0_APP_MAY26_IOS_MST _V2 [iOS]",120243710427300003,WIN_APB_TOF_1865_IPS_BOOK0_V1,120243710469920003,"C2B_STC_APP_BOOK0_T1 - Copy",120243710773800003,2026-05-18,"Facebook Reels",ipad,facebook,ipad,,,,2026-05-08,Ongoing,"1-day click",,,,,,,,,,,,,,,,,,,,,,1,,,,,,,,,,,,,,,,,,,,,,,,,2026-05-18,2026-05-18
"BOOK0_APP_MAY26_IOS_MST _V2 [iOS]",120243710427300003,WIN_APB_TOF_1865_IPS_BOOK0_V1,120243710469920003,"C2B_STC_APP_BOOK0_T1 - Copy",120243710773800003,2026-05-17,"Instagram Reels",iphone,instagram,iphone,,,,2026-05-08,Ongoing,"1-day click",,,,,,,,,,,,,,,,,,,,,,4,,,,,,,,,,,,,,,,,,,,,,,,,2026-05-17,2026-05-17
"BOOK0_APP_MAY26_IOS_MST _V2 [iOS]",120243710427300003,WIN_APB_TOF_1865_IPS_BOOK0_V1,120243710469920003,"C2B_STC_APP_BOOK0_T1 - Copy",120243710773800003,2026-05-17,"Facebook Reels",iphone,facebook,iphone,,,,2026-05-08,Ongoing,"1-day click",,,,,,,,,,,,,,,,,,,,,,3,,,,,,,,,,,,,,,,,,,,,,,,,2026-05-17,2026-05-17
"BOOK0_APP_MAY26_IOS_MST _V2 [iOS]",120243710427300003,WIN_APB_TOF_1865_IPS_BOOK0_V1,120243710469920003,"C2B_STC_APP_BOOK0_T1 - Copy",120243710773800003,2026-05-17,"Native, banner & interstitial",ipad,audience_network,ipad,,,,2026-05-08,Ongoing,"1-day click",,,,,,,,,,,,,,,,,,,,,,1,,,,,,,,,,,,,,,,,,,,,,,,,2026-05-17,2026-05-17
"BOOK0_APP_MAY26_IOS_MST _V2 [iOS]",120243710427300003,WIN_APB_TOF_1865_IPS_BOOK0_V1,120243710469920003,"C3D_STC_APP_BOOK0_T1 - Copy",120243710773860003,2026-05-18,"Threads feed",iphone,threads,iphone,,,,2026-05-08,Ongoing,"1-day click",,,,,,,,,,,,,,,,,,,,,,1,,,,,,,,,,,,,,,,,,,,,,,,,2026-05-18,2026-05-18
"BOOK0_APP_MAY26_IOS_MST _V2 [iOS]",120243710427300003,WIN_APB_TOF_1865_IPS_BOOK0_V1,120243710469920003,"C2B_STC_APP_BOOK0_T1 - Copy",120243710773800003,2026-05-18,"Facebook profile feed",iphone,facebook,iphone,,,,2026-05-08,Ongoing,"1-day click",,,,,,,,,,,,,,,,,,,,,,2,,,,,,,,,,,,,,,,,,,,,,,,,2026-05-18,2026-05-18
"BOOK0_APP_MAY26_IOS_MST _V2 [iOS]",120243710427300003,WIN_APB_TOF_1865_IPS_BOOK0_V1,120243710469920003,"C2B_STC_APP_BOOK0_T1 - Copy",120243710773800003,2026-05-18,"Threads feed",iphone,threads,iphone,,,,2026-05-08,Ongoing,"1-day click",,,,,,,,,,,,,,,,,,,,,,2,,,,,,,,,,,,,,,,,,,,,,,,,2026-05-18,2026-05-18
"BOOK0_APP_MAY26_IOS_MST _V2 [iOS]",120243710427300003,WIN_APB_TOF_1865_IPS_BOOK0_V1,120243710469920003,"C2B_STC_APP_BOOK0_T1 - Copy",120243710773800003,2026-05-18,Marketplace,iphone,facebook,iphone,,,,2026-05-08,Ongoing,"1-day click",,,,,,,,,,,,,,,,,,,,,,1,,,,,,,,,,,,,,,,,,,,,,,,,2026-05-18,2026-05-18
"BOOK0_APP_MAY26_IOS_MST _V2 [iOS]",120243710427300003,WIN_APB_TOF_1865_IPS_BOOK0_V1,120243710469920003,"C2B_STC_APP_BOOK0_T1 - Copy",120243710773800003,2026-05-20,"Instagram Stories",iphone,instagram,other,,,,2026-05-08,Ongoing,"1-day click",,,,,,,,,,,,,,,,,,,,,,,,,,,,,,,,,,,,,1,,,,1,,,,,,2026-05-20,2026-05-20
"BOOK0_APP_MAY26_IOS_MST _V2 [iOS]",120243710427300003,WIN_APB_TOF_1865_IPS_BOOK0_V1,120243710469920003,"C2B_STC_APP_BOOK0_T1 - Copy",120243710773800003,2026-05-20,"Native, banner & interstitial",ipad,audience_network,ipad,,,,2026-05-08,Ongoing,"1-day click",,,,,,,,,,,,,,,,,,,,,,1,,,,,,,,,,,,,,,,,,,,,,,,,2026-05-20,2026-05-20
"BOOK0_APP_MAY26_IOS_MST _V2 [iOS]",120243710427300003,WIN_APB_TOF_1865_IPS_BOOK0_V1,120243710469920003,"C2B_STC_APP_BOOK0_T1 - Copy",120243710773800003,2026-05-22,Feed,iphone,facebook,iphone,,,,2026-05-08,Ongoing,"1-day click",,,,,,,,,,,,,,,,,,,,,,8,,,,,,,,,,,,,,,,,,,,,,,,,2026-05-22,2026-05-22
"BOOK0_APP_MAY26_IOS_MST _V2 [iOS]",120243710427300003,WIN_APB_TOF_1865_IPS_BOOK0_V1,120243710469920003,"C2B_STC_APP_BOOK0_T1 - Copy",120243710773800003,2026-05-21,Feed,ipad,facebook,ipad,,,,2026-05-08,Ongoing,"1-day click",,,,,,,,,,,,,,,,,,,,,,1,,,,,,,,,,,,,,,,,,,,,,,,,2026-05-21,2026-05-21
"BOOK0_APP_MAY26_IOS_MST _V2 [iOS]",120243710427300003,WIN_APB_TOF_1865_IPS_BOOK0_V1,120243710469920003,"C2B_STC_APP_BOOK0_T1 - Copy",120243710773800003,2026-05-21,"Native, banner & interstitial",iphone,audience_network,iphone,,,,2026-05-08,Ongoing,"1-day click",,,,,,,,,,,,,,,,,,,,,,4,,,,,,,,,,,,,,,,,,,,,,,,,2026-05-21,2026-05-21
"BOOK0_APP_MAY26_IOS_MST _V2 [iOS]",120243710427300003,WIN_APB_TOF_1865_IPS_BOOK0_V1,120243710469920003,"C2B_STC_APP_BOOK0_T1 - Copy",120243710773800003,2026-05-21,"Facebook Reels",ipad,facebook,ipad,,,,2026-05-08,Ongoing,"1-day click",,,,,,,,,,,,,,,,,,,,,,2,,,,,,,,,,,,,,,,,,,,,,,,,2026-05-21,2026-05-21
"BOOK0_APP_MAY26_IOS_MST _V2 [iOS]",120243710427300003,WIN_APB_TOF_1865_IPS_BOOK0_V1,120243710469920003,"C2B_STC_APP_BOOK0_T1 - Copy",120243710773800003,2026-05-21,Feed,iphone,facebook,iphone,,,,2026-05-08,Ongoing,"1-day click",,,,,,,,,,,,,,,,,,,,,,9,,,,,,,,,,,,,,,,,,,,,,,,,2026-05-21,2026-05-21
"BOOK0_APP_MAY26_IOS_MST _V2 [iOS]",120243710427300003,WIN_APB_TOF_1865_IPS_BOOK0_V1,120243710469920003,"C2B_STC_APP_BOOK0_T1 - Copy",120243710773800003,2026-05-21,"Threads feed",iphone,threads,iphone,,,,2026-05-08,Ongoing,"1-day click",,,,,,,,,,,,,,,,,,,,,,1,,,,,,,,,,,,,,,,,,,,,,,,,2026-05-21,2026-05-21
"BOOK0_APP_MAY26_IOS_MST _V2 [iOS]",120243710427300003,WIN_APB_TOF_1865_IPS_BOOK0_V1,120243710469920003,"C2B_STC_APP_BOOK0_T1 - Copy",120243710773800003,2026-05-21,Feed,ipad,instagram,ipad,,,,2026-05-08,Ongoing,"1-day click",,,,,,,,,,,,,,,,,,,,,,1,,,,,,,,,,,,,,,,,,,,,,,,,2026-05-21,2026-05-21
"BOOK0_APP_MAY26_IOS_MST _V2 [iOS]",120243710427300003,WIN_APB_TOF_1865_IPS_BOOK0_V1,120243710469920003,"C2B_STC_APP_BOOK0_T1 - Copy",120243710773800003,2026-05-21,"Instagram Stories",iphone,instagram,iphone,,,,2026-05-08,Ongoing,"1-day click",,,,,,,,,,,,,,,,,,,,,,1,,,,,,,,,,,,,,,,,,,,,,,,,2026-05-21,2026-05-21
"BOOK0_APP_MAY26_IOS_MST _V2 [iOS]",120243710427300003,WIN_APB_TOF_1865_IPS_BOOK0_V1,120243710469920003,"C2B_STC_APP_BOOK0_T1 - Copy",120243710773800003,2026-05-22,Feed,ipad,facebook,ipad,,,,2026-05-08,Ongoing,"1-day click",,,,,,,,,,,,,,,,,,,,,,,,,,,,,,,,,,,,,,,,,,,,,,,2026-05-22,2026-05-22
"BOOK0_APP_MAY26_IOS_MST _V2 [iOS]",120243710427300003,WIN_APB_TOF_1865_IPS_BOOK0_V1,120243710469920003,"C2B_STC_APP_BOOK0_T1 - Copy",120243710773800003,2026-05-21,"Facebook Reels",iphone,facebook,0,,,,2026-05-08,Ongoing,"1-day click",,,,,,,,,,,,,,,,,,,,,,,,,,,,,,,1,,,,,,,,,,,,,,,,2026-05-21,2026-05-21
"BOOK0_APP_MAY26_IOS_MST _V2 [iOS]",120243710427300003,WIN_APB_TOF_1865_IPS_BOOK0_V1,120243710469920003,"C2B_STC_APP_BOOK0_T1 - Copy",120243710773800003,2026-05-22,"Facebook profile feed",iphone,facebook,iphone,,,,2026-05-08,Ongoing,"1-day click",,,,,,,,,,,,,,,,,,,,,,1,,,,,,,,,,,,,,,,,,,,,,,,,2026-05-22,2026-05-22
"BOOK0_APP_MAY26_IOS_MST _V2 [iOS]",120243710427300003,WIN_APB_TOF_1865_IPS_BOOK0_V1,120243710469920003,"C2B_STC_APP_BOOK0_T1 - Copy",120243710773800003,2026-05-22,"Threads feed",ipad,threads,ipad,,,,2026-05-08,Ongoing,"1-day click",,,,,,,,,,,,,,,,,,,,,,1,,,,,,,,,,,,,,,,,,,,,,,,,2026-05-22,2026-05-22
"BOOK0_APP_MAY26_IOS_MST _V2 [iOS]",120243710427300003,WIN_APB_TOF_1865_IPS_BOOK0_V1,120243710469920003,"C2B_STC_APP_BOOK0_T1 - Copy",120243710773800003,2026-05-22,"Native, banner & interstitial",iphone,audience_network,iphone,,,,2026-05-08,Ongoing,"1-day click",,,,,,,,,,,,,,,,,,,,,,4,,,,,,,,,,,,,,,,,,,,,,,,,2026-05-22,2026-05-22
"BOOK0_APP_MAY26_IOS_MST _V2 [iOS]",120243710427300003,WIN_APB_TOF_1865_IPS_BOOK0_V1,120243710469920003,"C2B_STC_APP_BOOK0_T1 - Copy",120243710773800003,2026-05-22,"Native, banner & interstitial",iphone,audience_network,other,,,,2026-05-08,Ongoing,"1-day click",,,,,,,,,,,,,,,,,,,,,,,,,,,,,,,,,,,,,1,,,,1,,,,,,2026-05-22,2026-05-22
"BOOK0_APP_MAY26_IOS_MST _V2 [iOS]",120243710427300003,WIN_APB_TOF_1865_IPS_BOOK0_V1,120243710469920003,"C2B_STC_APP_BOOK0_T1 - Copy",120243710773800003,2026-05-22,"Native, banner & interstitial",iphone,audience_network,0,,,,2026-05-08,Ongoing,"1-day click",,,,,,,,,,,,,,,,,,,,,,,,,,,,,,,1,,,,,,,,,,,,,,,,2026-05-22,2026-05-22
"BOOK0_APP_MAY26_IOS_MST _V2 [iOS]",120243710427300003,WIN_APB_TOF_1865_IPS_BOOK0_V1,120243710469920003,"C2B_STC_APP_BOOK0_T1 - Copy",120243710773800003,2026-05-22,"Instagram Reels",iphone,instagram,iphone,,,,2026-05-08,Ongoing,"1-day click",,,,,,,,,,,,,,,,,,,,,,5,,,,,,,,,,,,,,,1,,,,1,,,,,,2026-05-22,2026-05-22
"BOOK0_APP_MAY26_IOS_MST _V2 [iOS]",120243710427300003,WIN_APB_TOF_1865_IPS_BOOK0_V1,120243710469920003,"C2B_STC_APP_BOOK0_T1 - Copy",120243710773800003,2026-05-22,"Instagram Reels",iphone,instagram,0,,,,2026-05-08,Ongoing,"1-day click",,,,,,,,,,,,,,,,,,,,,,,,,,,,,,,1,,,,,,,,,,,,,,,,2026-05-22,2026-05-22
"BOOK0_APP_MAY26_IOS_MST _V2 [iOS]",120243710427300003,WIN_APB_TOF_1865_IPS_BOOK0_V1,120243710469920003,"C2B_STC_APP_BOOK0_T1 - Copy",120243710773800003,2026-05-21,"Native, banner & interstitial",ipad,audience_network,ipad,,,,2026-05-08,Ongoing,"1-day click",,,,,,,,,,,,,,,,,,,,,,2,,,,,,,,,,,,,,,,,,,,,,,,,2026-05-21,2026-05-21
"BOOK0_APP_MAY26_IOS_MST _V2 [iOS]",120243710427300003,WIN_APB_TOF_1865_IPS_BOOK0_V1,120243710469920003,"C2B_STC_APP_BOOK0_T1 - Copy",120243710773800003,2026-05-21,"Facebook Reels",iphone,facebook,iphone,,,,2026-05-08,Ongoing,"1-day click",,,,,,,,,,,,,,,,,,,,,,7,,,,,,,,,,,,,,,1,,,,,,,,,,2026-05-21,2026-05-21
"BOOK0_APP_MAY26_IOS_MST _V2 [iOS]",120243710427300003,WIN_APB_TOF_1865_IPS_BOOK0_V1,120243710469920003,"C2B_STC_APP_BOOK0_T1 - Copy",120243710773800003,2026-05-20,"Native, banner & interstitial",iphone,audience_network,iphone,,,,2026-05-08,Ongoing,"1-day click",,,,,,,,,,,,,,,,,,,,,,4,,,,,,,,,,,,,,,,,,,,,,,,,2026-05-20,2026-05-20
"BOOK0_APP_MAY26_IOS_MST _V2 [iOS]",120243710427300003,WIN_APB_TOF_1865_IPS_BOOK0_V1,120243710469920003,"C2B_STC_APP_BOOK0_T1 - Copy",120243710773800003,2026-05-20,Feed,iphone,instagram,other,,,,2026-05-08,Ongoing,"1-day click",,,,,,,,,,,,,,,,,,,,,,,,,,,,,,,,,,,,,1,,,,1,,,,,,2026-05-20,2026-05-20
"BOOK0_APP_MAY26_IOS_MST _V2 [iOS]",120243710427300003,WIN_APB_TOF_1865_IPS_BOOK0_V1,120243710469920003,"C2B_STC_APP_BOOK0_T1 - Copy",120243710773800003,2026-05-20,"Facebook Stories",iphone,facebook,iphone,,,,2026-05-08,Ongoing,"1-day click",,,,,,,,,,,,,,,,,,,,,,2,,,,,,,,,,,,,,,,,,,,,,,,,2026-05-20,2026-05-20
"BOOK0_APP_MAY26_IOS_MST _V2 [iOS]",120243710427300003,WIN_APB_TOF_1865_IPS_BOOK0_V1,120243710469920003,"C2B_STC_APP_BOOK0_T1 - Copy",120243710773800003,2026-05-20,"Instagram Reels",iphone,instagram,iphone,,,,2026-05-08,Ongoing,"1-day click",,,,,,,,,,,,,,,,,,,,,,3,,,,,,,,,,,,,,,1,,,,1,,,,,,2026-05-20,2026-05-20
"BOOK0_APP_MAY26_IOS_MST _V2 [iOS]",120243710427300003,WIN_APB_TOF_1865_IPS_BOOK0_V1,120243710469920003,"C2B_STC_APP_BOOK0_T1 - Copy",120243710773800003,2026-05-20,"Instagram Reels",iphone,instagram,0,,,,2026-05-08,Ongoing,"1-day click",,,,,,,,,,,,,,,,,,,,,,,,,,,,,,,1,,,,,,,,,,,,,,,,2026-05-20,2026-05-20
"BOOK0_APP_MAY26_IOS_MST _V2 [iOS]",120243710427300003,WIN_APB_TOF_1865_IPS_BOOK0_V1,120243710469920003,"C2B_STC_APP_BOOK0_T1 - Copy",120243710773800003,2026-05-20,Feed,iphone,facebook,iphone,,,,2026-05-08,Ongoing,"1-day click",,,,,,,,,,,,,,,,,,,,,,6,,,,,,,,,,,,,,,1,,,,,,,,,,2026-05-20,2026-05-20
"BOOK0_APP_MAY26_IOS_MST _V2 [iOS]",120243710427300003,WIN_APB_TOF_1865_IPS_BOOK0_V1,120243710469920003,"C2B_STC_APP_BOOK0_T1 - Copy",120243710773800003,2026-05-20,Feed,iphone,facebook,0,,,,2026-05-08,Ongoing,"1-day click",,,,,,,,,,,,,,,,,,,,,,,,,,,,,,,3,,,,,,,,,,,,,,,,2026-05-20,2026-05-20
"BOOK0_APP_MAY26_IOS_MST _V2 [iOS]",120243710427300003,WIN_APB_TOF_1865_IPS_BOOK0_V1,120243710469920003,"C2B_STC_APP_BOOK0_T1 - Copy",120243710773800003,2026-05-20,Feed,iphone,instagram,iphone,,,,2026-05-08,Ongoing,"1-day click",,,,,,,,,,,,,,,,,,,,,,6,,,,,,,,,,,,,,,,,,,,,,,,,2026-05-20,2026-05-20
"BOOK0_APP_MAY26_IOS_MST _V2 [iOS]",120243710427300003,WIN_APB_TOF_1865_IPS_BOOK0_V1,120243710469920003,"C2B_STC_APP_BOOK0_T1 - Copy",120243710773800003,2026-05-20,Feed,iphone,instagram,0,,,,2026-05-08,Ongoing,"1-day click",,,,,,,,,,,,,,,,,,,,,,,,,,,,,,,1,,,,,,,,,,,,,,,,2026-05-20,2026-05-20
"BOOK0_APP_MAY26_IOS_MST _V2 [iOS]",120243710427300003,WIN_APB_TOF_1865_IPS_BOOK0_V1,120243710469920003,"C2B_STC_APP_BOOK0_T1 - Copy",120243710773800003,2026-05-21,"Instagram Reels",ipad,instagram,ipad,,,,2026-05-08,Ongoing,"1-day click",,,,,,,,,,,,,,,,,,,,,,1,,,,,,,,,,,,,,,,,,,,,,,,,2026-05-21,2026-05-21
"BOOK0_APP_MAY26_IOS_MST _V2 [iOS]",120243710427300003,WIN_APB_TOF_1865_IPS_BOOK0_V1,120243710469920003,"C2B_STC_APP_BOOK0_T1 - Copy",120243710773800003,2026-05-20,"Facebook Reels",ipad,facebook,ipad,,,,2026-05-08,Ongoing,"1-day click",,,,,,,,,,,,,,,,,,,,,,2,,,,,,,,,,,,,,,,,,,,,,,,,2026-05-20,2026-05-20
"BOOK0_APP_MAY26_IOS_MST _V2 [iOS]",120243710427300003,WIN_APB_TOF_1865_IPS_BOOK0_V1,120243710469920003,"C2B_STC_APP_BOOK0_T1 - Copy",120243710773800003,2026-05-20,"Threads feed",iphone,threads,iphone,,,,2026-05-08,Ongoing,"1-day click",,,,,,,,,,,,,,,,,,,,,,1,,,,,,,,,,,,,,,,,,,,,,,,,2026-05-20,2026-05-20
"BOOK0_APP_MAY26_IOS_MST _V2 [iOS]",120243710427300003,WIN_APB_TOF_1865_IPS_BOOK0_V1,120243710469920003,"C2B_STC_APP_BOOK0_T1 - Copy",120243710773800003,2026-05-20,"Threads feed",iphone,threads,other,,,,2026-05-08,Ongoing,"1-day click",,,,,,,,,,,,,,,,,,,,,,,,,,,,,,,,,,,,,1,,,,,,,,,,2026-05-20,2026-05-20
"BOOK0_APP_MAY26_IOS_MST _V2 [iOS]",120243710427300003,WIN_APB_TOF_1865_IPS_BOOK0_V1,120243710469920003,"C2B_STC_APP_BOOK0_T1 - Copy",120243710773800003,2026-05-20,"Threads feed",iphone,threads,0,,,,2026-05-08,Ongoing,"1-day click",,,,,,,,,,,,,,,,,,,,,,,,,,,,,,,1,,,,,,,,,,,,,,,,2026-05-20,2026-05-20
"BOOK0_APP_MAY26_IOS_MST _V2 [iOS]",120243710427300003,WIN_APB_TOF_1865_IPS_BOOK0_V1,120243710469920003,"C2B_STC_APP_BOOK0_T1 - Copy",120243710773800003,2026-05-20,Feed,ipad,facebook,ipad,,,,2026-05-08,Ongoing,"1-day click",,,,,,,,,,,,,,,,,,,,,,1,,,,,,,,,,,,,,,,,,,,,,,,,2026-05-20,2026-05-20
"BOOK0_APP_MAY26_IOS_MST _V2 [iOS]",120243710427300003,WIN_APB_TOF_1865_IPS_BOOK0_V1,120243710469920003,"C2B_STC_APP_BOOK0_T1 - Copy",120243710773800003,2026-05-21,Feed,iphone,instagram,iphone,,,,2026-05-08,Ongoing,"1-day click",,,,,,,,,,,,,,,,,,,,,,3,,,,,,,,,,,,,,,,,,,,,,,,,2026-05-21,2026-05-21
"BOOK0_APP_MAY26_IOS_MST _V2 [iOS]",120243710427300003,WIN_APB_TOF_1865_IPS_BOOK0_V1,120243710469920003,"C2B_STC_APP_BOOK0_T1 - Copy",120243710773800003,2026-05-21,"Instagram Reels",iphone,instagram,iphone,,,,2026-05-08,Ongoing,"1-day click",,,,,,,,,,,,,,,,,,,,,,2,,,,,,,,,,,,,,,,,,,,,,,,,2026-05-21,2026-05-21
"BOOK0_APP_MAY26_IOS_MST _V2 [iOS]",120243710427300003,TEST_APB_TOF_1865_IOS_BOOK0,120244843459890003,C5B_STC_APP_BOOK0_T1,120244843460010003,2026-05-26,Feed,iphone,facebook,other,,,,2026-05-25,Ongoing,"1-day click",,,,,,,,,,,,,,,,,,,,,,,,,,,,,,,,,,,,,2,,,,1,,,,,,2026-05-26,2026-05-26
"BOOK0_APP_MAY26_IOS_MST _V2 [iOS]",120243710427300003,TEST_APB_TOF_1865_IOS_BOOK0,120244843459890003,C5D_STC_APP_BOOK0_T1,120244850261200003,2026-05-31,"Facebook Stories",iphone,facebook,iphone,,,,2026-05-25,Ongoing,"1-day click",,,,,,,,,,,,,,,,,,,,,,1,,,,,,,,,,,,,,,,,,,,,,,,,2026-05-31,2026-05-31
"BOOK0_APP_MAY26_IOS_MST _V2 [iOS]",120243710427300003,TEST_APB_TOF_1865_IOS_BOOK0,120244843459890003,C5B_STC_APP_BOOK0_T1,120244843460010003,2026-05-26,"In-stream reels",iphone,facebook,iphone,,,,2026-05-25,Ongoing,"1-day click",,,,,,,,,,,,,,,,,,,,,,1,,,,,,,,,,,,,,,,,,,,,,,,,2026-05-26,2026-05-26
"BOOK0_APP_MAY26_IOS_MST _V2 [iOS]",120243710427300003,TEST_APB_TOF_1865_IOS_BOOK0,120244843459890003,C5D_STC_APP_BOOK0_T1,120244850261200003,2026-06-01,Feed,ipad,facebook,ipad,,,,2026-05-25,Ongoing,"1-day click",,,,,,,,,,,,,,,,,,,,,,1,,,,,,,,,,,,,,,,,,,,,,,,,2026-06-01,2026-06-01
"BOOK0_APP_MAY26_IOS_MST _V2 [iOS]",120243710427300003,TEST_APB_TOF_1865_IOS_BOOK0,120244843459890003,C6B_STC_APP_BOOK0_T1,120244847782220003,2026-06-01,"Instagram Stories",iphone,instagram,iphone,,,,2026-05-25,Ongoing,"1-day click",,,,,,,,,,,,,,,,,,,,,,5,,,,,,,,,,,,,,,,,,,,,,,,,2026-06-01,2026-06-01
"BOOK0_APP_MAY26_IOS_MST _V2 [iOS]",120243710427300003,TEST_APB_TOF_1865_IOS_BOOK0,120244843459890003,C6B_STC_APP_BOOK0_T1,120244847782220003,2026-06-01,"Native, banner & interstitial",iphone,audience_network,iphone,,,,2026-05-25,Ongoing,"1-day click",,,,,,,,,,,,,,,,,,,,,,2,,,,,,,,,,,,,,,,,,,,,,,,,2026-06-01,2026-06-01
"BOOK0_APP_MAY26_IOS_MST _V2 [iOS]",120243710427300003,TEST_APB_TOF_1865_IOS_BOOK0,120244843459890003,C6B_STC_APP_BOOK0_T1,120244847782220003,2026-06-01,Feed,iphone,facebook,iphone,,,,2026-05-25,Ongoing,"1-day click",,,,,,,,,,,,,,,,,,,,,,4,,,,,,,,,,,,,,,,,,,,,,,,,2026-06-01,2026-06-01
"BOOK0_APP_MAY26_IOS_MST _V2 [iOS]",120243710427300003,TEST_APB_TOF_1865_IOS_BOOK0,120244843459890003,C6B_STC_APP_BOOK0_T1,120244847782220003,2026-06-01,"Threads feed",iphone,threads,iphone,,,,2026-05-25,Ongoing,"1-day click",,,,,,,,,,,,,,,,,,,,,,2,,,,,,,,,,,,,,,,,,,,,,,,,2026-06-01,2026-06-01
"BOOK0_APP_MAY26_IOS_MST _V2 [iOS]",120243710427300003,TEST_APB_TOF_1865_IOS_BOOK0,120244843459890003,C5D_STC_APP_BOOK0_T1,120244850261200003,2026-06-01,"Threads feed",iphone,threads,iphone,,,,2026-05-25,Ongoing,"1-day click",,,,,,,,,,,,,,,,,,,,,,,,,,,,,,,,,,,,,,,,,,,,,,,2026-06-01,2026-06-01
"BOOK0_APP_MAY26_IOS_MST _V2 [iOS]",120243710427300003,TEST_APB_TOF_1865_IOS_BOOK0,120244843459890003,C5D_STC_APP_BOOK0_T1,120244850261200003,2026-06-01,Feed,iphone,instagram,iphone,,,,2026-05-25,Ongoing,"1-day click",,,,,,,,,,,,,,,,,,,,,,1,,,,,,,,,,,,,,,,,,,,,,,,,2026-06-01,2026-06-01
"BOOK0_APP_MAY26_IOS_MST _V2 [iOS]",120243710427300003,TEST_APB_TOF_1865_IOS_BOOK0,120244843459890003,C5D_STC_APP_BOOK0_T1,120244850261200003,2026-06-01,Feed,iphone,facebook,iphone,,,,2026-05-25,Ongoing,"1-day click",,,,,,,,,,,,,,,,,,,,,,4,,,,,,,,,,,,,,,,,,,,,,,,,2026-06-01,2026-06-01
"BOOK0_APP_MAY26_IOS_MST _V2 [iOS]",120243710427300003,TEST_APB_TOF_1865_IOS_BOOK0,120244843459890003,C6B_STC_APP_BOOK0_T1,120244847782220003,2026-06-01,Feed,iphone,instagram,iphone,,,,2026-05-25,Ongoing,"1-day click",,,,,,,,,,,,,,,,,,,,,,2,,,,,,,,,,,,,,,,,,,,,,,,,2026-06-01,2026-06-01
"BOOK0_APP_MAY26_IOS_MST _V2 [iOS]",120243710427300003,TEST_APB_TOF_1865_IOS_BOOK0,120244843459890003,C5D_STC_APP_BOOK0_T1,120244850261200003,2026-06-01,"Ads on Facebook Reels",iphone,facebook,iphone,,,,2026-05-25,Ongoing,"1-day click",,,,,,,,,,,,,,,,,,,,,,1,,,,,,,,,,,,,,,,,,,,,,,,,2026-06-01,2026-06-01
"BOOK0_APP_MAY26_IOS_MST _V2 [iOS]",120243710427300003,TEST_APB_TOF_1865_IOS_BOOK0,120244843459890003,C6B_STC_APP_BOOK0_T1,120244847782220003,2026-06-02,Feed,iphone,facebook,iphone,,,,2026-05-25,Ongoing,"1-day click",,,,,,,,,,,,,,,,,,,,,,2,,,,,,,,,,,,,,,,,,,,,,,,,2026-06-02,2026-06-02
"BOOK0_APP_MAY26_IOS_MST _V2 [iOS]",120243710427300003,TEST_APB_TOF_1865_IOS_BOOK0,120244843459890003,C6B_STC_APP_BOOK0_T1,120244847782220003,2026-06-02,"Ads on Facebook Reels",iphone,facebook,iphone,,,,2026-05-25,Ongoing,"1-day click",,,,,,,,,,,,,,,,,,,,,,7,,,,,,,,,,,,,,,,,,,,,,,,,2026-06-02,2026-06-02
"BOOK0_APP_MAY26_IOS_MST _V2 [iOS]",120243710427300003,TEST_APB_TOF_1865_IOS_BOOK0,120244843459890003,C6B_STC_APP_BOOK0_T1,120244847782220003,2026-06-02,"Instagram Reels",iphone,instagram,iphone,,,,2026-05-25,Ongoing,"1-day click",,,,,,,,,,,,,,,,,,,,,,4,,,,,,,,,,,,,,,,,,,,,,,,,2026-06-02,2026-06-02
"BOOK0_APP_MAY26_IOS_MST _V2 [iOS]",120243710427300003,TEST_APB_TOF_1865_IOS_BOOK0,120244843459890003,C6B_STC_APP_BOOK0_T1,120244847782220003,2026-06-02,"Facebook Reels",iphone,facebook,iphone,,,,2026-05-25,Ongoing,"1-day click",,,,,,,,,,,,,,,,,,,,,,5,,,,,,,,,,,,,,,1,,,,,,,,,,2026-06-02,2026-06-02
"BOOK0_APP_MAY26_IOS_MST _V2 [iOS]",120243710427300003,TEST_APB_TOF_1865_IOS_BOOK0,120244843459890003,C6B_STC_APP_BOOK0_T1,120244847782220003,2026-06-02,"Facebook Reels",iphone,facebook,0,,,,2026-05-25,Ongoing,"1-day click",,,,,,,,,,,,,,,,,,,,,,,,,,,,,,,1,,,,,,,,,,,,,,,,2026-06-02,2026-06-02
"BOOK0_APP_MAY26_IOS_MST _V2 [iOS]",120243710427300003,TEST_APB_TOF_1865_IOS_BOOK0,120244843459890003,C6B_STC_APP_BOOK0_T1,120244847782220003,2026-06-02,Feed,ipad,facebook,ipad,,,,2026-05-25,Ongoing,"1-day click",,,,,,,,,,,,,,,,,,,,,,2,,,,,,,,,,,,,,,,,,,,,,,,,2026-06-02,2026-06-02
"BOOK0_APP_MAY26_IOS_MST _V2 [iOS]",120243710427300003,TEST_APB_TOF_1865_IOS_BOOK0,120244843459890003,C6B_STC_APP_BOOK0_T1,120244847782220003,2026-06-01,"Ads on Facebook Reels",iphone,facebook,iphone,,,,2026-05-25,Ongoing,"1-day click",,,,,,,,,,,,,,,,,,,,,,4,,,,,,,,,,,,,,,,,,,,,,,,,2026-06-01,2026-06-01
"BOOK0_APP_MAY26_IOS_MST _V2 [iOS]",120243710427300003,TEST_APB_TOF_1865_IOS_BOOK0,120244843459890003,C6B_STC_APP_BOOK0_T1,120244847782220003,2026-06-01,"Instagram Reels",iphone,instagram,iphone,,,,2026-05-25,Ongoing,"1-day click",,,,,,,,,,,,,,,,,,,,,,4,,,,,,,,,,,,,,,,,,,,,,,,,2026-06-01,2026-06-01
"BOOK0_APP_MAY26_IOS_MST _V2 [iOS]",120243710427300003,TEST_APB_TOF_1865_IOS_BOOK0,120244843459890003,C6B_STC_APP_BOOK0_T1,120244847782220003,2026-06-02,"Threads feed",iphone,threads,iphone,,,,2026-05-25,Ongoing,"1-day click",,,,,,,,,,,,,,,,,,,,,,1,,,,,,,,,,,,,,,,,,,,,,,,,2026-06-02,2026-06-02
"BOOK0_APP_MAY26_IOS_MST _V2 [iOS]",120243710427300003,TEST_APB_TOF_1865_IOS_BOOK0,120244843459890003,C5D_STC_APP_BOOK0_T1,120244850261200003,2026-05-31,Feed,iphone,facebook,other,,,,2026-05-25,Ongoing,"1-day click",,,,,,,,,,,,,,,,,,,,,,,,,,,,,,,,,,,,,3,,,,4,,,,,,2026-05-31,2026-05-31
"BOOK0_APP_MAY26_IOS_MST _V2 [iOS]",120243710427300003,TEST_APB_TOF_1865_IOS_BOOK0,120244843459890003,C6B_STC_APP_BOOK0_T1,120244847782220003,2026-05-31,"Instagram Reels",iphone,instagram,iphone,,,,2026-05-25,Ongoing,"1-day click",,,,,,,,,,,,,,,,,,,,,,4,,,,,,,,,,,,,,,,,,,,,,,,,2026-05-31,2026-05-31
"BOOK0_APP_MAY26_IOS_MST _V2 [iOS]",120243710427300003,TEST_APB_TOF_1865_IOS_BOOK0,120244843459890003,C6B_STC_APP_BOOK0_T1,120244847782220003,2026-05-31,"Instagram Stories",iphone,instagram,iphone,,,,2026-05-25,Ongoing,"1-day click",,,,,,,,,,,,,,,,,,,,,,3,,,,,,,,,,,,,,,,,,,,,,,,,2026-05-31,2026-05-31
"BOOK0_APP_MAY26_IOS_MST _V2 [iOS]",120243710427300003,TEST_APB_TOF_1865_IOS_BOOK0,120244843459890003,C6B_STC_APP_BOOK0_T1,120244847782220003,2026-05-31,Feed,iphone,facebook,iphone,,,,2026-05-25,Ongoing,"1-day click",,,,,,,,,,,,,,,,,,,,,,4,,,,,,,,,,,,,,,,,,,,,,,,,2026-05-31,2026-05-31
"BOOK0_APP_MAY26_IOS_MST _V2 [iOS]",120243710427300003,TEST_APB_TOF_1865_IOS_BOOK0,120244843459890003,C6B_STC_APP_BOOK0_T1,120244847782220003,2026-05-31,"Ads on Facebook Reels",iphone,facebook,iphone,,,,2026-05-25,Ongoing,"1-day click",,,,,,,,,,,,,,,,,,,,,,1,,,,,,,,,,,,,,,,,,,,,,,,,2026-05-31,2026-05-31
"BOOK0_APP_MAY26_IOS_MST _V2 [iOS]",120243710427300003,TEST_APB_TOF_1865_IOS_BOOK0,120244843459890003,C5D_STC_APP_BOOK0_T1,120244850261200003,2026-05-31,"Instagram Reels",iphone,instagram,iphone,,,,2026-05-25,Ongoing,"1-day click",,,,,,,,,,,,,,,,,,,,,,1,,,,,,,,,,,,,,,,,,,,,,,,,2026-05-31,2026-05-31
"BOOK0_APP_MAY26_IOS_MST _V2 [iOS]",120243710427300003,TEST_APB_TOF_1865_IOS_BOOK0,120244843459890003,C5D_STC_APP_BOOK0_T1,120244850261200003,2026-05-31,Feed,iphone,facebook,iphone,,,,2026-05-25,Ongoing,"1-day click",,,,,,,,,,,,,,,,,,,,,,14,,,,,,,,,,,,,,,1,,,,,,,,,,2026-05-31,2026-05-31
"BOOK0_APP_MAY26_IOS_MST _V2 [iOS]",120243710427300003,TEST_APB_TOF_1865_IOS_BOOK0,120244843459890003,C5D_STC_APP_BOOK0_T1,120244850261200003,2026-05-31,Feed,iphone,facebook,0,,,,2026-05-25,Ongoing,"1-day click",,,,,,,,,,,,,,,,,,,,,,,,,,,,,,,4,,,,,,,,,,,,,,,,2026-05-31,2026-05-31
"BOOK0_APP_MAY26_IOS_MST _V2 [iOS]",120243710427300003,TEST_APB_TOF_1865_IOS_BOOK0,120244843459890003,C6B_STC_APP_BOOK0_T1,120244847782220003,2026-06-01,"Native, banner & interstitial",ipad,audience_network,ipad,,,,2026-05-25,Ongoing,"1-day click",,,,,,,,,,,,,,,,,,,,,,2,,,,,,,,,,,,,,,,,,,,,,,,,2026-06-01,2026-06-01
"BOOK0_APP_MAY26_IOS_MST _V2 [iOS]",120243710427300003,TEST_APB_TOF_1865_IOS_BOOK0,120244843459890003,C5D_STC_APP_BOOK0_T1,120244850261200003,2026-05-31,Feed,ipad,facebook,ipad,,,,2026-05-25,Ongoing,"1-day click",,,,,,,,,,,,,,,,,,,,,,3,,,,,,,,,,,,,,,,,,,,,,,,,2026-05-31,2026-05-31
"BOOK0_APP_MAY26_IOS_MST _V2 [iOS]",120243710427300003,TEST_APB_TOF_1865_IOS_BOOK0,120244843459890003,C5D_STC_APP_BOOK0_T1,120244850261200003,2026-05-31,Feed,iphone,instagram,iphone,,,,2026-05-25,Ongoing,"1-day click",,,,,,,,,,,,,,,,,,,,,,5,,,,,,,,,,,,,,,,,,,,,,,,,2026-05-31,2026-05-31
"BOOK0_APP_MAY26_IOS_MST _V2 [iOS]",120243710427300003,TEST_APB_TOF_1865_IOS_BOOK0,120244843459890003,C5D_STC_APP_BOOK0_T1,120244850261200003,2026-05-31,Feed,iphone,instagram,other,,,,2026-05-25,Ongoing,"1-day click",,,,,,,,,,,,,,,,,,,,,,,,,,,,,,,,,,,,,1,,,,,,,,,,2026-05-31,2026-05-31
"BOOK0_APP_MAY26_IOS_MST _V2 [iOS]",120243710427300003,TEST_APB_TOF_1865_IOS_BOOK0,120244843459890003,C5D_STC_APP_BOOK0_T1,120244850261200003,2026-05-31,Feed,iphone,instagram,0,,,,2026-05-25,Ongoing,"1-day click",,,,,,,,,,,,,,,,,,,,,,,,,,,,,,,1,,,,,,,,,,,,,,,,2026-05-31,2026-05-31
"BOOK0_APP_MAY26_IOS_MST _V2 [iOS]",120243710427300003,TEST_APB_TOF_1865_IOS_BOOK0,120244843459890003,C5D_STC_APP_BOOK0_T1,120244850261200003,2026-05-31,"Ads on Facebook Reels",iphone,facebook,iphone,,,,2026-05-25,Ongoing,"1-day click",,,,,,,,,,,,,,,,,,,,,,2,,,,,,,,,,,,,,,,,,,,,,,,,2026-05-31,2026-05-31
"BOOK0_APP_MAY26_IOS_MST _V2 [iOS]",120243710427300003,TEST_APB_TOF_1865_IOS_BOOK0,120244843459890003,C5D_STC_APP_BOOK0_T1,120244850261200003,2026-05-31,Feed,ipad,instagram,ipad,,,,2026-05-25,Ongoing,"1-day click",,,,,,,,,,,,,,,,,,,,,,1,,,,,,,,,,,,,,,,,,,,,,,,,2026-05-31,2026-05-31
"BOOK0_APP_MAY26_IOS_MST _V2 [iOS]",120243710427300003,TEST_APB_TOF_1865_IOS_BOOK0,120244843459890003,C6B_STC_APP_BOOK0_T1,120244847782220003,2026-06-01,"Facebook Reels",iphone,facebook,iphone,,,,2026-05-25,Ongoing,"1-day click",,,,,,,,,,,,,,,,,,,,,,1,,,,,,,,,,,,,,,,,,,,,,,,,2026-06-01,2026-06-01
"BOOK0_APP_MAY26_IOS_MST _V2 [iOS]",120243710427300003,TEST_APB_TOF_1865_IOS_BOOK0,120244843459890003,C6B_STC_APP_BOOK0_T1,120244847782220003,2026-06-02,Feed,iphone,instagram,iphone,,,,2026-05-25,Ongoing,"1-day click",,,,,,,,,,,,,,,,,,,,,,2,,,,,,,,,,,,,,,,,,,,,,,,,2026-06-02,2026-06-02
"BOOK0_APP_MAY26_IOS_MST _V2 [iOS]",120243710427300003,TEST_APB_TOF_1865_IOS_BOOK0,120244843459890003,C6B_STC_APP_BOOK0_T1,120244847782220003,2026-06-02,"Instagram Stories",iphone,instagram,iphone,,,,2026-05-25,Ongoing,"1-day click",,,,,,,,,,,,,,,,,,,,,,4,,,,,,,,,,,,,,,,,,,,,,,,,2026-06-02,2026-06-02
"BOOK0_APP_MAY26_IOS_MST _V2 [iOS]",120243710427300003,TEST_APB_TOF_1865_IOS_BOOK0,120244843459890003,C5D_STC_APP_BOOK0_T1,120244850261200003,2026-05-30,Feed,iphone,facebook,0,,,,2026-05-25,Ongoing,"1-day click",,,,,,,,,,,,,,,,,,,,,,,,,,,,,,,4,,,,,,,,,,,,,,,,2026-05-30,2026-05-30
"BOOK0_APP_MAY26_IOS_MST _V2 [iOS]",120243710427300003,TEST_APB_TOF_1865_IOS_BOOK0,120244843459890003,C6A_STC_APP_BOOK0_T1,120244848174160003,2026-06-04,Feed,iphone,facebook,other,,,,2026-05-25,Ongoing,"1-day click",,,,,,,,,,,,,,,,,,,,,,,,,,,,,,,,,,,,,1,,,,,,,,,,2026-06-04,2026-06-04
"BOOK0_APP_MAY26_IOS_MST _V2 [iOS]",120243710427300003,WIN_APB_TOF_1865_IPS_BOOK0_V1,120243710469920003,"C2B_STC_APP_BOOK0_T1 - Copy",120243710773800003,2026-06-03,"Instagram Reels",ipad,instagram,ipad,,,,2026-05-08,Ongoing,"1-day click",,,,,,,,,,,,,,,,,,,,,,1,,,,,,,,,,,,,,,,,,,,,,,,,2026-06-03,2026-06-03
"BOOK0_APP_MAY26_IOS_MST _V2 [iOS]",120243710427300003,WIN_APB_TOF_1865_IPS_BOOK0_V1,120243710469920003,"C2B_STC_APP_BOOK0_T1 - Copy",120243710773800003,2026-06-03,Marketplace,iphone,facebook,iphone,,,,2026-05-08,Ongoing,"1-day click",,,,,,,,,,,,,,,,,,,,,,1,,,,,,,,,,,,,,,,,,,,,,,,,2026-06-03,2026-06-03
"BOOK0_APP_MAY26_IOS_MST _V2 [iOS]",120243710427300003,WIN_APB_TOF_1865_IPS_BOOK0_V1,120243710469920003,"C2B_STC_APP_BOOK0_T1 - Copy",120243710773800003,2026-06-03,"Instagram Stories",iphone,instagram,iphone,,,,2026-05-08,Ongoing,"1-day click",,,,,,,,,,,,,,,,,,,,,,2,,,,,,,,,,,,,,,,,,,,,,,,,2026-06-03,2026-06-03
"BOOK0_APP_MAY26_IOS_MST _V2 [iOS]",120243710427300003,WIN_APB_TOF_1865_IPS_BOOK0_V1,120243710469920003,"C2B_STC_APP_BOOK0_T1 - Copy",120243710773800003,2026-06-03,Feed,ipad,facebook,ipad,,,,2026-05-08,Ongoing,"1-day click",,,,,,,,,,,,,,,,,,,,,,1,,,,,,,,,,,,,,,,,,,,,,,,,2026-06-03,2026-06-03
"BOOK0_APP_MAY26_IOS_MST _V2 [iOS]",120243710427300003,WIN_APB_TOF_1865_IPS_BOOK0_V1,120243710469920003,"C2B_STC_APP_BOOK0_T1 - Copy",120243710773800003,2026-06-03,"Instagram Reels",iphone,instagram,iphone,,,,2026-05-08,Ongoing,"1-day click",,,,,,,,,,,,,,,,,,,,,,4,,,,,,,,,,,,,,,,,,,,,,,,,2026-06-03,2026-06-03
"BOOK0_APP_MAY26_IOS_MST _V2 [iOS]",120243710427300003,TEST_APB_TOF_1865_IOS_BOOK0,120244843459890003,C6A_STC_APP_BOOK0_T1,120244848174160003,2026-06-04,Feed,iphone,facebook,iphone,,,,2026-05-25,Ongoing,"1-day click",,,,,,,,,,,,,,,,,,,,,,1,,,,,,,,,,,,,,,,,,,,,,,,,2026-06-04,2026-06-04
"BOOK0_APP_MAY26_IOS_MST _V2 [iOS]",120243710427300003,TEST_APB_TOF_1865_IOS_BOOK0,120244843459890003,C6A_STC_APP_BOOK0_T1,120244848174160003,2026-06-04,Feed,iphone,facebook,0,,,,2026-05-25,Ongoing,"1-day click",,,,,,,,,,,,,,,,,,,,,,,,,,,,,,,1,,,,,,,,,,,,,,,,2026-06-04,2026-06-04
"BOOK0_APP_MAY26_IOS_MST _V2 [iOS]",120243710427300003,WIN_APB_TOF_1865_IPS_BOOK0_V1,120243710469920003,"C2B_STC_APP_BOOK0_T1 - Copy",120243710773800003,2026-06-03,Feed,iphone,instagram,0,,,,2026-05-08,Ongoing,"1-day click",,,,,,,,,,,,,,,,,,,,,,,,,,,,,,,1,,,,,,,,,,,,,,,,2026-06-03,2026-06-03
"BOOK0_APP_MAY26_IOS_MST _V2 [iOS]",120243710427300003,WIN_APB_TOF_1865_IPS_BOOK0_V1,120243710469920003,"C2B_STC_APP_BOOK0_T1 - Copy",120243710773800003,2026-06-04,"Instagram Reels",iphone,instagram,iphone,,,,2026-05-08,Ongoing,"1-day click",,,,,,,,,,,,,,,,,,,,,,3,,,,,,,,,,,,,,,,,,,,,,,,,2026-06-04,2026-06-04
"BOOK0_APP_MAY26_IOS_MST _V2 [iOS]",120243710427300003,WIN_APB_TOF_1865_IPS_BOOK0_V1,120243710469920003,"C2B_STC_APP_BOOK0_T1 - Copy",120243710773800003,2026-06-04,Feed,iphone,instagram,iphone,,,,2026-05-08,Ongoing,"1-day click",,,,,,,,,,,,,,,,,,,,,,1,,,,,,,,,,,,,,,,,,,,,,,,,2026-06-04,2026-06-04
"BOOK0_APP_MAY26_IOS_MST _V2 [iOS]",120243710427300003,WIN_APB_TOF_1865_IPS_BOOK0_V1,120243710469920003,"C2B_STC_APP_BOOK0_T1 - Copy",120243710773800003,2026-06-04,"Threads feed",iphone,threads,iphone,,,,2026-05-08,Ongoing,"1-day click",,,,,,,,,,,,,,,,,,,,,,1,,,,,,,,,,,,,,,,,,,,,,,,,2026-06-04,2026-06-04
"BOOK0_APP_MAY26_IOS_MST _V2 [iOS]",120243710427300003,WIN_APB_TOF_1865_IPS_BOOK0_V1,120243710469920003,"C2B_STC_APP_BOOK0_T1 - Copy",120243710773800003,2026-06-04,Feed,iphone,facebook,iphone,,,,2026-05-08,Ongoing,"1-day click",,,,,,,,,,,,,,,,,,,,,,2,,,,,,,,,,,,,,,1,,,,,,,,,,2026-06-04,2026-06-04
"BOOK0_APP_MAY26_IOS_MST _V2 [iOS]",120243710427300003,WIN_APB_TOF_1865_IPS_BOOK0_V1,120243710469920003,"C2B_STC_APP_BOOK0_T1 - Copy",120243710773800003,2026-06-04,Feed,iphone,facebook,0,,,,2026-05-08,Ongoing,"1-day click",,,,,,,,,,,,,,,,,,,,,,,,,,,,,,,1,,,,,,,,,,,,,,,,2026-06-04,2026-06-04
"BOOK0_APP_MAY26_IOS_MST _V2 [iOS]",120243710427300003,WIN_APB_TOF_1865_IPS_BOOK0_V1,120243710469920003,"C2B_STC_APP_BOOK0_T1 - Copy",120243710773800003,2026-06-04,"Facebook Reels",ipad,facebook,ipad,,,,2026-05-08,Ongoing,"1-day click",,,,,,,,,,,,,,,,,,,,,,1,,,,,,,,,,,,,,,,,,,,,,,,,2026-06-04,2026-06-04
"BOOK0_APP_MAY26_IOS_MST _V2 [iOS]",120243710427300003,WIN_APB_TOF_1865_IPS_BOOK0_V1,120243710469920003,"C3D_STC_APP_BOOK0_T1 - Copy",120243710773860003,2026-05-17,"Threads feed",iphone,threads,iphone,,,,2026-05-08,Ongoing,"1-day click",,,,,,,,,,,,,,,,,,,,,,1,,,,,,,,,,,,,,,,,,,,,,,,,2026-05-17,2026-05-17
"BOOK0_APP_MAY26_IOS_MST _V2 [iOS]",120243710427300003,WIN_APB_TOF_1865_IPS_BOOK0_V1,120243710469920003,"C2B_STC_APP_BOOK0_T1 - Copy",120243710773800003,2026-06-03,"Native, banner & interstitial",iphone,audience_network,iphone,,,,2026-05-08,Ongoing,"1-day click",,,,,,,,,,,,,,,,,,,,,,2,,,,,,,,,,,,,,,,,,,,,,,,,2026-06-03,2026-06-03
"BOOK0_APP_MAY26_IOS_MST _V2 [iOS]",120243710427300003,WIN_APB_TOF_1865_IPS_BOOK0_V1,120243710469920003,"C2B_STC_APP_BOOK0_T1 - Copy",120243710773800003,2026-06-03,Feed,iphone,instagram,other,,,,2026-05-08,Ongoing,"1-day click",,,,,,,,,,,,,,,,,,,,,,,,,,,,,,,,,,,,,1,,,,,,,,,,2026-06-03,2026-06-03
"BOOK0_APP_MAY26_IOS_MST _V2 [iOS]",120243710427300003,TEST_APB_TOF_1865_IOS_BOOK0,120244843459890003,C6B_STC_APP_BOOK0_T1,120244847782220003,2026-06-02,"Native, banner & interstitial",iphone,audience_network,iphone,,,,2026-05-25,Ongoing,"1-day click",,,,,,,,,,,,,,,,,,,,,,3,,,,,,,,,,,,,,,,,,,,,,,,,2026-06-02,2026-06-02
"BOOK0_APP_MAY26_IOS_MST _V2 [iOS]",120243710427300003,TEST_APB_TOF_1865_IOS_BOOK0,120244843459890003,C6B_STC_APP_BOOK0_T1,120244847782220003,2026-06-03,"Instagram Reels",iphone,instagram,iphone,,,,2026-05-25,Ongoing,"1-day click",,,,,,,,,,,,,,,,,,,,,,1,,,,,,,,,,,,,,,,,,,,,,,,,2026-06-03,2026-06-03
"BOOK0_APP_MAY26_IOS_MST _V2 [iOS]",120243710427300003,TEST_APB_TOF_1865_IOS_BOOK0,120244843459890003,C6B_STC_APP_BOOK0_T1,120244847782220003,2026-06-02,"In-stream reels",iphone,facebook,iphone,,,,2026-05-25,Ongoing,"1-day click",,,,,,,,,,,,,,,,,,,,,,1,,,,,,,,,,,,,,,,,,,,,,,,,2026-06-02,2026-06-02
"BOOK0_APP_MAY26_IOS_MST _V2 [iOS]",120243710427300003,TEST_APB_TOF_1865_IOS_BOOK0,120244843459890003,C6A_STC_APP_BOOK0_T1,120244848174160003,2026-06-03,"Threads feed",iphone,threads,iphone,,,,2026-05-25,Ongoing,"1-day click",,,,,,,,,,,,,,,,,,,,,,1,,,,,,,,,,,,,,,,,,,,,,,,,2026-06-03,2026-06-03
"BOOK0_APP_MAY26_IOS_MST _V2 [iOS]",120243710427300003,TEST_APB_TOF_1865_IOS_BOOK0,120244843459890003,C6A_STC_APP_BOOK0_T1,120244848174160003,2026-06-03,"Instagram Stories",iphone,instagram,iphone,,,,2026-05-25,Ongoing,"1-day click",,,,,,,,,,,,,,,,,,,,,,1,,,,,,,,,,,,,,,,,,,,,,,,,2026-06-03,2026-06-03
"BOOK0_APP_MAY26_IOS_MST _V2 [iOS]",120243710427300003,TEST_APB_TOF_1865_IOS_BOOK0,120244843459890003,C6A_STC_APP_BOOK0_T1,120244848174160003,2026-06-03,Feed,iphone,facebook,iphone,,,,2026-05-25,Ongoing,"1-day click",,,,,,,,,,,,,,,,,,,,,,2,,,,,,,,,,,,,,,,,,,,,,,,,2026-06-03,2026-06-03
"BOOK0_APP_MAY26_IOS_MST _V2 [iOS]",120243710427300003,TEST_APB_TOF_1865_IOS_BOOK0,120244843459890003,C6B_STC_APP_BOOK0_T1,120244847782220003,2026-06-03,"Instagram Stories",iphone,instagram,other,,,,2026-05-25,Ongoing,"1-day click",,,,,,,,,,,,,,,,,,,,,,,,,,,,,,,,,,,,,1,,,,1,,,,,,2026-06-03,2026-06-03
"BOOK0_APP_MAY26_IOS_MST _V2 [iOS]",120243710427300003,TEST_APB_TOF_1865_IOS_BOOK0,120244843459890003,C6B_STC_APP_BOOK0_T1,120244847782220003,2026-06-03,"Instagram Stories",iphone,instagram,0,,,,2026-05-25,Ongoing,"1-day click",,,,,,,,,,,,,,,,,,,,,,,,,,,,,,,1,,,,,,,,,,,,,,,,2026-06-03,2026-06-03
"BOOK0_APP_MAY26_IOS_MST _V2 [iOS]",120243710427300003,TEST_APB_TOF_1865_IOS_BOOK0,120244843459890003,C6B_STC_APP_BOOK0_T1,120244847782220003,2026-06-03,Feed,iphone,instagram,iphone,,,,2026-05-25,Ongoing,"1-day click",,,,,,,,,,,,,,,,,,,,,,1,,,,,,,,,,,,,,,,,,,,,,,,,2026-06-03,2026-06-03
"BOOK0_APP_MAY26_IOS_MST _V2 [iOS]",120243710427300003,WIN_APB_TOF_1865_IPS_BOOK0_V1,120243710469920003,"C2B_STC_APP_BOOK0_T1 - Copy",120243710773800003,2026-06-03,Feed,iphone,instagram,iphone,,,,2026-05-08,Ongoing,"1-day click",,,,,,,,,,,,,,,,,,,,,,6,,,,,,,,,,,,,,,,,,,,,,,,,2026-06-03,2026-06-03
"BOOK0_APP_MAY26_IOS_MST _V2 [iOS]",120243710427300003,WIN_APB_TOF_1865_IPS_BOOK0_V1,120243710469920003,"C2B_STC_APP_BOOK0_T1 - Copy",120243710773800003,2026-06-03,Feed,iphone,facebook,iphone,,,,2026-05-08,Ongoing,"1-day click",,,,,,,,,,,,,,,,,,,,,,14,,,,,,,,,,,,,,,2,,,,,,,,,,2026-06-03,2026-06-03
"BOOK0_APP_MAY26_IOS_MST _V2 [iOS]",120243710427300003,WIN_APB_TOF_1865_IPS_BOOK0_V1,120243710469920003,"C2B_STC_APP_BOOK0_T1 - Copy",120243710773800003,2026-06-03,Feed,iphone,facebook,0,,,,2026-05-08,Ongoing,"1-day click",,,,,,,,,,,,,,,,,,,,,,,,,,,,,,,2,,,,,,,,,,,,,,,,2026-06-03,2026-06-03
"BOOK0_APP_MAY26_IOS_MST _V2 [iOS]",120243710427300003,WIN_APB_TOF_1865_IPS_BOOK0_V1,120243710469920003,"C2B_STC_APP_BOOK0_T1 - Copy",120243710773800003,2026-06-03,"Threads feed",ipad,threads,ipad,,,,2026-05-08,Ongoing,"1-day click",,,,,,,,,,,,,,,,,,,,,,1,,,,,,,,,,,,,,,1,,,,,,,,,,2026-06-03,2026-06-03
"BOOK0_APP_MAY26_IOS_MST _V2 [iOS]",120243710427300003,WIN_APB_TOF_1865_IPS_BOOK0_V1,120243710469920003,"C2B_STC_APP_BOOK0_T1 - Copy",120243710773800003,2026-06-03,"Threads feed",ipad,threads,0,,,,2026-05-08,Ongoing,"1-day click",,,,,,,,,,,,,,,,,,,,,,,,,,,,,,,1,,,,,,,,,,,,,,,,2026-06-03,2026-06-03
"BOOK0_APP_MAY26_IOS_MST _V2 [iOS]",120243710427300003,WIN_APB_TOF_1865_IPS_BOOK0_V1,120243710469920003,"C2B_STC_APP_BOOK0_T1 - Copy",120243710773800003,2026-06-03,"In-stream reels",iphone,facebook,iphone,,,,2026-05-08,Ongoing,"1-day click",,,,,,,,,,,,,,,,,,,,,,1,,,,,,,,,,,,,,,,,,,,,,,,,2026-06-03,2026-06-03
"BOOK0_APP_MAY26_IOS_MST _V2 [iOS]",120243710427300003,WIN_APB_TOF_1865_IPS_BOOK0_V1,120243710469920003,"C2B_STC_APP_BOOK0_T1 - Copy",120243710773800003,2026-06-03,"Facebook Reels",iphone,facebook,iphone,,,,2026-05-08,Ongoing,"1-day click",,,,,,,,,,,,,,,,,,,,,,10,,,,,,,,,,,,,,,2,,,,,,,,,,2026-06-03,2026-06-03
"BOOK0_APP_MAY26_IOS_MST _V2 [iOS]",120243710427300003,WIN_APB_TOF_1865_IPS_BOOK0_V1,120243710469920003,"C2B_STC_APP_BOOK0_T1 - Copy",120243710773800003,2026-06-03,"Facebook Reels",iphone,facebook,0,,,,2026-05-08,Ongoing,"1-day click",,,,,,,,,,,,,,,,,,,,,,,,,,,,,,,2,,,,,,,,,,,,,,,,2026-06-03,2026-06-03
"BOOK0_APP_MAY26_IOS_MST _V2 [iOS]",120243710427300003,TEST_APB_TOF_1865_IOS_BOOK0,120244843459890003,C6B_STC_APP_BOOK0_T1,120244847782220003,2026-05-31,"Facebook Reels",iphone,facebook,iphone,,,,2026-05-25,Ongoing,"1-day click",,,,,,,,,,,,,,,,,,,,,,1,,,,,,,,,,,,,,,,,,,,,,,,,2026-05-31,2026-05-31
"BOOK0_APP_MAY26_IOS_MST _V2 [iOS]",120243710427300003,TEST_APB_TOF_1865_IOS_BOOK0,120244843459890003,C5D_STC_APP_BOOK0_T1,120244850261200003,2026-05-30,Feed,iphone,facebook,other,,,,2026-05-25,Ongoing,"1-day click",,,,,,,,,,,,,,,,,,,,,,,,,,,,,,,,,,,,,4,,,,2,,,,,,2026-05-30,2026-05-30
"BOOK0_APP_MAY26_IOS_MST _V2 [iOS]",120243710427300003,TEST_APB_TOF_1865_IOS_BOOK0,120244843459890003,C5B_STC_APP_BOOK0_T1,120244843460010003,2026-05-26,Feed,ipad,instagram,ipad,,,,2026-05-25,Ongoing,"1-day click",,,,,,,,,,,,,,,,,,,,,,1,,,,,,,,,,,,,,,,,,,,,,,,,2026-05-26,2026-05-26
"BOOK0_APP_MAY26_IOS_MST _V2 [iOS]",120243710427300003,TEST_APB_TOF_1865_IOS_BOOK0,120244843459890003,C5B_STC_APP_BOOK0_T1,120244843460010003,2026-05-27,"Threads feed",iphone,threads,iphone,,,,2026-05-25,Ongoing,"1-day click",,,,,,,,,,,,,,,,,,,,,,2,,,,,,,,,,,,,,,,,,,,,,,,,2026-05-27,2026-05-27
"BOOK0_APP_MAY26_IOS_MST _V2 [iOS]",120243710427300003,TEST_APB_TOF_1865_IOS_BOOK0,120244843459890003,C5B_STC_APP_BOOK0_T1,120244843460010003,2026-05-27,Feed,ipad,facebook,ipad,,,,2026-05-25,Ongoing,"1-day click",,,,,,,,,,,,,,,,,,,,,,1,,,,,,,,,,,,,,,,,,,,,,,,,2026-05-27,2026-05-27
"BOOK0_APP_MAY26_IOS_MST _V2 [iOS]",120243710427300003,TEST_APB_TOF_1865_IOS_BOOK0,120244843459890003,C5B_STC_APP_BOOK0_T1,120244843460010003,2026-05-27,"Instagram Stories",iphone,instagram,iphone,,,,2026-05-25,Ongoing,"1-day click",,,,,,,,,,,,,,,,,,,,,,1,,,,,,,,,,,,,,,,,,,,,,,,,2026-05-27,2026-05-27
"BOOK0_APP_MAY26_IOS_MST _V2 [iOS]",120243710427300003,TEST_APB_TOF_1865_IOS_BOOK0,120244843459890003,C5B_STC_APP_BOOK0_T1,120244843460010003,2026-05-27,"Native, banner & interstitial",iphone,audience_network,iphone,,,,2026-05-25,Ongoing,"1-day click",,,,,,,,,,,,,,,,,,,,,,6,,,,,,,,,,,,,,,,,,,,,,,,,2026-05-27,2026-05-27
"BOOK0_APP_MAY26_IOS_MST _V2 [iOS]",120243710427300003,TEST_APB_TOF_1865_IOS_BOOK0,120244843459890003,C5B_STC_APP_BOOK0_T1,120244843460010003,2026-05-27,"Ads on Facebook Reels",iphone,facebook,iphone,,,,2026-05-25,Ongoing,"1-day click",,,,,,,,,,,,,,,,,,,,,,3,,,,,,,,,,,,,,,,,,,,,,,,,2026-05-27,2026-05-27
"BOOK0_APP_MAY26_IOS_MST _V2 [iOS]",120243710427300003,TEST_APB_TOF_1865_IOS_BOOK0,120244843459890003,C5B_STC_APP_BOOK0_T1,120244843460010003,2026-05-27,"Facebook Reels",iphone,facebook,iphone,,,,2026-05-25,Ongoing,"1-day click",,,,,,,,,,,,,,,,,,,,,,1,,,,,,,,,,,,,,,,,,,,,,,,,2026-05-27,2026-05-27
"BOOK0_APP_MAY26_IOS_MST _V2 [iOS]",120243710427300003,TEST_APB_TOF_1865_IOS_BOOK0,120244843459890003,C5B_STC_APP_BOOK0_T1,120244843460010003,2026-05-27,"In-stream reels",iphone,facebook,iphone,,,,2026-05-25,Ongoing,"1-day click",,,,,,,,,,,,,,,,,,,,,,3,,,,,,,,,,,,,,,,,,,,,,,,,2026-05-27,2026-05-27
"BOOK0_APP_MAY26_IOS_MST _V2 [iOS]",120243710427300003,TEST_APB_TOF_1865_IOS_BOOK0,120244843459890003,C5B_STC_APP_BOOK0_T1,120244843460010003,2026-05-27,Feed,iphone,facebook,iphone,,,,2026-05-25,Ongoing,"1-day click",,,,,,,,,,,,,,,,,,,,,,13,,,,,,,,,,,,,,,,,,,,,,,,,2026-05-27,2026-05-27
"BOOK0_APP_MAY26_IOS_MST _V2 [iOS]",120243710427300003,TEST_APB_TOF_1865_IOS_BOOK0,120244843459890003,C7A_STC_APP_BOOK0_T1,120244849158970003,2026-05-26,Feed,iphone,instagram,iphone,,,,2026-05-25,Ongoing,"1-day click",,,,,,,,,,,,,,,,,,,,,,1,,,,,,,,,,,,,,,,,,,,,,,,,2026-05-26,2026-05-26
"BOOK0_APP_MAY26_IOS_MST _V2 [iOS]",120243710427300003,TEST_APB_TOF_1865_IOS_BOOK0,120244843459890003,C5B_STC_APP_BOOK0_T1,120244843460010003,2026-05-27,Feed,iphone,facebook,other,,,,2026-05-25,Ongoing,"1-day click",,,,,,,,,,,,,,,,,,,,,,,,,,,,,,,,,,,,,1,,,,1,,,,,,2026-05-27,2026-05-27
"BOOK0_APP_MAY26_IOS_MST _V2 [iOS]",120243710427300003,TEST_APB_TOF_1865_IOS_BOOK0,120244843459890003,C5B_STC_APP_BOOK0_T1,120244843460010003,2026-05-27,Feed,iphone,facebook,0,,,,2026-05-25,Ongoing,"1-day click",,,,,,,,,,,,,,,,,,,,,,,,,,,,,,,1,,,,,,,,,,,,,,,,2026-05-27,2026-05-27
"BOOK0_APP_MAY26_IOS_MST _V2 [iOS]",120243710427300003,TEST_APB_TOF_1865_IOS_BOOK0,120244843459890003,C5B_STC_APP_BOOK0_T1,120244843460010003,2026-05-27,Feed,iphone,instagram,iphone,,,,2026-05-25,Ongoing,"1-day click",,,,,,,,,,,,,,,,,,,,,,15,,,,,,,,,,,,,,,,,,,,,,,,,2026-05-27,2026-05-27
"BOOK0_APP_MAY26_IOS_MST _V2 [iOS]",120243710427300003,TEST_APB_TOF_1865_IOS_BOOK0,120244843459890003,C5B_STC_APP_BOOK0_T1,120244843460010003,2026-05-27,Feed,iphone,instagram,ipad,,,,2026-05-25,Ongoing,"1-day click",,,,,,,,,,,,,,,,,,,,,,,,,,,,,,,,,,,,,1,,,,,,,,,,2026-05-27,2026-05-27
"BOOK0_APP_MAY26_IOS_MST _V2 [iOS]",120243710427300003,TEST_APB_TOF_1865_IOS_BOOK0,120244843459890003,C5B_STC_APP_BOOK0_T1,120244843460010003,2026-05-27,Feed,iphone,instagram,0,,,,2026-05-25,Ongoing,"1-day click",,,,,,,,,,,,,,,,,,,,,,,,,,,,,,,1,,,,,,,,,,,,,,,,2026-05-27,2026-05-27
"BOOK0_APP_MAY26_IOS_MST _V2 [iOS]",120243710427300003,TEST_APB_TOF_1865_IOS_BOOK0,120244843459890003,C6B_STC_APP_BOOK0_T1,120244847782220003,2026-05-27,"Threads feed",iphone,threads,iphone,,,,2026-05-25,Ongoing,"1-day click",,,,,,,,,,,,,,,,,,,,,,1,,,,,,,,,,,,,,,,,,,,,,,,,2026-05-27,2026-05-27
"BOOK0_APP_MAY26_IOS_MST _V2 [iOS]",120243710427300003,TEST_APB_TOF_1865_IOS_BOOK0,120244843459890003,C5D_STC_APP_BOOK0_T1,120244850261200003,2026-05-27,Feed,iphone,facebook,iphone,,,,2026-05-25,Ongoing,"1-day click",,,,,,,,,,,,,,,,,,,,,,1,,,,,,,,,,,,,,,,,,,,,,,,,2026-05-27,2026-05-27
"BOOK0_APP_MAY26_IOS_MST _V2 [iOS]",120243710427300003,TEST_APB_TOF_1865_IOS_BOOK0,120244843459890003,C7A_STC_APP_BOOK0_T1,120244849158970003,2026-05-26,"Native, banner & interstitial",iphone,audience_network,iphone,,,,2026-05-25,Ongoing,"1-day click",,,,,,,,,,,,,,,,,,,,,,2,,,,,,,,,,,,,,,,,,,,,,,,,2026-05-26,2026-05-26
"BOOK0_APP_MAY26_IOS_MST _V2 [iOS]",120243710427300003,TEST_APB_TOF_1865_IOS_BOOK0,120244843459890003,C7A_STC_APP_BOOK0_T1,120244849158970003,2026-05-26,"Facebook Reels",iphone,facebook,iphone,,,,2026-05-25,Ongoing,"1-day click",,,,,,,,,,,,,,,,,,,,,,2,,,,,,,,,,,,,,,,,,,,,,,,,2026-05-26,2026-05-26
"BOOK0_APP_MAY26_IOS_MST _V2 [iOS]",120243710427300003,TEST_APB_TOF_1865_IOS_BOOK0,120244843459890003,C5D_STC_APP_BOOK0_T1,120244850261200003,2026-05-27,Feed,iphone,instagram,0,,,,2026-05-25,Ongoing,"1-day click",,,,,,,,,,,,,,,,,,,,,,,,,,,,,,,1,,,,,,,,,,,,,,,,2026-05-27,2026-05-27
"BOOK0_APP_MAY26_IOS_MST _V2 [iOS]",120243710427300003,TEST_APB_TOF_1865_IOS_BOOK0,120244843459890003,C5D_STC_APP_BOOK0_T1,120244850261200003,2026-05-26,Feed,ipad,facebook,ipad,,,,2026-05-25,Ongoing,"1-day click",,,,,,,,,,,,,,,,,,,,,,1,,,,,,,,,,,,,,,,,,,,,,,,,2026-05-26,2026-05-26
"BOOK0_APP_MAY26_IOS_MST _V2 [iOS]",120243710427300003,TEST_APB_TOF_1865_IOS_BOOK0,120244843459890003,C5B_STC_APP_BOOK0_T1,120244843460010003,2026-05-26,"Ads on Facebook Reels",iphone,facebook,iphone,,,,2026-05-25,Ongoing,"1-day click",,,,,,,,,,,,,,,,,,,,,,2,,,,,,,,,,,,,,,,,,,,,,,,,2026-05-26,2026-05-26
"BOOK0_APP_MAY26_IOS_MST _V2 [iOS]",120243710427300003,TEST_APB_TOF_1865_IOS_BOOK0,120244843459890003,C5B_STC_APP_BOOK0_T1,120244843460010003,2026-05-26,"Threads feed",iphone,threads,iphone,,,,2026-05-25,Ongoing,"1-day click",,,,,,,,,,,,,,,,,,,,,,,,,,,,,,,,,,,,,,,,,,,,,,,2026-05-26,2026-05-26
"BOOK0_APP_MAY26_IOS_MST _V2 [iOS]",120243710427300003,TEST_APB_TOF_1865_IOS_BOOK0,120244843459890003,C6B_STC_APP_BOOK0_T1,120244847782220003,2026-05-26,"Native, banner & interstitial",iphone,audience_network,iphone,,,,2026-05-25,Ongoing,"1-day click",,,,,,,,,,,,,,,,,,,,,,1,,,,,,,,,,,,,,,,,,,,,,,,,2026-05-26,2026-05-26
"BOOK0_APP_MAY26_IOS_MST _V2 [iOS]",120243710427300003,TEST_APB_TOF_1865_IOS_BOOK0,120244843459890003,C6B_STC_APP_BOOK0_T1,120244847782220003,2026-05-26,"Instagram Stories",iphone,instagram,iphone,,,,2026-05-25,Ongoing,"1-day click",,,,,,,,,,,,,,,,,,,,,,2,,,,,,,,,,,,,,,,,,,,,,,,,2026-05-26,2026-05-26
"BOOK0_APP_MAY26_IOS_MST _V2 [iOS]",120243710427300003,TEST_APB_TOF_1865_IOS_BOOK0,120244843459890003,C6B_STC_APP_BOOK0_T1,120244847782220003,2026-05-26,"In-stream reels",iphone,facebook,iphone,,,,2026-05-25,Ongoing,"1-day click",,,,,,,,,,,,,,,,,,,,,,1,,,,,,,,,,,,,,,,,,,,,,,,,2026-05-26,2026-05-26
"BOOK0_APP_MAY26_IOS_MST _V2 [iOS]",120243710427300003,TEST_APB_TOF_1865_IOS_BOOK0,120244843459890003,C5D_STC_APP_BOOK0_T1,120244850261200003,2026-05-26,"Threads feed",iphone,threads,iphone,,,,2026-05-25,Ongoing,"1-day click",,,,,,,,,,,,,,,,,,,,,,1,,,,,,,,,,,,,,,,,,,,,,,,,2026-05-26,2026-05-26
"BOOK0_APP_MAY26_IOS_MST _V2 [iOS]",120243710427300003,TEST_APB_TOF_1865_IOS_BOOK0,120244843459890003,C5D_STC_APP_BOOK0_T1,120244850261200003,2026-05-26,Feed,iphone,instagram,iphone,,,,2026-05-25,Ongoing,"1-day click",,,,,,,,,,,,,,,,,,,,,,,,,,,,,,,,,,,,,,,,,,,,,,,2026-05-26,2026-05-26
"BOOK0_APP_MAY26_IOS_MST _V2 [iOS]",120243710427300003,TEST_APB_TOF_1865_IOS_BOOK0,120244843459890003,C7A_STC_APP_BOOK0_T1,120244849158970003,2026-05-26,"Instagram Stories",iphone,instagram,iphone,,,,2026-05-25,Ongoing,"1-day click",,,,,,,,,,,,,,,,,,,,,,2,,,,,,,,,,,,,,,,,,,,,,,,,2026-05-26,2026-05-26
"BOOK0_APP_MAY26_IOS_MST _V2 [iOS]",120243710427300003,TEST_APB_TOF_1865_IOS_BOOK0,120244843459890003,C7A_STC_APP_BOOK0_T1,120244849158970003,2026-05-26,"Instagram Reels",ipad,instagram,ipad,,,,2026-05-25,Ongoing,"1-day click",,,,,,,,,,,,,,,,,,,,,,,,,,,,,,,,,,,,,,,,,,,,,,,2026-05-26,2026-05-26
"BOOK0_APP_MAY26_IOS_MST _V2 [iOS]",120243710427300003,TEST_APB_TOF_1865_IOS_BOOK0,120244843459890003,C7A_STC_APP_BOOK0_T1,120244849158970003,2026-05-26,"In-stream reels",iphone,facebook,iphone,,,,2026-05-25,Ongoing,"1-day click",,,,,,,,,,,,,,,,,,,,,,3,,,,,,,,,,,,,,,,,,,,,,,,,2026-05-26,2026-05-26
"BOOK0_APP_MAY26_IOS_MST _V2 [iOS]",120243710427300003,TEST_APB_TOF_1865_IOS_BOOK0,120244843459890003,C7A_STC_APP_BOOK0_T1,120244849158970003,2026-05-26,"Ads on Facebook Reels",iphone,facebook,iphone,,,,2026-05-25,Ongoing,"1-day click",,,,,,,,,,,,,,,,,,,,,,8,,,,,,,,,,,,,,,,,,,,,,,,,2026-05-26,2026-05-26
"BOOK0_APP_MAY26_IOS_MST _V2 [iOS]",120243710427300003,TEST_APB_TOF_1865_IOS_BOOK0,120244843459890003,C7A_STC_APP_BOOK0_T1,120244849158970003,2026-05-26,"Ads on Facebook Reels",iphone,facebook,other,,,,2026-05-25,Ongoing,"1-day click",,,,,,,,,,,,,,,,,,,,,,,,,,,,,,,,,,,,,1,,,,,,,,,,2026-05-26,2026-05-26
"BOOK0_APP_MAY26_IOS_MST _V2 [iOS]",120243710427300003,TEST_APB_TOF_1865_IOS_BOOK0,120244843459890003,C7A_STC_APP_BOOK0_T1,120244849158970003,2026-05-26,"Ads on Facebook Reels",iphone,facebook,0,,,,2026-05-25,Ongoing,"1-day click",,,,,,,,,,,,,,,,,,,,,,,,,,,,,,,1,,,,,,,,,,,,,,,,2026-05-26,2026-05-26
"BOOK0_APP_MAY26_IOS_MST _V2 [iOS]",120243710427300003,TEST_APB_TOF_1865_IOS_BOOK0,120244843459890003,C7A_STC_APP_BOOK0_T1,120244849158970003,2026-05-26,"Instagram Reels",iphone,instagram,iphone,,,,2026-05-25,Ongoing,"1-day click",,,,,,,,,,,,,,,,,,,,,,3,,,,,,,,,,,,,,,,,,,,,,,,,2026-05-26,2026-05-26
"BOOK0_APP_MAY26_IOS_MST _V2 [iOS]",120243710427300003,TEST_APB_TOF_1865_IOS_BOOK0,120244843459890003,C7A_STC_APP_BOOK0_T1,120244849158970003,2026-05-26,Feed,iphone,facebook,iphone,,,,2026-05-25,Ongoing,"1-day click",,,,,,,,,,,,,,,,,,,,,,1,,,,,,,,,,,,,,,,,,,,,,,,,2026-05-26,2026-05-26
"BOOK0_APP_MAY26_IOS_MST _V2 [iOS]",120243710427300003,TEST_APB_TOF_1865_IOS_BOOK0,120244843459890003,C5D_STC_APP_BOOK0_T1,120244850261200003,2026-05-27,Feed,iphone,instagram,iphone,,,,2026-05-25,Ongoing,"1-day click",,,,,,,,,,,,,,,,,,,,,,1,,,,,,,,,,,,,,,1,,,,,,,,,,2026-05-27,2026-05-27
"BOOK0_APP_MAY26_IOS_MST _V2 [iOS]",120243710427300003,TEST_APB_TOF_1865_IOS_BOOK0,120244843459890003,C5D_STC_APP_BOOK0_T1,120244850261200003,2026-05-27,"Native, banner & interstitial",iphone,audience_network,iphone,,,,2026-05-25,Ongoing,"1-day click",,,,,,,,,,,,,,,,,,,,,,2,,,,,,,,,,,,,,,,,,,,,,,,,2026-05-27,2026-05-27
"BOOK0_APP_MAY26_IOS_MST _V2 [iOS]",120243710427300003,TEST_APB_TOF_1865_IOS_BOOK0,120244843459890003,C5D_STC_APP_BOOK0_T1,120244850261200003,2026-05-30,Feed,iphone,facebook,iphone,,,,2026-05-25,Ongoing,"1-day click",,,,,,,,,,,,,,,,,,,,,,19,,,,,,,,,,,,,,,,,,,,,,,,,2026-05-30,2026-05-30
"BOOK0_APP_MAY26_IOS_MST _V2 [iOS]",120243710427300003,TEST_APB_TOF_1865_IOS_BOOK0,120244843459890003,C6B_STC_APP_BOOK0_T1,120244847782220003,2026-05-30,Feed,iphone,facebook,iphone,,,,2026-05-25,Ongoing,"1-day click",,,,,,,,,,,,,,,,,,,,,,1,,,,,,,,,,,,,,,,,,,,,,,,,2026-05-30,2026-05-30
"BOOK0_APP_MAY26_IOS_MST _V2 [iOS]",120243710427300003,TEST_APB_TOF_1865_IOS_BOOK0,120244843459890003,C5D_STC_APP_BOOK0_T1,120244850261200003,2026-05-29,Feed,iphone,facebook,0,,,,2026-05-25,Ongoing,"1-day click",,,,,,,,,,,,,,,,,,,,,,,,,,,,,,,1,,,,,,,,,,,,,,,,2026-05-29,2026-05-29
"BOOK0_APP_MAY26_IOS_MST _V2 [iOS]",120243710427300003,TEST_APB_TOF_1865_IOS_BOOK0,120244843459890003,C5D_STC_APP_BOOK0_T1,120244850261200003,2026-05-29,"Native, banner & interstitial",ipad,audience_network,ipad,,,,2026-05-25,Ongoing,"1-day click",,,,,,,,,,,,,,,,,,,,,,3,,,,,,,,,,,,,,,,,,,,,,,,,2026-05-29,2026-05-29
"BOOK0_APP_MAY26_IOS_MST _V2 [iOS]",120243710427300003,TEST_APB_TOF_1865_IOS_BOOK0,120244843459890003,C5D_STC_APP_BOOK0_T1,120244850261200003,2026-05-29,"Facebook Reels",iphone,facebook,iphone,,,,2026-05-25,Ongoing,"1-day click",,,,,,,,,,,,,,,,,,,,,,4,,,,,,,,,,,,,,,,,,,,,,,,,2026-05-29,2026-05-29
"BOOK0_APP_MAY26_IOS_MST _V2 [iOS]",120243710427300003,TEST_APB_TOF_1865_IOS_BOOK0,120244843459890003,C5D_STC_APP_BOOK0_T1,120244850261200003,2026-05-29,"Ads on Facebook Reels",iphone,facebook,iphone,,,,2026-05-25,Ongoing,"1-day click",,,,,,,,,,,,,,,,,,,,,,1,,,,,,,,,,,,,,,,,,,,,,,,,2026-05-29,2026-05-29
"BOOK0_APP_MAY26_IOS_MST _V2 [iOS]",120243710427300003,TEST_APB_TOF_1865_IOS_BOOK0,120244843459890003,C6B_STC_APP_BOOK0_T1,120244847782220003,2026-05-30,"Ads on Facebook Reels",iphone,facebook,iphone,,,,2026-05-25,Ongoing,"1-day click",,,,,,,,,,,,,,,,,,,,,,1,,,,,,,,,,,,,,,,,,,,,,,,,2026-05-30,2026-05-30
"BOOK0_APP_MAY26_IOS_MST _V2 [iOS]",120243710427300003,TEST_APB_TOF_1865_IOS_BOOK0,120244843459890003,C6B_STC_APP_BOOK0_T1,120244847782220003,2026-05-30,"In-stream reels",iphone,facebook,iphone,,,,2026-05-25,Ongoing,"1-day click",,,,,,,,,,,,,,,,,,,,,,3,,,,,,,,,,,,,,,,,,,,,,,,,2026-05-30,2026-05-30
"BOOK0_APP_MAY26_IOS_MST _V2 [iOS]",120243710427300003,TEST_APB_TOF_1865_IOS_BOOK0,120244843459890003,C6B_STC_APP_BOOK0_T1,120244847782220003,2026-05-30,"Instagram Stories",iphone,instagram,iphone,,,,2026-05-25,Ongoing,"1-day click",,,,,,,,,,,,,,,,,,,,,,1,,,,,,,,,,,,,,,,,,,,,,,,,2026-05-30,2026-05-30
"BOOK0_APP_MAY26_IOS_MST _V2 [iOS]",120243710427300003,TEST_APB_TOF_1865_IOS_BOOK0,120244843459890003,C5D_STC_APP_BOOK0_T1,120244850261200003,2026-05-29,"Native, banner & interstitial",iphone,audience_network,iphone,,,,2026-05-25,Ongoing,"1-day click",,,,,,,,,,,,,,,,,,,,,,4,,,,,,,,,,,,,,,,,,,,,,,,,2026-05-29,2026-05-29
"BOOK0_APP_MAY26_IOS_MST _V2 [iOS]",120243710427300003,TEST_APB_TOF_1865_IOS_BOOK0,120244843459890003,C5D_STC_APP_BOOK0_T1,120244850261200003,2026-05-30,Feed,iphone,instagram,iphone,,,,2026-05-25,Ongoing,"1-day click",,,,,,,,,,,,,,,,,,,,,,3,,,,,,,,,,,,,,,,,,,,,,,,,2026-05-30,2026-05-30
"BOOK0_APP_MAY26_IOS_MST _V2 [iOS]",120243710427300003,TEST_APB_TOF_1865_IOS_BOOK0,120244843459890003,C5D_STC_APP_BOOK0_T1,120244850261200003,2026-05-30,Feed,ipad,facebook,ipad,,,,2026-05-25,Ongoing,"1-day click",,,,,,,,,,,,,,,,,,,,,,1,,,,,,,,,,,,,,,,,,,,,,,,,2026-05-30,2026-05-30
"BOOK0_APP_MAY26_IOS_MST _V2 [iOS]",120243710427300003,TEST_APB_TOF_1865_IOS_BOOK0,120244843459890003,C5D_STC_APP_BOOK0_T1,120244850261200003,2026-05-30,"Ads on Facebook Reels",iphone,facebook,iphone,,,,2026-05-25,Ongoing,"1-day click",,,,,,,,,,,,,,,,,,,,,,1,,,,,,,,,,,,,,,,,,,,,,,,,2026-05-30,2026-05-30
"BOOK0_APP_MAY26_IOS_MST _V2 [iOS]",120243710427300003,TEST_APB_TOF_1865_IOS_BOOK0,120244843459890003,C5D_STC_APP_BOOK0_T1,120244850261200003,2026-05-30,"Facebook Reels",iphone,facebook,iphone,,,,2026-05-25,Ongoing,"1-day click",,,,,,,,,,,,,,,,,,,,,,1,,,,,,,,,,,,,,,,,,,,,,,,,2026-05-30,2026-05-30
"BOOK0_APP_MAY26_IOS_MST _V2 [iOS]",120243710427300003,TEST_APB_TOF_1865_IOS_BOOK0,120244843459890003,C5D_STC_APP_BOOK0_T1,120244850261200003,2026-05-30,"Threads feed",iphone,threads,iphone,,,,2026-05-25,Ongoing,"1-day click",,,,,,,,,,,,,,,,,,,,,,1,,,,,,,,,,,,,,,,,,,,,,,,,2026-05-30,2026-05-30
"BOOK0_APP_MAY26_IOS_MST _V2 [iOS]",120243710427300003,TEST_APB_TOF_1865_IOS_BOOK0,120244843459890003,C5D_STC_APP_BOOK0_T1,120244850261200003,2026-05-30,Feed,ipad,instagram,ipad,,,,2026-05-25,Ongoing,"1-day click",,,,,,,,,,,,,,,,,,,,,,2,,,,,,,,,,,,,,,,,,,,,,,,,2026-05-30,2026-05-30
"BOOK0_APP_MAY26_IOS_MST _V2 [iOS]",120243710427300003,TEST_APB_TOF_1865_IOS_BOOK0,120244843459890003,C5D_STC_APP_BOOK0_T1,120244850261200003,2026-05-30,"Native, banner & interstitial",iphone,audience_network,iphone,,,,2026-05-25,Ongoing,"1-day click",,,,,,,,,,,,,,,,,,,,,,3,,,,,,,,,,,,,,,,,,,,,,,,,2026-05-30,2026-05-30
"BOOK0_APP_MAY26_IOS_MST _V2 [iOS]",120243710427300003,TEST_APB_TOF_1865_IOS_BOOK0,120244843459890003,C5D_STC_APP_BOOK0_T1,120244850261200003,2026-05-29,Feed,iphone,facebook,iphone,,,,2026-05-25,Ongoing,"1-day click",,,,,,,,,,,,,,,,,,,,,,20,,,,,,,,,,,,,,,1,,,,,,,,,,2026-05-29,2026-05-29
"BOOK0_APP_MAY26_IOS_MST _V2 [iOS]",120243710427300003,TEST_APB_TOF_1865_IOS_BOOK0,120244843459890003,C5D_STC_APP_BOOK0_T1,120244850261200003,2026-05-29,Feed,ipad,instagram,ipad,,,,2026-05-25,Ongoing,"1-day click",,,,,,,,,,,,,,,,,,,,,,1,,,,,,,,,,,,,,,,,,,,,,,,,2026-05-29,2026-05-29
"BOOK0_APP_MAY26_IOS_MST _V2 [iOS]",120243710427300003,TEST_APB_TOF_1865_IOS_BOOK0,120244843459890003,C7A_STC_APP_BOOK0_T1,120244849158970003,2026-05-27,"Native, banner & interstitial",iphone,audience_network,iphone,,,,2026-05-25,Ongoing,"1-day click",,,,,,,,,,,,,,,,,,,,,,1,,,,,,,,,,,,,,,,,,,,,,,,,2026-05-27,2026-05-27
"BOOK0_APP_MAY26_IOS_MST _V2 [iOS]",120243710427300003,TEST_APB_TOF_1865_IOS_BOOK0,120244843459890003,C5D_STC_APP_BOOK0_T1,120244850261200003,2026-05-28,"Instagram Reels",iphone,instagram,iphone,,,,2026-05-25,Ongoing,"1-day click",,,,,,,,,,,,,,,,,,,,,,1,,,,,,,,,,,,,,,,,,,,,,,,,2026-05-28,2026-05-28
"BOOK0_APP_MAY26_IOS_MST _V2 [iOS]",120243710427300003,TEST_APB_TOF_1865_IOS_BOOK0,120244843459890003,C7A_STC_APP_BOOK0_T1,120244849158970003,2026-05-27,"Ads on Facebook Reels",iphone,facebook,iphone,,,,2026-05-25,Ongoing,"1-day click",,,,,,,,,,,,,,,,,,,,,,1,,,,,,,,,,,,,,,,,,,,,,,,,2026-05-27,2026-05-27
"BOOK0_APP_MAY26_IOS_MST _V2 [iOS]",120243710427300003,TEST_APB_TOF_1865_IOS_BOOK0,120244843459890003,C5D_STC_APP_BOOK0_T1,120244850261200003,2026-05-28,Feed,ipad,facebook,ipad,,,,2026-05-25,Ongoing,"1-day click",,,,,,,,,,,,,,,,,,,,,,2,,,,,,,,,,,,,,,,,,,,,,,,,2026-05-28,2026-05-28
"BOOK0_APP_MAY26_IOS_MST _V2 [iOS]",120243710427300003,TEST_APB_TOF_1865_IOS_BOOK0,120244843459890003,C5D_STC_APP_BOOK0_T1,120244850261200003,2026-05-28,"In-stream reels",iphone,facebook,iphone,,,,2026-05-25,Ongoing,"1-day click",,,,,,,,,,,,,,,,,,,,,,4,,,,,,,,,,,,,,,,,,,,,,,,,2026-05-28,2026-05-28
"BOOK0_APP_MAY26_IOS_MST _V2 [iOS]",120243710427300003,TEST_APB_TOF_1865_IOS_BOOK0,120244843459890003,C5D_STC_APP_BOOK0_T1,120244850261200003,2026-05-28,"Facebook Reels",iphone,facebook,iphone,,,,2026-05-25,Ongoing,"1-day click",,,,,,,,,,,,,,,,,,,,,,2,,,,,,,,,,,,,,,,,,,,,,,,,2026-05-28,2026-05-28
"BOOK0_APP_MAY26_IOS_MST _V2 [iOS]",120243710427300003,TEST_APB_TOF_1865_IOS_BOOK0,120244843459890003,C5D_STC_APP_BOOK0_T1,120244850261200003,2026-05-28,Feed,iphone,facebook,iphone,,,,2026-05-25,Ongoing,"1-day click",,,,,,,,,,,,,,,,,,,,,,15,,,,,,,,,,,,,,,,,,,,,,,,,2026-05-28,2026-05-28
"BOOK0_APP_MAY26_IOS_MST _V2 [iOS]",120243710427300003,TEST_APB_TOF_1865_IOS_BOOK0,120244843459890003,C5D_STC_APP_BOOK0_T1,120244850261200003,2026-05-28,"Native, banner & interstitial",iphone,audience_network,iphone,,,,2026-05-25,Ongoing,"1-day click",,,,,,,,,,,,,,,,,,,,,,11,,,,,,,,,,,,,,,,,,,,,,,,,2026-05-28,2026-05-28
"BOOK0_APP_MAY26_IOS_MST _V2 [iOS]",120243710427300003,TEST_APB_TOF_1865_IOS_BOOK0,120244843459890003,C5D_STC_APP_BOOK0_T1,120244850261200003,2026-05-28,"Ads on Facebook Reels",iphone,facebook,iphone,,,,2026-05-25,Ongoing,"1-day click",,,,,,,,,,,,,,,,,,,,,,5,,,,,,,,,,,,,,,,,,,,,,,,,2026-05-28,2026-05-28
"BOOK0_APP_MAY26_IOS_MST _V2 [iOS]",120243710427300003,TEST_APB_TOF_1865_IOS_BOOK0,120244843459890003,C5D_STC_APP_BOOK0_T1,120244850261200003,2026-05-28,Feed,iphone,instagram,iphone,,,,2026-05-25,Ongoing,"1-day click",,,,,,,,,,,,,,,,,,,,,,2,,,,,,,,,,,,,,,,,,,,,,,,,2026-05-28,2026-05-28
"BOOK0_APP_MAY26_IOS_MST _V2 [iOS]",120243710427300003,TEST_APB_TOF_1865_IOS_BOOK0,120244843459890003,C5D_STC_APP_BOOK0_T1,120244850261200003,2026-05-29,Feed,ipad,facebook,ipad,,,,2026-05-25,Ongoing,"1-day click",,,,,,,,,,,,,,,,,,,,,,3,,,,,,,,,,,,,,,,,,,,,,,,,2026-05-29,2026-05-29
"BOOK0_APP_MAY26_IOS_MST _V2 [iOS]",120243710427300003,TEST_APB_TOF_1865_IOS_BOOK0,120244843459890003,C5D_STC_APP_BOOK0_T1,120244850261200003,2026-05-28,"Facebook Notifications",iphone,facebook,iphone,,,,2026-05-25,Ongoing,"1-day click",,,,,,,,,,,,,,,,,,,,,,1,,,,,,,,,,,,,,,,,,,,,,,,,2026-05-28,2026-05-28
"BOOK0_APP_MAY26_IOS_MST _V2 [iOS]",120243710427300003,TEST_APB_TOF_1865_IOS_BOOK0,120244843459890003,C5D_STC_APP_BOOK0_T1,120244850261200003,2026-05-28,"Threads feed",iphone,threads,iphone,,,,2026-05-25,Ongoing,"1-day click",,,,,,,,,,,,,,,,,,,,,,1,,,,,,,,,,,,,,,,,,,,,,,,,2026-05-28,2026-05-28
"BOOK0_APP_MAY26_IOS_MST _V2 [iOS]",120243710427300003,TEST_APB_TOF_1865_IOS_BOOK0,120244843459890003,C5D_STC_APP_BOOK0_T1,120244850261200003,2026-05-29,Unknown,other,unknown,iphone,,,,2026-05-25,Ongoing,"1-day click",,,,,,,,,,,,,,,,,,,,,,,,,,,,,,,,,,,,,,,,,,,,,,,2026-05-29,2026-05-29
"BOOK0_APP_MAY26_IOS_MST _V2 [iOS]",120243710427300003,TEST_APB_TOF_1865_IOS_BOOK0,120244843459890003,C5D_STC_APP_BOOK0_T1,120244850261200003,2026-05-29,"In-stream reels",iphone,facebook,iphone,,,,2026-05-25,Ongoing,"1-day click",,,,,,,,,,,,,,,,,,,,,,1,,,,,,,,,,,,,,,,,,,,,,,,,2026-05-29,2026-05-29
"BOOK0_APP_MAY26_IOS_MST _V2 [iOS]",120243710427300003,TEST_APB_TOF_1865_IOS_BOOK0,120244843459890003,C5D_STC_APP_BOOK0_T1,120244850261200003,2026-05-29,"Instagram Stories",iphone,instagram,iphone,,,,2026-05-25,Ongoing,"1-day click",,,,,,,,,,,,,,,,,,,,,,1,,,,,,,,,,,,,,,,,,,,,,,,,2026-05-29,2026-05-29
"BOOK0_APP_MAY26_IOS_MST _V2 [iOS]",120243710427300003,TEST_APB_TOF_1865_IOS_BOOK0,120244843459890003,C5D_STC_APP_BOOK0_T1,120244850261200003,2026-05-29,"Threads feed",iphone,threads,iphone,,,,2026-05-25,Ongoing,"1-day click",,,,,,,,,,,,,,,,,,,,,,1,,,,,,,,,,,,,,,,,,,,,,,,,2026-05-29,2026-05-29
"BOOK0_APP_MAY26_IOS_MST _V2 [iOS]",120243710427300003,TEST_APB_TOF_1865_IOS_BOOK0,120244843459890003,C5D_STC_APP_BOOK0_T1,120244850261200003,2026-05-29,Feed,iphone,instagram,iphone,,,,2026-05-25,Ongoing,"1-day click",,,,,,,,,,,,,,,,,,,,,,2,,,,,,,,,,,,,,,,,,,,,,,,,2026-05-29,2026-05-29
"BOOK0_APP_MAY26_IOS_MST _V2 [iOS]",120243710427300003,WIN_APB_TOF_1865_IPS_BOOK0_V1,120243710469920003,"C2B_STC_APP_BOOK0_T1 - Copy",120243710773800003,2026-05-17,Feed,iphone,facebook,iphone,,,,2026-05-08,Ongoing,"1-day click",,,,,,,,,,,,,,,,,,,,,,7,,,,,,,,,,,,,,,,,,,,,,,,,2026-05-17,2026-05-17
"BOOK0_APP_MAY26_IOS_MST _V2 [iOS]",120243710427300003,WIN_APB_TOF_1865_IPS_BOOK0_V1,120243710469920003,"C3D_STC_APP_BOOK0_T1 - Copy",120243710773860003,2026-05-10,"Instagram Reels",iphone,instagram,iphone,,,,2026-05-08,Ongoing,"1-day click",,,,,,,,,,,,,,,,,,,,,,1,,,,,,,,,,,,,,,,,,,,,,,,,2026-05-10,2026-05-10
"BOOK0_APP_MAY26_IOS_MST _V2 [iOS]",120243710427300003,WIN_APB_TOF_1865_IPS_BOOK0_V1,120243710469920003,"C2D_STC_APP_BOOK0_T1 - Copy",120243710773760003,2026-05-09,Feed,iphone,facebook,iphone,,,,2026-05-08,Ongoing,"1-day click",,,,,,,,,,,,,,,,,,,,,,1,,,,,,,,,,,,,,,,,,,,,,,,,2026-05-09,2026-05-09
"BOOK0_APP_MAY26_IOS_MST _V2 [iOS]",120243710427300003,WIN_APB_TOF_1865_IPS_BOOK0_V1,120243710469920003,"C2B_STC_APP_BOOK0_T1 - Copy",120243710773800003,2026-05-09,"Facebook Reels",iphone,facebook,iphone,,,,2026-05-08,Ongoing,"1-day click",,,,,,,,,,,,,,,,,,,,,,4,,,,,,,,,,,,,,,,,,,,,,,,,2026-05-09,2026-05-09
"BOOK0_APP_MAY26_IOS_MST _V2 [iOS]",120243710427300003,WIN_APB_TOF_1865_IPS_BOOK0_V1,120243710469920003,"C4B_STC_APP_BOOK0_T1 - Copy",120243710773720003,2026-05-10,Feed,iphone,instagram,iphone,,,,2026-05-08,Ongoing,"1-day click",,,,,,,,,,,,,,,,,,,,,,1,,,,,,,,,,,,,,,,,,,,,,,,,2026-05-10,2026-05-10
"BOOK0_APP_MAY26_IOS_MST _V2 [iOS]",120243710427300003,WIN_APB_TOF_1865_IPS_BOOK0_V1,120243710469920003,C2A_STC_APP_BOOK0_T3,120243710773750003,2026-05-09,"In-stream reels",iphone,facebook,iphone,,,,2026-05-08,Ongoing,"1-day click",,,,,,,,,,,,,,,,,,,,,,1,,,,,,,,,,,,,,,,,,,,,,,,,2026-05-09,2026-05-09
"BOOK0_APP_MAY26_IOS_MST _V2 [iOS]",120243710427300003,WIN_APB_TOF_1865_IPS_BOOK0_V1,120243710469920003,"C2B_STC_APP_BOOK0_T1 - Copy",120243710773800003,2026-05-14,"Instagram Reels",ipad,instagram,ipad,,,,2026-05-08,Ongoing,"1-day click",,,,,,,,,,,,,,,,,,,,,,,,,,,,,,,,,,,,,,,,,,,,,,,2026-05-14,2026-05-14
"BOOK0_APP_MAY26_IOS_MST _V2 [iOS]",120243710427300003,WIN_APB_TOF_1865_IPS_BOOK0_V1,120243710469920003,"C2B_STC_APP_BOOK0_T1 - Copy",120243710773800003,2026-05-14,Feed,ipad,facebook,ipad,,,,2026-05-08,Ongoing,"1-day click",,,,,,,,,,,,,,,,,,,,,,4,,,,,,,,,,,,,,,,,,,,,,,,,2026-05-14,2026-05-14
"BOOK0_APP_MAY26_IOS_MST _V2 [iOS]",120243710427300003,WIN_APB_TOF_1865_IPS_BOOK0_V1,120243710469920003,"C2B_STC_APP_BOOK0_T1 - Copy",120243710773800003,2026-05-14,"Threads feed",iphone,threads,iphone,,,,2026-05-08,Ongoing,"1-day click",,,,,,,,,,,,,,,,,,,,,,5,,,,,,,,,,,,,,,,,,,,,,,,,2026-05-14,2026-05-14
"BOOK0_APP_MAY26_IOS_MST _V2 [iOS]",120243710427300003,WIN_APB_TOF_1865_IPS_BOOK0_V1,120243710469920003,"C2B_STC_APP_BOOK0_T1 - Copy",120243710773800003,2026-05-14,"Facebook Stories",iphone,facebook,iphone,,,,2026-05-08,Ongoing,"1-day click",,,,,,,,,,,,,,,,,,,,,,3,,,,,,,,,,,,,,,,,,,,,,,,,2026-05-14,2026-05-14
"BOOK0_APP_MAY26_IOS_MST _V2 [iOS]",120243710427300003,WIN_APB_TOF_1865_IPS_BOOK0_V1,120243710469920003,"C2B_STC_APP_BOOK0_T1 - Copy",120243710773800003,2026-05-14,"In-stream reels",iphone,facebook,iphone,,,,2026-05-08,Ongoing,"1-day click",,,,,,,,,,,,,,,,,,,,,,3,,,,,,,,,,,,,,,,,,,,,,,,,2026-05-14,2026-05-14
"BOOK0_APP_MAY26_IOS_MST _V2 [iOS]",120243710427300003,WIN_APB_TOF_1865_IPS_BOOK0_V1,120243710469920003,"C2B_STC_APP_BOOK0_T1 - Copy",120243710773800003,2026-05-14,"Facebook Reels",iphone,facebook,iphone,,,,2026-05-08,Ongoing,"1-day click",,,,,,,,,,,,,,,,,,,,,,10,,,,,,,,,,,,,,,,,,,,,,,,,2026-05-14,2026-05-14
"BOOK0_APP_MAY26_IOS_MST _V2 [iOS]",120243710427300003,WIN_APB_TOF_1865_IPS_BOOK0_V1,120243710469920003,"C2B_STC_APP_BOOK0_T1 - Copy",120243710773800003,2026-05-14,Feed,iphone,instagram,iphone,,,,2026-05-08,Ongoing,"1-day click",,,,,,,,,,,,,,,,,,,,,,5,,,,,,,,,,,,,,,,,,,,,,,,,2026-05-14,2026-05-14
"BOOK0_APP_MAY26_IOS_MST _V2 [iOS]",120243710427300003,WIN_APB_TOF_1865_IPS_BOOK0_V1,120243710469920003,"C2B_STC_APP_BOOK0_T1 - Copy",120243710773800003,2026-05-14,"Instagram Reels",iphone,instagram,iphone,,,,2026-05-08,Ongoing,"1-day click",,,,,,,,,,,,,,,,,,,,,,5,,,,,,,,,,,,,,,,,,,,,,,,,2026-05-14,2026-05-14
"BOOK0_APP_MAY26_IOS_MST _V2 [iOS]",120243710427300003,WIN_APB_TOF_1865_IPS_BOOK0_V1,120243710469920003,"C2B_STC_APP_BOOK0_T1 - Copy",120243710773800003,2026-05-14,Feed,iphone,facebook,iphone,,,,2026-05-08,Ongoing,"1-day click",,,,,,,,,,,,,,,,,,,,,,14,,,,,,,,,,,,,,,,,,,,,,,,,2026-05-14,2026-05-14
"BOOK0_APP_MAY26_IOS_MST _V2 [iOS]",120243710427300003,WIN_APB_TOF_1865_IPS_BOOK0_V1,120243710469920003,"C2B_STC_APP_BOOK0_T1 - Copy",120243710773800003,2026-05-14,"Native, banner & interstitial",iphone,audience_network,iphone,,,,2026-05-08,Ongoing,"1-day click",,,,,,,,,,,,,,,,,,,,,,12,,,,,,,,,,,,,,,,,,,,,,,,,2026-05-14,2026-05-14
"BOOK0_APP_MAY26_IOS_MST _V2 [iOS]",120243710427300003,WIN_APB_TOF_1865_IPS_BOOK0_V1,120243710469920003,"C2B_STC_APP_BOOK0_T1 - Copy",120243710773800003,2026-05-14,"Threads feed",ipad,threads,ipad,,,,2026-05-08,Ongoing,"1-day click",,,,,,,,,,,,,,,,,,,,,,1,,,,,,,,,,,,,,,,,,,,,,,,,2026-05-14,2026-05-14
"BOOK0_APP_MAY26_IOS_MST _V2 [iOS]",120243710427300003,WIN_APB_TOF_1865_IPS_BOOK0_V1,120243710469920003,"C2B_STC_APP_BOOK0_T1 - Copy",120243710773800003,2026-05-09,Feed,ipad,facebook,ipad,,,,2026-05-08,Ongoing,"1-day click",,,,,,,,,,,,,,,,,,,,,,3,,,,,,,,,,,,,,,,,,,,,,,,,2026-05-09,2026-05-09
"BOOK0_APP_MAY26_IOS_MST _V2 [iOS]",120243710427300003,WIN_APB_TOF_1865_IPS_BOOK0_V1,120243710469920003,"C4D_STC_APP_BOOK0_T1 - Copy",120243710773880003,2026-05-10,Feed,iphone,facebook,iphone,,,,2026-05-08,Ongoing,"1-day click",,,,,,,,,,,,,,,,,,,,,,1,,,,,,,,,,,,,,,,,,,,,,,,,2026-05-10,2026-05-10
"BOOK0_APP_MAY26_IOS_MST _V2 [iOS]",120243710427300003,WIN_APB_TOF_1865_IPS_BOOK0_V1,120243710469920003,"C2B_STC_APP_BOOK0_T1 - Copy",120243710773800003,2026-05-14,"Facebook Reels",ipad,facebook,ipad,,,,2026-05-08,Ongoing,"1-day click",,,,,,,,,,,,,,,,,,,,,,2,,,,,,,,,,,,,,,,,,,,,,,,,2026-05-14,2026-05-14
"BOOK0_APP_MAY26_IOS_MST _V2 [iOS]",120243710427300003,WIN_APB_TOF_1865_IPS_BOOK0_V1,120243710469920003,"C2B_STC_APP_BOOK0_T1 - Copy",120243710773800003,2026-05-09,"Facebook Reels",ipad,facebook,ipad,,,,2026-05-08,Ongoing,"1-day click",,,,,,,,,,,,,,,,,,,,,,1,,,,,,,,,,,,,,,,,,,,,,,,,2026-05-09,2026-05-09
"BOOK0_APP_MAY26_IOS_MST _V2 [iOS]",120243710427300003,WIN_APB_TOF_1865_IPS_BOOK0_V1,120243710469920003,"C2B_STC_APP_BOOK0_T1 - Copy",120243710773800003,2026-05-09,"Instagram Reels",iphone,instagram,iphone,,,,2026-05-08,Ongoing,"1-day click",,,,,,,,,,,,,,,,,,,,,,1,,,,,,,,,,,,,,,,,,,,,,,,,2026-05-09,2026-05-09
"BOOK0_APP_MAY26_IOS_MST _V2 [iOS]",120243710427300003,WIN_APB_TOF_1865_IPS_BOOK0_V1,120243710469920003,"C2B_STC_APP_BOOK0_T1 - Copy",120243710773800003,2026-05-09,Feed,iphone,facebook,iphone,,,,2026-05-08,Ongoing,"1-day click",,,,,,,,,,,,,,,,,,,,,,14,,,,,,,,,,,,,,,,,,,,,,,,,2026-05-09,2026-05-09
"BOOK0_APP_MAY26_IOS_MST _V2 [iOS]",120243710427300003,WIN_APB_TOF_1865_IPS_BOOK0_V1,120243710469920003,"C2B_STC_APP_BOOK0_T1 - Copy",120243710773800003,2026-05-09,Feed,iphone,instagram,iphone,,,,2026-05-08,Ongoing,"1-day click",,,,,,,,,,,,,,,,,,,,,,2,,,,,,,,,,,,,,,,,,,,,,,,,2026-05-09,2026-05-09
"BOOK0_APP_MAY26_IOS_MST _V2 [iOS]",120243710427300003,WIN_APB_TOF_1865_IPS_BOOK0_V1,120243710469920003,"C3D_STC_APP_BOOK0_T1 - Copy",120243710773860003,2026-05-09,Feed,iphone,facebook,iphone,,,,2026-05-08,Ongoing,"1-day click",,,,,,,,,,,,,,,,,,,,,,3,,,,,,,,,,,,,,,,,,,,,,,,,2026-05-09,2026-05-09
"BOOK0_APP_MAY26_IOS_MST _V2 [iOS]",120243710427300003,WIN_APB_TOF_1865_IPS_BOOK0_V1,120243710469920003,"C3D_STC_APP_BOOK0_T1 - Copy",120243710773860003,2026-05-09,"Instagram Reels",iphone,instagram,iphone,,,,2026-05-08,Ongoing,"1-day click",,,,,,,,,,,,,,,,,,,,,,1,,,,,,,,,,,,,,,,,,,,,,,,,2026-05-09,2026-05-09
"BOOK0_APP_MAY26_IOS_MST _V2 [iOS]",120243710427300003,WIN_APB_TOF_1865_IPS_BOOK0_V1,120243710469920003,"C3D_STC_APP_BOOK0_T1 - Copy",120243710773860003,2026-05-09,"Instagram Stories",iphone,instagram,iphone,,,,2026-05-08,Ongoing,"1-day click",,,,,,,,,,,,,,,,,,,,,,1,,,,,,,,,,,,,,,,,,,,,,,,,2026-05-09,2026-05-09
"BOOK0_APP_MAY26_IOS_MST _V2 [iOS]",120243710427300003,WIN_APB_TOF_1865_IPS_BOOK0_V1,120243710469920003,"C4D_STC_APP_BOOK0_T1 - Copy",120243710773880003,2026-05-12,"Native, banner & interstitial",iphone,audience_network,iphone,,,,2026-05-08,Ongoing,"1-day click",,,,,,,,,,,,,,,,,,,,,,2,,,,,,,,,,,,,,,,,,,,,,,,,2026-05-12,2026-05-12
"BOOK0_APP_MAY26_IOS_MST _V2 [iOS]",120243710427300003,WIN_APB_TOF_1865_IPS_BOOK0_V1,120243710469920003,"C4D_STC_APP_BOOK0_T1 - Copy",120243710773880003,2026-05-12,"Instagram Stories",iphone,instagram,iphone,,,,2026-05-08,Ongoing,"1-day click",,,,,,,,,,,,,,,,,,,,,,1,,,,,,,,,,,,,,,,,,,,,,,,,2026-05-12,2026-05-12
"BOOK0_APP_MAY26_IOS_MST _V2 [iOS]",120243710427300003,WIN_APB_TOF_1865_IPS_BOOK0_V1,120243710469920003,"C4D_STC_APP_BOOK0_T1 - Copy",120243710773880003,2026-05-12,"Threads feed",iphone,threads,iphone,,,,2026-05-08,Ongoing,"1-day click",,,,,,,,,,,,,,,,,,,,,,1,,,,,,,,,,,,,,,,,,,,,,,,,2026-05-12,2026-05-12
"BOOK0_APP_MAY26_IOS_MST _V2 [iOS]",120243710427300003,WIN_APB_TOF_1865_IPS_BOOK0_V1,120243710469920003,"C4D_STC_APP_BOOK0_T1 - Copy",120243710773880003,2026-05-12,"Facebook Reels",iphone,facebook,iphone,,,,2026-05-08,Ongoing,"1-day click",,,,,,,,,,,,,,,,,,,,,,1,,,,,,,,,,,,,,,,,,,,,,,,,2026-05-12,2026-05-12
"BOOK0_APP_MAY26_IOS_MST _V2 [iOS]",120243710427300003,WIN_APB_TOF_1865_IPS_BOOK0_V1,120243710469920003,"C4D_STC_APP_BOOK0_T1 - Copy",120243710773880003,2026-05-12,Feed,iphone,instagram,iphone,,,,2026-05-08,Ongoing,"1-day click",,,,,,,,,,,,,,,,,,,,,,3,,,,,,,,,,,,,,,,,,,,,,,,,2026-05-12,2026-05-12
"BOOK0_APP_MAY26_IOS_MST _V2 [iOS]",120243710427300003,WIN_APB_TOF_1865_IPS_BOOK0_V1,120243710469920003,"C4D_STC_APP_BOOK0_T1 - Copy",120243710773880003,2026-05-10,"Threads feed",iphone,threads,iphone,,,,2026-05-08,Ongoing,"1-day click",,,,,,,,,,,,,,,,,,,,,,1,,,,,,,,,,,,,,,,,,,,,,,,,2026-05-10,2026-05-10
"BOOK0_APP_MAY26_IOS_MST _V2 [iOS]",120243710427300003,WIN_APB_TOF_1865_IPS_BOOK0_V1,120243710469920003,"C4D_STC_APP_BOOK0_T1 - Copy",120243710773880003,2026-05-10,"Instagram Stories",iphone,instagram,iphone,,,,2026-05-08,Ongoing,"1-day click",,,,,,,,,,,,,,,,,,,,,,1,,,,,,,,,,,,,,,,,,,,,,,,,2026-05-10,2026-05-10
"BOOK0_APP_MAY26_IOS_MST _V2 [iOS]",120243710427300003,WIN_APB_TOF_1865_IPS_BOOK0_V1,120243710469920003,"C4D_STC_APP_BOOK0_T1 - Copy",120243710773880003,2026-05-14,"Instagram Reels",iphone,instagram,iphone,,,,2026-05-08,Ongoing,"1-day click",,,,,,,,,,,,,,,,,,,,,,1,,,,,,,,,,,,,,,,,,,,,,,,,2026-05-14,2026-05-14
"BOOK0_APP_MAY26_IOS_MST _V2 [iOS]",120243710427300003,WIN_APB_TOF_1865_IPS_BOOK0_V1,120243710469920003,"C2B_STC_APP_BOOK0_T1 - Copy",120243710773800003,2026-05-11,"Facebook Reels",ipad,facebook,ipad,,,,2026-05-08,Ongoing,"1-day click",,,,,,,,,,,,,,,,,,,,,,3,,,,,,,,,,,,,,,,,,,,,,,,,2026-05-11,2026-05-11
"BOOK0_APP_MAY26_IOS_MST _V2 [iOS]",120243710427300003,WIN_APB_TOF_1865_IPS_BOOK0_V1,120243710469920003,"C2B_STC_APP_BOOK0_T1 - Copy",120243710773800003,2026-05-15,"Facebook profile feed",iphone,facebook,iphone,,,,2026-05-08,Ongoing,"1-day click",,,,,,,,,,,,,,,,,,,,,,1,,,,,,,,,,,,,,,,,,,,,,,,,2026-05-15,2026-05-15
"BOOK0_APP_MAY26_IOS_MST _V2 [iOS]",120243710427300003,WIN_APB_TOF_1865_IPS_BOOK0_V1,120243710469920003,"C2B_STC_APP_BOOK0_T1 - Copy",120243710773800003,2026-05-15,"In-stream reels",iphone,facebook,iphone,,,,2026-05-08,Ongoing,"1-day click",,,,,,,,,,,,,,,,,,,,,,1,,,,,,,,,,,,,,,,,,,,,,,,,2026-05-15,2026-05-15
"BOOK0_APP_MAY26_IOS_MST _V2 [iOS]",120243710427300003,WIN_APB_TOF_1865_IPS_BOOK0_V1,120243710469920003,"C2B_STC_APP_BOOK0_T1 - Copy",120243710773800003,2026-05-15,"Instagram Reels",ipad,instagram,ipad,,,,2026-05-08,Ongoing,"1-day click",,,,,,,,,,,,,,,,,,,,,,1,,,,,,,,,,,,,,,,,,,,,,,,,2026-05-15,2026-05-15
"BOOK0_APP_MAY26_IOS_MST _V2 [iOS]",120243710427300003,WIN_APB_TOF_1865_IPS_BOOK0_V1,120243710469920003,"C2B_STC_APP_BOOK0_T1 - Copy",120243710773800003,2026-05-15,"Threads feed",iphone,threads,iphone,,,,2026-05-08,Ongoing,"1-day click",,,,,,,,,,,,,,,,,,,,,,5,,,,,,,,,,,,,,,,,,,,,,,,,2026-05-15,2026-05-15
"BOOK0_APP_MAY26_IOS_MST _V2 [iOS]",120243710427300003,WIN_APB_TOF_1865_IPS_BOOK0_V1,120243710469920003,"C2B_STC_APP_BOOK0_T1 - Copy",120243710773800003,2026-05-15,Feed,ipad,facebook,ipad,,,,2026-05-08,Ongoing,"1-day click",,,,,,,,,,,,,,,,,,,,,,2,,,,,,,,,,,,,,,,,,,,,,,,,2026-05-15,2026-05-15
"BOOK0_APP_MAY26_IOS_MST _V2 [iOS]",120243710427300003,WIN_APB_TOF_1865_IPS_BOOK0_V1,120243710469920003,"C2B_STC_APP_BOOK0_T1 - Copy",120243710773800003,2026-05-15,"Native, banner & interstitial",iphone,audience_network,iphone,,,,2026-05-08,Ongoing,"1-day click",,,,,,,,,,,,,,,,,,,,,,9,,,,,,,,,,,,,,,,,,,,,,,,,2026-05-15,2026-05-15
"BOOK0_APP_MAY26_IOS_MST _V2 [iOS]",120243710427300003,WIN_APB_TOF_1865_IPS_BOOK0_V1,120243710469920003,"C2B_STC_APP_BOOK0_T1 - Copy",120243710773800003,2026-05-15,Marketplace,iphone,facebook,iphone,,,,2026-05-08,Ongoing,"1-day click",,,,,,,,,,,,,,,,,,,,,,1,,,,,,,,,,,,,,,,,,,,,,,,,2026-05-15,2026-05-15
"BOOK0_APP_MAY26_IOS_MST _V2 [iOS]",120243710427300003,WIN_APB_TOF_1865_IPS_BOOK0_V1,120243710469920003,"C2B_STC_APP_BOOK0_T1 - Copy",120243710773800003,2026-05-15,Feed,iphone,facebook,iphone,,,,2026-05-08,Ongoing,"1-day click",,,,,,,,,,,,,,,,,,,,,,19,,,,,,,,,,,,,,,,,,,,,,,,,2026-05-15,2026-05-15
"BOOK0_APP_MAY26_IOS_MST _V2 [iOS]",120243710427300003,WIN_APB_TOF_1865_IPS_BOOK0_V1,120243710469920003,"C2B_STC_APP_BOOK0_T1 - Copy",120243710773800003,2026-05-15,"Facebook Reels",iphone,facebook,iphone,,,,2026-05-08,Ongoing,"1-day click",,,,,,,,,,,,,,,,,,,,,,10,,,,,,,,,,,,,,,,,,,,,,,,,2026-05-15,2026-05-15
"BOOK0_APP_MAY26_IOS_MST _V2 [iOS]",120243710427300003,WIN_APB_TOF_1865_IPS_BOOK0_V1,120243710469920003,"C2B_STC_APP_BOOK0_T1 - Copy",120243710773800003,2026-05-15,"Facebook Reels",ipad,facebook,ipad,,,,2026-05-08,Ongoing,"1-day click",,,,,,,,,,,,,,,,,,,,,,2,,,,,,,,,,,,,,,,,,,,,,,,,2026-05-15,2026-05-15
"BOOK0_APP_MAY26_IOS_MST _V2 [iOS]",120243710427300003,WIN_APB_TOF_1865_IPS_BOOK0_V1,120243710469920003,"C2B_STC_APP_BOOK0_T1 - Copy",120243710773800003,2026-05-15,"Facebook Stories",iphone,facebook,iphone,,,,2026-05-08,Ongoing,"1-day click",,,,,,,,,,,,,,,,,,,,,,1,,,,,,,,,,,,,,,,,,,,,,,,,2026-05-15,2026-05-15
"BOOK0_APP_MAY26_IOS_MST _V2 [iOS]",120243710427300003,WIN_APB_TOF_1865_IPS_BOOK0_V1,120243710469920003,"C2B_STC_APP_BOOK0_T1 - Copy",120243710773800003,2026-05-15,Feed,iphone,instagram,iphone,,,,2026-05-08,Ongoing,"1-day click",,,,,,,,,,,,,,,,,,,,,,15,,,,,,,,,,,,,,,,,,,,,,,,,2026-05-15,2026-05-15
"BOOK0_APP_MAY26_IOS_MST _V2 [iOS]",120243710427300003,WIN_APB_TOF_1865_IPS_BOOK0_V1,120243710469920003,"C2B_STC_APP_BOOK0_T1 - Copy",120243710773800003,2026-05-11,Feed,ipad,facebook,ipad,,,,2026-05-08,Ongoing,"1-day click",,,,,,,,,,,,,,,,,,,,,,4,,,,,,,,,,,,,,,,,,,,,,,,,2026-05-11,2026-05-11
"BOOK0_APP_MAY26_IOS_MST _V2 [iOS]",120243710427300003,WIN_APB_TOF_1865_IPS_BOOK0_V1,120243710469920003,"C2B_STC_APP_BOOK0_T1 - Copy",120243710773800003,2026-05-11,"Threads feed",iphone,threads,iphone,,,,2026-05-08,Ongoing,"1-day click",,,,,,,,,,,,,,,,,,,,,,3,,,,,,,,,,,,,,,,,,,,,,,,,2026-05-11,2026-05-11
"BOOK0_APP_MAY26_IOS_MST _V2 [iOS]",120243710427300003,WIN_APB_TOF_1865_IPS_BOOK0_V1,120243710469920003,"C4D_STC_APP_BOOK0_T1 - Copy",120243710773880003,2026-05-10,"Instagram Reels",ipad,instagram,ipad,,,,2026-05-08,Ongoing,"1-day click",,,,,,,,,,,,,,,,,,,,,,1,,,,,,,,,,,,,,,,,,,,,,,,,2026-05-10,2026-05-10
"BOOK0_APP_MAY26_IOS_MST _V2 [iOS]",120243710427300003,WIN_APB_TOF_1865_IPS_BOOK0_V1,120243710469920003,"C2B_STC_APP_BOOK0_T1 - Copy",120243710773800003,2026-05-11,"Instagram Reels",ipad,instagram,ipad,,,,2026-05-08,Ongoing,"1-day click",,,,,,,,,,,,,,,,,,,,,,1,,,,,,,,,,,,,,,,,,,,,,,,,2026-05-11,2026-05-11
"BOOK0_APP_MAY26_IOS_MST _V2 [iOS]",120243710427300003,WIN_APB_TOF_1865_IPS_BOOK0_V1,120243710469920003,"C2B_STC_APP_BOOK0_T1 - Copy",120243710773800003,2026-05-11,"Native, banner & interstitial",ipad,audience_network,ipad,,,,2026-05-08,Ongoing,"1-day click",,,,,,,,,,,,,,,,,,,,,,2,,,,,,,,,,,,,,,,,,,,,,,,,2026-05-11,2026-05-11
"BOOK0_APP_MAY26_IOS_MST _V2 [iOS]",120243710427300003,WIN_APB_TOF_1865_IPS_BOOK0_V1,120243710469920003,"C2B_STC_APP_BOOK0_T1 - Copy",120243710773800003,2026-05-11,"Instagram Reels",iphone,instagram,iphone,,,,2026-05-08,Ongoing,"1-day click",,,,,,,,,,,,,,,,,,,,,,4,,,,,,,,,,,,,,,,,,,,,,,,,2026-05-11,2026-05-11
"BOOK0_APP_MAY26_IOS_MST _V2 [iOS]",120243710427300003,WIN_APB_TOF_1865_IPS_BOOK0_V1,120243710469920003,"C2B_STC_APP_BOOK0_T1 - Copy",120243710773800003,2026-05-11,"Facebook Reels",iphone,facebook,iphone,,,,2026-05-08,Ongoing,"1-day click",,,,,,,,,,,,,,,,,,,,,,19,,,,,,,,,,,,,,,,,,,,,,,,,2026-05-11,2026-05-11
"BOOK0_APP_MAY26_IOS_MST _V2 [iOS]",120243710427300003,WIN_APB_TOF_1865_IPS_BOOK0_V1,120243710469920003,"C2B_STC_APP_BOOK0_T1 - Copy",120243710773800003,2026-05-11,"Native, banner & interstitial",iphone,audience_network,iphone,,,,2026-05-08,Ongoing,"1-day click",,,,,,,,,,,,,,,,,,,,,,7,,,,,,,,,,,,,,,,,,,,,,,,,2026-05-11,2026-05-11
"BOOK0_APP_MAY26_IOS_MST _V2 [iOS]",120243710427300003,WIN_APB_TOF_1865_IPS_BOOK0_V1,120243710469920003,"C2B_STC_APP_BOOK0_T1 - Copy",120243710773800003,2026-05-11,"In-stream reels",iphone,facebook,iphone,,,,2026-05-08,Ongoing,"1-day click",,,,,,,,,,,,,,,,,,,,,,1,,,,,,,,,,,,,,,,,,,,,,,,,2026-05-11,2026-05-11
"BOOK0_APP_MAY26_IOS_MST _V2 [iOS]",120243710427300003,WIN_APB_TOF_1865_IPS_BOOK0_V1,120243710469920003,"C2B_STC_APP_BOOK0_T1 - Copy",120243710773800003,2026-05-11,Feed,iphone,instagram,iphone,,,,2026-05-08,Ongoing,"1-day click",,,,,,,,,,,,,,,,,,,,,,3,,,,,,,,,,,,,,,,,,,,,,,,,2026-05-11,2026-05-11
"BOOK0_APP_MAY26_IOS_MST _V2 [iOS]",120243710427300003,WIN_APB_TOF_1865_IPS_BOOK0_V1,120243710469920003,"C2B_STC_APP_BOOK0_T1 - Copy",120243710773800003,2026-05-11,Feed,iphone,facebook,iphone,,,,2026-05-08,Ongoing,"1-day click",,,,,,,,,,,,,,,,,,,,,,23,,,,,,,,,,,,,,,,,,,,,,,,,2026-05-11,2026-05-11
"BOOK0_APP_MAY26_IOS_MST _V2 [iOS]",120243710427300003,WIN_APB_TOF_1865_IPS_BOOK0_V1,120243710469920003,"C2B_STC_APP_BOOK0_T1 - Copy",120243710773800003,2026-05-11,"Facebook Notifications",iphone,facebook,iphone,,,,2026-05-08,Ongoing,"1-day click",,,,,,,,,,,,,,,,,,,,,,1,,,,,,,,,,,,,,,,,,,,,,,,,2026-05-11,2026-05-11
"BOOK0_APP_MAY26_IOS_MST _V2 [iOS]",120243710427300003,WIN_APB_TOF_1865_IPS_BOOK0_V1,120243710469920003,"C4D_STC_APP_BOOK0_T1 - Copy",120243710773880003,2026-05-10,"Native, banner & interstitial",iphone,audience_network,iphone,,,,2026-05-08,Ongoing,"1-day click",,,,,,,,,,,,,,,,,,,,,,1,,,,,,,,,,,,,,,,,,,,,,,,,2026-05-10,2026-05-10
"BOOK0_APP_MAY26_IOS_MST _V2 [iOS]",120243710427300003,WIN_APB_TOF_1865_IPS_BOOK0_V1,120243710469920003,"C4D_STC_APP_BOOK0_T1 - Copy",120243710773880003,2026-05-10,Unknown,other,unknown,iphone,,,,2026-05-08,Ongoing,"1-day click",,,,,,,,,,,,,,,,,,,,,,1,,,,,,,,,,,,,,,,,,,,,,,,,2026-05-10,2026-05-10
"BOOK0_APP_MAY26_IOS_MST _V2 [iOS]",120243710427300003,WIN_APB_TOF_1865_IPS_BOOK0_V1,120243710469920003,"C4D_STC_APP_BOOK0_T1 - Copy",120243710773880003,2026-05-10,"Facebook Reels",iphone,facebook,iphone,,,,2026-05-08,Ongoing,"1-day click",,,,,,,,,,,,,,,,,,,,,,7,,,,,,,,,,,,,,,,,,,,,,,,,2026-05-10,2026-05-10
"BOOK0_APP_MAY26_IOS_MST _V2 [iOS]",120243710427300003,WIN_APB_TOF_1865_IPS_BOOK0_V1,120243710469920003,"C4D_STC_APP_BOOK0_T1 - Copy",120243710773880003,2026-05-10,Feed,iphone,instagram,iphone,,,,2026-05-08,Ongoing,"1-day click",,,,,,,,,,,,,,,,,,,,,,3,,,,,,,,,,,,,,,,,,,,,,,,,2026-05-10,2026-05-10
"BOOK0_APP_MAY26_IOS_MST _V2 [iOS]",120243710427300003,WIN_APB_TOF_1865_IPS_BOOK0_V1,120243710469920003,"C4D_STC_APP_BOOK0_T1 - Copy",120243710773880003,2026-05-14,Feed,iphone,instagram,iphone,,,,2026-05-08,Ongoing,"1-day click",,,,,,,,,,,,,,,,,,,,,,,,,,,,,,,,,,,,,,,,,,,,,,,2026-05-14,2026-05-14
"BOOK0_APP_MAY26_IOS_MST _V2 [iOS]",120243710427300003,WIN_APB_TOF_1865_IPS_BOOK0_V1,120243710469920003,"C4A_STC_APP_BOOK0_T1 - Copy",120243710773850003,2026-05-09,Feed,iphone,instagram,iphone,,,,2026-05-08,Ongoing,"1-day click",,,,,,,,,,,,,,,,,,,,,,1,,,,,,,,,,,,,,,,,,,,,,,,,2026-05-09,2026-05-09
"BOOK0_APP_MAY26_IOS_MST _V2 [iOS]",120243710427300003,WIN_APB_TOF_1865_IPS_BOOK0_V1,120243710469920003,"C2B_STC_APP_BOOK0_T1 - Copy",120243710773800003,2026-05-15,"Instagram Reels",iphone,instagram,iphone,,,,2026-05-08,Ongoing,"1-day click",,,,,,,,,,,,,,,,,,,,,,1,,,,,,,,,,,,,,,,,,,,,,,,,2026-05-15,2026-05-15
"BOOK0_APP_MAY26_IOS_MST _V2 [iOS]",120243710427300003,WIN_APB_TOF_1865_IPS_BOOK0_V1,120243710469920003,"C2B_STC_APP_BOOK0_T1 - Copy",120243710773800003,2026-05-12,"In-stream reels",iphone,facebook,iphone,,,,2026-05-08,Ongoing,"1-day click",,,,,,,,,,,,,,,,,,,,,,1,,,,,,,,,,,,,,,,,,,,,,,,,2026-05-12,2026-05-12
"BOOK0_APP_MAY26_IOS_MST _V2 [iOS]",120243710427300003,WIN_APB_TOF_1865_IPS_BOOK0_V1,120243710469920003,"C4C_STC_APP_BOOK0_T1 - Copy",120243710773810003,2026-05-08,Feed,iphone,facebook,iphone,,,,2026-05-08,Ongoing,"1-day click",,,,,,,,,,,,,,,,,,,,,,1,,,,,,,,,,,,,,,,,,,,,,,,,2026-05-08,2026-05-08
"BOOK0_APP_MAY26_IOS_MST _V2 [iOS]",120243710427300003,WIN_APB_TOF_1865_IPS_BOOK0_V1,120243710469920003,"C3D_STC_APP_BOOK0_T1 - Copy",120243710773860003,2026-05-08,"Ads on Facebook Reels",iphone,facebook,iphone,,,,2026-05-08,Ongoing,"1-day click",,,,,,,,,,,,,,,,,,,,,,2,,,,,,,,,,,,,,,,,,,,,,,,,2026-05-08,2026-05-08
"BOOK0_APP_MAY26_IOS_MST _V2 [iOS]",120243710427300003,WIN_APB_TOF_1865_IPS_BOOK0_V1,120243710469920003,"C3D_STC_APP_BOOK0_T1 - Copy",120243710773860003,2026-05-12,Feed,iphone,facebook,iphone,,,,2026-05-08,Ongoing,"1-day click",,,,,,,,,,,,,,,,,,,,,,1,,,,,,,,,,,,,,,,,,,,,,,,,2026-05-12,2026-05-12
"BOOK0_APP_MAY26_IOS_MST _V2 [iOS]",120243710427300003,WIN_APB_TOF_1865_IPS_BOOK0_V1,120243710469920003,"C4D_STC_APP_BOOK0_T1 - Copy",120243710773880003,2026-05-08,"Ads on Facebook Reels",iphone,facebook,iphone,,,,2026-05-08,Ongoing,"1-day click",,,,,,,,,,,,,,,,,,,,,,10,,,,,,,,,,,,,,,,,,,,,,,,,2026-05-08,2026-05-08
"BOOK0_APP_MAY26_IOS_MST _V2 [iOS]",120243710427300003,WIN_APB_TOF_1865_IPS_BOOK0_V1,120243710469920003,"C4D_STC_APP_BOOK0_T1 - Copy",120243710773880003,2026-05-08,Feed,iphone,facebook,iphone,,,,2026-05-08,Ongoing,"1-day click",,,,,,,,,,,,,,,,,,,,,,4,,,,,,,,,,,,,,,,,,,,,,,,,2026-05-08,2026-05-08
"BOOK0_APP_MAY26_IOS_MST _V2 [iOS]",120243710427300003,WIN_APB_TOF_1865_IPS_BOOK0_V1,120243710469920003,"C4D_STC_APP_BOOK0_T1 - Copy",120243710773880003,2026-05-08,"Instagram Reels",iphone,instagram,iphone,,,,2026-05-08,Ongoing,"1-day click",,,,,,,,,,,,,,,,,,,,,,10,,,,,,,,,,,,,,,,,,,,,,,,,2026-05-08,2026-05-08
"BOOK0_APP_MAY26_IOS_MST _V2 [iOS]",120243710427300003,WIN_APB_TOF_1865_IPS_BOOK0_V1,120243710469920003,"C4D_STC_APP_BOOK0_T1 - Copy",120243710773880003,2026-05-08,"In-stream reels",iphone,facebook,iphone,,,,2026-05-08,Ongoing,"1-day click",,,,,,,,,,,,,,,,,,,,,,36,,,,,,,,,,,,,,,,,,,,,,,,,2026-05-08,2026-05-08
"BOOK0_APP_MAY26_IOS_MST _V2 [iOS]",120243710427300003,WIN_APB_TOF_1865_IPS_BOOK0_V1,120243710469920003,"C4D_STC_APP_BOOK0_T1 - Copy",120243710773880003,2026-05-13,"Threads feed",iphone,threads,iphone,,,,2026-05-08,Ongoing,"1-day click",,,,,,,,,,,,,,,,,,,,,,1,,,,,,,,,,,,,,,,,,,,,,,,,2026-05-13,2026-05-13
"BOOK0_APP_MAY26_IOS_MST _V2 [iOS]",120243710427300003,WIN_APB_TOF_1865_IPS_BOOK0_V1,120243710469920003,"C4D_STC_APP_BOOK0_T1 - Copy",120243710773880003,2026-05-13,"Instagram Reels",iphone,instagram,iphone,,,,2026-05-08,Ongoing,"1-day click",,,,,,,,,,,,,,,,,,,,,,2,,,,,,,,,,,,,,,,,,,,,,,,,2026-05-13,2026-05-13
"BOOK0_APP_MAY26_IOS_MST _V2 [iOS]",120243710427300003,WIN_APB_TOF_1865_IPS_BOOK0_V1,120243710469920003,"C4D_STC_APP_BOOK0_T1 - Copy",120243710773880003,2026-05-08,"Facebook Reels",iphone,facebook,iphone,,,,2026-05-08,Ongoing,"1-day click",,,,,,,,,,,,,,,,,,,,,,5,,,,,,,,,,,,,,,,,,,,,,,,,2026-05-08,2026-05-08
"BOOK0_APP_MAY26_IOS_MST _V2 [iOS]",120243710427300003,WIN_APB_TOF_1865_IPS_BOOK0_V1,120243710469920003,"C4D_STC_APP_BOOK0_T1 - Copy",120243710773880003,2026-05-08,"Instagram Stories",iphone,instagram,iphone,,,,2026-05-08,Ongoing,"1-day click",,,,,,,,,,,,,,,,,,,,,,1,,,,,,,,,,,,,,,,,,,,,,,,,2026-05-08,2026-05-08
"BOOK0_APP_MAY26_IOS_MST _V2 [iOS]",120243710427300003,WIN_APB_TOF_1865_IPS_BOOK0_V1,120243710469920003,"C4D_STC_APP_BOOK0_T1 - Copy",120243710773880003,2026-05-08,Feed,iphone,instagram,iphone,,,,2026-05-08,Ongoing,"1-day click",,,,,,,,,,,,,,,,,,,,,,7,,,,,,,,,,,,,,,,,,,,,,,,,2026-05-08,2026-05-08
"BOOK0_APP_MAY26_IOS_MST _V2 [iOS]",120243710427300003,WIN_APB_TOF_1865_IPS_BOOK0_V1,120243710469920003,"C2B_STC_APP_BOOK0_T1 - Copy",120243710773800003,2026-05-12,"Facebook Stories",iphone,facebook,iphone,,,,2026-05-08,Ongoing,"1-day click",,,,,,,,,,,,,,,,,,,,,,1,,,,,,,,,,,,,,,,,,,,,,,,,2026-05-12,2026-05-12
"BOOK0_APP_MAY26_IOS_MST _V2 [iOS]",120243710427300003,WIN_APB_TOF_1865_IPS_BOOK0_V1,120243710469920003,"C2B_STC_APP_BOOK0_T1 - Copy",120243710773800003,2026-05-12,"Ads on Facebook Reels",iphone,facebook,iphone,,,,2026-05-08,Ongoing,"1-day click",,,,,,,,,,,,,,,,,,,,,,1,,,,,,,,,,,,,,,,,,,,,,,,,2026-05-12,2026-05-12
"BOOK0_APP_MAY26_IOS_MST _V2 [iOS]",120243710427300003,WIN_APB_TOF_1865_IPS_BOOK0_V1,120243710469920003,"C2D_STC_APP_BOOK0_T1 - Copy",120243710773760003,2026-05-08,Feed,iphone,facebook,iphone,,,,2026-05-08,Ongoing,"1-day click",,,,,,,,,,,,,,,,,,,,,,3,,,,,,,,,,,,,,,,,,,,,,,,,2026-05-08,2026-05-08
"BOOK0_APP_MAY26_IOS_MST _V2 [iOS]",120243710427300003,WIN_APB_TOF_1865_IPS_BOOK0_V1,120243710469920003,"C2B_STC_APP_BOOK0_T1 - Copy",120243710773800003,2026-05-12,"Threads feed",iphone,threads,iphone,,,,2026-05-08,Ongoing,"1-day click",,,,,,,,,,,,,,,,,,,,,,4,,,,,,,,,,,,,,,,,,,,,,,,,2026-05-12,2026-05-12
"BOOK0_APP_MAY26_IOS_MST _V2 [iOS]",120243710427300003,WIN_APB_TOF_1865_IPS_BOOK0_V1,120243710469920003,"C2B_STC_APP_BOOK0_T1 - Copy",120243710773800003,2026-05-12,"Instagram Reels",ipad,instagram,ipad,,,,2026-05-08,Ongoing,"1-day click",,,,,,,,,,,,,,,,,,,,,,1,,,,,,,,,,,,,,,,,,,,,,,,,2026-05-12,2026-05-12
"BOOK0_APP_MAY26_IOS_MST _V2 [iOS]",120243710427300003,WIN_APB_TOF_1865_IPS_BOOK0_V1,120243710469920003,"C2B_STC_APP_BOOK0_T1 - Copy",120243710773800003,2026-05-12,"Instagram Stories",iphone,instagram,iphone,,,,2026-05-08,Ongoing,"1-day click",,,,,,,,,,,,,,,,,,,,,,3,,,,,,,,,,,,,,,,,,,,,,,,,2026-05-12,2026-05-12
"BOOK0_APP_MAY26_IOS_MST _V2 [iOS]",120243710427300003,WIN_APB_TOF_1865_IPS_BOOK0_V1,120243710469920003,"C2B_STC_APP_BOOK0_T1 - Copy",120243710773800003,2026-05-12,Feed,iphone,instagram,iphone,,,,2026-05-08,Ongoing,"1-day click",,,,,,,,,,,,,,,,,,,,,,6,,,,,,,,,,,,,,,,,,,,,,,,,2026-05-12,2026-05-12
"BOOK0_APP_MAY26_IOS_MST _V2 [iOS]",120243710427300003,WIN_APB_TOF_1865_IPS_BOOK0_V1,120243710469920003,"C2B_STC_APP_BOOK0_T1 - Copy",120243710773800003,2026-05-12,"Native, banner & interstitial",iphone,audience_network,iphone,,,,2026-05-08,Ongoing,"1-day click",,,,,,,,,,,,,,,,,,,,,,25,,,,,,,,,,,,,,,,,,,,,,,,,2026-05-12,2026-05-12
"BOOK0_APP_MAY26_IOS_MST _V2 [iOS]",120243710427300003,WIN_APB_TOF_1865_IPS_BOOK0_V1,120243710469920003,"C2B_STC_APP_BOOK0_T1 - Copy",120243710773800003,2026-05-12,"Instagram Reels",iphone,instagram,iphone,,,,2026-05-08,Ongoing,"1-day click",,,,,,,,,,,,,,,,,,,,,,3,,,,,,,,,,,,,,,,,,,,,,,,,2026-05-12,2026-05-12
"BOOK0_APP_MAY26_IOS_MST _V2 [iOS]",120243710427300003,WIN_APB_TOF_1865_IPS_BOOK0_V1,120243710469920003,"C2B_STC_APP_BOOK0_T1 - Copy",120243710773800003,2026-05-12,"Facebook Reels",iphone,facebook,iphone,,,,2026-05-08,Ongoing,"1-day click",,,,,,,,,,,,,,,,,,,,,,14,,,,,,,,,,,,,,,,,,,,,,,,,2026-05-12,2026-05-12
"BOOK0_APP_MAY26_IOS_MST _V2 [iOS]",120243710427300003,WIN_APB_TOF_1865_IPS_BOOK0_V1,120243710469920003,"C2B_STC_APP_BOOK0_T1 - Copy",120243710773800003,2026-05-12,"Native, banner & interstitial",ipad,audience_network,ipad,,,,2026-05-08,Ongoing,"1-day click",,,,,,,,,,,,,,,,,,,,,,7,,,,,,,,,,,,,,,,,,,,,,,,,2026-05-12,2026-05-12
"BOOK0_APP_MAY26_IOS_MST _V2 [iOS]",120243710427300003,WIN_APB_TOF_1865_IPS_BOOK0_V1,120243710469920003,"C2B_STC_APP_BOOK0_T1 - Copy",120243710773800003,2026-05-12,Feed,iphone,facebook,iphone,,,,2026-05-08,Ongoing,"1-day click",,,,,,,,,,,,,,,,,,,,,,22,,,,,,,,,,,,,,,,,,,,,,,,,2026-05-12,2026-05-12
"BOOK0_APP_MAY26_IOS_MST _V2 [iOS]",120243710427300003,WIN_APB_TOF_1865_IPS_BOOK0_V1,120243710469920003,"C2B_STC_APP_BOOK0_T1 - Copy",120243710773800003,2026-05-12,Feed,ipad,facebook,ipad,,,,2026-05-08,Ongoing,"1-day click",,,,,,,,,,,,,,,,,,,,,,3,,,,,,,,,,,,,,,,,,,,,,,,,2026-05-12,2026-05-12
"BOOK0_APP_MAY26_IOS_MST _V2 [iOS]",120243710427300003,WIN_APB_TOF_1865_IPS_BOOK0_V1,120243710469920003,"C2B_STC_APP_BOOK0_T1 - Copy",120243710773800003,2026-05-12,Feed,ipad,instagram,ipad,,,,2026-05-08,Ongoing,"1-day click",,,,,,,,,,,,,,,,,,,,,,1,,,,,,,,,,,,,,,,,,,,,,,,,2026-05-12,2026-05-12
"BOOK0_APP_MAY26_IOS_MST _V2 [iOS]",120243710427300003,WIN_APB_TOF_1865_IPS_BOOK0_V1,120243710469920003,"C2C_STC_APP_BOOK0_T1 - Copy",120243710773770003,2026-05-08,Feed,iphone,facebook,iphone,,,,2026-05-08,Ongoing,"1-day click",,,,,,,,,,,,,,,,,,,,,,1,,,,,,,,,,,,,,,,,,,,,,,,,2026-05-08,2026-05-08
"BOOK0_APP_MAY26_IOS_MST _V2 [iOS]",120243710427300003,WIN_APB_TOF_1865_IPS_BOOK0_V1,120243710469920003,"C2C_STC_APP_BOOK0_T1 - Copy",120243710773770003,2026-05-08,"Ads on Facebook Reels",iphone,facebook,iphone,,,,2026-05-08,Ongoing,"1-day click",,,,,,,,,,,,,,,,,,,,,,1,,,,,,,,,,,,,,,,,,,,,,,,,2026-05-08,2026-05-08
"BOOK0_APP_MAY26_IOS_MST _V2 [iOS]",120243710427300003,WIN_APB_TOF_1865_IPS_BOOK0_V1,120243710469920003,"C2D_STC_APP_BOOK0_T1 - Copy",120243710773760003,2026-05-08,Feed,iphone,instagram,iphone,,,,2026-05-08,Ongoing,"1-day click",,,,,,,,,,,,,,,,,,,,,,1,,,,,,,,,,,,,,,,,,,,,,,,,2026-05-08,2026-05-08
"BOOK0_APP_MAY26_IOS_MST _V2 [iOS]",120243710427300003,WIN_APB_TOF_1865_IPS_BOOK0_V1,120243710469920003,"C2D_STC_APP_BOOK0_T1 - Copy",120243710773760003,2026-05-08,"Ads on Facebook Reels",iphone,facebook,iphone,,,,2026-05-08,Ongoing,"1-day click",,,,,,,,,,,,,,,,,,,,,,1,,,,,,,,,,,,,,,,,,,,,,,,,2026-05-08,2026-05-08
"BOOK0_APP_MAY26_IOS_MST _V2 [iOS]",120243710427300003,WIN_APB_TOF_1865_IPS_BOOK0_V1,120243710469920003,"C4D_STC_APP_BOOK0_T1 - Copy",120243710773880003,2026-05-09,"Facebook Stories",iphone,facebook,iphone,,,,2026-05-08,Ongoing,"1-day click",,,,,,,,,,,,,,,,,,,,,,1,,,,,,,,,,,,,,,,,,,,,,,,,2026-05-09,2026-05-09
"BOOK0_APP_MAY26_IOS_MST _V2 [iOS]",120243710427300003,WIN_APB_TOF_1865_IPS_BOOK0_V1,120243710469920003,"C2B_STC_APP_BOOK0_T1 - Copy",120243710773800003,2026-05-13,"Facebook profile feed",iphone,facebook,iphone,,,,2026-05-08,Ongoing,"1-day click",,,,,,,,,,,,,,,,,,,,,,1,,,,,,,,,,,,,,,,,,,,,,,,,2026-05-13,2026-05-13
"BOOK0_APP_MAY26_IOS_MST _V2 [iOS]",120243710427300003,WIN_APB_TOF_1865_IPS_BOOK0_V1,120243710469920003,"C4D_STC_APP_BOOK0_T1 - Copy",120243710773880003,2026-05-09,"Instagram Stories",iphone,instagram,iphone,,,,2026-05-08,Ongoing,"1-day click",,,,,,,,,,,,,,,,,,,,,,2,,,,,,,,,,,,,,,,,,,,,,,,,2026-05-09,2026-05-09
"BOOK0_APP_MAY26_IOS_MST _V2 [iOS]",120243710427300003,WIN_APB_TOF_1865_IPS_BOOK0_V1,120243710469920003,"C4D_STC_APP_BOOK0_T1 - Copy",120243710773880003,2026-05-09,"Threads feed",iphone,threads,iphone,,,,2026-05-08,Ongoing,"1-day click",,,,,,,,,,,,,,,,,,,,,,1,,,,,,,,,,,,,,,,,,,,,,,,,2026-05-09,2026-05-09
"BOOK0_APP_MAY26_IOS_MST _V2 [iOS]",120243710427300003,WIN_APB_TOF_1865_IPS_BOOK0_V1,120243710469920003,"C4D_STC_APP_BOOK0_T1 - Copy",120243710773880003,2026-05-09,Feed,iphone,facebook,iphone,,,,2026-05-08,Ongoing,"1-day click",,,,,,,,,,,,,,,,,,,,,,4,,,,,,,,,,,,,,,,,,,,,,,,,2026-05-09,2026-05-09
"BOOK0_APP_MAY26_IOS_MST _V2 [iOS]",120243710427300003,WIN_APB_TOF_1865_IPS_BOOK0_V1,120243710469920003,"C4D_STC_APP_BOOK0_T1 - Copy",120243710773880003,2026-05-09,Feed,ipad,facebook,ipad,,,,2026-05-08,Ongoing,"1-day click",,,,,,,,,,,,,,,,,,,,,,1,,,,,,,,,,,,,,,,,,,,,,,,,2026-05-09,2026-05-09
"BOOK0_APP_MAY26_IOS_MST _V2 [iOS]",120243710427300003,WIN_APB_TOF_1865_IPS_BOOK0_V1,120243710469920003,"C4D_STC_APP_BOOK0_T1 - Copy",120243710773880003,2026-05-09,"Instagram Reels",iphone,instagram,iphone,,,,2026-05-08,Ongoing,"1-day click",,,,,,,,,,,,,,,,,,,,,,4,,,,,,,,,,,,,,,,,,,,,,,,,2026-05-09,2026-05-09
"BOOK0_APP_MAY26_IOS_MST _V2 [iOS]",120243710427300003,WIN_APB_TOF_1865_IPS_BOOK0_V1,120243710469920003,"C4D_STC_APP_BOOK0_T1 - Copy",120243710773880003,2026-05-09,"Ads on Facebook Reels",iphone,facebook,iphone,,,,2026-05-08,Ongoing,"1-day click",,,,,,,,,,,,,,,,,,,,,,16,,,,,,,,,,,,,,,,,,,,,,,,,2026-05-09,2026-05-09
"BOOK0_APP_MAY26_IOS_MST _V2 [iOS]",120243710427300003,WIN_APB_TOF_1865_IPS_BOOK0_V1,120243710469920003,"C4D_STC_APP_BOOK0_T1 - Copy",120243710773880003,2026-05-09,"In-stream reels",iphone,facebook,iphone,,,,2026-05-08,Ongoing,"1-day click",,,,,,,,,,,,,,,,,,,,,,19,,,,,,,,,,,,,,,,,,,,,,,,,2026-05-09,2026-05-09
"BOOK0_APP_MAY26_IOS_MST _V2 [iOS]",120243710427300003,WIN_APB_TOF_1865_IPS_BOOK0_V1,120243710469920003,"C4D_STC_APP_BOOK0_T1 - Copy",120243710773880003,2026-05-09,Feed,iphone,instagram,other,,,,2026-05-08,Ongoing,"1-day click",,,,,,,,,,,,,,,,,,,,,,,,,,,,,,,,,,1,,,,,1,,,,,,,,2026-05-09,2026-05-09
"BOOK0_APP_MAY26_IOS_MST _V2 [iOS]",120243710427300003,WIN_APB_TOF_1865_IPS_BOOK0_V1,120243710469920003,"C4D_STC_APP_BOOK0_T1 - Copy",120243710773880003,2026-05-09,Feed,iphone,instagram,iphone,,,,2026-05-08,Ongoing,"1-day click",,,,,,,,,,,,,,,,,,,,,,7,,,,,,,,,,,,,,,,,,,,,,,,,2026-05-09,2026-05-09
"BOOK0_APP_MAY26_IOS_MST _V2 [iOS]",120243710427300003,WIN_APB_TOF_1865_IPS_BOOK0_V1,120243710469920003,"C4D_STC_APP_BOOK0_T1 - Copy",120243710773880003,2026-05-09,"Facebook Reels",iphone,facebook,iphone,,,,2026-05-08,Ongoing,"1-day click",,,,,,,,,,,,,,,,,,,,,,3,,,,,,,,,,,,,,,,,,,,,,,,,2026-05-09,2026-05-09
"BOOK0_APP_MAY26_IOS_MST _V2 [iOS]",120243710427300003,WIN_APB_TOF_1865_IPS_BOOK0_V1,120243710469920003,"C4B_STC_APP_BOOK0_T1 - Copy",120243710773720003,2026-05-09,Feed,iphone,instagram,iphone,,,,2026-05-08,Ongoing,"1-day click",,,,,,,,,,,,,,,,,,,,,,,,,,,,,,,,,,,,,,,,,,,,,,,2026-05-09,2026-05-09
"BOOK0_APP_MAY26_IOS_MST _V2 [iOS]",120243710427300003,WIN_APB_TOF_1865_IPS_BOOK0_V1,120243710469920003,"C3C_STC_APP_BOOK0_T1 - Copy",120243710773840003,2026-05-09,"Ads on Facebook Reels",iphone,facebook,iphone,,,,2026-05-08,Ongoing,"1-day click",,,,,,,,,,,,,,,,,,,,,,1,,,,,,,,,,,,,,,,,,,,,,,,,2026-05-09,2026-05-09
"BOOK0_APP_MAY26_IOS_MST _V2 [iOS]",120243710427300003,WIN_APB_TOF_1865_IPS_BOOK0_V1,120243710469920003,"C2B_STC_APP_BOOK0_T1 - Copy",120243710773800003,2026-05-13,"Ads on Facebook Reels",iphone,facebook,iphone,,,,2026-05-08,Ongoing,"1-day click",,,,,,,,,,,,,,,,,,,,,,1,,,,,,,,,,,,,,,,,,,,,,,,,2026-05-13,2026-05-13
"BOOK0_APP_MAY26_IOS_MST _V2 [iOS]",120243710427300003,WIN_APB_TOF_1865_IPS_BOOK0_V1,120243710469920003,"C2B_STC_APP_BOOK0_T1 - Copy",120243710773800003,2026-05-13,"Facebook Stories",iphone,facebook,iphone,,,,2026-05-08,Ongoing,"1-day click",,,,,,,,,,,,,,,,,,,,,,2,,,,,,,,,,,,,,,,,,,,,,,,,2026-05-13,2026-05-13
"BOOK0_APP_MAY26_IOS_MST _V2 [iOS]",120243710427300003,WIN_APB_TOF_1865_IPS_BOOK0_V1,120243710469920003,"C2D_STC_APP_BOOK0_T1 - Copy",120243710773760003,2026-05-08,"In-stream reels",iphone,facebook,iphone,,,,2026-05-08,Ongoing,"1-day click",,,,,,,,,,,,,,,,,,,,,,1,,,,,,,,,,,,,,,,,,,,,,,,,2026-05-08,2026-05-08
"BOOK0_APP_MAY26_IOS_MST _V2 [iOS]",120243710427300003,WIN_APB_TOF_1865_IPS_BOOK0_V1,120243710469920003,"C2B_STC_APP_BOOK0_T1 - Copy",120243710773800003,2026-05-13,"Explore home",iphone,instagram,iphone,,,,2026-05-08,Ongoing,"1-day click",,,,,,,,,,,,,,,,,,,,,,1,,,,,,,,,,,,,,,,,,,,,,,,,2026-05-13,2026-05-13
"BOOK0_APP_MAY26_IOS_MST _V2 [iOS]",120243710427300003,WIN_APB_TOF_1865_IPS_BOOK0_V1,120243710469920003,"C2B_STC_APP_BOOK0_T1 - Copy",120243710773800003,2026-05-13,Feed,iphone,instagram,0,,,,2026-05-08,Ongoing,"1-day click",,,,,,,,,,,,,,,,,,,,,,,,,,,,,,,2,,,,,,,,,,,,,,,,2026-05-13,2026-05-13
"BOOK0_APP_MAY26_IOS_MST _V2 [iOS]",120243710427300003,WIN_APB_TOF_1865_IPS_BOOK0_V1,120243710469920003,"C2B_STC_APP_BOOK0_T1 - Copy",120243710773800003,2026-05-13,Feed,iphone,instagram,other,,,,2026-05-08,Ongoing,"1-day click",,,,,,,,,,,,,,,,,,,,,,,,,,,,,,,,,,,,,2,,,,,1,,,,,2026-05-13,2026-05-13
"BOOK0_APP_MAY26_IOS_MST _V2 [iOS]",120243710427300003,WIN_APB_TOF_1865_IPS_BOOK0_V1,120243710469920003,"C2B_STC_APP_BOOK0_T1 - Copy",120243710773800003,2026-05-13,Feed,iphone,instagram,iphone,,,,2026-05-08,Ongoing,"1-day click",,,,,,,,,,,,,,,,,,,,,,12,,,,,,,,,,,,,,,,,,,,,,,,,2026-05-13,2026-05-13
"BOOK0_APP_MAY26_IOS_MST _V2 [iOS]",120243710427300003,WIN_APB_TOF_1865_IPS_BOOK0_V1,120243710469920003,"C2B_STC_APP_BOOK0_T1 - Copy",120243710773800003,2026-05-13,"Native, banner & interstitial",iphone,audience_network,iphone,,,,2026-05-08,Ongoing,"1-day click",,,,,,,,,,,,,,,,,,,,,,20,,,,,,,,,,,,,,,,,,,,,,,,,2026-05-13,2026-05-13
"BOOK0_APP_MAY26_IOS_MST _V2 [iOS]",120243710427300003,WIN_APB_TOF_1865_IPS_BOOK0_V1,120243710469920003,"C2B_STC_APP_BOOK0_T1 - Copy",120243710773800003,2026-05-13,"Facebook Reels",ipad,facebook,ipad,,,,2026-05-08,Ongoing,"1-day click",,,,,,,,,,,,,,,,,,,,,,2,,,,,,,,,,,,,,,,,,,,,,,,,2026-05-13,2026-05-13
"BOOK0_APP_MAY26_IOS_MST _V2 [iOS]",120243710427300003,WIN_APB_TOF_1865_IPS_BOOK0_V1,120243710469920003,"C2B_STC_APP_BOOK0_T1 - Copy",120243710773800003,2026-05-13,Feed,iphone,facebook,iphone,,,,2026-05-08,Ongoing,"1-day click",,,,,,,,,,,,,,,,,,,,,,24,,,,,,,,,,,,,,,,,,,,,,,,,2026-05-13,2026-05-13
"BOOK0_APP_MAY26_IOS_MST _V2 [iOS]",120243710427300003,WIN_APB_TOF_1865_IPS_BOOK0_V1,120243710469920003,"C2B_STC_APP_BOOK0_T1 - Copy",120243710773800003,2026-05-13,"Facebook Reels",iphone,facebook,iphone,,,,2026-05-08,Ongoing,"1-day click",,,,,,,,,,,,,,,,,,,,,,13,,,,,,,,,,,,,,,,,,,,,,,,,2026-05-13,2026-05-13
"BOOK0_APP_MAY26_IOS_MST _V2 [iOS]",120243710427300003,WIN_APB_TOF_1865_IPS_BOOK0_V1,120243710469920003,"C2B_STC_APP_BOOK0_T1 - Copy",120243710773800003,2026-05-13,"In-stream reels",iphone,facebook,iphone,,,,2026-05-08,Ongoing,"1-day click",,,,,,,,,,,,,,,,,,,,,,2,,,,,,,,,,,,,,,,,,,,,,,,,2026-05-13,2026-05-13
"BOOK0_APP_MAY26_IOS_MST _V2 [iOS]",120243710427300003,WIN_APB_TOF_1865_IPS_BOOK0_V1,120243710469920003,"C2B_STC_APP_BOOK0_T1 - Copy",120243710773800003,2026-05-13,"Threads feed",iphone,threads,iphone,,,,2026-05-08,Ongoing,"1-day click",,,,,,,,,,,,,,,,,,,,,,4,,,,,,,,,,,,,,,,,,,,,,,,,2026-05-13,2026-05-13
"BOOK0_APP_MAY26_IOS_MST _V2 [iOS]",120243710427300003,WIN_APB_TOF_1865_IPS_BOOK0_V1,120243710469920003,"C2B_STC_APP_BOOK0_T1 - Copy",120243710773800003,2026-05-13,"Threads feed",ipad,threads,ipad,,,,2026-05-08,Ongoing,"1-day click",,,,,,,,,,,,,,,,,,,,,,3,,,,,,,,,,,,,,,,,,,,,,,,,2026-05-13,2026-05-13
"BOOK0_APP_MAY26_IOS_MST _V2 [iOS]",120243710427300003,WIN_APB_TOF_1865_IPS_BOOK0_V1,120243710469920003,"C2B_STC_APP_BOOK0_T1 - Copy",120243710773800003,2026-05-13,Feed,ipad,facebook,ipad,,,,2026-05-08,Ongoing,"1-day click",,,,,,,,,,,,,,,,,,,,,,2,,,,,,,,,,,,,,,,,,,,,,,,,2026-05-13,2026-05-13
"BOOK0_APP_MAY26_IOS_MST _V2 [iOS]",120243710427300003,WIN_APB_TOF_1865_IPS_BOOK0_V1,120243710469920003,"C2B_STC_APP_BOOK0_T1 - Copy",120243710773800003,2026-05-13,"Native, banner & interstitial",ipad,audience_network,ipad,,,,2026-05-08,Ongoing,"1-day click",,,,,,,,,,,,,,,,,,,,,,2,,,,,,,,,,,,,,,,,,,,,,,,,2026-05-13,2026-05-13
"BOOK0_APP_MAY26_IOS_MST _V2 [iOS]",120243710427300003,WIN_APB_TOF_1865_IPS_BOOK0_V1,120243710469920003,"C2B_STC_APP_BOOK0_T1 - Copy",120243710773800003,2026-05-13,"Instagram Reels",iphone,instagram,iphone,,,,2026-05-08,Ongoing,"1-day click",,,,,,,,,,,,,,,,,,,,,,,,,,,,,,,,,,,,,,,,,,,,,,,2026-05-13,2026-05-13
"BOOK0_APP_MAY26_IOS_MST _V2 [iOS]",120243710427300003,WIN_APB_TOF_1865_IPS_BOOK0_V1,120243710469920003,"C2B_STC_APP_BOOK0_T1 - Copy",120243710773800003,2026-05-15,"Native, banner & interstitial",ipad,audience_network,ipad,,,,2026-05-08,Ongoing,"1-day click",,,,,,,,,,,,,,,,,,,,,,1,,,,,,,,,,,,,,,,,,,,,,,,,2026-05-15,2026-05-15
"BOOK0_APP_MAY26_IOS_MST _V2 [iOS]",120243710427300003,WIN_APB_TOF_1865_IPS_BOOK0_V1,120243710469920003,"C1B_STC_APP_BOOK0_T1 - Copy",120243710773740003,2026-05-08,"Ads on Facebook Reels",iphone,facebook,iphone,,,,2026-05-08,Ongoing,"1-day click",,,,,,,,,,,,,,,,,,,,,,2,,,,,,,,,,,,,,,,,,,,,,,,,2026-05-08,2026-05-08
"BOOK0_APP_MAY26_IOS_MST _V2 [iOS]",120243710427300003,WIN_APB_TOF_1865_IPS_BOOK0_V1,120243710469920003,"C2B_STC_APP_BOOK0_T1 - Copy",120243710773800003,2026-05-11,"Facebook profile feed",iphone,facebook,iphone,,,,2026-05-08,Ongoing,"1-day click",,,,,,,,,,,,,,,,,,,,,,1,,,,,,,,,,,,,,,,,,,,,,,,,2026-05-11,2026-05-11
"BOOK0_APP_MAY26_IOS_MST _V2 [iOS]",120243710427300003,WIN_APB_TOF_1865_IPS_BOOK0_V1,120243710469920003,"C2B_STC_APP_BOOK0_T1 - Copy",120243710773800003,2026-05-16,"Native, banner & interstitial",iphone,audience_network,iphone,,,,2026-05-08,Ongoing,"1-day click",,,,,,,,,,,,,,,,,,,,,,6,,,,,,,,,,,,,,,,,,,,,,,,,2026-05-16,2026-05-16
"BOOK0_APP_MAY26_IOS_MST _V2 [iOS]",120243710427300003,WIN_APB_TOF_1865_IPS_BOOK0_V1,120243710469920003,"C2B_STC_APP_BOOK0_T1 - Copy",120243710773800003,2026-05-16,Feed,iphone,facebook,iphone,,,,2026-05-08,Ongoing,"1-day click",,,,,,,,,,,,,,,,,,,,,,21,,,,,,,,,,,,,,,,,,,,,,,,,2026-05-16,2026-05-16
"BOOK0_APP_MAY26_IOS_MST _V2 [iOS]",120243710427300003,WIN_APB_TOF_1865_IPS_BOOK0_V1,120243710469920003,"C2B_STC_APP_BOOK0_T1 - Copy",120243710773800003,2026-05-16,Feed,iphone,instagram,iphone,,,,2026-05-08,Ongoing,"1-day click",,,,,,,,,,,,,,,,,,,,,,6,,,,,,,,,,,,,,,,,,,,,,,,,2026-05-16,2026-05-16
"BOOK0_APP_MAY26_IOS_MST _V2 [iOS]",120243710427300003,WIN_APB_TOF_1865_IPS_BOOK0_V1,120243710469920003,"C3D_STC_APP_BOOK0_T1 - Copy",120243710773860003,2026-05-10,"Threads feed",iphone,threads,iphone,,,,2026-05-08,Ongoing,"1-day click",,,,,,,,,,,,,,,,,,,,,,1,,,,,,,,,,,,,,,,,,,,,,,,,2026-05-10,2026-05-10
"BOOK0_APP_MAY26_IOS_MST _V2 [iOS]",120243710427300003,WIN_APB_TOF_1865_IPS_BOOK0_V1,120243710469920003,"C3D_STC_APP_BOOK0_T1 - Copy",120243710773860003,2026-05-11,"Facebook Reels",iphone,facebook,iphone,,,,2026-05-08,Ongoing,"1-day click",,,,,,,,,,,,,,,,,,,,,,1,,,,,,,,,,,,,,,,,,,,,,,,,2026-05-11,2026-05-11
"BOOK0_APP_MAY26_IOS_MST _V2 [iOS]",120243710427300003,WIN_APB_TOF_1865_IPS_BOOK0_V1,120243710469920003,"C3D_STC_APP_BOOK0_T1 - Copy",120243710773860003,2026-05-10,"Facebook Reels",iphone,facebook,iphone,,,,2026-05-08,Ongoing,"1-day click",,,,,,,,,,,,,,,,,,,,,,1,,,,,,,,,,,,,,,,,,,,,,,,,2026-05-10,2026-05-10
"BOOK0_APP_MAY26_IOS_MST _V2 [iOS]",120243710427300003,WIN_APB_TOF_1865_IPS_BOOK0_V1,120243710469920003,"C2B_STC_APP_BOOK0_T1 - Copy",120243710773800003,2026-05-16,"Instagram Reels",iphone,instagram,iphone,,,,2026-05-08,Ongoing,"1-day click",,,,,,,,,,,,,,,,,,,,,,5,,,,,,,,,,,,,,,,,,,,,,,,,2026-05-16,2026-05-16
"BOOK0_APP_MAY26_IOS_MST _V2 [iOS]",120243710427300003,WIN_APB_TOF_1865_IPS_BOOK0_V1,120243710469920003,"C2B_STC_APP_BOOK0_T1 - Copy",120243710773800003,2026-05-16,"Facebook Reels",iphone,facebook,iphone,,,,2026-05-08,Ongoing,"1-day click",,,,,,,,,,,,,,,,,,,,,,9,,,,,,,,,,,,,,,,,,,,,,,,,2026-05-16,2026-05-16
"BOOK0_APP_MAY26_IOS_MST _V2 [iOS]",120243710427300003,WIN_APB_TOF_1865_IPS_BOOK0_V1,120243710469920003,"C2B_STC_APP_BOOK0_T1 - Copy",120243710773800003,2026-05-10,"Instagram Stories",iphone,instagram,iphone,,,,2026-05-08,Ongoing,"1-day click",,,,,,,,,,,,,,,,,,,,,,1,,,,,,,,,,,,,,,,,,,,,,,,,2026-05-10,2026-05-10
"BOOK0_APP_MAY26_IOS_MST _V2 [iOS]",120243710427300003,WIN_APB_TOF_1865_IPS_BOOK0_V1,120243710469920003,"C3D_STC_APP_BOOK0_T1 - Copy",120243710773860003,2026-05-11,"Instagram Reels",iphone,instagram,iphone,,,,2026-05-08,Ongoing,"1-day click",,,,,,,,,,,,,,,,,,,,,,1,,,,,,,,,,,,,,,,,,,,,,,,,2026-05-11,2026-05-11
"BOOK0_APP_MAY26_IOS_MST _V2 [iOS]",120243710427300003,WIN_APB_TOF_1865_IPS_BOOK0_V1,120243710469920003,"C2B_STC_APP_BOOK0_T1 - Copy",120243710773800003,2026-05-16,"Native, banner & interstitial",ipad,audience_network,ipad,,,,2026-05-08,Ongoing,"1-day click",,,,,,,,,,,,,,,,,,,,,,2,,,,,,,,,,,,,,,,,,,,,,,,,2026-05-16,2026-05-16
"BOOK0_APP_MAY26_IOS_MST _V2 [iOS]",120243710427300003,WIN_APB_TOF_1865_IPS_BOOK0_V1,120243710469920003,"C2B_STC_APP_BOOK0_T1 - Copy",120243710773800003,2026-05-16,"Facebook profile feed",iphone,facebook,iphone,,,,2026-05-08,Ongoing,"1-day click",,,,,,,,,,,,,,,,,,,,,,1,,,,,,,,,,,,,,,,,,,,,,,,,2026-05-16,2026-05-16
"BOOK0_APP_MAY26_IOS_MST _V2 [iOS]",120243710427300003,WIN_APB_TOF_1865_IPS_BOOK0_V1,120243710469920003,"C2B_STC_APP_BOOK0_T1 - Copy",120243710773800003,2026-05-16,"Ads on Facebook Reels",iphone,facebook,iphone,,,,2026-05-08,Ongoing,"1-day click",,,,,,,,,,,,,,,,,,,,,,1,,,,,,,,,,,,,,,,,,,,,,,,,2026-05-16,2026-05-16
"BOOK0_APP_MAY26_IOS_MST _V2 [iOS]",120243710427300003,WIN_APB_TOF_1865_IPS_BOOK0_V1,120243710469920003,"C2B_STC_APP_BOOK0_T1 - Copy",120243710773800003,2026-05-16,Feed,ipad,instagram,ipad,,,,2026-05-08,Ongoing,"1-day click",,,,,,,,,,,,,,,,,,,,,,1,,,,,,,,,,,,,,,,,,,,,,,,,2026-05-16,2026-05-16
"BOOK0_APP_MAY26_IOS_MST _V2 [iOS]",120243710427300003,WIN_APB_TOF_1865_IPS_BOOK0_V1,120243710469920003,"C4D_STC_APP_BOOK0_T1 - Copy",120243710773880003,2026-05-11,"Facebook Reels",iphone,facebook,iphone,,,,2026-05-08,Ongoing,"1-day click",,,,,,,,,,,,,,,,,,,,,,1,,,,,,,,,,,,,,,,,,,,,,,,,2026-05-11,2026-05-11
"BOOK0_APP_MAY26_IOS_MST _V2 [iOS]",120243710427300003,WIN_APB_TOF_1865_IPS_BOOK0_V1,120243710469920003,"C4B_STC_APP_BOOK0_T1 - Copy",120243710773720003,2026-05-11,"In-stream reels",iphone,facebook,iphone,,,,2026-05-08,Ongoing,"1-day click",,,,,,,,,,,,,,,,,,,,,,1,,,,,,,,,,,,,,,,,,,,,,,,,2026-05-11,2026-05-11
"BOOK0_APP_MAY26_IOS_MST _V2 [iOS]",120243710427300003,WIN_APB_TOF_1865_IPS_BOOK0_V1,120243710469920003,"C2B_STC_APP_BOOK0_T1 - Copy",120243710773800003,2026-05-10,"Threads feed",iphone,threads,iphone,,,,2026-05-08,Ongoing,"1-day click",,,,,,,,,,,,,,,,,,,,,,2,,,,,,,,,,,,,,,,,,,,,,,,,2026-05-10,2026-05-10
"BOOK0_APP_MAY26_IOS_MST _V2 [iOS]",120243710427300003,WIN_APB_TOF_1865_IPS_BOOK0_V1,120243710469920003,"C3D_STC_APP_BOOK0_T1 - Copy",120243710773860003,2026-05-10,"Facebook Notifications",iphone,facebook,iphone,,,,2026-05-08,Ongoing,"1-day click",,,,,,,,,,,,,,,,,,,,,,1,,,,,,,,,,,,,,,,,,,,,,,,,2026-05-10,2026-05-10
"BOOK0_APP_MAY26_IOS_MST _V2 [iOS]",120243710427300003,WIN_APB_TOF_1865_IPS_BOOK0_V1,120243710469920003,"C2B_STC_APP_BOOK0_T1 - Copy",120243710773800003,2026-05-16,"Facebook Reels",ipad,facebook,ipad,,,,2026-05-08,Ongoing,"1-day click",,,,,,,,,,,,,,,,,,,,,,1,,,,,,,,,,,,,,,,,,,,,,,,,2026-05-16,2026-05-16
"BOOK0_APP_MAY26_IOS_MST _V2 [iOS]",120243710427300003,WIN_APB_TOF_1865_IPS_BOOK0_V1,120243710469920003,"C3D_STC_APP_BOOK0_T1 - Copy",120243710773860003,2026-05-11,Feed,iphone,instagram,iphone,,,,2026-05-08,Ongoing,"1-day click",,,,,,,,,,,,,,,,,,,,,,1,,,,,,,,,,,,,,,,,,,,,,,,,2026-05-11,2026-05-11
"BOOK0_APP_MAY26_IOS_MST _V2 [iOS]",120243710427300003,WIN_APB_TOF_1865_IPS_BOOK0_V1,120243710469920003,"C4C_STC_APP_BOOK0_T1 - Copy",120243710773810003,2026-05-10,Feed,iphone,facebook,iphone,,,,2026-05-08,Ongoing,"1-day click",,,,,,,,,,,,,,,,,,,,,,1,,,,,,,,,,,,,,,,,,,,,,,,,2026-05-10,2026-05-10
"BOOK0_APP_MAY26_IOS_MST _V2 [iOS]",120243710427300003,WIN_APB_TOF_1865_IPS_BOOK0_V1,120243710469920003,"C2B_STC_APP_BOOK0_T1 - Copy",120243710773800003,2026-05-16,"Instagram Reels",ipad,instagram,ipad,,,,2026-05-08,Ongoing,"1-day click",,,,,,,,,,,,,,,,,,,,,,2,,,,,,,,,,,,,,,,,,,,,,,,,2026-05-16,2026-05-16
"BOOK0_APP_MAY26_IOS_MST _V2 [iOS]",120243710427300003,WIN_APB_TOF_1865_IPS_BOOK0_V1,120243710469920003,"C2B_STC_APP_BOOK0_T1 - Copy",120243710773800003,2026-05-16,"Facebook Stories",iphone,facebook,iphone,,,,2026-05-08,Ongoing,"1-day click",,,,,,,,,,,,,,,,,,,,,,2,,,,,,,,,,,,,,,,,,,,,,,,,2026-05-16,2026-05-16
"BOOK0_APP_MAY26_IOS_MST _V2 [iOS]",120243710427300003,WIN_APB_TOF_1865_IPS_BOOK0_V1,120243710469920003,"C2B_STC_APP_BOOK0_T1 - Copy",120243710773800003,2026-05-16,"Threads feed",iphone,threads,iphone,,,,2026-05-08,Ongoing,"1-day click",,,,,,,,,,,,,,,,,,,,,,1,,,,,,,,,,,,,,,,,,,,,,,,,2026-05-16,2026-05-16
"BOOK0_APP_MAY26_IOS_MST _V2 [iOS]",120243710427300003,WIN_APB_TOF_1865_IPS_BOOK0_V1,120243710469920003,"C2B_STC_APP_BOOK0_T1 - Copy",120243710773800003,2026-05-16,Feed,ipad,facebook,ipad,,,,2026-05-08,Ongoing,"1-day click",,,,,,,,,,,,,,,,,,,,,,2,,,,,,,,,,,,,,,,,,,,,,,,,2026-05-16,2026-05-16
"BOOK0_APP_MAY26_IOS_MST _V2 [iOS]",120243710427300003,WIN_APB_TOF_1865_IPS_BOOK0_V1,120243710469920003,"C2B_STC_APP_BOOK0_T1 - Copy",120243710773800003,2026-05-10,"Facebook Reels",ipad,facebook,ipad,,,,2026-05-08,Ongoing,"1-day click",,,,,,,,,,,,,,,,,,,,,,1,,,,,,,,,,,,,,,,,,,,,,,,,2026-05-10,2026-05-10
"BOOK0_APP_MAY26_IOS_MST _V2 [iOS]",120243710427300003,WIN_APB_TOF_1865_IPS_BOOK0_V1,120243710469920003,"C2B_STC_APP_BOOK0_T1 - Copy",120243710773800003,2026-05-10,"Native, banner & interstitial",iphone,audience_network,iphone,,,,2026-05-08,Ongoing,"1-day click",,,,,,,,,,,,,,,,,,,,,,3,,,,,,,,,,,,,,,,,,,,,,,,,2026-05-10,2026-05-10
"BOOK0_APP_MAY26_IOS_MST _V2 [iOS]",120243710427300003,WIN_APB_TOF_1865_IPS_BOOK0_V1,120243710469920003,"C2B_STC_APP_BOOK0_T1 - Copy",120243710773800003,2026-05-10,Feed,iphone,instagram,iphone,,,,2026-05-08,Ongoing,"1-day click",,,,,,,,,,,,,,,,,,,,,,5,,,,,,,,,,,,,,,,,,,,,,,,,2026-05-10,2026-05-10
"BOOK0_APP_MAY26_IOS_MST _V2 [iOS]",120243710427300003,WIN_APB_TOF_1865_IPS_BOOK0_V1,120243710469920003,"C2B_STC_APP_BOOK0_T1 - Copy",120243710773800003,2026-05-10,Feed,ipad,facebook,ipad,,,,2026-05-08,Ongoing,"1-day click",,,,,,,,,,,,,,,,,,,,,,7,,,,,,,,,,,,,,,,,,,,,,,,,2026-05-10,2026-05-10
"BOOK0_APP_MAY26_IOS_MST _V2 [iOS]",120243710427300003,WIN_APB_TOF_1865_IPS_BOOK0_V1,120243710469920003,"C2B_STC_APP_BOOK0_T1 - Copy",120243710773800003,2026-05-10,"Facebook Reels",iphone,facebook,iphone,,,,2026-05-08,Ongoing,"1-day click",,,,,,,,,,,,,,,,,,,,,,16,,,,,,,,,,,,,,,,,,,,,,,,,2026-05-10,2026-05-10
"BOOK0_APP_MAY26_IOS_MST _V2 [iOS]",120243710427300003,WIN_APB_TOF_1865_IPS_BOOK0_V1,120243710469920003,"C2B_STC_APP_BOOK0_T1 - Copy",120243710773800003,2026-05-10,Feed,iphone,facebook,iphone,,,,2026-05-08,Ongoing,"1-day click",,,,,,,,,,,,,,,,,,,,,,29,,,,,,,,,,,,,,,,,,,,,,,,,2026-05-10,2026-05-10
"BOOK0_APP_MAY26_IOS_MST _V2 [iOS]",120243710427300003,WIN_APB_TOF_1865_IPS_BOOK0_V1,120243710469920003,"C2B_STC_APP_BOOK0_T1 - Copy",120243710773800003,2026-05-10,Marketplace,iphone,facebook,iphone,,,,2026-05-08,Ongoing,"1-day click",,,,,,,,,,,,,,,,,,,,,,1,,,,,,,,,,,,,,,,,,,,,,,,,2026-05-10,2026-05-10
"BOOK0_APP_MAY26_IOS_MST _V2 [iOS]",120243710427300003,WIN_APB_TOF_1865_IPS_BOOK0_V1,120243710469920003,"C2B_STC_APP_BOOK0_T1 - Copy",120243710773800003,2026-05-10,"Instagram Reels",iphone,instagram,iphone,,,,2026-05-08,Ongoing,"1-day click",,,,,,,,,,,,,,,,,,,,,,3,,,,,,,,,,,,,,,,,,,,,,,,,2026-05-10,2026-05-10
"BOOK0_APP_MAY26_IOS_MST _V2 [iOS]",120243710427300003,WIN_APB_TOF_1865_IPS_BOOK0_V1,120243710469920003,"C3D_STC_APP_BOOK0_T1 - Copy",120243710773860003,2026-05-10,"Ads on Facebook Reels",iphone,facebook,iphone,,,,2026-05-08,Ongoing,"1-day click",,,,,,,,,,,,,,,,,,,,,,1,,,,,,,,,,,,,,,,,,,,,,,,,2026-05-10,2026-05-10
"BOOK0_APP_MAY26_IOS_MST _V2 [iOS]",120243710427300003,WIN_APB_TOF_1865_IPS_BOOK0_V1,120243710469920003,"C3D_STC_APP_BOOK0_T1 - Copy",120243710773860003,2026-05-11,Feed,iphone,instagram,other,,,,2026-05-08,Ongoing,"1-day click",,,,,,,,,,,,,,,,,,,,,,,,,,,,,,,,,,1,,,,,1,,1,,,,,,2026-05-11,2026-05-11
"BOOK0_APP_MAY26_IOS_MST _V2 [iOS]",120243710427300003,WIN_APB_TOF_1865_IPS_BOOK0_V1,120243710469920003,"C4B_STC_APP_BOOK0_T1 - Copy",120243710773720003,2026-05-16,"Native, banner & interstitial",iphone,audience_network,iphone,,,,2026-05-08,Ongoing,"1-day click",,,,,,,,,,,,,,,,,,,,,,1,,,,,,,,,,,,,,,,,,,,,,,,,2026-05-16,2026-05-16
"BOOK0_APP_MAY26_IOS_MST _V2 [iOS]",120243710427300003,WIN_APB_TOF_1865_IPS_BOOK0_V1,120243710469920003,"C4D_STC_APP_BOOK0_T1 - Copy",120243710773880003,2026-05-11,Feed,iphone,instagram,iphone,,,,2026-05-08,Ongoing,"1-day click",,,,,,,,,,,,,,,,,,,,,,5,,,,,,,,,,,,,,,,,,,,,,,,,2026-05-11,2026-05-11
"BOOK0_APP_MAY26_IOS_MST _V2 [iOS]",120243710427300003,WIN_APB_TOF_1865_IPS_BOOK0_V1,120243710469920003,"C4D_STC_APP_BOOK0_T1 - Copy",120243710773880003,2026-05-11,Feed,iphone,facebook,iphone,,,,2026-05-08,Ongoing,"1-day click",,,,,,,,,,,,,,,,,,,,,,1,,,,,,,,,,,,,,,,,,,,,,,,,2026-05-11,2026-05-11
"BOOK0_APP_MAY26_IOS_MST _V2 [iOS]",120243710427300003,WIN_APB_TOF_1865_IPS_BOOK0_V1,120243710469920003,"C4D_STC_APP_BOOK0_T1 - Copy",120243710773880003,2026-05-11,"Native, banner & interstitial",iphone,audience_network,iphone,,,,2026-05-08,Ongoing,"1-day click",,,,,,,,,,,,,,,,,,,,,,1,,,,,,,,,,,,,,,,,,,,,,,,,2026-05-11,2026-05-11
"BOOK0_APP_MAY26_IOS_MST _V2 [iOS]",120243710427300003,WIN_APB_TOF_1865_IPS_BOOK0_V1,120243710469920003,"C4D_STC_APP_BOOK0_T1 - Copy",120243710773880003,2026-05-11,"Instagram Reels",iphone,instagram,iphone,,,,2026-05-08,Ongoing,"1-day click",,,,,,,,,,,,,,,,,,,,,,1,,,,,,,,,,,,,,,,,,,,,,,,,2026-05-11,2026-05-11
"BOOK0_APP_MAY26_IOS_MST _V2 [iOS]",120243710427300003,WIN_APB_TOF_1865_IPS_BOOK0_V1,120243710469920003,"C4B_STC_APP_BOOK0_T1 - Copy",120243710773720003,2026-05-16,Feed,iphone,instagram,iphone,,,,2026-05-08,Ongoing,"1-day click",,,,,,,,,,,,,,,,,,,,,,1,,,,,,,,,,,,,,,,,,,,,,,,,2026-05-16,2026-05-16
"BOOK0_APP_MAY26_IOS_MST _V1 [iOS]",120243244936220003,C1_APB_TOP_1865_IOS_BOOK0_V1,120243244936240003,C1B_STC_APP_BOOK0_T1,120243248491620003,2026-05-07,"Facebook Reels",iphone,facebook,iphone,,,,2026-05-02,Ongoing,"1-day click",,,,,,,,,,,,,,,,,,,,,,2,,,,,,,,,,,,,,,,,,,,,,,,,2026-05-07,2026-05-07
"BOOK0_APP_MAY26_IOS_MST _V1 [iOS]",120243244936220003,C4_APB_TOP_1865_IOS_BOOK0_V1,120243250336940003,C4B_STC_APP_BOOK0_T1,120243254329860003,2026-05-02,Feed,iphone,facebook,iphone,,,,2026-05-02,Ongoing,"1-day click",,,,,,,,,,,,,,,,,,,,,,1,,,,,,,,,,,,,,,,,,,,,,,,,2026-05-02,2026-05-02
"BOOK0_APP_MAY26_IOS_MST _V1 [iOS]",120243244936220003,C2_APB_TOP_1865_IOS_BOOK0_V1,120243250336950003,C2B_STC_APP_BOOK0_T1,120243250337010003,2026-05-08,Feed,iphone,facebook,iphone,,,,2026-05-02,Ongoing,"1-day click",,,,,,,,,,,,,,,,,,,,,,2,,,,,,,,,,,,,,,,,,,,,,,,,2026-05-08,2026-05-08
"BOOK0_APP_MAY26_IOS_MST _V1 [iOS]",120243244936220003,C2_APB_TOP_1865_IOS_BOOK0_V1,120243250336950003,C2B_STC_APP_BOOK0_T1,120243250337010003,2026-05-08,"Threads feed",iphone,threads,iphone,,,,2026-05-02,Ongoing,"1-day click",,,,,,,,,,,,,,,,,,,,,,1,,,,,,,,,,,,,,,,,,,,,,,,,2026-05-08,2026-05-08
"BOOK0_APP_MAY26_IOS_MST _V1 [iOS]",120243244936220003,C4_APB_TOP_1865_IOS_BOOK0_V1,120243250336940003,C4C_STC_APP_BOOK0_T1,120243250336990003,2026-05-02,"Facebook Reels",iphone,facebook,iphone,,,,2026-05-02,Ongoing,"1-day click",,,,,,,,,,,,,,,,,,,,,,1,,,,,,,,,,,,,,,,,,,,,,,,,2026-05-02,2026-05-02
"BOOK0_APP_MAY26_IOS_MST _V1 [iOS]",120243244936220003,C4_APB_TOP_1865_IOS_BOOK0_V1,120243250336940003,C4C_STC_APP_BOOK0_T1,120243250336990003,2026-05-02,Feed,iphone,facebook,iphone,,,,2026-05-02,Ongoing,"1-day click",,,,,,,,,,,,,,,,,,,,,,2,,,,,,,,,,,,,,,,,,,,,,,,,2026-05-02,2026-05-02
"BOOK0_APP_MAY26_IOS_MST _V1 [iOS]",120243244936220003,C2_APB_TOP_1865_IOS_BOOK0_V1,120243250336950003,C2B_STC_APP_BOOK0_T1,120243250337010003,2026-05-08,"Facebook Reels",iphone,facebook,iphone,,,,2026-05-02,Ongoing,"1-day click",,,,,,,,,,,,,,,,,,,,,,2,,,,,,,,,,,,,,,,,,,,,,,,,2026-05-08,2026-05-08
"BOOK0_APP_MAY26_IOS_MST _V1 [iOS]",120243244936220003,C4_APB_TOP_1865_IOS_BOOK0_V1,120243250336940003,C4C_STC_APP_BOOK0_T1,120243250336990003,2026-05-02,"Threads feed",iphone,threads,iphone,,,,2026-05-02,Ongoing,"1-day click",,,,,,,,,,,,,,,,,,,,,,1,,,,,,,,,,,,,,,,,,,,,,,,,2026-05-02,2026-05-02
"BOOK0_APP_MAY26_IOS_MST _V1 [iOS]",120243244936220003,C4_APB_TOP_1865_IOS_BOOK0_V1,120243250336940003,C4C_STC_APP_BOOK0_T1,120243250336990003,2026-05-02,Feed,iphone,instagram,iphone,,,,2026-05-02,Ongoing,"1-day click",,,,,,,,,,,,,,,,,,,,,,3,,,,,,,,,,,,,,,,,,,,,,,,,2026-05-02,2026-05-02
"BOOK0_APP_MAY26_IOS_MST _V1 [iOS]",120243244936220003,C1_APB_TOP_1865_IOS_BOOK0_V1,120243244936240003,C1B_STC_APP_BOOK0_T1,120243248491620003,2026-05-02,Feed,iphone,instagram,iphone,,,,2026-05-02,Ongoing,"1-day click",,,,,,,,,,,,,,,,,,,,,,2,,,,,,,,,,,,,,,,,,,,,,,,,2026-05-02,2026-05-02
"BOOK0_APP_MAY26_IOS_MST _V1 [iOS]",120243244936220003,C2_APB_TOP_1865_IOS_BOOK0_V1,120243250336950003,C2B_STC_APP_BOOK0_T1,120243250337010003,2026-05-08,Feed,iphone,instagram,iphone,,,,2026-05-02,Ongoing,"1-day click",,,,,,,,,,,,,,,,,,,,,,1,,,,,,,,,,,,,,,,,,,,,,,,,2026-05-08,2026-05-08
"BOOK0_APP_MAY26_IOS_MST _V1 [iOS]",120243244936220003,C3_APB_TOP_1865_IOS_BOOK0_V1,120243248616080003,C3D_STC_APP_BOOK0_T1,120243248616090003,2026-05-05,"Instagram Reels",iphone,instagram,iphone,,,,2026-05-02,Ongoing,"1-day click",,,,,,,,,,,,,,,,,,,,,,2,,,,,,,,,,,,,,,,,,,,,,,,,2026-05-05,2026-05-05
"BOOK0_APP_MAY26_IOS_MST _V1 [iOS]",120243244936220003,C3_APB_TOP_1865_IOS_BOOK0_V1,120243248616080003,C3D_STC_APP_BOOK0_T1,120243248616090003,2026-05-05,"Threads feed",iphone,threads,iphone,,,,2026-05-02,Ongoing,"1-day click",,,,,,,,,,,,,,,,,,,,,,,,,,,,,,,,,,,,,,,,,,,,,,,2026-05-05,2026-05-05
"BOOK0_APP_MAY26_IOS_MST _V1 [iOS]",120243244936220003,C3_APB_TOP_1865_IOS_BOOK0_V1,120243248616080003,C3D_STC_APP_BOOK0_T1,120243248616090003,2026-05-05,"Instagram Stories",iphone,instagram,iphone,,,,2026-05-02,Ongoing,"1-day click",,,,,,,,,,,,,,,,,,,,,,1,,,,,,,,,,,,,,,,,,,,,,,,,2026-05-05,2026-05-05
"BOOK0_APP_MAY26_IOS_MST _V1 [iOS]",120243244936220003,C3_APB_TOP_1865_IOS_BOOK0_V1,120243248616080003,C3D_STC_APP_BOOK0_T1,120243248616090003,2026-05-05,Feed,iphone,facebook,iphone,,,,2026-05-02,Ongoing,"1-day click",,,,,,,,,,,,,,,,,,,,,,1,,,,,,,,,,,,,,,,,,,,,,,,,2026-05-05,2026-05-05
"BOOK0_APP_MAY26_IOS_MST _V1 [iOS]",120243244936220003,C1_APB_TOP_1865_IOS_BOOK0_V1,120243244936240003,C1B_STC_APP_BOOK0_T1,120243248491620003,2026-05-02,"Instagram Reels",iphone,instagram,iphone,,,,2026-05-02,Ongoing,"1-day click",,,,,,,,,,,,,,,,,,,,,,1,,,,,,,,,,,,,,,,,,,,,,,,,2026-05-02,2026-05-02
"BOOK0_APP_MAY26_IOS_MST _V1 [iOS]",120243244936220003,C4_APB_TOP_1865_IOS_BOOK0_V1,120243250336940003,C4B_STC_APP_BOOK0_T1,120243254329860003,2026-05-02,Feed,iphone,instagram,iphone,,,,2026-05-02,Ongoing,"1-day click",,,,,,,,,,,,,,,,,,,,,,1,,,,,,,,,,,,,,,,,,,,,,,,,2026-05-02,2026-05-02
"BOOK0_APP_MAY26_IOS_MST _V1 [iOS]",120243244936220003,C2_APB_TOP_1865_IOS_BOOK0_V1,120243250336950003,C2D_STC_APP_BOOK0_T1,120243250337020003,2026-05-08,Feed,iphone,facebook,iphone,,,,2026-05-02,Ongoing,"1-day click",,,,,,,,,,,,,,,,,,,,,,1,,,,,,,,,,,,,,,,,,,,,,,,,2026-05-08,2026-05-08
"BOOK0_APP_MAY26_IOS_MST _V1 [iOS]",120243244936220003,C2_APB_TOP_1865_IOS_BOOK0_V1,120243250336950003,C2B_STC_APP_BOOK0_T1,120243250337010003,2026-05-07,"Instagram Reels",iphone,instagram,iphone,,,,2026-05-02,Ongoing,"1-day click",,,,,,,,,,,,,,,,,,,,,,1,,,,,,,,,,,,,,,,,,,,,,,,,2026-05-07,2026-05-07
"BOOK0_APP_MAY26_IOS_MST _V1 [iOS]",120243244936220003,C2_APB_TOP_1865_IOS_BOOK0_V1,120243250336950003,C2B_STC_APP_BOOK0_T1,120243250337010003,2026-05-07,Feed,iphone,instagram,iphone,,,,2026-05-02,Ongoing,"1-day click",,,,,,,,,,,,,,,,,,,,,,3,,,,,,,,,,,,,,,,,,,,,,,,,2026-05-07,2026-05-07
"BOOK0_APP_MAY26_IOS_MST _V1 [iOS]",120243244936220003,C2_APB_TOP_1865_IOS_BOOK0_V1,120243250336950003,C2B_STC_APP_BOOK0_T1,120243250337010003,2026-05-07,Feed,iphone,facebook,iphone,,,,2026-05-02,Ongoing,"1-day click",,,,,,,,,,,,,,,,,,,,,,3,,,,,,,,,,,,,,,,,,,,,,,,,2026-05-07,2026-05-07
"BOOK0_APP_MAY26_IOS_MST _V1 [iOS]",120243244936220003,C2_APB_TOP_1865_IOS_BOOK0_V1,120243250336950003,C2B_STC_APP_BOOK0_T1,120243250337010003,2026-05-07,"Facebook Reels",iphone,facebook,iphone,,,,2026-05-02,Ongoing,"1-day click",,,,,,,,,,,,,,,,,,,,,,4,,,,,,,,,,,,,,,,,,,,,,,,,2026-05-07,2026-05-07
"BOOK0_APP_MAY26_IOS_MST _V1 [iOS]",120243244936220003,C3_APB_TOP_1865_IOS_BOOK0_V1,120243248616080003,C3D_STC_APP_BOOK0_T1,120243248616090003,2026-05-05,"In-stream reels",iphone,facebook,iphone,,,,2026-05-02,Ongoing,"1-day click",,,,,,,,,,,,,,,,,,,,,,1,,,,,,,,,,,,,,,,,,,,,,,,,2026-05-05,2026-05-05
"BOOK0_APP_MAY26_IOS_MST _V1 [iOS]",120243244936220003,C3_APB_TOP_1865_IOS_BOOK0_V1,120243248616080003,C3D_STC_APP_BOOK0_T1,120243248616090003,2026-05-05,Feed,iphone,instagram,iphone,,,,2026-05-02,Ongoing,"1-day click",,,,,,,,,,,,,,,,,,,,,,,,,,,,,,,,,,,,,,,,,,,,,,,2026-05-05,2026-05-05
"BOOK0_APP_MAY26_IOS_MST _V1 [iOS]",120243244936220003,C1_APB_TOP_1865_IOS_BOOK0_V1,120243244936240003,C1B_STC_APP_BOOK0_T1,120243248491620003,2026-05-02,Feed,iphone,facebook,iphone,,,,2026-05-02,Ongoing,"1-day click",,,,,,,,,,,,,,,,,,,,,,3,,,,,,,,,,,,,,,,,,,,,,,,,2026-05-02,2026-05-02
"BOOK0_APP_MAY26_IOS_MST _V1 [iOS]",120243244936220003,C3_APB_TOP_1865_IOS_BOOK0_V1,120243248616080003,"C3B_STC_APP_BOOK0_T1 - Copy",120243254726810003,2026-05-02,"Facebook Reels",iphone,facebook,iphone,,,,2026-05-02,Ongoing,"1-day click",,,,,,,,,,,,,,,,,,,,,,2,,,,,,,,,,,,,,,,,,,,,,,,,2026-05-02,2026-05-02
"BOOK0_APP_MAY26_IOS_MST _V1 [iOS]",120243244936220003,C2_APB_TOP_1865_IOS_BOOK0_V1,120243250336950003,C2B_STC_APP_BOOK0_T1,120243250337010003,2026-05-07,Feed,ipad,facebook,ipad,,,,2026-05-02,Ongoing,"1-day click",,,,,,,,,,,,,,,,,,,,,,2,,,,,,,,,,,,,,,,,,,,,,,,,2026-05-07,2026-05-07
"BOOK0_APP_MAY26_IOS_MST _V1 [iOS]",120243244936220003,C2_APB_TOP_1865_IOS_BOOK0_V1,120243250336950003,C2B_STC_APP_BOOK0_T1,120243250337010003,2026-05-04,"Facebook Reels",iphone,facebook,iphone,,,,2026-05-02,Ongoing,"1-day click",,,,,,,,,,,,,,,,,,,,,,7,,,,,,,,,,,,,,,,,,,,,,,,,2026-05-04,2026-05-04
"BOOK0_APP_MAY26_IOS_MST _V1 [iOS]",120243244936220003,C4_APB_TOP_1865_IOS_BOOK0_V1,120243250336940003,C4D_STC_APP_BOOK0_T1,120243254329870003,2026-05-04,Feed,iphone,instagram,iphone,,,,2026-05-02,Ongoing,"1-day click",,,,,,,,,,,,,,,,,,,,,,1,,,,,,,,,,,,,,,,,,,,,,,,,2026-05-04,2026-05-04
"BOOK0_APP_MAY26_IOS_MST _V1 [iOS]",120243244936220003,C4_APB_TOP_1865_IOS_BOOK0_V1,120243250336940003,C4D_STC_APP_BOOK0_T1,120243254329870003,2026-05-04,"Instagram Stories",iphone,instagram,iphone,,,,2026-05-02,Ongoing,"1-day click",,,,,,,,,,,,,,,,,,,,,,1,,,,,,,,,,,,,,,,,,,,,,,,,2026-05-04,2026-05-04
"BOOK0_APP_MAY26_IOS_MST _V1 [iOS]",120243244936220003,C4_APB_TOP_1865_IOS_BOOK0_V1,120243250336940003,C4D_STC_APP_BOOK0_T1,120243254329870003,2026-05-04,Feed,iphone,facebook,iphone,,,,2026-05-02,Ongoing,"1-day click",,,,,,,,,,,,,,,,,,,,,,4,,,,,,,,,,,,,,,,,,,,,,,,,2026-05-04,2026-05-04
"BOOK0_APP_MAY26_IOS_MST _V1 [iOS]",120243244936220003,C4_APB_TOP_1865_IOS_BOOK0_V1,120243250336940003,C4D_STC_APP_BOOK0_T1,120243254329870003,2026-05-04,"Facebook Reels",iphone,facebook,iphone,,,,2026-05-02,Ongoing,"1-day click",,,,,,,,,,,,,,,,,,,,,,4,,,,,,,,,,,,,,,,,,,,,,,,,2026-05-04,2026-05-04
"BOOK0_APP_MAY26_IOS_MST _V1 [iOS]",120243244936220003,C4_APB_TOP_1865_IOS_BOOK0_V1,120243250336940003,C4D_STC_APP_BOOK0_T1,120243254329870003,2026-05-04,"Instagram Reels",iphone,instagram,iphone,,,,2026-05-02,Ongoing,"1-day click",,,,,,,,,,,,,,,,,,,,,,1,,,,,,,,,,,,,,,,,,,,,,,,,2026-05-04,2026-05-04
"BOOK0_APP_MAY26_IOS_MST _V1 [iOS]",120243244936220003,C1_APB_TOP_1865_IOS_BOOK0_V1,120243244936240003,C1B_STC_APP_BOOK0_T1,120243248491620003,2026-05-08,"Facebook Reels",iphone,facebook,iphone,,,,2026-05-02,Ongoing,"1-day click",,,,,,,,,,,,,,,,,,,,,,1,,,,,,,,,,,,,,,,,,,,,,,,,2026-05-08,2026-05-08
"BOOK0_APP_MAY26_IOS_MST _V1 [iOS]",120243244936220003,C1_APB_TOP_1865_IOS_BOOK0_V1,120243244936240003,C1B_STC_APP_BOOK0_T1,120243248491620003,2026-05-08,Feed,iphone,facebook,iphone,,,,2026-05-02,Ongoing,"1-day click",,,,,,,,,,,,,,,,,,,,,,1,,,,,,,,,,,,,,,,,,,,,,,,,2026-05-08,2026-05-08
"BOOK0_APP_MAY26_IOS_MST _V1 [iOS]",120243244936220003,C1_APB_TOP_1865_IOS_BOOK0_V1,120243244936240003,C1B_STC_APP_BOOK0_T1,120243248491620003,2026-05-08,"Facebook Stories",iphone,facebook,iphone,,,,2026-05-02,Ongoing,"1-day click",,,,,,,,,,,,,,,,,,,,,,2,,,,,,,,,,,,,,,,,,,,,,,,,2026-05-08,2026-05-08
"BOOK0_APP_MAY26_IOS_MST _V1 [iOS]",120243244936220003,C1_APB_TOP_1865_IOS_BOOK0_V1,120243244936240003,C1A_STC_APP_BOOK0_T1,120243244936230003,2026-05-04,Feed,iphone,facebook,iphone,,,,2026-05-02,Ongoing,"1-day click",,,,,,,,,,,,,,,,,,,,,,1,,,,,,,,,,,,,,,,,,,,,,,,,2026-05-04,2026-05-04
"BOOK0_APP_MAY26_IOS_MST _V1 [iOS]",120243244936220003,C2_APB_TOP_1865_IOS_BOOK0_V1,120243250336950003,C2B_STC_APP_BOOK0_T1,120243250337010003,2026-05-04,"Threads feed",iphone,threads,iphone,,,,2026-05-02,Ongoing,"1-day click",,,,,,,,,,,,,,,,,,,,,,,,,,,,,,,,,,,,,,,,,,,,,,,2026-05-04,2026-05-04
"BOOK0_APP_MAY26_IOS_MST _V1 [iOS]",120243244936220003,C2_APB_TOP_1865_IOS_BOOK0_V1,120243250336950003,C2B_STC_APP_BOOK0_T1,120243250337010003,2026-05-04,"Instagram Reels",iphone,instagram,iphone,,,,2026-05-02,Ongoing,"1-day click",,,,,,,,,,,,,,,,,,,,,,3,,,,,,,,,,,,,,,,,,,,,,,,,2026-05-04,2026-05-04
"BOOK0_APP_MAY26_IOS_MST _V1 [iOS]",120243244936220003,C2_APB_TOP_1865_IOS_BOOK0_V1,120243250336950003,C2B_STC_APP_BOOK0_T1,120243250337010003,2026-05-04,Feed,iphone,instagram,iphone,,,,2026-05-02,Ongoing,"1-day click",,,,,,,,,,,,,,,,,,,,,,2,,,,,,,,,,,,,,,,,,,,,,,,,2026-05-04,2026-05-04
"BOOK0_APP_MAY26_IOS_MST _V1 [iOS]",120243244936220003,C2_APB_TOP_1865_IOS_BOOK0_V1,120243250336950003,C2B_STC_APP_BOOK0_T1,120243250337010003,2026-05-04,Feed,ipad,facebook,ipad,,,,2026-05-02,Ongoing,"1-day click",,,,,,,,,,,,,,,,,,,,,,3,,,,,,,,,,,,,,,,,,,,,,,,,2026-05-04,2026-05-04
"BOOK0_APP_MAY26_IOS_MST _V1 [iOS]",120243244936220003,C3_APB_TOP_1865_IOS_BOOK0_V1,120243248616080003,"C3B_STC_APP_BOOK0_T1 - Copy",120243254726810003,2026-05-02,"In-stream reels",iphone,facebook,iphone,,,,2026-05-02,Ongoing,"1-day click",,,,,,,,,,,,,,,,,,,,,,2,,,,,,,,,,,,,,,,,,,,,,,,,2026-05-02,2026-05-02
"BOOK0_APP_MAY26_IOS_MST _V1 [iOS]",120243244936220003,C2_APB_TOP_1865_IOS_BOOK0_V1,120243250336950003,C2B_STC_APP_BOOK0_T1,120243250337010003,2026-05-04,Feed,iphone,facebook,iphone,,,,2026-05-02,Ongoing,"1-day click",,,,,,,,,,,,,,,,,,,,,,5,,,,,,,,,,,,,,,,,,,,,,,,,2026-05-04,2026-05-04
"BOOK0_APP_MAY26_IOS_MST _V1 [iOS]",120243244936220003,C2_APB_TOP_1865_IOS_BOOK0_V1,120243250336950003,C2B_STC_APP_BOOK0_T1,120243250337010003,2026-05-04,"Facebook Reels",ipad,facebook,ipad,,,,2026-05-02,Ongoing,"1-day click",,,,,,,,,,,,,,,,,,,,,,1,,,,,,,,,,,,,,,,,,,,,,,,,2026-05-04,2026-05-04
"BOOK0_APP_MAY26_IOS_MST _V1 [iOS]",120243244936220003,C1_APB_TOP_1865_IOS_BOOK0_V1,120243244936240003,C1B_STC_APP_BOOK0_T1,120243248491620003,2026-05-08,"Ads on Facebook Reels",iphone,facebook,iphone,,,,2026-05-02,Ongoing,"1-day click",,,,,,,,,,,,,,,,,,,,,,1,,,,,,,,,,,,,,,,,,,,,,,,,2026-05-08,2026-05-08
"BOOK0_APP_MAY26_IOS_MST _V1 [iOS]",120243244936220003,C2_APB_TOP_1865_IOS_BOOK0_V1,120243250336950003,C2D_STC_APP_BOOK0_T1,120243250337020003,2026-05-05,"Native, banner & interstitial",iphone,audience_network,iphone,,,,2026-05-02,Ongoing,"1-day click",,,,,,,,,,,,,,,,,,,,,,1,,,,,,,,,,,,,,,,,,,,,,,,,2026-05-05,2026-05-05
"BOOK0_APP_MAY26_IOS_MST _V1 [iOS]",120243244936220003,C3_APB_TOP_1865_IOS_BOOK0_V1,120243248616080003,"C3B_STC_APP_BOOK0_T1 - Copy",120243254726810003,2026-05-05,"Instagram Stories",iphone,instagram,iphone,,,,2026-05-02,Ongoing,"1-day click",,,,,,,,,,,,,,,,,,,,,,1,,,,,,,,,,,,,,,,,,,,,,,,,2026-05-05,2026-05-05
"BOOK0_APP_MAY26_IOS_MST _V1 [iOS]",120243244936220003,C1_APB_TOP_1865_IOS_BOOK0_V1,120243244936240003,C1B_STC_APP_BOOK0_T1,120243248491620003,2026-05-05,Feed,iphone,instagram,iphone,,,,2026-05-02,Ongoing,"1-day click",,,,,,,,,,,,,,,,,,,,,,4,,,,,,,,,,,,,,,,,,,,,,,,,2026-05-05,2026-05-05
"BOOK0_APP_MAY26_IOS_MST _V1 [iOS]",120243244936220003,C1_APB_TOP_1865_IOS_BOOK0_V1,120243244936240003,C1B_STC_APP_BOOK0_T1,120243248491620003,2026-05-05,"Instagram Stories",iphone,instagram,iphone,,,,2026-05-02,Ongoing,"1-day click",,,,,,,,,,,,,,,,,,,,,,4,,,,,,,,,,,,,,,,,,,,,,,,,2026-05-05,2026-05-05
"BOOK0_APP_MAY26_IOS_MST _V1 [iOS]",120243244936220003,C1_APB_TOP_1865_IOS_BOOK0_V1,120243244936240003,C1B_STC_APP_BOOK0_T1,120243248491620003,2026-05-05,Feed,iphone,facebook,iphone,,,,2026-05-02,Ongoing,"1-day click",,,,,,,,,,,,,,,,,,,,,,4,,,,,,,,,,,,,,,,,,,,,,,,,2026-05-05,2026-05-05
"BOOK0_APP_MAY26_IOS_MST _V1 [iOS]",120243244936220003,C3_APB_TOP_1865_IOS_BOOK0_V1,120243248616080003,"C3B_STC_APP_BOOK0_T1 - Copy",120243254726810003,2026-05-02,Feed,iphone,facebook,iphone,,,,2026-05-02,Ongoing,"1-day click",,,,,,,,,,,,,,,,,,,,,,3,,,,,,,,,,,,,,,,,,,,,,,,,2026-05-02,2026-05-02
"BOOK0_APP_MAY26_IOS_MST _V1 [iOS]",120243244936220003,C4_APB_TOP_1865_IOS_BOOK0_V1,120243250336940003,C4C_STC_APP_BOOK0_T1,120243250336990003,2026-05-05,"Native, banner & interstitial",iphone,audience_network,iphone,,,,2026-05-02,Ongoing,"1-day click",,,,,,,,,,,,,,,,,,,,,,1,,,,,,,,,,,,,,,,,,,,,,,,,2026-05-05,2026-05-05
"BOOK0_APP_MAY26_IOS_MST _V1 [iOS]",120243244936220003,C4_APB_TOP_1865_IOS_BOOK0_V1,120243250336940003,C4C_STC_APP_BOOK0_T1,120243250336990003,2026-05-05,"Threads feed",iphone,threads,iphone,,,,2026-05-02,Ongoing,"1-day click",,,,,,,,,,,,,,,,,,,,,,1,,,,,,,,,,,,,,,,,,,,,,,,,2026-05-05,2026-05-05
"BOOK0_APP_MAY26_IOS_MST _V1 [iOS]",120243244936220003,C4_APB_TOP_1865_IOS_BOOK0_V1,120243250336940003,C4C_STC_APP_BOOK0_T1,120243250336990003,2026-05-05,"Instagram Reels",iphone,instagram,iphone,,,,2026-05-02,Ongoing,"1-day click",,,,,,,,,,,,,,,,,,,,,,1,,,,,,,,,,,,,,,,,,,,,,,,,2026-05-05,2026-05-05
"BOOK0_APP_MAY26_IOS_MST _V1 [iOS]",120243244936220003,C4_APB_TOP_1865_IOS_BOOK0_V1,120243250336940003,C4C_STC_APP_BOOK0_T1,120243250336990003,2026-05-05,"Facebook Reels",iphone,facebook,iphone,,,,2026-05-02,Ongoing,"1-day click",,,,,,,,,,,,,,,,,,,,,,1,,,,,,,,,,,,,,,,,,,,,,,,,2026-05-05,2026-05-05
"BOOK0_APP_MAY26_IOS_MST _V1 [iOS]",120243244936220003,C2_APB_TOP_1865_IOS_BOOK0_V1,120243250336950003,C2B_STC_APP_BOOK0_T1,120243250337010003,2026-05-08,"Facebook Reels",ipad,facebook,ipad,,,,2026-05-02,Ongoing,"1-day click",,,,,,,,,,,,,,,,,,,,,,1,,,,,,,,,,,,,,,,,,,,,,,,,2026-05-08,2026-05-08
"BOOK0_APP_MAY26_IOS_MST _V1 [iOS]",120243244936220003,C2_APB_TOP_1865_IOS_BOOK0_V1,120243250336950003,C2C_STC_APP_BOOK0_T1,120243250336970003,2026-05-07,"Instagram Reels",iphone,instagram,iphone,,,,2026-05-02,Ongoing,"1-day click",,,,,,,,,,,,,,,,,,,,,,1,,,,,,,,,,,,,,,,,,,,,,,,,2026-05-07,2026-05-07
"BOOK0_APP_MAY26_IOS_MST _V1 [iOS]",120243244936220003,C2_APB_TOP_1865_IOS_BOOK0_V1,120243250336950003,C2B_STC_APP_BOOK0_T1,120243250337010003,2026-05-07,"Threads feed",iphone,threads,iphone,,,,2026-05-02,Ongoing,"1-day click",,,,,,,,,,,,,,,,,,,,,,1,,,,,,,,,,,,,,,,,,,,,,,,,2026-05-07,2026-05-07
"BOOK0_APP_MAY26_IOS_MST _V1 [iOS]",120243244936220003,C2_APB_TOP_1865_IOS_BOOK0_V1,120243250336950003,C2B_STC_APP_BOOK0_T1,120243250337010003,2026-05-06,Feed,iphone,instagram,iphone,,,,2026-05-02,Ongoing,"1-day click",,,,,,,,,,,,,,,,,,,,,,1,,,,,,,,,,,,,,,,,,,,,,,,,2026-05-06,2026-05-06
"BOOK0_APP_MAY26_IOS_MST _V1 [iOS]",120243244936220003,C3_APB_TOP_1865_IOS_BOOK0_V1,120243248616080003,C3C_STC_APP_BOOK0_T1,120243254726820003,2026-05-06,"Instagram Reels",iphone,instagram,iphone,,,,2026-05-02,Ongoing,"1-day click",,,,,,,,,,,,,,,,,,,,,,1,,,,,,,,,,,,,,,,,,,,,,,,,2026-05-06,2026-05-06
"BOOK0_APP_MAY26_IOS_MST _V1 [iOS]",120243244936220003,C3_APB_TOP_1865_IOS_BOOK0_V1,120243248616080003,"C3A_STC_APP_BOOK0_T1 - Copy",120243254726800003,2026-05-02,"Facebook Reels",iphone,facebook,iphone,,,,2026-05-02,Ongoing,"1-day click",,,,,,,,,,,,,,,,,,,,,,2,,,,,,,,,,,,,,,,,,,,,,,,,2026-05-02,2026-05-02
"BOOK0_APP_MAY26_IOS_MST _V1 [iOS]",120243244936220003,C3_APB_TOP_1865_IOS_BOOK0_V1,120243248616080003,"C3A_STC_APP_BOOK0_T1 - Copy",120243254726800003,2026-05-02,Feed,iphone,instagram,iphone,,,,2026-05-02,Ongoing,"1-day click",,,,,,,,,,,,,,,,,,,,,,1,,,,,,,,,,,,,,,,,,,,,,,,,2026-05-02,2026-05-02
"BOOK0_APP_MAY26_IOS_MST _V1 [iOS]",120243244936220003,C4_APB_TOP_1865_IOS_BOOK0_V1,120243250336940003,C4D_STC_APP_BOOK0_T1,120243254329870003,2026-05-06,"Threads feed",iphone,threads,iphone,,,,2026-05-02,Ongoing,"1-day click",,,,,,,,,,,,,,,,,,,,,,1,,,,,,,,,,,,,,,,,,,,,,,,,2026-05-06,2026-05-06
"BOOK0_APP_MAY26_IOS_MST _V1 [iOS]",120243244936220003,C4_APB_TOP_1865_IOS_BOOK0_V1,120243250336940003,C4D_STC_APP_BOOK0_T1,120243254329870003,2026-05-06,"Facebook Reels",iphone,facebook,iphone,,,,2026-05-02,Ongoing,"1-day click",,,,,,,,,,,,,,,,,,,,,,1,,,,,,,,,,,,,,,,,,,,,,,,,2026-05-06,2026-05-06
"BOOK0_APP_MAY26_IOS_MST _V1 [iOS]",120243244936220003,C4_APB_TOP_1865_IOS_BOOK0_V1,120243250336940003,C4D_STC_APP_BOOK0_T1,120243254329870003,2026-05-06,"Instagram Reels",ipad,instagram,ipad,,,,2026-05-02,Ongoing,"1-day click",,,,,,,,,,,,,,,,,,,,,,1,,,,,,,,,,,,,,,,,,,,,,,,,2026-05-06,2026-05-06
"BOOK0_APP_MAY26_IOS_MST _V1 [iOS]",120243244936220003,C4_APB_TOP_1865_IOS_BOOK0_V1,120243250336940003,C4D_STC_APP_BOOK0_T1,120243254329870003,2026-05-06,"Instagram Stories",iphone,instagram,iphone,,,,2026-05-02,Ongoing,"1-day click",,,,,,,,,,,,,,,,,,,,,,3,,,,,,,,,,,,,,,,,,,,,,,,,2026-05-06,2026-05-06
"BOOK0_APP_MAY26_IOS_MST _V1 [iOS]",120243244936220003,C4_APB_TOP_1865_IOS_BOOK0_V1,120243250336940003,C4D_STC_APP_BOOK0_T1,120243254329870003,2026-05-06,"Native, banner & interstitial",iphone,audience_network,iphone,,,,2026-05-02,Ongoing,"1-day click",,,,,,,,,,,,,,,,,,,,,,1,,,,,,,,,,,,,,,,,,,,,,,,,2026-05-06,2026-05-06
"BOOK0_APP_MAY26_IOS_MST _V1 [iOS]",120243244936220003,C4_APB_TOP_1865_IOS_BOOK0_V1,120243250336940003,C4D_STC_APP_BOOK0_T1,120243254329870003,2026-05-06,Feed,iphone,instagram,iphone,,,,2026-05-02,Ongoing,"1-day click",,,,,,,,,,,,,,,,,,,,,,12,,,,,,,,,,,,,,,,,,,,,,,,,2026-05-06,2026-05-06
"BOOK0_APP_MAY26_IOS_MST _V1 [iOS]",120243244936220003,C4_APB_TOP_1865_IOS_BOOK0_V1,120243250336940003,C4D_STC_APP_BOOK0_T1,120243254329870003,2026-05-06,Feed,iphone,facebook,iphone,,,,2026-05-02,Ongoing,"1-day click",,,,,,,,,,,,,,,,,,,,,,4,,,,,,,,,,,,,,,,,,,,,,,,,2026-05-06,2026-05-06
"BOOK0_APP_MAY26_IOS_MST _V1 [iOS]",120243244936220003,C2_APB_TOP_1865_IOS_BOOK0_V1,120243250336950003,C2B_STC_APP_BOOK0_T1,120243250337010003,2026-05-06,"Facebook Reels",ipad,facebook,ipad,,,,2026-05-02,Ongoing,"1-day click",,,,,,,,,,,,,,,,,,,,,,,,,,,,,,,,,,,,,,,,,,,,,,,2026-05-06,2026-05-06
"BOOK0_APP_MAY26_IOS_MST _V1 [iOS]",120243244936220003,C2_APB_TOP_1865_IOS_BOOK0_V1,120243250336950003,C2B_STC_APP_BOOK0_T1,120243250337010003,2026-05-06,"Facebook Reels",iphone,facebook,iphone,,,,2026-05-02,Ongoing,"1-day click",,,,,,,,,,,,,,,,,,,,,,4,,,,,,,,,,,,,,,,,,,,,,,,,2026-05-06,2026-05-06
"BOOK0_APP_MAY26_IOS_MST _V1 [iOS]",120243244936220003,C3_APB_TOP_1865_IOS_BOOK0_V1,120243248616080003,C3D_STC_APP_BOOK0_T1,120243248616090003,2026-05-06,Feed,iphone,facebook,iphone,,,,2026-05-02,Ongoing,"1-day click",,,,,,,,,,,,,,,,,,,,,,1,,,,,,,,,,,,,,,,,,,,,,,,,2026-05-06,2026-05-06
"BOOK0_APP_MAY26_IOS_MST _V1 [iOS]",120243244936220003,C2_APB_TOP_1865_IOS_BOOK0_V1,120243250336950003,C2B_STC_APP_BOOK0_T1,120243250337010003,2026-05-06,"Instagram Reels",iphone,instagram,iphone,,,,2026-05-02,Ongoing,"1-day click",,,,,,,,,,,,,,,,,,,,,,3,,,,,,,,,,,,,,,,,,,,,,,,,2026-05-06,2026-05-06
"BOOK0_APP_MAY26_IOS_MST _V1 [iOS]",120243244936220003,C2_APB_TOP_1865_IOS_BOOK0_V1,120243250336950003,C2B_STC_APP_BOOK0_T1,120243250337010003,2026-05-06,Feed,iphone,facebook,iphone,,,,2026-05-02,Ongoing,"1-day click",,,,,,,,,,,,,,,,,,,,,,10,,,,,,,,,,,,,,,,,,,,,,,,,2026-05-06,2026-05-06
"BOOK0_APP_MAY26_IOS_MST _V1 [iOS]",120243244936220003,C1_APB_TOP_1865_IOS_BOOK0_V1,120243244936240003,C1B_STC_APP_BOOK0_T1,120243248491620003,2026-05-07,Feed,iphone,facebook,iphone,,,,2026-05-02,Ongoing,"1-day click",,,,,,,,,,,,,,,,,,,,,,2,,,,,,,,,,,,,,,,,,,,,,,,,2026-05-07,2026-05-07
"BOOK0_APP_MAY26_IOS_MST _V1 [iOS]",120243244936220003,C1_APB_TOP_1865_IOS_BOOK0_V1,120243244936240003,C1D_STC_APP_BOOK0_T1,120243248501300003,2026-05-02,Feed,iphone,instagram,iphone,,,,2026-05-02,Ongoing,"1-day click",,,,,,,,,,,,,,,,,,,,,,,,,,,,,,,,,,,,,,,,,,,,,,,2026-05-02,2026-05-02
"BOOK0_APP_MAY26_IOS_MST _V1 [iOS]",120243244936220003,C1_APB_TOP_1865_IOS_BOOK0_V1,120243244936240003,C1B_STC_APP_BOOK0_T1,120243248491620003,2026-05-07,Feed,ipad,facebook,ipad,,,,2026-05-02,Ongoing,"1-day click",,,,,,,,,,,,,,,,,,,,,,,,,,,,,,,,,,,,,,,,,,,,,,,2026-05-07,2026-05-07
"BOOK0_APP_MAY26_IOS_MST _V1 [iOS]",120243244936220003,C1_APB_TOP_1865_IOS_BOOK0_V1,120243244936240003,C1D_STC_APP_BOOK0_T1,120243248501300003,2026-05-02,Feed,iphone,facebook,iphone,,,,2026-05-02,Ongoing,"1-day click",,,,,,,,,,,,,,,,,,,,,,2,,,,,,,,,,,,,,,,,,,,,,,,,2026-05-02,2026-05-02
"BOOK0_APP_MAY26_IOS_MST _V1 [iOS]",120243244936220003,C1_APB_TOP_1865_IOS_BOOK0_V1,120243244936240003,C1D_STC_APP_BOOK0_T1,120243248501300003,2026-05-02,"Instagram Stories",iphone,instagram,iphone,,,,2026-05-02,Ongoing,"1-day click",,,,,,,,,,,,,,,,,,,,,,1,,,,,,,,,,,,,,,,,,,,,,,,,2026-05-02,2026-05-02
"BOOK0_APP_MAY26_IOS_MST _V1 [iOS]",120243244936220003,C1_APB_TOP_1865_IOS_BOOK0_V1,120243244936240003,C1B_STC_APP_BOOK0_T1,120243248491620003,2026-05-07,"Threads feed",iphone,threads,iphone,,,,2026-05-02,Ongoing,"1-day click",,,,,,,,,,,,,,,,,,,,,,2,,,,,,,,,,,,,,,,,,,,,,,,,2026-05-07,2026-05-07
"BOOK0_APP_MAY26_IOS_MST _V1 [iOS]",120243244936220003,C1_APB_TOP_1865_IOS_BOOK0_V1,120243244936240003,C1B_STC_APP_BOOK0_T1,120243248491620003,2026-05-07,"Ads on Facebook Reels",iphone,facebook,iphone,,,,2026-05-02,Ongoing,"1-day click",,,,,,,,,,,,,,,,,,,,,,1,,,,,,,,,,,,,,,,,,,,,,,,,2026-05-07,2026-05-07
"BOOK0_APP_MAY26_IOS_MST _V1 [iOS]",120243244936220003,C1_APB_TOP_1865_IOS_BOOK0_V1,120243244936240003,C1B_STC_APP_BOOK0_T1,120243248491620003,2026-05-07,"Native, banner & interstitial",iphone,audience_network,iphone,,,,2026-05-02,Ongoing,"1-day click",,,,,,,,,,,,,,,,,,,,,,1,,,,,,,,,,,,,,,,,,,,,,,,,2026-05-07,2026-05-07
"BOOK0_APP_MAY26_IOS_MST _V1 [iOS]",120243244936220003,C1_APB_TOP_1865_IOS_BOOK0_V1,120243244936240003,C1B_STC_APP_BOOK0_T1,120243248491620003,2026-05-07,Feed,iphone,instagram,iphone,,,,2026-05-02,Ongoing,"1-day click",,,,,,,,,,,,,,,,,,,,,,2,,,,,,,,,,,,,,,,,,,,,,,,,2026-05-07,2026-05-07
"BOOK0_APP_MAY26_IOS_MST _V1 [iOS]",120243244936220003,C1_APB_TOP_1865_IOS_BOOK0_V1,120243244936240003,C1B_STC_APP_BOOK0_T1,120243248491620003,2026-05-07,"In-stream reels",iphone,facebook,iphone,,,,2026-05-02,Ongoing,"1-day click",,,,,,,,,,,,,,,,,,,,,,2,,,,,,,,,,,,,,,,,,,,,,,,,2026-05-07,2026-05-07
"BOOK0_APP_MAY26_IOS_MST _V1 [iOS]",120243244936220003,C3_APB_TOP_1865_IOS_BOOK0_V1,120243248616080003,C3D_STC_APP_BOOK0_T1,120243248616090003,2026-05-06,"In-stream reels",iphone,facebook,iphone,,,,2026-05-02,Ongoing,"1-day click",,,,,,,,,,,,,,,,,,,,,,1,,,,,,,,,,,,,,,,,,,,,,,,,2026-05-06,2026-05-06
"BOOK0_APP_MAY26_IOS_MST _V1 [iOS]",120243244936220003,C3_APB_TOP_1865_IOS_BOOK0_V1,120243248616080003,C3D_STC_APP_BOOK0_T1,120243248616090003,2026-05-06,"Instagram Reels",iphone,instagram,iphone,,,,2026-05-02,Ongoing,"1-day click",,,,,,,,,,,,,,,,,,,,,,1,,,,,,,,,,,,,,,,,,,,,,,,,2026-05-06,2026-05-06
"BOOK0_APP_MAY26_IOS_MST _V1 [iOS]",120243244936220003,C2_APB_TOP_1865_IOS_BOOK0_V1,120243250336950003,C2C_STC_APP_BOOK0_T1,120243250336970003,2026-05-07,Feed,iphone,instagram,iphone,,,,2026-05-02,Ongoing,"1-day click",,,,,,,,,,,,,,,,,,,,,,,,,,,,,,,,,,,,,,,,,,,,,,,2026-05-07,2026-05-07
"BOOK0_APP_MAY26_IOS_MST _V1 [iOS]",120243244936220003,C2_APB_TOP_1865_IOS_BOOK0_V1,120243250336950003,C2B_STC_APP_BOOK0_T1,120243250337010003,2026-05-05,Feed,iphone,instagram,iphone,,,,2026-05-02,Ongoing,"1-day click",,,,,,,,,,,,,,,,,,,,,,3,,,,,,,,,,,,,,,,,,,,,,,,,2026-05-05,2026-05-05
"BOOK0_APP_MAY26_IOS_MST _V1 [iOS]",120243244936220003,C1_APB_TOP_1865_IOS_BOOK0_V1,120243244936240003,C1B_STC_APP_BOOK0_T1,120243248491620003,2026-05-07,"Instagram Reels",iphone,instagram,iphone,,,,2026-05-02,Ongoing,"1-day click",,,,,,,,,,,,,,,,,,,,,,3,,,,,,,,,,,,,,,,,,,,,,,,,2026-05-07,2026-05-07
"BOOK0_APP_MAY26_IOS_MST _V1 [iOS]",120243244936220003,C4_APB_TOP_1865_IOS_BOOK0_V1,120243250336940003,C4D_STC_APP_BOOK0_T1,120243254329870003,2026-05-05,"Facebook profile feed",iphone,facebook,iphone,,,,2026-05-02,Ongoing,"1-day click",,,,,,,,,,,,,,,,,,,,,,1,,,,,,,,,,,,,,,,,,,,,,,,,2026-05-05,2026-05-05
"BOOK0_APP_MAY26_IOS_MST _V1 [iOS]",120243244936220003,C4_APB_TOP_1865_IOS_BOOK0_V1,120243250336940003,C4D_STC_APP_BOOK0_T1,120243254329870003,2026-05-05,Feed,iphone,facebook,iphone,,,,2026-05-02,Ongoing,"1-day click",,,,,,,,,,,,,,,,,,,,,,8,,,,,,,,,,,,,,,,,,,,,,,,,2026-05-05,2026-05-05
"BOOK0_APP_MAY26_IOS_MST _V1 [iOS]",120243244936220003,C4_APB_TOP_1865_IOS_BOOK0_V1,120243250336940003,C4D_STC_APP_BOOK0_T1,120243254329870003,2026-05-05,Feed,iphone,instagram,iphone,,,,2026-05-02,Ongoing,"1-day click",,,,,,,,,,,,,,,,,,,,,,4,,,,,,,,,,,,,,,,,,,,,,,,,2026-05-05,2026-05-05
"BOOK0_APP_MAY26_IOS_MST _V1 [iOS]",120243244936220003,C4_APB_TOP_1865_IOS_BOOK0_V1,120243250336940003,C4D_STC_APP_BOOK0_T1,120243254329870003,2026-05-05,"Facebook Reels",iphone,facebook,iphone,,,,2026-05-02,Ongoing,"1-day click",,,,,,,,,,,,,,,,,,,,,,4,,,,,,,,,,,,,,,,,,,,,,,,,2026-05-05,2026-05-05
"BOOK0_APP_MAY26_IOS_MST _V1 [iOS]",120243244936220003,C4_APB_TOP_1865_IOS_BOOK0_V1,120243250336940003,C4D_STC_APP_BOOK0_T1,120243254329870003,2026-05-05,"Instagram Stories",iphone,instagram,iphone,,,,2026-05-02,Ongoing,"1-day click",,,,,,,,,,,,,,,,,,,,,,2,,,,,,,,,,,,,,,,,,,,,,,,,2026-05-05,2026-05-05
"BOOK0_APP_MAY26_IOS_MST _V1 [iOS]",120243244936220003,C4_APB_TOP_1865_IOS_BOOK0_V1,120243250336940003,C4D_STC_APP_BOOK0_T1,120243254329870003,2026-05-05,"Instagram Reels",iphone,instagram,iphone,,,,2026-05-02,Ongoing,"1-day click",,,,,,,,,,,,,,,,,,,,,,2,,,,,,,,,,,,,,,,,,,,,,,,,2026-05-05,2026-05-05
"BOOK0_APP_MAY26_IOS_MST _V1 [iOS]",120243244936220003,C2_APB_TOP_1865_IOS_BOOK0_V1,120243250336950003,C2B_STC_APP_BOOK0_T1,120243250337010003,2026-05-05,Feed,iphone,facebook,iphone,,,,2026-05-02,Ongoing,"1-day click",,,,,,,,,,,,,,,,,,,,,,10,,,,,,,,,,,,,,,,,,,,,,,,,2026-05-05,2026-05-05
"BOOK0_APP_MAY26_IOS_MST _V1 [iOS]",120243244936220003,C2_APB_TOP_1865_IOS_BOOK0_V1,120243250336950003,C2B_STC_APP_BOOK0_T1,120243250337010003,2026-05-05,"Instagram Stories",iphone,instagram,iphone,,,,2026-05-02,Ongoing,"1-day click",,,,,,,,,,,,,,,,,,,,,,1,,,,,,,,,,,,,,,,,,,,,,,,,2026-05-05,2026-05-05
"BOOK0_APP_MAY26_IOS_MST _V1 [iOS]",120243244936220003,C2_APB_TOP_1865_IOS_BOOK0_V1,120243250336950003,C2B_STC_APP_BOOK0_T1,120243250337010003,2026-05-05,"Threads feed",iphone,threads,iphone,,,,2026-05-02,Ongoing,"1-day click",,,,,,,,,,,,,,,,,,,,,,2,,,,,,,,,,,,,,,,,,,,,,,,,2026-05-05,2026-05-05
"BOOK0_APP_MAY26_IOS_MST _V1 [iOS]",120243244936220003,C2_APB_TOP_1865_IOS_BOOK0_V1,120243250336950003,C2B_STC_APP_BOOK0_T1,120243250337010003,2026-05-05,"Facebook Stories",iphone,facebook,iphone,,,,2026-05-02,Ongoing,"1-day click",,,,,,,,,,,,,,,,,,,,,,1,,,,,,,,,,,,,,,,,,,,,,,,,2026-05-05,2026-05-05
"BOOK0_APP_MAY26_IOS_MST _V1 [iOS]",120243244936220003,C2_APB_TOP_1865_IOS_BOOK0_V1,120243250336950003,C2B_STC_APP_BOOK0_T1,120243250337010003,2026-05-05,"Facebook Reels",iphone,facebook,iphone,,,,2026-05-02,Ongoing,"1-day click",,,,,,,,,,,,,,,,,,,,,,3,,,,,,,,,,,,,,,,,,,,,,,,,2026-05-05,2026-05-05
"BOOK0_APP_MAY26_IOS_MST _V1 [iOS]",120243244936220003,C1_APB_TOP_1865_IOS_BOOK0_V1,120243244936240003,C1B_STC_APP_BOOK0_T1,120243248491620003,2026-05-06,"In-stream reels",iphone,facebook,iphone,,,,2026-05-02,Ongoing,"1-day click",,,,,,,,,,,,,,,,,,,,,,4,,,,,,,,,,,,,,,,,,,,,,,,,2026-05-06,2026-05-06
"BOOK0_APP_MAY26_IOS_MST _V1 [iOS]",120243244936220003,C3_APB_TOP_1865_IOS_BOOK0_V1,120243248616080003,C3D_STC_APP_BOOK0_T1,120243248616090003,2026-05-06,"Instagram Stories",iphone,instagram,iphone,,,,2026-05-02,Ongoing,"1-day click",,,,,,,,,,,,,,,,,,,,,,3,,,,,,,,,,,,,,,,,,,,,,,,,2026-05-06,2026-05-06
"BOOK0_APP_MAY26_IOS_MST _V1 [iOS]",120243244936220003,C1_APB_TOP_1865_IOS_BOOK0_V1,120243244936240003,C1B_STC_APP_BOOK0_T1,120243248491620003,2026-05-06,Feed,iphone,facebook,iphone,,,,2026-05-02,Ongoing,"1-day click",,,,,,,,,,,,,,,,,,,,,,1,,,,,,,,,,,,,,,,,,,,,,,,,2026-05-06,2026-05-06
"BOOK0_APP_MAY26_IOS_MST _V1 [iOS]",120243244936220003,C3_APB_TOP_1865_IOS_BOOK0_V1,120243248616080003,"C3A_STC_APP_BOOK0_T1 - Copy",120243254726800003,2026-05-02,"Facebook Reels",ipad,facebook,ipad,,,,2026-05-02,Ongoing,"1-day click",,,,,,,,,,,,,,,,,,,,,,1,,,,,,,,,,,,,,,,,,,,,,,,,2026-05-02,2026-05-02
"BOOK0_APP_MAY26_IOS_MST _V1 [iOS]",120243244936220003,C1_APB_TOP_1865_IOS_BOOK0_V1,120243244936240003,C1B_STC_APP_BOOK0_T1,120243248491620003,2026-05-06,"Instagram Stories",iphone,instagram,iphone,,,,2026-05-02,Ongoing,"1-day click",,,,,,,,,,,,,,,,,,,,,,23,,,,,,,,,,,,,,,,,,,,,,,,,2026-05-06,2026-05-06
"BOOK0_APP_MAY26_IOS_MST _V1 [iOS]",120243244936220003,C1_APB_TOP_1865_IOS_BOOK0_V1,120243244936240003,C1B_STC_APP_BOOK0_T1,120243248491620003,2026-05-06,"Ads on Facebook Reels",iphone,facebook,iphone,,,,2026-05-02,Ongoing,"1-day click",,,,,,,,,,,,,,,,,,,,,,1,,,,,,,,,,,,,,,,,,,,,,,,,2026-05-06,2026-05-06
"BOOK0_APP_MAY26_IOS_MST _V1 [iOS]",120243244936220003,C1_APB_TOP_1865_IOS_BOOK0_V1,120243244936240003,C1B_STC_APP_BOOK0_T1,120243248491620003,2026-05-06,"Native, banner & interstitial",iphone,audience_network,iphone,,,,2026-05-02,Ongoing,"1-day click",,,,,,,,,,,,,,,,,,,,,,27,,,,,,,,,,,,,,,,,,,,,,,,,2026-05-06,2026-05-06
"BOOK0_APP_MAY26_IOS_MST _V1 [iOS]",120243244936220003,C4_APB_TOP_1865_IOS_BOOK0_V1,120243250336940003,C4C_STC_APP_BOOK0_T1,120243250336990003,2026-05-06,"In-stream reels",iphone,facebook,iphone,,,,2026-05-02,Ongoing,"1-day click",,,,,,,,,,,,,,,,,,,,,,1,,,,,,,,,,,,,,,,,,,,,,,,,2026-05-06,2026-05-06
"BOOK0_APP_MAY26_IOS_MST _V1 [iOS]",120243244936220003,C4_APB_TOP_1865_IOS_BOOK0_V1,120243250336940003,C4C_STC_APP_BOOK0_T1,120243250336990003,2026-05-06,Feed,iphone,facebook,iphone,,,,2026-05-02,Ongoing,"1-day click",,,,,,,,,,,,,,,,,,,,,,1,,,,,,,,,,,,,,,,,,,,,,,,,2026-05-06,2026-05-06
"BOOK0_APP_MAY26_IOS_MST _V1 [iOS]",120243244936220003,C3_APB_TOP_1865_IOS_BOOK0_V1,120243248616080003,"C3A_STC_APP_BOOK0_T1 - Copy",120243254726800003,2026-05-02,"Instagram Stories",iphone,instagram,iphone,,,,2026-05-02,Ongoing,"1-day click",,,,,,,,,,,,,,,,,,,,,,1,,,,,,,,,,,,,,,,,,,,,,,,,2026-05-02,2026-05-02
"BOOK0_APP_MAY26_IOS_MST _V1 [iOS]",120243244936220003,C1_APB_TOP_1865_IOS_BOOK0_V1,120243244936240003,C1C_STC_APP_BOOK0_T1,120243248500590003,2026-05-06,Feed,iphone,instagram,iphone,,,,2026-05-02,Ongoing,"1-day click",,,,,,,,,,,,,,,,,,,,,,1,,,,,,,,,,,,,,,,,,,,,,,,,2026-05-06,2026-05-06
"BOOK0_APP_MAY26_IOS_MST _V1 [iOS]",120243244936220003,C3_APB_TOP_1865_IOS_BOOK0_V1,120243248616080003,C3D_STC_APP_BOOK0_T1,120243248616090003,2026-05-06,"Ads on Facebook Reels",iphone,facebook,iphone,,,,2026-05-02,Ongoing,"1-day click",,,,,,,,,,,,,,,,,,,,,,3,,,,,,,,,,,,,,,,,,,,,,,,,2026-05-06,2026-05-06
"BOOK0_APP_MAY26_IOS_MST _V1 [iOS]",120243244936220003,C3_APB_TOP_1865_IOS_BOOK0_V1,120243248616080003,C3D_STC_APP_BOOK0_T1,120243248616090003,2026-05-06,Feed,iphone,instagram,iphone,,,,2026-05-02,Ongoing,"1-day click",,,,,,,,,,,,,,,,,,,,,,3,,,,,,,,,,,,,,,,,,,,,,,,,2026-05-06,2026-05-06
"BOOK0_APP_MAY26_IOS_MST _V1 [iOS]",120243244936220003,C3_APB_TOP_1865_IOS_BOOK0_V1,120243248616080003,C3D_STC_APP_BOOK0_T1,120243248616090003,2026-05-06,"Facebook Stories",iphone,facebook,iphone,,,,2026-05-02,Ongoing,"1-day click",,,,,,,,,,,,,,,,,,,,,,1,,,,,,,,,,,,,,,,,,,,,,,,,2026-05-06,2026-05-06
"BOOK0_APP_MAY26_IOS_MST _V1 [iOS]",120243244936220003,C1_APB_TOP_1865_IOS_BOOK0_V1,120243244936240003,C1B_STC_APP_BOOK0_T1,120243248491620003,2026-05-06,Feed,iphone,instagram,iphone,,,,2026-05-02,Ongoing,"1-day click",,,,,,,,,,,,,,,,,,,,,,3,,,,,,,,,,,,,,,,,,,,,,,,,2026-05-06,2026-05-06
"BOOK0_APP_MAY26_IOS_MST _V1 [iOS]",120243244936220003,C1_APB_TOP_1865_IOS_BOOK0_V1,120243244936240003,C1A_STC_APP_BOOK0_T1,120243244936230003,2026-05-04,Feed,iphone,instagram,iphone,,,,2026-05-02,Ongoing,"1-day click",,,,,,,,,,,,,,,,,,,,,,1,,,,,,,,,,,,,,,,,,,,,,,,,2026-05-04,2026-05-04
"BOOK0_APP_MAY26_IOS_MST _V1 [iOS]",120243244936220003,C2_APB_TOP_1865_IOS_BOOK0_V1,120243250336950003,C2B_STC_APP_BOOK0_T1,120243250337010003,2026-05-05,Feed,ipad,facebook,ipad,,,,2026-05-02,Ongoing,"1-day click",,,,,,,,,,,,,,,,,,,,,,1,,,,,,,,,,,,,,,,,,,,,,,,,2026-05-05,2026-05-05
"BOOK0_APP_MAY26_IOS_MST _V1 [iOS]",120243244936220003,C2_APB_TOP_1865_IOS_BOOK0_V1,120243250336950003,C2D_STC_APP_BOOK0_T1,120243250337020003,2026-05-04,Feed,iphone,instagram,iphone,,,,2026-05-02,Ongoing,"1-day click",,,,,,,,,,,,,,,,,,,,,,1,,,,,,,,,,,,,,,,,,,,,,,,,2026-05-04,2026-05-04
"BOOK0_APP_MAY26_IOS_MST _V1 [iOS]",120243244936220003,C1_APB_TOP_1865_IOS_BOOK0_V1,120243244936240003,C1A_STC_APP_BOOK0_T1,120243244936230003,2026-05-02,Feed,iphone,instagram,iphone,,,,2026-05-02,Ongoing,"1-day click",,,,,,,,,,,,,,,,,,,,,,2,,,,,,,,,,,,,,,,,,,,,,,,,2026-05-02,2026-05-02
"BOOK0_APP_MAY26_IOS_MST _V1 [iOS]",120243244936220003,C1_APB_TOP_1865_IOS_BOOK0_V1,120243244936240003,C1A_STC_APP_BOOK0_T1,120243244936230003,2026-05-02,Feed,ipad,instagram,ipad,,,,2026-05-02,Ongoing,"1-day click",,,,,,,,,,,,,,,,,,,,,,1,,,,,,,,,,,,,,,,,,,,,,,,,2026-05-02,2026-05-02
"BOOK0_APP_MAY26_IOS_MST _V1 [iOS]",120243244936220003,C1_APB_TOP_1865_IOS_BOOK0_V1,120243244936240003,C1A_STC_APP_BOOK0_T1,120243244936230003,2026-05-02,"Instagram Stories",iphone,instagram,iphone,,,,2026-05-02,Ongoing,"1-day click",,,,,,,,,,,,,,,,,,,,,,1,,,,,,,,,,,,,,,,,,,,,,,,,2026-05-02,2026-05-02
"BOOK0_APP_MAY26_IOS_MST _V1 [iOS]",120243244936220003,C4_APB_TOP_1865_IOS_BOOK0_V1,120243250336940003,C4C_STC_APP_BOOK0_T1,120243250336990003,2026-05-03,"Instagram Reels",iphone,instagram,iphone,,,,2026-05-02,Ongoing,"1-day click",,,,,,,,,,,,,,,,,,,,,,1,,,,,,,,,,,,,,,,,,,,,,,,,2026-05-03,2026-05-03
"BOOK0_APP_MAY26_IOS_MST _V1 [iOS]",120243244936220003,C4_APB_TOP_1865_IOS_BOOK0_V1,120243250336940003,C4C_STC_APP_BOOK0_T1,120243250336990003,2026-05-03,Feed,iphone,facebook,iphone,,,,2026-05-02,Ongoing,"1-day click",,,,,,,,,,,,,,,,,,,,,,1,,,,,,,,,,,,,,,,,,,,,,,,,2026-05-03,2026-05-03
"BOOK0_APP_MAY26_IOS_MST _V1 [iOS]",120243244936220003,C4_APB_TOP_1865_IOS_BOOK0_V1,120243250336940003,C4D_STC_APP_BOOK0_T1,120243254329870003,2026-05-02,Feed,ipad,instagram,ipad,,,,2026-05-02,Ongoing,"1-day click",,,,,,,,,,,,,,,,,,,,,,1,,,,,,,,,,,,,,,,,,,,,,,,,2026-05-02,2026-05-02
"BOOK0_APP_MAY26_IOS_MST _V1 [iOS]",120243244936220003,C4_APB_TOP_1865_IOS_BOOK0_V1,120243250336940003,C4D_STC_APP_BOOK0_T1,120243254329870003,2026-05-02,Feed,iphone,instagram,iphone,,,,2026-05-02,Ongoing,"1-day click",,,,,,,,,,,,,,,,,,,,,,3,,,,,,,,,,,,,,,,,,,,,,,,,2026-05-02,2026-05-02
"BOOK0_APP_MAY26_IOS_MST _V1 [iOS]",120243244936220003,C4_APB_TOP_1865_IOS_BOOK0_V1,120243250336940003,C4D_STC_APP_BOOK0_T1,120243254329870003,2026-05-02,"Instagram Reels",iphone,instagram,iphone,,,,2026-05-02,Ongoing,"1-day click",,,,,,,,,,,,,,,,,,,,,,2,,,,,,,,,,,,,,,,,,,,,,,,,2026-05-02,2026-05-02
"BOOK0_APP_MAY26_IOS_MST _V1 [iOS]",120243244936220003,C4_APB_TOP_1865_IOS_BOOK0_V1,120243250336940003,C4C_STC_APP_BOOK0_T1,120243250336990003,2026-05-03,"In-stream reels",ipad,facebook,ipad,,,,2026-05-02,Ongoing,"1-day click",,,,,,,,,,,,,,,,,,,,,,1,,,,,,,,,,,,,,,,,,,,,,,,,2026-05-03,2026-05-03
"BOOK0_APP_MAY26_IOS_MST _V1 [iOS]",120243244936220003,C4_APB_TOP_1865_IOS_BOOK0_V1,120243250336940003,C4D_STC_APP_BOOK0_T1,120243254329870003,2026-05-02,"Facebook Reels",iphone,facebook,iphone,,,,2026-05-02,Ongoing,"1-day click",,,,,,,,,,,,,,,,,,,,,,4,,,,,,,,,,,,,,,,,,,,,,,,,2026-05-02,2026-05-02
"BOOK0_APP_MAY26_IOS_MST _V1 [iOS]",120243244936220003,C4_APB_TOP_1865_IOS_BOOK0_V1,120243250336940003,C4D_STC_APP_BOOK0_T1,120243254329870003,2026-05-02,Feed,iphone,facebook,iphone,,,,2026-05-02,Ongoing,"1-day click",,,,,,,,,,,,,,,,,,,,,,5,,,,,,,,,,,,,,,,,,,,,,,,,2026-05-02,2026-05-02
"BOOK0_APP_MAY26_IOS_MST _V1 [iOS]",120243244936220003,C4_APB_TOP_1865_IOS_BOOK0_V1,120243250336940003,C4C_STC_APP_BOOK0_T1,120243250336990003,2026-05-03,"Facebook Reels",iphone,facebook,iphone,,,,2026-05-02,Ongoing,"1-day click",,,,,,,,,,,,,,,,,,,,,,1,,,,,,,,,,,,,,,,,,,,,,,,,2026-05-03,2026-05-03
"BOOK0_APP_MAY26_IOS_MST _V1 [iOS]",120243244936220003,C2_APB_TOP_1865_IOS_BOOK0_V1,120243250336950003,C2B_STC_APP_BOOK0_T1,120243250337010003,2026-05-02,"In-stream reels",iphone,facebook,iphone,,,,2026-05-02,Ongoing,"1-day click",,,,,,,,,,,,,,,,,,,,,,1,,,,,,,,,,,,,,,,,,,,,,,,,2026-05-02,2026-05-02
"BOOK0_APP_MAY26_IOS_MST _V1 [iOS]",120243244936220003,C3_APB_TOP_1865_IOS_BOOK0_V1,120243248616080003,"C3B_STC_APP_BOOK0_T1 - Copy",120243254726810003,2026-05-04,Feed,iphone,facebook,iphone,,,,2026-05-02,Ongoing,"1-day click",,,,,,,,,,,,,,,,,,,,,,1,,,,,,,,,,,,,,,,,,,,,,,,,2026-05-04,2026-05-04
"BOOK0_APP_MAY26_IOS_MST _V1 [iOS]",120243244936220003,C2_APB_TOP_1865_IOS_BOOK0_V1,120243250336950003,C2B_STC_APP_BOOK0_T1,120243250337010003,2026-05-02,Feed,ipad,facebook,ipad,,,,2026-05-02,Ongoing,"1-day click",,,,,,,,,,,,,,,,,,,,,,3,,,,,,,,,,,,,,,,,,,,,,,,,2026-05-02,2026-05-02
"BOOK0_APP_MAY26_IOS_MST _V1 [iOS]",120243244936220003,C3_APB_TOP_1865_IOS_BOOK0_V1,120243248616080003,"C3B_STC_APP_BOOK0_T1 - Copy",120243254726810003,2026-05-04,"Instagram Reels",iphone,instagram,iphone,,,,2026-05-02,Ongoing,"1-day click",,,,,,,,,,,,,,,,,,,,,,1,,,,,,,,,,,,,,,,,,,,,,,,,2026-05-04,2026-05-04
"BOOK0_APP_MAY26_IOS_MST _V1 [iOS]",120243244936220003,C3_APB_TOP_1865_IOS_BOOK0_V1,120243248616080003,"C3B_STC_APP_BOOK0_T1 - Copy",120243254726810003,2026-05-04,Feed,iphone,instagram,iphone,,,,2026-05-02,Ongoing,"1-day click",,,,,,,,,,,,,,,,,,,,,,1,,,,,,,,,,,,,,,,,,,,,,,,,2026-05-04,2026-05-04
"BOOK0_APP_MAY26_IOS_MST _V1 [iOS]",120243244936220003,C4_APB_TOP_1865_IOS_BOOK0_V1,120243250336940003,C4A_STC_APP_BOOK0_T1,120243254329850003,2026-05-02,Feed,iphone,instagram,iphone,,,,2026-05-02,Ongoing,"1-day click",,,,,,,,,,,,,,,,,,,,,,1,,,,,,,,,,,,,,,,,,,,,,,,,2026-05-02,2026-05-02
"BOOK0_APP_MAY26_IOS_MST _V1 [iOS]",120243244936220003,C3_APB_TOP_1865_IOS_BOOK0_V1,120243248616080003,C3C_STC_APP_BOOK0_T1,120243254726820003,2026-05-02,Feed,ipad,facebook,ipad,,,,2026-05-02,Ongoing,"1-day click",,,,,,,,,,,,,,,,,,,,,,1,,,,,,,,,,,,,,,,,,,,,,,,,2026-05-02,2026-05-02
"BOOK0_APP_MAY26_IOS_MST _V1 [iOS]",120243244936220003,C3_APB_TOP_1865_IOS_BOOK0_V1,120243248616080003,C3C_STC_APP_BOOK0_T1,120243254726820003,2026-05-02,"Instagram Stories",iphone,instagram,iphone,,,,2026-05-02,Ongoing,"1-day click",,,,,,,,,,,,,,,,,,,,,,1,,,,,,,,,,,,,,,,,,,,,,,,,2026-05-02,2026-05-02
"BOOK0_APP_MAY26_IOS_MST _V1 [iOS]",120243244936220003,C3_APB_TOP_1865_IOS_BOOK0_V1,120243248616080003,C3D_STC_APP_BOOK0_T1,120243248616090003,2026-05-02,Feed,iphone,facebook,iphone,,,,2026-05-02,Ongoing,"1-day click",,,,,,,,,,,,,,,,,,,,,,3,,,,,,,,,,,,,,,,,,,,,,,,,2026-05-02,2026-05-02
"BOOK0_APP_MAY26_IOS_MST _V1 [iOS]",120243244936220003,C1_APB_TOP_1865_IOS_BOOK0_V1,120243244936240003,C1B_STC_APP_BOOK0_T1,120243248491620003,2026-05-04,Feed,iphone,instagram,iphone,,,,2026-05-02,Ongoing,"1-day click",,,,,,,,,,,,,,,,,,,,,,,,,,,,,,,,,,,,,,,,,,,,,,,2026-05-04,2026-05-04
"BOOK0_APP_MAY26_IOS_MST _V1 [iOS]",120243244936220003,C1_APB_TOP_1865_IOS_BOOK0_V1,120243244936240003,C1B_STC_APP_BOOK0_T1,120243248491620003,2026-05-04,"Instagram Stories",iphone,instagram,iphone,,,,2026-05-02,Ongoing,"1-day click",,,,,,,,,,,,,,,,,,,,,,1,,,,,,,,,,,,,,,,,,,,,,,,,2026-05-04,2026-05-04
"BOOK0_APP_MAY26_IOS_MST _V1 [iOS]",120243244936220003,C2_APB_TOP_1865_IOS_BOOK0_V1,120243250336950003,C2D_STC_APP_BOOK0_T1,120243250337020003,2026-05-02,Feed,ipad,facebook,ipad,,,,2026-05-02,Ongoing,"1-day click",,,,,,,,,,,,,,,,,,,,,,1,,,,,,,,,,,,,,,,,,,,,,,,,2026-05-02,2026-05-02
"BOOK0_APP_MAY26_IOS_MST _V1 [iOS]",120243244936220003,C2_APB_TOP_1865_IOS_BOOK0_V1,120243250336950003,C2D_STC_APP_BOOK0_T1,120243250337020003,2026-05-03,Feed,iphone,instagram,iphone,,,,2026-05-02,Ongoing,"1-day click",,,,,,,,,,,,,,,,,,,,,,2,,,,,,,,,,,,,,,,,,,,,,,,,2026-05-03,2026-05-03
"BOOK0_APP_MAY26_IOS_MST _V1 [iOS]",120243244936220003,C3_APB_TOP_1865_IOS_BOOK0_V1,120243248616080003,C3C_STC_APP_BOOK0_T1,120243254726820003,2026-05-03,Feed,iphone,facebook,iphone,,,,2026-05-02,Ongoing,"1-day click",,,,,,,,,,,,,,,,,,,,,,2,,,,,,,,,,,,,,,,,,,,,,,,,2026-05-03,2026-05-03
"BOOK0_APP_MAY26_IOS_MST _V1 [iOS]",120243244936220003,C1_APB_TOP_1865_IOS_BOOK0_V1,120243244936240003,C1B_STC_APP_BOOK0_T1,120243248491620003,2026-05-04,Feed,iphone,facebook,iphone,,,,2026-05-02,Ongoing,"1-day click",,,,,,,,,,,,,,,,,,,,,,1,,,,,,,,,,,,,,,,,,,,,,,,,2026-05-04,2026-05-04
"BOOK0_APP_MAY26_IOS_MST _V1 [iOS]",120243244936220003,C4_APB_TOP_1865_IOS_BOOK0_V1,120243250336940003,C4B_STC_APP_BOOK0_T1,120243254329860003,2026-05-04,Feed,iphone,facebook,iphone,,,,2026-05-02,Ongoing,"1-day click",,,,,,,,,,,,,,,,,,,,,,3,,,,,,,,,,,,,,,,,,,,,,,,,2026-05-04,2026-05-04
"BOOK0_APP_MAY26_IOS_MST _V1 [iOS]",120243244936220003,C4_APB_TOP_1865_IOS_BOOK0_V1,120243250336940003,C4C_STC_APP_BOOK0_T1,120243250336990003,2026-05-03,Feed,iphone,instagram,iphone,,,,2026-05-02,Ongoing,"1-day click",,,,,,,,,,,,,,,,,,,,,,1,,,,,,,,,,,,,,,,,,,,,,,,,2026-05-03,2026-05-03
"BOOK0_APP_MAY26_IOS_MST _V1 [iOS]",120243244936220003,C2_APB_TOP_1865_IOS_BOOK0_V1,120243250336950003,C2B_STC_APP_BOOK0_T1,120243250337010003,2026-05-03,"Instagram Stories",iphone,instagram,iphone,,,,2026-05-02,Ongoing,"1-day click",,,,,,,,,,,,,,,,,,,,,,1,,,,,,,,,,,,,,,,,,,,,,,,,2026-05-03,2026-05-03
"BOOK0_APP_MAY26_IOS_MST _V1 [iOS]",120243244936220003,C3_APB_TOP_1865_IOS_BOOK0_V1,120243248616080003,"C3B_STC_APP_BOOK0_T1 - Copy",120243254726810003,2026-05-03,"Facebook Reels",ipad,facebook,ipad,,,,2026-05-02,Ongoing,"1-day click",,,,,,,,,,,,,,,,,,,,,,1,,,,,,,,,,,,,,,,,,,,,,,,,2026-05-03,2026-05-03
"BOOK0_APP_MAY26_IOS_MST _V1 [iOS]",120243244936220003,C2_APB_TOP_1865_IOS_BOOK0_V1,120243250336950003,C2B_STC_APP_BOOK0_T1,120243250337010003,2026-05-02,"Instagram Stories",iphone,instagram,iphone,,,,2026-05-02,Ongoing,"1-day click",,,,,,,,,,,,,,,,,,,,,,1,,,,,,,,,,,,,,,,,,,,,,,,,2026-05-02,2026-05-02
"BOOK0_APP_MAY26_IOS_MST _V1 [iOS]",120243244936220003,C4_APB_TOP_1865_IOS_BOOK0_V1,120243250336940003,C4D_STC_APP_BOOK0_T1,120243254329870003,2026-05-03,"Facebook Reels",iphone,facebook,iphone,,,,2026-05-02,Ongoing,"1-day click",,,,,,,,,,,,,,,,,,,,,,2,,,,,,,,,,,,,,,,,,,,,,,,,2026-05-03,2026-05-03
"BOOK0_APP_MAY26_IOS_MST _V1 [iOS]",120243244936220003,C4_APB_TOP_1865_IOS_BOOK0_V1,120243250336940003,C4D_STC_APP_BOOK0_T1,120243254329870003,2026-05-03,"Facebook Reels",ipad,facebook,ipad,,,,2026-05-02,Ongoing,"1-day click",,,,,,,,,,,,,,,,,,,,,,2,,,,,,,,,,,,,,,,,,,,,,,,,2026-05-03,2026-05-03
"BOOK0_APP_MAY26_IOS_MST _V1 [iOS]",120243244936220003,C3_APB_TOP_1865_IOS_BOOK0_V1,120243248616080003,C3D_STC_APP_BOOK0_T1,120243248616090003,2026-05-03,Feed,iphone,facebook,iphone,,,,2026-05-02,Ongoing,"1-day click",,,,,,,,,,,,,,,,,,,,,,1,,,,,,,,,,,,,,,,,,,,,,,,,2026-05-03,2026-05-03
"BOOK0_APP_MAY26_IOS_MST _V1 [iOS]",120243244936220003,C3_APB_TOP_1865_IOS_BOOK0_V1,120243248616080003,C3D_STC_APP_BOOK0_T1,120243248616090003,2026-05-03,Feed,iphone,instagram,iphone,,,,2026-05-02,Ongoing,"1-day click",,,,,,,,,,,,,,,,,,,,,,1,,,,,,,,,,,,,,,,,,,,,,,,,2026-05-03,2026-05-03
"BOOK0_APP_MAY26_IOS_MST _V1 [iOS]",120243244936220003,C4_APB_TOP_1865_IOS_BOOK0_V1,120243250336940003,C4D_STC_APP_BOOK0_T1,120243254329870003,2026-05-03,Feed,iphone,instagram,iphone,,,,2026-05-02,Ongoing,"1-day click",,,,,,,,,,,,,,,,,,,,,,4,,,,,,,,,,,,,,,,,,,,,,,,,2026-05-03,2026-05-03
"BOOK0_APP_MAY26_IOS_MST _V1 [iOS]",120243244936220003,C4_APB_TOP_1865_IOS_BOOK0_V1,120243250336940003,C4D_STC_APP_BOOK0_T1,120243254329870003,2026-05-03,"Facebook Stories",iphone,facebook,iphone,,,,2026-05-02,Ongoing,"1-day click",,,,,,,,,,,,,,,,,,,,,,1,,,,,,,,,,,,,,,,,,,,,,,,,2026-05-03,2026-05-03
"BOOK0_APP_MAY26_IOS_MST _V1 [iOS]",120243244936220003,C4_APB_TOP_1865_IOS_BOOK0_V1,120243250336940003,C4D_STC_APP_BOOK0_T1,120243254329870003,2026-05-03,Feed,iphone,facebook,iphone,,,,2026-05-02,Ongoing,"1-day click",,,,,,,,,,,,,,,,,,,,,,4,,,,,,,,,,,,,,,,,,,,,,,,,2026-05-03,2026-05-03
"BOOK0_APP_MAY26_IOS_MST _V1 [iOS]",120243244936220003,C2_APB_TOP_1865_IOS_BOOK0_V1,120243250336950003,C2D_STC_APP_BOOK0_T1,120243250337020003,2026-05-02,"Native, banner & interstitial",iphone,audience_network,iphone,,,,2026-05-02,Ongoing,"1-day click",,,,,,,,,,,,,,,,,,,,,,1,,,,,,,,,,,,,,,,,,,,,,,,,2026-05-02,2026-05-02
"BOOK0_APP_MAY26_IOS_MST _V1 [iOS]",120243244936220003,C1_APB_TOP_1865_IOS_BOOK0_V1,120243244936240003,C1A_STC_APP_BOOK0_T1,120243244936230003,2026-05-02,"Instagram Reels",iphone,instagram,iphone,,,,2026-05-02,Ongoing,"1-day click",,,,,,,,,,,,,,,,,,,,,,1,,,,,,,,,,,,,,,,,,,,,,,,,2026-05-02,2026-05-02
"BOOK0_APP_MAY26_IOS_MST _V1 [iOS]",120243244936220003,C4_APB_TOP_1865_IOS_BOOK0_V1,120243250336940003,C4D_STC_APP_BOOK0_T1,120243254329870003,2026-05-03,"Instagram Stories",iphone,instagram,iphone,,,,2026-05-02,Ongoing,"1-day click",,,,,,,,,,,,,,,,,,,,,,6,,,,,,,,,,,,,,,,,,,,,,,,,2026-05-03,2026-05-03
"BOOK0_APP_MAY26_IOS_MST _V1 [iOS]",120243244936220003,C2_APB_TOP_1865_IOS_BOOK0_V1,120243250336950003,C2B_STC_APP_BOOK0_T1,120243250337010003,2026-05-02,Feed,iphone,instagram,iphone,,,,2026-05-02,Ongoing,"1-day click",,,,,,,,,,,,,,,,,,,,,,1,,,,,,,,,,,,,,,,,,,,,,,,,2026-05-02,2026-05-02
"BOOK0_APP_MAY26_IOS_MST _V1 [iOS]",120243244936220003,C2_APB_TOP_1865_IOS_BOOK0_V1,120243250336950003,C2B_STC_APP_BOOK0_T1,120243250337010003,2026-05-02,"Instagram Reels",iphone,instagram,iphone,,,,2026-05-02,Ongoing,"1-day click",,,,,,,,,,,,,,,,,,,,,,4,,,,,,,,,,,,,,,,,,,,,,,,,2026-05-02,2026-05-02
"BOOK0_APP_MAY26_IOS_MST _V1 [iOS]",120243244936220003,C4_APB_TOP_1865_IOS_BOOK0_V1,120243250336940003,C4D_STC_APP_BOOK0_T1,120243254329870003,2026-05-03,Feed,ipad,facebook,ipad,,,,2026-05-02,Ongoing,"1-day click",,,,,,,,,,,,,,,,,,,,,,1,,,,,,,,,,,,,,,,,,,,,,,,,2026-05-03,2026-05-03
"BOOK0_APP_MAY26_IOS_MST _V1 [iOS]",120243244936220003,C1_APB_TOP_1865_IOS_BOOK0_V1,120243244936240003,C1A_STC_APP_BOOK0_T1,120243244936230003,2026-05-02,Feed,iphone,facebook,iphone,,,,2026-05-02,Ongoing,"1-day click",,,,,,,,,,,,,,,,,,,,,,2,,,,,,,,,,,,,,,,,,,,,,,,,2026-05-02,2026-05-02
"BOOK0_APP_MAY26_IOS_MST _V1 [iOS]",120243244936220003,C2_APB_TOP_1865_IOS_BOOK0_V1,120243250336950003,C2B_STC_APP_BOOK0_T1,120243250337010003,2026-05-03,"Facebook Reels",ipad,facebook,ipad,,,,2026-05-02,Ongoing,"1-day click",,,,,,,,,,,,,,,,,,,,,,1,,,,,,,,,,,,,,,,,,,,,,,,,2026-05-03,2026-05-03
"BOOK0_APP_MAY26_IOS_MST _V1 [iOS]",120243244936220003,C1_APB_TOP_1865_IOS_BOOK0_V1,120243244936240003,C1A_STC_APP_BOOK0_T1,120243244936230003,2026-05-03,"Threads feed",iphone,threads,iphone,,,,2026-05-02,Ongoing,"1-day click",,,,,,,,,,,,,,,,,,,,,,1,,,,,,,,,,,,,,,,,,,,,,,,,2026-05-03,2026-05-03
"BOOK0_APP_MAY26_IOS_MST _V1 [iOS]",120243244936220003,C1_APB_TOP_1865_IOS_BOOK0_V1,120243244936240003,C1A_STC_APP_BOOK0_T1,120243244936230003,2026-05-03,Feed,iphone,facebook,iphone,,,,2026-05-02,Ongoing,"1-day click",,,,,,,,,,,,,,,,,,,,,,2,,,,,,,,,,,,,,,,,,,,,,,,,2026-05-03,2026-05-03
"BOOK0_APP_MAY26_IOS_MST _V1 [iOS]",120243244936220003,C1_APB_TOP_1865_IOS_BOOK0_V1,120243244936240003,C1A_STC_APP_BOOK0_T1,120243244936230003,2026-05-03,"Instagram Stories",iphone,instagram,iphone,,,,2026-05-02,Ongoing,"1-day click",,,,,,,,,,,,,,,,,,,,,,2,,,,,,,,,,,,,,,,,,,,,,,,,2026-05-03,2026-05-03
"BOOK0_APP_MAY26_IOS_MST _V1 [iOS]",120243244936220003,C1_APB_TOP_1865_IOS_BOOK0_V1,120243244936240003,C1A_STC_APP_BOOK0_T1,120243244936230003,2026-05-03,Feed,iphone,instagram,iphone,,,,2026-05-02,Ongoing,"1-day click",,,,,,,,,,,,,,,,,,,,,,1,,,,,,,,,,,,,,,,,,,,,,,,,2026-05-03,2026-05-03
"BOOK0_APP_MAY26_IOS_MST _V1 [iOS]",120243244936220003,C2_APB_TOP_1865_IOS_BOOK0_V1,120243250336950003,C2B_STC_APP_BOOK0_T1,120243250337010003,2026-05-02,"Facebook Reels",iphone,facebook,iphone,,,,2026-05-02,Ongoing,"1-day click",,,,,,,,,,,,,,,,,,,,,,1,,,,,,,,,,,,,,,,,,,,,,,,,2026-05-02,2026-05-02
"BOOK0_APP_MAY26_IOS_MST _V1 [iOS]",120243244936220003,C2_APB_TOP_1865_IOS_BOOK0_V1,120243250336950003,C2B_STC_APP_BOOK0_T1,120243250337010003,2026-05-03,"Threads feed",iphone,threads,iphone,,,,2026-05-02,Ongoing,"1-day click",,,,,,,,,,,,,,,,,,,,,,2,,,,,,,,,,,,,,,,,,,,,,,,,2026-05-03,2026-05-03
"BOOK0_APP_MAY26_IOS_MST _V1 [iOS]",120243244936220003,C2_APB_TOP_1865_IOS_BOOK0_V1,120243250336950003,C2B_STC_APP_BOOK0_T1,120243250337010003,2026-05-03,Feed,iphone,instagram,iphone,,,,2026-05-02,Ongoing,"1-day click",,,,,,,,,,,,,,,,,,,,,,2,,,,,,,,,,,,,,,,,,,,,,,,,2026-05-03,2026-05-03
"BOOK0_APP_MAY26_IOS_MST _V1 [iOS]",120243244936220003,C2_APB_TOP_1865_IOS_BOOK0_V1,120243250336950003,C2B_STC_APP_BOOK0_T1,120243250337010003,2026-05-03,Feed,iphone,facebook,iphone,,,,2026-05-02,Ongoing,"1-day click",,,,,,,,,,,,,,,,,,,,,,21,,,,,,,,,,,,,,,,,,,,,,,,,2026-05-03,2026-05-03
"BOOK0_APP_MAY26_IOS_MST _V1 [iOS]",120243244936220003,C2_APB_TOP_1865_IOS_BOOK0_V1,120243250336950003,C2B_STC_APP_BOOK0_T1,120243250337010003,2026-05-03,"Facebook Reels",iphone,facebook,iphone,,,,2026-05-02,Ongoing,"1-day click",,,,,,,,,,,,,,,,,,,,,,5,,,,,,,,,,,,,,,,,,,,,,,,,2026-05-03,2026-05-03
"BOOK0_APP_MAY26_IOS_MST _V1 [iOS]",120243244936220003,C2_APB_TOP_1865_IOS_BOOK0_V1,120243250336950003,C2B_STC_APP_BOOK0_T1,120243250337010003,2026-05-03,Feed,ipad,facebook,ipad,,,,2026-05-02,Ongoing,"1-day click",,,,,,,,,,,,,,,,,,,,,,1,,,,,,,,,,,,,,,,,,,,,,,,,2026-05-03,2026-05-03
"BOOK0_APP_MAY26_IOS_MST _V1 [iOS]",120243244936220003,C2_APB_TOP_1865_IOS_BOOK0_V1,120243250336950003,C2B_STC_APP_BOOK0_T1,120243250337010003,2026-05-02,Feed,iphone,facebook,iphone,,,,2026-05-02,Ongoing,"1-day click",,,,,,,,,,,,,,,,,,,,,,6,,,,,,,,,,,,,,,,,,,,,,,,,2026-05-02,2026-05-02
"BOOK0_APP_MAY26_IOS_MST _V1 [iOS]",120243244936220003,C2_APB_TOP_1865_IOS_BOOK0_V1,120243250336950003,C2B_STC_APP_BOOK0_T1,120243250337010003,2026-05-02,"Threads feed",iphone,threads,iphone,,,,2026-05-02,Ongoing,"1-day click",,,,,,,,,,,,,,,,,,,,,,2,,,,,,,,,,,,,,,,,,,,,,,,,2026-05-02,2026-05-02
"BOOK0_APP_MAY26_IOS_MST _V1 [iOS]",120243244936220003,C2_APB_TOP_1865_IOS_BOOK0_V1,120243250336950003,C2B_STC_APP_BOOK0_T1,120243250337010003,2026-05-03,"Instagram Reels",iphone,instagram,iphone,,,,2026-05-02,Ongoing,"1-day click",,,,,,,,,,,,,,,,,,,,,,3,,,,,,,,,,,,,,,,,,,,,,,,,2026-05-03,2026-05-03
"BOOK0_APP_MAY26_IOS_MST _V1 [iOS]",120243244936220003,C3_APB_TOP_1865_IOS_BOOK0_V1,120243248616080003,"C3B_STC_APP_BOOK0_T1 - Copy",120243254726810003,2026-05-03,"Facebook Reels",iphone,facebook,iphone,,,,2026-05-02,Ongoing,"1-day click",,,,,,,,,,,,,,,,,,,,,,1,,,,,,,,,,,,,,,,,,,,,,,,,2026-05-03,2026-05-03
"BOOK0_APP_MAY26_IOS_MST _V1 [iOS]",120243244936220003,C1_APB_TOP_1865_IOS_BOOK0_V1,120243244936240003,C1B_STC_APP_BOOK0_T1,120243248491620003,2026-05-04,"Instagram Reels",iphone,instagram,iphone,,,,2026-05-02,Ongoing,"1-day click",,,,,,,,,,,,,,,,,,,,,,1,,,,,,,,,,,,,,,,,,,,,,,,,2026-05-04,2026-05-04
"BOOK0_APP_MAY26_IOS_MST _V1 [iOS]",120243244936220003,C3_APB_TOP_1865_IOS_BOOK0_V1,120243248616080003,"C3B_STC_APP_BOOK0_T1 - Copy",120243254726810003,2026-05-03,"Instagram Reels",iphone,instagram,iphone,,,,2026-05-02,Ongoing,"1-day click",,,,,,,,,,,,,,,,,,,,,,2,,,,,,,,,,,,,,,,,,,,,,,,,2026-05-03,2026-05-03
"BOOK0_APP_MAY26_IOS_MST _V1 [iOS]",120243244936220003,C2_APB_TOP_1865_IOS_BOOK0_V1,120243250336950003,C2C_STC_APP_BOOK0_T1,120243250336970003,2026-05-02,Feed,iphone,facebook,iphone,,,,2026-05-02,Ongoing,"1-day click",,,,,,,,,,,,,,,,,,,,,,1,,,,,,,,,,,,,,,,,,,,,,,,,2026-05-02,2026-05-02
"BOOK0_APP_MAY26_IOS_MST _V1 [iOS]",120243244936220003,C1_APB_TOP_1865_IOS_BOOK0_V1,120243244936240003,C1D_STC_APP_BOOK0_T1,120243248501300003,2026-05-04,"Threads feed",iphone,threads,iphone,,,,2026-05-02,Ongoing,"1-day click",,,,,,,,,,,,,,,,,,,,,,2,,,,,,,,,,,,,,,,,,,,,,,,,2026-05-04,2026-05-04
"BOOK0_APP_MAY26_IOS_MST _V1 [iOS]",120243244936220003,C1_APB_TOP_1865_IOS_BOOK0_V1,120243244936240003,C1D_STC_APP_BOOK0_T1,120243248501300003,2026-05-04,"Facebook Notifications",iphone,facebook,iphone,,,,2026-05-02,Ongoing,"1-day click",,,,,,,,,,,,,,,,,,,,,,1,,,,,,,,,,,,,,,,,,,,,,,,,2026-05-04,2026-05-04
"BOOK0_APP_MAY26_IOS_MST _V1 [iOS]",120243244936220003,C1_APB_TOP_1865_IOS_BOOK0_V1,120243244936240003,C1D_STC_APP_BOOK0_T1,120243248501300003,2026-05-04,"Facebook Stories",iphone,facebook,iphone,,,,2026-05-02,Ongoing,"1-day click",,,,,,,,,,,,,,,,,,,,,,1,,,,,,,,,,,,,,,,,,,,,,,,,2026-05-04,2026-05-04
"BOOK0_APP_MAY26_IOS_MST _V1 [iOS]",120243244936220003,C3_APB_TOP_1865_IOS_BOOK0_V1,120243248616080003,C3D_STC_APP_BOOK0_T1,120243248616090003,2026-05-02,"Facebook Notifications",iphone,facebook,iphone,,,,2026-05-02,Ongoing,"1-day click",,,,,,,,,,,,,,,,,,,,,,1,,,,,,,,,,,,,,,,,,,,,,,,,2026-05-02,2026-05-02
"BOOK0_APP_MAY26_IOS_MST _V1 [iOS]",120243244936220003,C3_APB_TOP_1865_IOS_BOOK0_V1,120243248616080003,"C3B_STC_APP_BOOK0_T1 - Copy",120243254726810003,2026-05-03,Feed,iphone,instagram,iphone,,,,2026-05-02,Ongoing,"1-day click",,,,,,,,,,,,,,,,,,,,,,1,,,,,,,,,,,,,,,,,,,,,,,,,2026-05-03,2026-05-03
"BOOK0_APP_MAY26_IOS_MST _V1 [iOS]",120243244936220003,C1_APB_TOP_1865_IOS_BOOK0_V1,120243244936240003,C1D_STC_APP_BOOK0_T1,120243248501300003,2026-05-03,"Instagram Reels",iphone,instagram,iphone,,,,2026-05-02,Ongoing,"1-day click",,,,,,,,,,,,,,,,,,,,,,3,,,,,,,,,,,,,,,,,,,,,,,,,2026-05-03,2026-05-03
"BOOK0_APP_MAY26_IOS_MST _V1 [iOS]",120243244936220003,C1_APB_TOP_1865_IOS_BOOK0_V1,120243244936240003,C1D_STC_APP_BOOK0_T1,120243248501300003,2026-05-03,Feed,iphone,instagram,iphone,,,,2026-05-02,Ongoing,"1-day click",,,,,,,,,,,,,,,,,,,,,,1,,,,,,,,,,,,,,,,,,,,,,,,,2026-05-03,2026-05-03
"BOOK0_APP_MAY26_IOS_MST _V1 [iOS]",120243244936220003,C3_APB_TOP_1865_IOS_BOOK0_V1,120243248616080003,"C3A_STC_APP_BOOK0_T1 - Copy",120243254726800003,2026-05-03,Feed,ipad,instagram,ipad,,,,2026-05-02,Ongoing,"1-day click",,,,,,,,,,,,,,,,,,,,,,1,,,,,,,,,,,,,,,,,,,,,,,,,2026-05-03,2026-05-03
"BOOK0_APP_MAY26_IOS_MST _V1 [iOS]",120243244936220003,C3_APB_TOP_1865_IOS_BOOK0_V1,120243248616080003,"C3A_STC_APP_BOOK0_T1 - Copy",120243254726800003,2026-05-03,"Facebook Reels",ipad,facebook,ipad,,,,2026-05-02,Ongoing,"1-day click",,,,,,,,,,,,,,,,,,,,,,2,,,,,,,,,,,,,,,,,,,,,,,,,2026-05-03,2026-05-03
"BOOK0_APP_MAY26_IOS_MST _V1 [iOS]",120243244936220003,C2_APB_TOP_1865_IOS_BOOK0_V1,120243250336950003,C2C_STC_APP_BOOK0_T1,120243250336970003,2026-05-02,"Instagram Reels",iphone,instagram,iphone,,,,2026-05-02,Ongoing,"1-day click",,,,,,,,,,,,,,,,,,,,,,2,,,,,,,,,,,,,,,,,,,,,,,,,2026-05-02,2026-05-02
"BOOK0_APP_MAY26_IOS_MST _V1 [iOS]",120243244936220003,C3_APB_TOP_1865_IOS_BOOK0_V1,120243248616080003,"C3A_STC_APP_BOOK0_T1 - Copy",120243254726800003,2026-05-03,Feed,ipad,facebook,ipad,,,,2026-05-02,Ongoing,"1-day click",,,,,,,,,,,,,,,,,,,,,,1,,,,,,,,,,,,,,,,,,,,,,,,,2026-05-03,2026-05-03
"BOOK0_APP_MAY26_IOS_MST _V1 [iOS]",120243244936220003,C1_APB_TOP_1865_IOS_BOOK0_V1,120243244936240003,C1D_STC_APP_BOOK0_T1,120243248501300003,2026-05-04,Feed,iphone,facebook,iphone,,,,2026-05-02,Ongoing,"1-day click",,,,,,,,,,,,,,,,,,,,,,4,,,,,,,,,,,,,,,,,,,,,,,,,2026-05-04,2026-05-04
"BOOK0_APP_MAY26_IOS_MST _V1 [iOS]",120243244936220003,C4_APB_TOP_1865_IOS_BOOK0_V1,120243250336940003,C4C_STC_APP_BOOK0_T1,120243250336990003,2026-05-04,"Threads feed",iphone,threads,iphone,,,,2026-05-02,Ongoing,"1-day click",,,,,,,,,,,,,,,,,,,,,,1,,,,,,,,,,,,,,,,,,,,,,,,,2026-05-04,2026-05-04
"BOOK0_APP_MAY26_IOS_MST _V1 [iOS]",120243244936220003,C4_APB_TOP_1865_IOS_BOOK0_V1,120243250336940003,C4C_STC_APP_BOOK0_T1,120243250336990003,2026-05-04,"Native, banner & interstitial",iphone,audience_network,iphone,,,,2026-05-02,Ongoing,"1-day click",,,,,,,,,,,,,,,,,,,,,,1,,,,,,,,,,,,,,,,,,,,,,,,,2026-05-04,2026-05-04
"BOOK0_APP_MAY26_IOS_MST _V1 [iOS]",120243244936220003,C3_APB_TOP_1865_IOS_BOOK0_V1,120243248616080003,"C3A_STC_APP_BOOK0_T1 - Copy",120243254726800003,2026-05-03,"Threads feed",ipad,threads,ipad,,,,2026-05-02,Ongoing,"1-day click",,,,,,,,,,,,,,,,,,,,,,1,,,,,,,,,,,,,,,,,,,,,,,,,2026-05-03,2026-05-03
"BOOK0_APP_MAY26_IOS_MST _V1 [iOS]",120243244936220003,C3_APB_TOP_1865_IOS_BOOK0_V1,120243248616080003,"C3A_STC_APP_BOOK0_T1 - Copy",120243254726800003,2026-05-03,"Facebook Reels",iphone,facebook,iphone,,,,2026-05-02,Ongoing,"1-day click",,,,,,,,,,,,,,,,,,,,,,9,,,,,,,,,,,,,,,,,,,,,,,,,2026-05-03,2026-05-03
"BOOK0_APP_MAY26_IOS_MST _V1 [iOS]",120243244936220003,C3_APB_TOP_1865_IOS_BOOK0_V1,120243248616080003,"C3A_STC_APP_BOOK0_T1 - Copy",120243254726800003,2026-05-03,Feed,iphone,instagram,iphone,,,,2026-05-02,Ongoing,"1-day click",,,,,,,,,,,,,,,,,,,,,,6,,,,,,,,,,,,,,,,,,,,,,,,,2026-05-03,2026-05-03
"BOOK0_APP_MAY26_IOS_MST _V1 [iOS]",120243244936220003,C3_APB_TOP_1865_IOS_BOOK0_V1,120243248616080003,"C3A_STC_APP_BOOK0_T1 - Copy",120243254726800003,2026-05-03,Feed,iphone,facebook,iphone,,,,2026-05-02,Ongoing,"1-day click",,,,,,,,,,,,,,,,,,,,,,4,,,,,,,,,,,,,,,,,,,,,,,,,2026-05-03,2026-05-03
"BOOK0_APP_MAY26_IOS_MST _V1 [iOS]",120243244936220003,C3_APB_TOP_1865_IOS_BOOK0_V1,120243248616080003,"C3A_STC_APP_BOOK0_T1 - Copy",120243254726800003,2026-05-03,"Threads feed",iphone,threads,iphone,,,,2026-05-02,Ongoing,"1-day click",,,,,,,,,,,,,,,,,,,,,,1,,,,,,,,,,,,,,,,,,,,,,,,,2026-05-03,2026-05-03
"BOOK0_APP_MAY26_IOS_MST _V1 [iOS]",120243244936220003,C1_APB_TOP_1865_IOS_BOOK0_V1,120243244936240003,C1B_STC_APP_BOOK0_T1,120243248491620003,2026-05-03,"Instagram Stories",iphone,instagram,iphone,,,,2026-05-02,Ongoing,"1-day click",,,,,,,,,,,,,,,,,,,,,,1,,,,,,,,,,,,,,,,,,,,,,,,,2026-05-03,2026-05-03
"BOOK0_APP_MAY26_IOS_MST _V1 [iOS]",120243244936220003,C1_APB_TOP_1865_IOS_BOOK0_V1,120243244936240003,C1B_STC_APP_BOOK0_T1,120243248491620003,2026-05-03,Feed,iphone,instagram,iphone,,,,2026-05-02,Ongoing,"1-day click",,,,,,,,,,,,,,,,,,,,,,2,,,,,,,,,,,,,,,,,,,,,,,,,2026-05-03,2026-05-03
"BOOK0_APP_MAY26_IOS_MST _V1 [iOS]",120243244936220003,C4_APB_TOP_1865_IOS_BOOK0_V1,120243250336940003,C4B_STC_APP_BOOK0_T1,120243254329860003,2026-05-03,Feed,iphone,instagram,iphone,,,,2026-05-02,Ongoing,"1-day click",,,,,,,,,,,,,,,,,,,,,,1,,,,,,,,,,,,,,,,,,,,,,,,,2026-05-03,2026-05-03
"BOOK0_APP_MAY26_IOS_MST _V1 [iOS]",120243244936220003,C1_APB_TOP_1865_IOS_BOOK0_V1,120243244936240003,C1D_STC_APP_BOOK0_T1,120243248501300003,2026-05-04,Feed,iphone,instagram,iphone,,,,2026-05-02,Ongoing,"1-day click",,,,,,,,,,,,,,,,,,,,,,4,,,,,,,,,,,,,,,,,,,,,,,,,2026-05-04,2026-05-04
"BOOK0_APP_MAY26_IOS_MST _V1 [iOS]",120243244936220003,C3_APB_TOP_1865_IOS_BOOK0_V1,120243248616080003,C3D_STC_APP_BOOK0_T1,120243248616090003,2026-05-03,"Facebook Reels",iphone,facebook,iphone,,,,2026-05-02,Ongoing,"1-day click",,,,,,,,,,,,,,,,,,,,,,1,,,,,,,,,,,,,,,,,,,,,,,,,2026-05-03,2026-05-03
"BOOK0_APP_MAY26_IOS_MST _V1 [iOS]",120243244936220003,C1_APB_TOP_1865_IOS_BOOK0_V1,120243244936240003,C1D_STC_APP_BOOK0_T1,120243248501300003,2026-05-03,Feed,iphone,facebook,iphone,,,,2026-05-02,Ongoing,"1-day click",,,,,,,,,,,,,,,,,,,,,,5,,,,,,,,,,,,,,,,,,,,,,,,,2026-05-03,2026-05-03
"BOOK0_APP_MAY26_IOS_MST _V1 [iOS]",120243244936220003,C3_APB_TOP_1865_IOS_BOOK0_V1,120243248616080003,"C3A_STC_APP_BOOK0_T1 - Copy",120243254726800003,2026-05-04,Feed,iphone,facebook,iphone,,,,2026-05-02,Ongoing,"1-day click",,,,,,,,,,,,,,,,,,,,,,4,,,,,,,,,,,,,,,,,,,,,,,,,2026-05-04,2026-05-04
"BOOK0_APP_MAY26_IOS_MST _V1 [iOS]",120243244936220003,C1_APB_TOP_1865_IOS_BOOK0_V1,120243244936240003,C1D_STC_APP_BOOK0_T1,120243248501300003,2026-05-04,"In-stream reels",iphone,facebook,iphone,,,,2026-05-02,Ongoing,"1-day click",,,,,,,,,,,,,,,,,,,,,,1,,,,,,,,,,,,,,,,,,,,,,,,,2026-05-04,2026-05-04
"BOOK0_APP_MAY26_IOS_MST _V1 [iOS]",120243244936220003,C3_APB_TOP_1865_IOS_BOOK0_V1,120243248616080003,"C3B_STC_APP_BOOK0_T1 - Copy",120243254726810003,2026-05-03,Feed,iphone,facebook,iphone,,,,2026-05-02,Ongoing,"1-day click",,,,,,,,,,,,,,,,,,,,,,1,,,,,,,,,,,,,,,,,,,,,,,,,2026-05-03,2026-05-03
"BOOK0_APP_MAY26_IOS_MST _V1 [iOS]",120243244936220003,C1_APB_TOP_1865_IOS_BOOK0_V1,120243244936240003,C1D_STC_APP_BOOK0_T1,120243248501300003,2026-05-04,"Instagram Stories",iphone,instagram,iphone,,,,2026-05-02,Ongoing,"1-day click",,,,,,,,,,,,,,,,,,,,,,2,,,,,,,,,,,,,,,,,,,,,,,,,2026-05-04,2026-05-04
"BOOK0_APP_MAY26_IOS_MST _V1 [iOS]",120243244936220003,C3_APB_TOP_1865_IOS_BOOK0_V1,120243248616080003,"C3B_STC_APP_BOOK0_T1 - Copy",120243254726810003,2026-05-03,"Instagram Stories",iphone,instagram,iphone,,,,2026-05-02,Ongoing,"1-day click",,,,,,,,,,,,,,,,,,,,,,1,,,,,,,,,,,,,,,,,,,,,,,,,2026-05-03,2026-05-03
"BOOK0_APP_MAY26_IOS_MST _V1 [iOS]",120243244936220003,C1_APB_TOP_1865_IOS_BOOK0_V1,120243244936240003,C1D_STC_APP_BOOK0_T1,120243248501300003,2026-05-03,Feed,ipad,facebook,ipad,,,,2026-05-02,Ongoing,"1-day click",,,,,,,,,,,,,,,,,,,,,,1,,,,,,,,,,,,,,,,,,,,,,,,,2026-05-03,2026-05-03
"BOOK0_APP_MAY26_IOS_MST _V1 [iOS]",120243244936220003,C1_APB_TOP_1865_IOS_BOOK0_V1,120243244936240003,C1D_STC_APP_BOOK0_T1,120243248501300003,2026-05-04,"Facebook Reels",iphone,facebook,iphone,,,,2026-05-02,Ongoing,"1-day click",,,,,,,,,,,,,,,,,,,,,,1,,,,,,,,,,,,,,,,,,,,,,,,,2026-05-04,2026-05-04
"BOOK0_APP_MAY26_IOS_MST _V1 [iOS]",120243244936220003,C1_APB_TOP_1865_IOS_BOOK0_V1,120243244936240003,C1D_STC_APP_BOOK0_T1,120243248501300003,2026-05-03,"Facebook Reels",iphone,facebook,iphone,,,,2026-05-02,Ongoing,"1-day click",,,,,,,,,,,,,,,,,,,,,,1,,,,,,,,,,,,,,,,,,,,,,,,,2026-05-03,2026-05-03
"BOOK0_APP_MAY26_IOS_MST _V1 [iOS]",120243244936220003,C1_APB_TOP_1865_IOS_BOOK0_V1,120243244936240003,C1D_STC_APP_BOOK0_T1,120243248501300003,2026-05-04,"Instagram Reels",iphone,instagram,iphone,,,,2026-05-02,Ongoing,"1-day click",,,,,,,,,,,,,,,,,,,,,,1,,,,,,,,,,,,,,,,,,,,,,,,,2026-05-04,2026-05-04
"BOOK0_APP_MAY26_IOS_MST _V1 [iOS]",120243244936220003,C3_APB_TOP_1865_IOS_BOOK0_V1,120243248616080003,"C3A_STC_APP_BOOK0_T1 - Copy",120243254726800003,2026-05-04,"Threads feed",iphone,threads,iphone,,,,2026-05-02,Ongoing,"1-day click",,,,,,,,,,,,,,,,,,,,,,1,,,,,,,,,,,,,,,,,,,,,,,,,2026-05-04,2026-05-04
"BOOK0_APP_MAY26_IOS_MST _V1 [iOS]",120243244936220003,C3_APB_TOP_1865_IOS_BOOK0_V1,120243248616080003,"C3A_STC_APP_BOOK0_T1 - Copy",120243254726800003,2026-05-04,Feed,iphone,instagram,iphone,,,,2026-05-02,Ongoing,"1-day click",,,,,,,,,,,,,,,,,,,,,,2,,,,,,,,,,,,,,,,,,,,,,,,,2026-05-04,2026-05-04
"BOOK0_APP_MAY26_IOS_MST _V1 [iOS]",120243244936220003,C3_APB_TOP_1865_IOS_BOOK0_V1,120243248616080003,"C3A_STC_APP_BOOK0_T1 - Copy",120243254726800003,2026-05-04,"Facebook Reels",iphone,facebook,iphone,,,,2026-05-02,Ongoing,"1-day click",,,,,,,,,,,,,,,,,,,,,,4,,,,,,,,,,,,,,,,,,,,,,,,,2026-05-04,2026-05-04
"BOOK0_APP_MAY26_IOS_MST _V1 [iOS]",120243244936220003,C3_APB_TOP_1865_IOS_BOOK0_V1,120243248616080003,"C3A_STC_APP_BOOK0_T1 - Copy",120243254726800003,2026-05-04,Feed,ipad,facebook,ipad,,,,2026-05-02,Ongoing,"1-day click",,,,,,,,,,,,,,,,,,,,,,1,,,,,,,,,,,,,,,,,,,,,,,,,2026-05-04,2026-05-04
"BOOK0_APP_MAY26_ADR_MST_V1 [Android]",120243254910040003,C2_APB_TOP_1865_ADR_BOOK0_V2,120243254910060003,C2B_STC_APP_BOOK0_T2,120243254910110003,2026-05-10,"Instagram Reels",android_smartphone,instagram,android_smartphone,,,,2026-05-02,Ongoing,"1-day click, 1-day view, or 1-day engaged-view",,,,,,,,,,,,,,,,,,,,,,1,,,,,,,,,,,,1,,,,,1,,,,,,,,2026-05-10,2026-05-10
"BOOK0_APP_MAY26_ADR_MST_V1 [Android]",120243254910040003,C1_APB_TOP_1865_ADR_BOOK0_V2,120243254910070003,C1D_STC_APP_BOOK0_T2,120243254910190003,2026-05-11,"Native, banner & interstitial",android_smartphone,audience_network,android_smartphone,,,,2026-05-02,Ongoing,"1-day click, 1-day view, or 1-day engaged-view",,,,,,,,,,,,,,,,,,,,,,3,,,,,,,,,,,,,,,,,,,,,,,,,2026-05-11,2026-05-11
"BOOK0_APP_MAY26_ADR_MST_V1 [Android]",120243254910040003,C1_APB_TOP_1865_ADR_BOOK0_V2,120243254910070003,C1D_STC_APP_BOOK0_T2,120243254910190003,2026-05-10,"Facebook Reels",android_tablet,facebook,android_tablet,,,,2026-05-02,Ongoing,"1-day click, 1-day view, or 1-day engaged-view",,,,,,,,,,,,,,,,,,,,,,2,,,,,,,,,,,,,,,,,,,,,,,,,2026-05-10,2026-05-10
"BOOK0_APP_MAY26_ADR_MST_V1 [Android]",120243254910040003,C1_APB_TOP_1865_ADR_BOOK0_V2,120243254910070003,C1D_STC_APP_BOOK0_T2,120243254910190003,2026-05-10,Feed,android_smartphone,instagram,0,,,,2026-05-02,Ongoing,"1-day click, 1-day view, or 1-day engaged-view",,,,,,,,,,,,,,,,,,,,,,,,,,,,,,,1,,,,,,,,,,,,,,,,2026-05-10,2026-05-10
"BOOK0_APP_MAY26_ADR_MST_V1 [Android]",120243254910040003,C1_APB_TOP_1865_ADR_BOOK0_V2,120243254910070003,C1D_STC_APP_BOOK0_T2,120243254910190003,2026-05-10,"Facebook Reels",android_smartphone,facebook,android_smartphone,,,,2026-05-02,Ongoing,"1-day click, 1-day view, or 1-day engaged-view",,,,,,,,,,,,,,,,,,,,,,1,,,,,,,,,,,,,,,,,,,,,,,,,2026-05-10,2026-05-10
"BOOK0_APP_MAY26_ADR_MST_V1 [Android]",120243254910040003,C1_APB_TOP_1865_ADR_BOOK0_V2,120243254910070003,C1D_STC_APP_BOOK0_T2,120243254910190003,2026-05-10,Feed,android_smartphone,instagram,android_smartphone,,,,2026-05-02,Ongoing,"1-day click, 1-day view, or 1-day engaged-view",,,,,,,,,,,,,,,,,,,,,,2,,,,,,,,,,,,1,,,1,,1,,,,,,,,2026-05-10,2026-05-10
"BOOK0_APP_MAY26_ADR_MST_V1 [Android]",120243254910040003,C1_APB_TOP_1865_ADR_BOOK0_V2,120243254910070003,C1D_STC_APP_BOOK0_T2,120243254910190003,2026-05-10,"Instagram Reels",android_smartphone,instagram,0,,,,2026-05-02,Ongoing,"1-day click, 1-day view, or 1-day engaged-view",,,,,,,,,,,,,,,,,,,,,,,,,,,,,,,1,,,,,,,,,,,,,,,,2026-05-10,2026-05-10
"BOOK0_APP_MAY26_ADR_MST_V1 [Android]",120243254910040003,C2_APB_TOP_1865_ADR_BOOK0_V2,120243254910060003,C2B_STC_APP_BOOK0_T2,120243254910110003,2026-05-08,"Instagram Reels",android_smartphone,instagram,android_smartphone,,,,2026-05-02,Ongoing,"1-day click, 1-day view, or 1-day engaged-view",,,,,,,,,,,,,,,,,,,,,,,,,,,,,,,,,,,,,,,,,,,,,,,2026-05-08,2026-05-08
"BOOK0_APP_MAY26_ADR_MST_V1 [Android]",120243254910040003,C1_APB_TOP_1865_ADR_BOOK0_V2,120243254910070003,C1D_STC_APP_BOOK0_T2,120243254910190003,2026-05-08,"Instagram Reels",android_smartphone,instagram,android_smartphone,,,,2026-05-02,Ongoing,"1-day click, 1-day view, or 1-day engaged-view",,,,,,,,,,,,,,,,,,,,,,1,,,,,,,,,,,,,,,,,,,,,,,,,2026-05-08,2026-05-08
"BOOK0_APP_MAY26_ADR_MST_V1 [Android]",120243254910040003,C2_APB_TOP_1865_ADR_BOOK0_V2,120243254910060003,C2B_STC_APP_BOOK0_T2,120243254910110003,2026-05-10,Feed,android_smartphone,instagram,android_smartphone,,,,2026-05-02,Ongoing,"1-day click, 1-day view, or 1-day engaged-view",,,,,,,,,,,,,,,,,,,,,,4,,,,,,,,,,,,1,,,2,,1,,,,,,,,2026-05-10,2026-05-10
"BOOK0_APP_MAY26_ADR_MST_V1 [Android]",120243254910040003,C2_APB_TOP_1865_ADR_BOOK0_V2,120243254910060003,C2B_STC_APP_BOOK0_T2,120243254910110003,2026-05-10,"Facebook Reels",android_smartphone,facebook,0,,,,2026-05-02,Ongoing,"1-day click, 1-day view, or 1-day engaged-view",,,,,,,,,,,,,,,,,,,,,,,,,,,,,,,2,,,,,,,,,,,,,,,,2026-05-10,2026-05-10
"BOOK0_APP_MAY26_ADR_MST_V1 [Android]",120243254910040003,C2_APB_TOP_1865_ADR_BOOK0_V2,120243254910060003,C2B_STC_APP_BOOK0_T2,120243254910110003,2026-05-10,"Facebook Reels",android_smartphone,facebook,android_smartphone,,,,2026-05-02,Ongoing,"1-day click, 1-day view, or 1-day engaged-view",,,,,,,,,,,,,,,,,,,,,,9,,,,,,,,,,,,1,,,2,,1,,1,,,,,,2026-05-10,2026-05-10
"BOOK0_APP_MAY26_ADR_MST_V1 [Android]",120243254910040003,C2_APB_TOP_1865_ADR_BOOK0_V2,120243254910060003,C2B_STC_APP_BOOK0_T2,120243254910110003,2026-05-10,Feed,android_smartphone,facebook,0,,,,2026-05-02,Ongoing,"1-day click, 1-day view, or 1-day engaged-view",,,,,,,,,,,,,,,,,,,,,,,,,,,,,,,8,,,,,,,,,,,,,,,,2026-05-10,2026-05-10
"BOOK0_APP_MAY26_ADR_MST_V1 [Android]",120243254910040003,C1_APB_TOP_1865_ADR_BOOK0_V2,120243254910070003,C1D_STC_APP_BOOK0_T2,120243254910190003,2026-05-10,"In-stream reels",android_smartphone,facebook,android_smartphone,,,,2026-05-02,Ongoing,"1-day click, 1-day view, or 1-day engaged-view",,,,,,,,,,,,,,,,,,,,,,2,,,,,,,,,,,,,,,,,,,,,,,,,2026-05-10,2026-05-10
"BOOK0_APP_MAY26_ADR_MST_V1 [Android]",120243254910040003,C1_APB_TOP_1865_ADR_BOOK0_V2,120243254910070003,C1D_STC_APP_BOOK0_T2,120243254910190003,2026-05-08,"Native, banner & interstitial",android_smartphone,audience_network,android_smartphone,,,,2026-05-02,Ongoing,"1-day click, 1-day view, or 1-day engaged-view",,,,,,,,,,,,,,,,,,,,,,1,,,,,,,,,,,,,,,,,,,,,,,,,2026-05-08,2026-05-08
"BOOK0_APP_MAY26_ADR_MST_V1 [Android]",120243254910040003,C1_APB_TOP_1865_ADR_BOOK0_V2,120243254910070003,C1D_STC_APP_BOOK0_T2,120243254910190003,2026-05-08,"Facebook Reels",android_tablet,facebook,android_tablet,,,,2026-05-02,Ongoing,"1-day click, 1-day view, or 1-day engaged-view",,,,,,,,,,,,,,,,,,,,,,1,,,,,,,,,,,,,,,,,,,,,,,,,2026-05-08,2026-05-08
"BOOK0_APP_MAY26_ADR_MST_V1 [Android]",120243254910040003,C1_APB_TOP_1865_ADR_BOOK0_V2,120243254910070003,C1D_STC_APP_BOOK0_T2,120243254910190003,2026-05-08,"In-stream reels",android_smartphone,facebook,android_smartphone,,,,2026-05-02,Ongoing,"1-day click, 1-day view, or 1-day engaged-view",,,,,,,,,,,,,,,,,,,,,,1,,,,,,,,,,,,,,,,,,,,,,,,,2026-05-08,2026-05-08
"BOOK0_APP_MAY26_ADR_MST_V1 [Android]",120243254910040003,C1_APB_TOP_1865_ADR_BOOK0_V2,120243254910070003,C1D_STC_APP_BOOK0_T2,120243254910190003,2026-05-08,Feed,android_tablet,facebook,android_tablet,,,,2026-05-02,Ongoing,"1-day click, 1-day view, or 1-day engaged-view",,,,,,,,,,,,,,,,,,,,,,2,,,,,,,,,,,,,,,,,,,,,,,,,2026-05-08,2026-05-08
"BOOK0_APP_MAY26_ADR_MST_V1 [Android]",120243254910040003,C2_APB_TOP_1865_ADR_BOOK0_V2,120243254910060003,C2B_STC_APP_BOOK0_T2,120243254910110003,2026-05-10,Unknown,other,unknown,android_smartphone,,,,2026-05-02,Ongoing,"1-day click, 1-day view, or 1-day engaged-view",,,,,,,,,,,,,,,,,,,,,,1,,,,,,,,,,,,,,,,,,,,,,,,,2026-05-10,2026-05-10
"BOOK0_APP_MAY26_ADR_MST_V1 [Android]",120243254910040003,C4_APB_TOP_1865_ADR_BOOK0_V2,120243254910200003,C4C_STC_APP_BOOK0_T2,120243254910120003,2026-05-10,Feed,android_smartphone,instagram,android_smartphone,,,,2026-05-02,Ongoing,"1-day click, 1-day view, or 1-day engaged-view",,,,,,,,,,,,,,,,,,,,,,1,,,,,,,,,,,,,,,,,,,,,,,,,2026-05-10,2026-05-10
"BOOK0_APP_MAY26_ADR_MST_V1 [Android]",120243254910040003,C4_APB_TOP_1865_ADR_BOOK0_V2,120243254910200003,C4C_STC_APP_BOOK0_T2,120243254910120003,2026-05-10,Feed,android_smartphone,facebook,android_smartphone,,,,2026-05-02,Ongoing,"1-day click, 1-day view, or 1-day engaged-view",,,,,,,,,,,,,,,,,,,,,,1,,,,,,,,,,,,,,,,,,,,,,,,,2026-05-10,2026-05-10
"BOOK0_APP_MAY26_ADR_MST_V1 [Android]",120243254910040003,C2_APB_TOP_1865_ADR_BOOK0_V2,120243254910060003,C2B_STC_APP_BOOK0_T2,120243254910110003,2026-05-10,"Facebook profile feed",android_smartphone,facebook,android_smartphone,,,,2026-05-02,Ongoing,"1-day click, 1-day view, or 1-day engaged-view",,,,,,,,,,,,,,,,,,,,,,1,,,,,,,,,,,,,,,,,,,,,,,,,2026-05-10,2026-05-10
"BOOK0_APP_MAY26_ADR_MST_V1 [Android]",120243254910040003,C1_APB_TOP_1865_ADR_BOOK0_V2,120243254910070003,C1D_STC_APP_BOOK0_T2,120243254910190003,2026-05-08,"Ads on Facebook Reels",android_smartphone,facebook,android_smartphone,,,,2026-05-02,Ongoing,"1-day click, 1-day view, or 1-day engaged-view",,,,,,,,,,,,,,,,,,,,,,1,,,,,,,,,,,,,,,,,,,,,,,,,2026-05-08,2026-05-08
"BOOK0_APP_MAY26_ADR_MST_V1 [Android]",120243254910040003,C1_APB_TOP_1865_ADR_BOOK0_V2,120243254910070003,C1D_STC_APP_BOOK0_T2,120243254910190003,2026-05-08,Feed,android_smartphone,instagram,android_smartphone,,,,2026-05-02,Ongoing,"1-day click, 1-day view, or 1-day engaged-view",,,,,,,,,,,,,,,,,,,,,,5,,,,,,,,,,,,,,,,,,,,,,,,,2026-05-08,2026-05-08
"BOOK0_APP_MAY26_ADR_MST_V1 [Android]",120243254910040003,C1_APB_TOP_1865_ADR_BOOK0_V2,120243254910070003,C1D_STC_APP_BOOK0_T2,120243254910190003,2026-05-11,Feed,android_smartphone,facebook,android_smartphone,,,,2026-05-02,Ongoing,"1-day click, 1-day view, or 1-day engaged-view",,,,,,,,,,,,,,,,,,,,,,9,,,,,,,,,,,,,,,1,,,,,,,,,,2026-05-11,2026-05-11
"BOOK0_APP_MAY26_ADR_MST_V1 [Android]",120243254910040003,C1_APB_TOP_1865_ADR_BOOK0_V2,120243254910070003,C1D_STC_APP_BOOK0_T2,120243254910190003,2026-05-08,Feed,android_smartphone,facebook,android_smartphone,,,,2026-05-02,Ongoing,"1-day click, 1-day view, or 1-day engaged-view",,,,,,,,,,,,,,,,,,,,,,13,,,,,,,,,,,,,,,,,,,,,,,,,2026-05-08,2026-05-08
"BOOK0_APP_MAY26_ADR_MST_V1 [Android]",120243254910040003,C1_APB_TOP_1865_ADR_BOOK0_V2,120243254910070003,C1D_STC_APP_BOOK0_T2,120243254910190003,2026-05-08,"Threads feed",android_smartphone,threads,android_smartphone,,,,2026-05-02,Ongoing,"1-day click, 1-day view, or 1-day engaged-view",,,,,,,,,,,,,,,,,,,,,,1,,,,,,,,,,,,,,,,,,,,,,,,,2026-05-08,2026-05-08
"BOOK0_APP_MAY26_ADR_MST_V1 [Android]",120243254910040003,C1_APB_TOP_1865_ADR_BOOK0_V2,120243254910070003,C1D_STC_APP_BOOK0_T2,120243254910190003,2026-05-08,"Instagram Stories",android_smartphone,instagram,android_smartphone,,,,2026-05-02,Ongoing,"1-day click, 1-day view, or 1-day engaged-view",,,,,,,,,,,,,,,,,,,,,,1,,,,,,,,,,,,,,,,,,,,,,,,,2026-05-08,2026-05-08
"BOOK0_APP_MAY26_ADR_MST_V1 [Android]",120243254910040003,C1_APB_TOP_1865_ADR_BOOK0_V2,120243254910070003,C1D_STC_APP_BOOK0_T2,120243254910190003,2026-05-11,"Instagram Stories",android_smartphone,instagram,android_smartphone,,,,2026-05-02,Ongoing,"1-day click, 1-day view, or 1-day engaged-view",,,,,,,,,,,,,,,,,,,,,,1,,,,,,,,,,,,,,,1,,,,,,,,,,2026-05-11,2026-05-11
"BOOK0_APP_MAY26_ADR_MST_V1 [Android]",120243254910040003,C2_APB_TOP_1865_ADR_BOOK0_V2,120243254910060003,C2B_STC_APP_BOOK0_T2,120243254910110003,2026-05-10,Feed,android_smartphone,instagram,0,,,,2026-05-02,Ongoing,"1-day click, 1-day view, or 1-day engaged-view",,,,,,,,,,,,,,,,,,,,,,,,,,,,,,,2,,,,,,,,,,,,,,,,2026-05-10,2026-05-10
"BOOK0_APP_MAY26_ADR_MST_V1 [Android]",120243254910040003,C1_APB_TOP_1865_ADR_BOOK0_V2,120243254910070003,C1D_STC_APP_BOOK0_T2,120243254910190003,2026-05-11,"Instagram Stories",android_smartphone,instagram,0,,,,2026-05-02,Ongoing,"1-day click, 1-day view, or 1-day engaged-view",,,,,,,,,,,,,,,,,,,,,,,,,,,,,,,1,,,,,,,,,,,,,,,,2026-05-11,2026-05-11
"BOOK0_APP_MAY26_ADR_MST_V1 [Android]",120243254910040003,C2_APB_TOP_1865_ADR_BOOK0_V2,120243254910060003,C2B_STC_APP_BOOK0_T2,120243254910110003,2026-05-10,"Facebook Reels",android_tablet,facebook,android_tablet,,,,2026-05-02,Ongoing,"1-day click, 1-day view, or 1-day engaged-view",,,,,,,,,,,,,,,,,,,,,,1,,,,,,,,,,,,,,,,,,,,,,,,,2026-05-10,2026-05-10
"BOOK0_APP_MAY26_ADR_MST_V1 [Android]",120243254910040003,C2_APB_TOP_1865_ADR_BOOK0_V2,120243254910060003,C2B_STC_APP_BOOK0_T2,120243254910110003,2026-05-09,"Threads feed",android_smartphone,threads,android_smartphone,,,,2026-05-02,Ongoing,"1-day click, 1-day view, or 1-day engaged-view",,,,,,,,,,,,,,,,,,,,,,1,,,,,,,,,,,,,,,,,,,,,,,,,2026-05-09,2026-05-09
"BOOK0_APP_MAY26_ADR_MST_V1 [Android]",120243254910040003,C1_APB_TOP_1865_ADR_BOOK0_V2,120243254910070003,C1D_STC_APP_BOOK0_T2,120243254910190003,2026-05-10,"Instagram Reels",android_smartphone,instagram,android_smartphone,,,,2026-05-02,Ongoing,"1-day click, 1-day view, or 1-day engaged-view",,,,,,,,,,,,,,,,,,,,,,1,,,,,,,,,,,,1,,,1,,1,,,,,,,,2026-05-10,2026-05-10
"BOOK0_APP_MAY26_ADR_MST_V1 [Android]",120243254910040003,C1_APB_TOP_1865_ADR_BOOK0_V2,120243254910070003,C1D_STC_APP_BOOK0_T2,120243254910190003,2026-05-09,"Facebook Stories",android_smartphone,facebook,android_smartphone,,,,2026-05-02,Ongoing,"1-day click, 1-day view, or 1-day engaged-view",,,,,,,,,,,,,,,,,,,,,,1,,,,,,,,,,,,,,,,,,,,,,,,,2026-05-09,2026-05-09
"BOOK0_APP_MAY26_ADR_MST_V1 [Android]",120243254910040003,C4_APB_TOP_1865_ADR_BOOK0_V2,120243254910200003,C4B_STC_APP_BOOK0_T2,120243254910230003,2026-05-10,"In-stream reels",android_smartphone,facebook,android_smartphone,,,,2026-05-02,Ongoing,"1-day click, 1-day view, or 1-day engaged-view",,,,,,,,,,,,,,,,,,,,,,1,,,,,,,,,,,,,,,,,,,,,,,,,2026-05-10,2026-05-10
"BOOK0_APP_MAY26_ADR_MST_V1 [Android]",120243254910040003,C1_APB_TOP_1865_ADR_BOOK0_V2,120243254910070003,C1A_STC_APP_BOOK0_T2,120243254910160003,2026-05-10,"Facebook Reels",android_smartphone,facebook,android_smartphone,,,,2026-05-02,Ongoing,"1-day click, 1-day view, or 1-day engaged-view",,,,,,,,,,,,,,,,,,,,,,1,,,,,,,,,,,,,,,,,,,,,,,,,2026-05-10,2026-05-10
"BOOK0_APP_MAY26_ADR_MST_V1 [Android]",120243254910040003,C2_APB_TOP_1865_ADR_BOOK0_V2,120243254910060003,C2B_STC_APP_BOOK0_T2,120243254910110003,2026-05-10,Feed,android_smartphone,facebook,android_smartphone,,,,2026-05-02,Ongoing,"1-day click, 1-day view, or 1-day engaged-view",,,,,,,,,,,,,,,,,,,,,,23,,,,,,,,,,,,,,,8,,,,2,,,,,,2026-05-10,2026-05-10
"BOOK0_APP_MAY26_ADR_MST_V1 [Android]",120243254910040003,C4_APB_TOP_1865_ADR_BOOK0_V2,120243254910200003,C4B_STC_APP_BOOK0_T2,120243254910230003,2026-05-09,"Facebook Reels",android_smartphone,facebook,android_smartphone,,,,2026-05-02,Ongoing,"1-day click, 1-day view, or 1-day engaged-view",,,,,,,,,,,,,,,,,,,,,,,,,,,,,,,,,,,,,,,,,,,,,,,2026-05-09,2026-05-09
"BOOK0_APP_MAY26_ADR_MST_V1 [Android]",120243254910040003,C4_APB_TOP_1865_ADR_BOOK0_V2,120243254910200003,C4B_STC_APP_BOOK0_T2,120243254910230003,2026-05-09,Feed,android_smartphone,instagram,android_smartphone,,,,2026-05-02,Ongoing,"1-day click, 1-day view, or 1-day engaged-view",,,,,,,,,,,,,,,,,,,,,,1,,,,,,,,,,,,,,,,,,,,,,,,,2026-05-09,2026-05-09
"BOOK0_APP_MAY26_ADR_MST_V1 [Android]",120243254910040003,C4_APB_TOP_1865_ADR_BOOK0_V2,120243254910200003,C4B_STC_APP_BOOK0_T2,120243254910230003,2026-05-09,Feed,android_smartphone,facebook,android_smartphone,,,,2026-05-02,Ongoing,"1-day click, 1-day view, or 1-day engaged-view",,,,,,,,,,,,,,,,,,,,,,11,,,,,,,,,,,,,,,3,,,,2,,,,,,2026-05-09,2026-05-09
"BOOK0_APP_MAY26_ADR_MST_V1 [Android]",120243254910040003,C1_APB_TOP_1865_ADR_BOOK0_V2,120243254910070003,C1D_STC_APP_BOOK0_T2,120243254910190003,2026-05-09,"Facebook Reels",android_smartphone,facebook,android_smartphone,,,,2026-05-02,Ongoing,"1-day click, 1-day view, or 1-day engaged-view",,,,,,,,,,,,,,,,,,,,,,1,,,,,,,,,,,,,,,,,,,,,,,,,2026-05-09,2026-05-09
"BOOK0_APP_MAY26_ADR_MST_V1 [Android]",120243254910040003,C2_APB_TOP_1865_ADR_BOOK0_V2,120243254910060003,C2D_STC_APP_BOOK0_T2,120243254910100003,2026-05-10,Feed,android_smartphone,facebook,android_smartphone,,,,2026-05-02,Ongoing,"1-day click, 1-day view, or 1-day engaged-view",,,,,,,,,,,,,,,,,,,,,,1,,,,,,,,,,,,,,,,,,,,,,,,,2026-05-10,2026-05-10
"BOOK0_APP_MAY26_ADR_MST_V1 [Android]",120243254910040003,C1_APB_TOP_1865_ADR_BOOK0_V2,120243254910070003,C1D_STC_APP_BOOK0_T2,120243254910190003,2026-05-09,Feed,android_smartphone,facebook,0,,,,2026-05-02,Ongoing,"1-day click, 1-day view, or 1-day engaged-view",,,,,,,,,,,,,,,,,,,,,,,,,,,,,,,1,,,,,,,,,,,,,,,,2026-05-09,2026-05-09
"BOOK0_APP_MAY26_ADR_MST_V1 [Android]",120243254910040003,C1_APB_TOP_1865_ADR_BOOK0_V2,120243254910070003,C1D_STC_APP_BOOK0_T2,120243254910190003,2026-05-09,Feed,android_smartphone,facebook,android_smartphone,,,,2026-05-02,Ongoing,"1-day click, 1-day view, or 1-day engaged-view",,,,,,,,,,,,,,,,,,,,,,4,,,,,,,,,,,,,,,1,,,,,,,,,,2026-05-09,2026-05-09
"BOOK0_APP_MAY26_ADR_MST_V1 [Android]",120243254910040003,C1_APB_TOP_1865_ADR_BOOK0_V2,120243254910070003,C1D_STC_APP_BOOK0_T2,120243254910190003,2026-05-09,Feed,android_tablet,facebook,0,,,,2026-05-02,Ongoing,"1-day click, 1-day view, or 1-day engaged-view",,,,,,,,,,,,,,,,,,,,,,,,,,,,,,,1,,,,,,,,,,,,,,,,2026-05-09,2026-05-09
"BOOK0_APP_MAY26_ADR_MST_V1 [Android]",120243254910040003,C1_APB_TOP_1865_ADR_BOOK0_V2,120243254910070003,C1D_STC_APP_BOOK0_T2,120243254910190003,2026-05-09,Feed,android_tablet,facebook,android_tablet,,,,2026-05-02,Ongoing,"1-day click, 1-day view, or 1-day engaged-view",,,,,,,,,,,,,,,,,,,,,,1,,,,,,,,,,,,,,,1,,,,,,,,,,2026-05-09,2026-05-09
"BOOK0_APP_MAY26_ADR_MST_V1 [Android]",120243254910040003,C1_APB_TOP_1865_ADR_BOOK0_V2,120243254910070003,C1D_STC_APP_BOOK0_T2,120243254910190003,2026-05-09,Feed,android_smartphone,instagram,0,,,,2026-05-02,Ongoing,"1-day click, 1-day view, or 1-day engaged-view",,,,,,,,,,,,,,,,,,,,,,,,,,,,,,,1,,,,,,,,,,,,,,,,2026-05-09,2026-05-09
"BOOK0_APP_MAY26_ADR_MST_V1 [Android]",120243254910040003,C1_APB_TOP_1865_ADR_BOOK0_V2,120243254910070003,C1D_STC_APP_BOOK0_T2,120243254910190003,2026-05-09,Feed,android_smartphone,instagram,android_smartphone,,,,2026-05-02,Ongoing,"1-day click, 1-day view, or 1-day engaged-view",,,,,,,,,,,,,,,,,,,,,,1,,,,,,,,,,,,,,,1,,,,1,,,,,,2026-05-09,2026-05-09
"BOOK0_APP_MAY26_ADR_MST_V1 [Android]",120243254910040003,C4_APB_TOP_1865_ADR_BOOK0_V2,120243254910200003,C4B_STC_APP_BOOK0_T2,120243254910230003,2026-05-09,Feed,android_smartphone,facebook,0,,,,2026-05-02,Ongoing,"1-day click, 1-day view, or 1-day engaged-view",,,,,,,,,,,,,,,,,,,,,,,,,,,,,,,3,,,,,,,,,,,,,,,,2026-05-09,2026-05-09
"BOOK0_APP_MAY26_ADR_MST_V1 [Android]",120243254910040003,C2_APB_TOP_1865_ADR_BOOK0_V2,120243254910060003,C2D_STC_APP_BOOK0_T2,120243254910100003,2026-05-10,"Facebook Reels",android_smartphone,facebook,android_smartphone,,,,2026-05-02,Ongoing,"1-day click, 1-day view, or 1-day engaged-view",,,,,,,,,,,,,,,,,,,,,,1,,,,,,,,,,,,,,,,,,,,,,,,,2026-05-10,2026-05-10
"BOOK0_APP_MAY26_ADR_MST_V1 [Android]",120243254910040003,C4_APB_TOP_1865_ADR_BOOK0_V2,120243254910200003,C4B_STC_APP_BOOK0_T2,120243254910230003,2026-05-10,"Instagram Stories",android_smartphone,instagram,android_smartphone,,,,2026-05-02,Ongoing,"1-day click, 1-day view, or 1-day engaged-view",,,,,,,,,,,,,,,,,,,,,,1,,,,,,,,,,,,,,,,,,,,,,,,,2026-05-10,2026-05-10
"BOOK0_APP_MAY26_ADR_MST_V1 [Android]",120243254910040003,C2_APB_TOP_1865_ADR_BOOK0_V2,120243254910060003,C2C_STC_APP_BOOK0_T2,120243254910210003,2026-05-08,"Facebook Stories",android_smartphone,facebook,android_smartphone,,,,2026-05-02,Ongoing,"1-day click, 1-day view, or 1-day engaged-view",,,,,,,,,,,,,,,,,,,,,,1,,,,,,,,,,,,,,,,,,,,,,,,,2026-05-08,2026-05-08
"BOOK0_APP_MAY26_ADR_MST_V1 [Android]",120243254910040003,C2_APB_TOP_1865_ADR_BOOK0_V2,120243254910060003,C2B_STC_APP_BOOK0_T2,120243254910110003,2026-05-09,"Facebook Reels",android_tablet,facebook,android_tablet,,,,2026-05-02,Ongoing,"1-day click, 1-day view, or 1-day engaged-view",,,,,,,,,,,,,,,,,,,,,,1,,,,,,,,,,,,,,,,,,,,,,,,,2026-05-09,2026-05-09
"BOOK0_APP_MAY26_ADR_MST_V1 [Android]",120243254910040003,C2_APB_TOP_1865_ADR_BOOK0_V2,120243254910060003,C2B_STC_APP_BOOK0_T2,120243254910110003,2026-05-09,"Facebook Reels",android_smartphone,facebook,android_smartphone,,,,2026-05-02,Ongoing,"1-day click, 1-day view, or 1-day engaged-view",,,,,,,,,,,,,,,,,,,,,,8,,,,,,,,,,,,3,,,4,,3,,2,,,,,,2026-05-09,2026-05-09
"BOOK0_APP_MAY26_ADR_MST_V1 [Android]",120243254910040003,C2_APB_TOP_1865_ADR_BOOK0_V2,120243254910060003,C2B_STC_APP_BOOK0_T2,120243254910110003,2026-05-09,"Instagram Reels",android_smartphone,instagram,0,,,,2026-05-02,Ongoing,"1-day click, 1-day view, or 1-day engaged-view",,,,,,,,,,,,,,,,,,,,,,,,,,,,,,,1,,,,,,,,,,,,,,,,2026-05-09,2026-05-09
"BOOK0_APP_MAY26_ADR_MST_V1 [Android]",120243254910040003,C2_APB_TOP_1865_ADR_BOOK0_V2,120243254910060003,C2B_STC_APP_BOOK0_T2,120243254910110003,2026-05-09,"Instagram Reels",android_smartphone,instagram,android_smartphone,,,,2026-05-02,Ongoing,"1-day click, 1-day view, or 1-day engaged-view",,,,,,,,,,,,,,,,,,,,,,4,,,,,,,,,,,,,,,1,,,,,,,,,,2026-05-09,2026-05-09
"BOOK0_APP_MAY26_ADR_MST_V1 [Android]",120243254910040003,C4_APB_TOP_1865_ADR_BOOK0_V2,120243254910200003,C4B_STC_APP_BOOK0_T2,120243254910230003,2026-05-10,"Instagram Reels",android_tablet,instagram,android_tablet,,,,2026-05-02,Ongoing,"1-day click, 1-day view, or 1-day engaged-view",,,,,,,,,,,,,,,,,,,,,,1,,,,,,,,,,,,,,,,,,,,,,,,,2026-05-10,2026-05-10
"BOOK0_APP_MAY26_ADR_MST_V1 [Android]",120243254910040003,C2_APB_TOP_1865_ADR_BOOK0_V2,120243254910060003,C2B_STC_APP_BOOK0_T2,120243254910110003,2026-05-09,Feed,android_tablet,facebook,android_tablet,,,,2026-05-02,Ongoing,"1-day click, 1-day view, or 1-day engaged-view",,,,,,,,,,,,,,,,,,,,,,1,,,,,,,,,,,,,,,1,,,,1,,,,,,2026-05-09,2026-05-09
"BOOK0_APP_MAY26_ADR_MST_V1 [Android]",120243254910040003,C2_APB_TOP_1865_ADR_BOOK0_V2,120243254910060003,C2B_STC_APP_BOOK0_T2,120243254910110003,2026-05-09,Feed,android_smartphone,instagram,0,,,,2026-05-02,Ongoing,"1-day click, 1-day view, or 1-day engaged-view",,,,,,,,,,,,,,,,,,,,,,,,,,,,,,,1,,,,,,,,,,,,,,,,2026-05-09,2026-05-09
"BOOK0_APP_MAY26_ADR_MST_V1 [Android]",120243254910040003,C2_APB_TOP_1865_ADR_BOOK0_V2,120243254910060003,C2B_STC_APP_BOOK0_T2,120243254910110003,2026-05-09,Feed,android_smartphone,instagram,android_smartphone,,,,2026-05-02,Ongoing,"1-day click, 1-day view, or 1-day engaged-view",,,,,,,,,,,,,,,,,,,,,,1,,,,,,,,,,,,,,,1,,,,1,,,,,,2026-05-09,2026-05-09
"BOOK0_APP_MAY26_ADR_MST_V1 [Android]",120243254910040003,C2_APB_TOP_1865_ADR_BOOK0_V2,120243254910060003,C2B_STC_APP_BOOK0_T2,120243254910110003,2026-05-09,Feed,android_smartphone,facebook,0,,,,2026-05-02,Ongoing,"1-day click, 1-day view, or 1-day engaged-view",,,,,,,,,,,,,,,,,,,,,,,,,,,,,,,5,,,,,,,,,,,,,,,,2026-05-09,2026-05-09
"BOOK0_APP_MAY26_ADR_MST_V1 [Android]",120243254910040003,C4_APB_TOP_1865_ADR_BOOK0_V2,120243254910200003,C4B_STC_APP_BOOK0_T2,120243254910230003,2026-05-10,Feed,android_smartphone,facebook,android_smartphone,,,,2026-05-02,Ongoing,"1-day click, 1-day view, or 1-day engaged-view",,,,,,,,,,,,,,,,,,,,,,10,,,,,,,,,,,,,,,4,,,,,,,,,,2026-05-10,2026-05-10
"BOOK0_APP_MAY26_ADR_MST_V1 [Android]",120243254910040003,C2_APB_TOP_1865_ADR_BOOK0_V2,120243254910060003,C2B_STC_APP_BOOK0_T2,120243254910110003,2026-05-09,Feed,android_smartphone,facebook,android_smartphone,,,,2026-05-02,Ongoing,"1-day click, 1-day view, or 1-day engaged-view",,,,,,,,,,,,,,,,,,,,,,17,,,,,,,,,,,,2,,,5,,2,,1,,,,,,2026-05-09,2026-05-09
"BOOK0_APP_MAY26_ADR_MST_V1 [Android]",120243254910040003,C2_APB_TOP_1865_ADR_BOOK0_V2,120243254910060003,C2B_STC_APP_BOOK0_T2,120243254910110003,2026-05-09,Feed,android_tablet,facebook,0,,,,2026-05-02,Ongoing,"1-day click, 1-day view, or 1-day engaged-view",,,,,,,,,,,,,,,,,,,,,,,,,,,,,,,1,,,,,,,,,,,,,,,,2026-05-09,2026-05-09
"BOOK0_APP_MAY26_ADR_MST_V1 [Android]",120243254910040003,C4_APB_TOP_1865_ADR_BOOK0_V2,120243254910200003,C4B_STC_APP_BOOK0_T2,120243254910230003,2026-05-10,Feed,android_smartphone,facebook,0,,,,2026-05-02,Ongoing,"1-day click, 1-day view, or 1-day engaged-view",,,,,,,,,,,,,,,,,,,,,,,,,,,,,,,4,,,,,,,,,,,,,,,,2026-05-10,2026-05-10
"BOOK0_APP_MAY26_ADR_MST_V1 [Android]",120243254910040003,C4_APB_TOP_1865_ADR_BOOK0_V2,120243254910200003,C4B_STC_APP_BOOK0_T2,120243254910230003,2026-05-10,"Facebook Reels",android_smartphone,facebook,android_smartphone,,,,2026-05-02,Ongoing,"1-day click, 1-day view, or 1-day engaged-view",,,,,,,,,,,,,,,,,,,,,,5,,,,,,,,,,,,,,,,,,,,,,,,,2026-05-10,2026-05-10
"BOOK0_APP_MAY26_ADR_MST_V1 [Android]",120243254910040003,C4_APB_TOP_1865_ADR_BOOK0_V2,120243254910200003,C4B_STC_APP_BOOK0_T2,120243254910230003,2026-05-10,Feed,android_smartphone,instagram,android_smartphone,,,,2026-05-02,Ongoing,"1-day click, 1-day view, or 1-day engaged-view",,,,,,,,,,,,,,,,,,,,,,2,,,,,,,,,,,,,,,,,,,,,,,,,2026-05-10,2026-05-10
"BOOK0_APP_MAY26_ADR_MST_V1 [Android]",120243254910040003,C4_APB_TOP_1865_ADR_BOOK0_V2,120243254910200003,C4B_STC_APP_BOOK0_T2,120243254910230003,2026-05-10,Feed,android_tablet,facebook,android_tablet,,,,2026-05-02,Ongoing,"1-day click, 1-day view, or 1-day engaged-view",,,,,,,,,,,,,,,,,,,,,,1,,,,,,,,,,,,,,,,,,,,,,,,,2026-05-10,2026-05-10
"BOOK0_APP_MAY26_ADR_MST_V1 [Android]",120243254910040003,C4_APB_TOP_1865_ADR_BOOK0_V2,120243254910200003,C4B_STC_APP_BOOK0_T2,120243254910230003,2026-05-10,"Instagram Reels",android_smartphone,instagram,android_smartphone,,,,2026-05-02,Ongoing,"1-day click, 1-day view, or 1-day engaged-view",,,,,,,,,,,,,,,,,,,,,,1,,,,,,,,,,,,,,,,,,,,,,,,,2026-05-10,2026-05-10
"BOOK0_APP_MAY26_ADR_MST_V1 [Android]",120243254910040003,C4_APB_TOP_1865_ADR_BOOK0_V2,120243254910200003,C4B_STC_APP_BOOK0_T2,120243254910230003,2026-05-09,"Instagram Reels",android_smartphone,instagram,android_smartphone,,,,2026-05-02,Ongoing,"1-day click, 1-day view, or 1-day engaged-view",,,,,,,,,,,,,,,,,,,,,,2,,,,,,,,,,,,,,,,,,,,,,,,,2026-05-09,2026-05-09
"BOOK0_APP_MAY26_ADR_MST_V1 [Android]",120243254910040003,C2_APB_TOP_1865_ADR_BOOK0_V2,120243254910060003,C2C_STC_APP_BOOK0_T2,120243254910210003,2026-05-08,"Facebook Reels",android_smartphone,facebook,0,,,,2026-05-02,Ongoing,"1-day click, 1-day view, or 1-day engaged-view",,,,,,,,,,,,,,,,,,,,,,,,,,,,,,,1,,,,,,,,,,,,,,,,2026-05-08,2026-05-08
"BOOK0_APP_MAY26_ADR_MST_V1 [Android]",120243254910040003,C1_APB_TOP_1865_ADR_BOOK0_V2,120243254910070003,C1D_STC_APP_BOOK0_T2,120243254910190003,2026-05-10,Feed,android_smartphone,facebook,android_smartphone,,,,2026-05-02,Ongoing,"1-day click, 1-day view, or 1-day engaged-view",,,,,,,,,,,,,,,,,,,,,,9,,,,,,,,,,,,,,,,,,,,,,,,,2026-05-10,2026-05-10
"BOOK0_APP_MAY26_ADR_MST_V1 [Android]",120243254910040003,C4_APB_TOP_1865_ADR_BOOK0_V2,120243254910200003,C4B_STC_APP_BOOK0_T2,120243254910230003,2026-05-08,"Instagram Reels",android_smartphone,instagram,0,,,,2026-05-02,Ongoing,"1-day click, 1-day view, or 1-day engaged-view",,,,,,,,,,,,,,,,,,,,,,,,,,,,,,,1,,,,,,,,,,,,,,,,2026-05-08,2026-05-08
"BOOK0_APP_MAY26_ADR_MST_V1 [Android]",120243254910040003,C2_APB_TOP_1865_ADR_BOOK0_V2,120243254910060003,C2D_STC_APP_BOOK0_T2,120243254910100003,2026-05-08,"Threads feed",android_smartphone,threads,android_smartphone,,,,2026-05-02,Ongoing,"1-day click, 1-day view, or 1-day engaged-view",,,,,,,,,,,,,,,,,,,,,,,,,,,,,,,,,,,,,,,,,,,,,,,2026-05-08,2026-05-08
"BOOK0_APP_MAY26_ADR_MST_V1 [Android]",120243254910040003,C3_APB_TOP_1865_ADR_BOOK0_V2,120243254910220003,C3A_STC_APP_BOOK0_T2,120243254910180003,2026-05-08,Feed,android_smartphone,facebook,android_smartphone,,,,2026-05-02,Ongoing,"1-day click, 1-day view, or 1-day engaged-view",,,,,,,,,,,,,,,,,,,,,,5,,,,,,,,,,,,,,,,,,,,,,,,,2026-05-08,2026-05-08
"BOOK0_APP_MAY26_ADR_MST_V1 [Android]",120243254910040003,C4_APB_TOP_1865_ADR_BOOK0_V2,120243254910200003,C4B_STC_APP_BOOK0_T2,120243254910230003,2026-05-08,"Native, banner & interstitial",android_smartphone,audience_network,android_smartphone,,,,2026-05-02,Ongoing,"1-day click, 1-day view, or 1-day engaged-view",,,,,,,,,,,,,,,,,,,,,,1,,,,,,,,,,,,,,,,,,,,,,,,,2026-05-08,2026-05-08
"BOOK0_APP_MAY26_ADR_MST_V1 [Android]",120243254910040003,C4_APB_TOP_1865_ADR_BOOK0_V2,120243254910200003,C4B_STC_APP_BOOK0_T2,120243254910230003,2026-05-08,"Facebook Reels",android_smartphone,facebook,android_smartphone,,,,2026-05-02,Ongoing,"1-day click, 1-day view, or 1-day engaged-view",,,,,,,,,,,,,,,,,,,,,,2,,,,,,,,,,,,,,,,,,,,,,,,,2026-05-08,2026-05-08
"BOOK0_APP_MAY26_ADR_MST_V1 [Android]",120243254910040003,C4_APB_TOP_1865_ADR_BOOK0_V2,120243254910200003,C4B_STC_APP_BOOK0_T2,120243254910230003,2026-05-08,Feed,android_smartphone,facebook,0,,,,2026-05-02,Ongoing,"1-day click, 1-day view, or 1-day engaged-view",,,,,,,,,,,,,,,,,,,,,,,,,,,,,,,4,,,,,,,,,,,,,,,,2026-05-08,2026-05-08
"BOOK0_APP_MAY26_ADR_MST_V1 [Android]",120243254910040003,C4_APB_TOP_1865_ADR_BOOK0_V2,120243254910200003,C4B_STC_APP_BOOK0_T2,120243254910230003,2026-05-08,Feed,android_smartphone,facebook,android_smartphone,,,,2026-05-02,Ongoing,"1-day click, 1-day view, or 1-day engaged-view",,,,,,,,,,,,,,,,,,,,,,14,,,,,,,,,,,,1,,,4,,1,,2,,,,,,2026-05-08,2026-05-08
"BOOK0_APP_MAY26_ADR_MST_V1 [Android]",120243254910040003,C4_APB_TOP_1865_ADR_BOOK0_V2,120243254910200003,C4B_STC_APP_BOOK0_T2,120243254910230003,2026-05-08,"Instagram Reels",android_smartphone,instagram,android_smartphone,,,,2026-05-02,Ongoing,"1-day click, 1-day view, or 1-day engaged-view",,,,,,,,,,,,,,,,,,,,,,6,,,,,,,,,,,,,,,1,,,,1,,,,,,2026-05-08,2026-05-08
"BOOK0_APP_MAY26_ADR_MST_V1 [Android]",120243254910040003,C2_APB_TOP_1865_ADR_BOOK0_V2,120243254910060003,C2B_STC_APP_BOOK0_T2,120243254910110003,2026-05-09,"Facebook Reels",android_smartphone,facebook,0,,,,2026-05-02,Ongoing,"1-day click, 1-day view, or 1-day engaged-view",,,,,,,,,,,,,,,,,,,,,,,,,,,,,,,4,,,,,,,,,,,,,,,,2026-05-09,2026-05-09
"BOOK0_APP_MAY26_ADR_MST_V1 [Android]",120243254910040003,C4_APB_TOP_1865_ADR_BOOK0_V2,120243254910200003,C4B_STC_APP_BOOK0_T2,120243254910230003,2026-05-08,"Instagram Stories",android_smartphone,instagram,android_smartphone,,,,2026-05-02,Ongoing,"1-day click, 1-day view, or 1-day engaged-view",,,,,,,,,,,,,,,,,,,,,,1,,,,,,,,,,,,,,,,,,,,,,,,,2026-05-08,2026-05-08
"BOOK0_APP_MAY26_ADR_MST_V1 [Android]",120243254910040003,C4_APB_TOP_1865_ADR_BOOK0_V2,120243254910200003,C4B_STC_APP_BOOK0_T2,120243254910230003,2026-05-08,"Threads feed",android_smartphone,threads,android_smartphone,,,,2026-05-02,Ongoing,"1-day click, 1-day view, or 1-day engaged-view",,,,,,,,,,,,,,,,,,,,,,1,,,,,,,,,,,,,,,,,,,,,,,,,2026-05-08,2026-05-08
"BOOK0_APP_MAY26_ADR_MST_V1 [Android]",120243254910040003,C4_APB_TOP_1865_ADR_BOOK0_V2,120243254910200003,C4B_STC_APP_BOOK0_T2,120243254910230003,2026-05-08,"In-stream reels",android_smartphone,facebook,android_smartphone,,,,2026-05-02,Ongoing,"1-day click, 1-day view, or 1-day engaged-view",,,,,,,,,,,,,,,,,,,,,,1,,,,,,,,,,,,,,,,,,,,,,,,,2026-05-08,2026-05-08
"BOOK0_APP_MAY26_ADR_MST_V1 [Android]",120243254910040003,C4_APB_TOP_1865_ADR_BOOK0_V2,120243254910200003,C4B_STC_APP_BOOK0_T2,120243254910230003,2026-05-08,Feed,android_smartphone,instagram,android_smartphone,,,,2026-05-02,Ongoing,"1-day click, 1-day view, or 1-day engaged-view",,,,,,,,,,,,,,,,,,,,,,3,,,,,,,,,,,,,,,,,,,,,,,,,2026-05-08,2026-05-08
"BOOK0_APP_MAY26_ADR_MST_V1 [Android]",120243254910040003,C2_APB_TOP_1865_ADR_BOOK0_V2,120243254910060003,C2B_STC_APP_BOOK0_T2,120243254910110003,2026-05-08,Feed,android_smartphone,instagram,android_smartphone,,,,2026-05-02,Ongoing,"1-day click, 1-day view, or 1-day engaged-view",,,,,,,,,,,,,,,,,,,,,,1,,,,,,,,,,,,,,,,,,,,,,,,,2026-05-08,2026-05-08
"BOOK0_APP_MAY26_ADR_MST_V1 [Android]",120243254910040003,C2_APB_TOP_1865_ADR_BOOK0_V2,120243254910060003,C2B_STC_APP_BOOK0_T2,120243254910110003,2026-05-08,Feed,android_smartphone,facebook,android_smartphone,,,,2026-05-02,Ongoing,"1-day click, 1-day view, or 1-day engaged-view",,,,,,,,,,,,,,,,,,,,,,4,,,,,,,,,,,,,,,,,,,,,,,,,2026-05-08,2026-05-08
"BOOK0_APP_MAY26_ADR_MST_V1 [Android]",120243254910040003,C1_APB_TOP_1865_ADR_BOOK0_V2,120243254910070003,C1D_STC_APP_BOOK0_T2,120243254910190003,2026-05-10,"Facebook Stories",android_smartphone,facebook,0,,,,2026-05-02,Ongoing,"1-day click, 1-day view, or 1-day engaged-view",,,,,,,,,,,,,,,,,,,,,,,,,,,,,,,1,,,,,,,,,,,,,,,,2026-05-10,2026-05-10
"BOOK0_APP_MAY26_ADR_MST_V1 [Android]",120243254910040003,C1_APB_TOP_1865_ADR_BOOK0_V2,120243254910070003,C1D_STC_APP_BOOK0_T2,120243254910190003,2026-05-10,"Facebook Stories",android_smartphone,facebook,android_smartphone,,,,2026-05-02,Ongoing,"1-day click, 1-day view, or 1-day engaged-view",,,,,,,,,,,,,,,,,,,,,,2,,,,,,,,,,,,,,,1,,,,,,,,,,2026-05-10,2026-05-10
"BOOK0_APP_MAY26_ADR_MST_V1 [Android]",120243254910040003,C2_APB_TOP_1865_ADR_BOOK0_V2,120243254910060003,C2D_STC_APP_BOOK0_T2,120243254910100003,2026-05-08,Feed,android_smartphone,facebook,android_smartphone,,,,2026-05-02,Ongoing,"1-day click, 1-day view, or 1-day engaged-view",,,,,,,,,,,,,,,,,,,,,,6,,,,,,,,,,,,,,,1,,,,,,,,,,2026-05-08,2026-05-08
"BOOK0_APP_MAY26_ADR_MST_V1 [Android]",120243254910040003,C2_APB_TOP_1865_ADR_BOOK0_V2,120243254910060003,C2C_STC_APP_BOOK0_T2,120243254910210003,2026-05-08,"Facebook Reels",android_smartphone,facebook,android_smartphone,,,,2026-05-02,Ongoing,"1-day click, 1-day view, or 1-day engaged-view",,,,,,,,,,,,,,,,,,,,,,2,,,,,,,,,,,,,,,1,,,,1,,,,,,2026-05-08,2026-05-08
"BOOK0_APP_MAY26_ADR_MST_V1 [Android]",120243254910040003,C2_APB_TOP_1865_ADR_BOOK0_V2,120243254910060003,C2C_STC_APP_BOOK0_T2,120243254910210003,2026-05-08,Feed,android_smartphone,facebook,android_smartphone,,,,2026-05-02,Ongoing,"1-day click, 1-day view, or 1-day engaged-view",,,,,,,,,,,,,,,,,,,,,,3,,,,,,,,,,,,,,,,,,,,,,,,,2026-05-08,2026-05-08
"BOOK0_APP_MAY26_ADR_MST_V1 [Android]",120243254910040003,C2_APB_TOP_1865_ADR_BOOK0_V2,120243254910060003,C2D_STC_APP_BOOK0_T2,120243254910100003,2026-05-09,Feed,android_smartphone,facebook,android_smartphone,,,,2026-05-02,Ongoing,"1-day click, 1-day view, or 1-day engaged-view",,,,,,,,,,,,,,,,,,,,,,3,,,,,,,,,,,,,,,,,,,,,,,,,2026-05-09,2026-05-09
"BOOK0_APP_MAY26_ADR_MST_V1 [Android]",120243254910040003,C2_APB_TOP_1865_ADR_BOOK0_V2,120243254910060003,C2D_STC_APP_BOOK0_T2,120243254910100003,2026-05-09,Feed,android_smartphone,instagram,android_smartphone,,,,2026-05-02,Ongoing,"1-day click, 1-day view, or 1-day engaged-view",,,,,,,,,,,,,,,,,,,,,,1,,,,,,,,,,,,,,,,,,,,,,,,,2026-05-09,2026-05-09
"BOOK0_APP_MAY26_ADR_MST_V1 [Android]",120243254910040003,C2_APB_TOP_1865_ADR_BOOK0_V2,120243254910060003,C2D_STC_APP_BOOK0_T2,120243254910100003,2026-05-09,"Facebook Reels",android_smartphone,facebook,android_smartphone,,,,2026-05-02,Ongoing,"1-day click, 1-day view, or 1-day engaged-view",,,,,,,,,,,,,,,,,,,,,,2,,,,,,,,,,,,1,,,1,,1,,1,,,,,,2026-05-09,2026-05-09
"BOOK0_APP_MAY26_ADR_MST_V1 [Android]",120243254910040003,C2_APB_TOP_1865_ADR_BOOK0_V2,120243254910060003,C2D_STC_APP_BOOK0_T2,120243254910100003,2026-05-09,"Facebook Reels",android_smartphone,facebook,0,,,,2026-05-02,Ongoing,"1-day click, 1-day view, or 1-day engaged-view",,,,,,,,,,,,,,,,,,,,,,,,,,,,,,,1,,,,,,,,,,,,,,,,2026-05-09,2026-05-09
"BOOK0_APP_MAY26_ADR_MST_V1 [Android]",120243254910040003,C2_APB_TOP_1865_ADR_BOOK0_V2,120243254910060003,C2D_STC_APP_BOOK0_T2,120243254910100003,2026-05-09,"Instagram Reels",android_smartphone,instagram,android_smartphone,,,,2026-05-02,Ongoing,"1-day click, 1-day view, or 1-day engaged-view",,,,,,,,,,,,,,,,,,,,,,1,,,,,,,,,,,,,,,,,,,,,,,,,2026-05-09,2026-05-09
"BOOK0_APP_MAY26_ADR_MST_V1 [Android]",120243254910040003,C1_APB_TOP_1865_ADR_BOOK0_V2,120243254910070003,C1D_STC_APP_BOOK0_T2,120243254910190003,2026-05-08,"Facebook Reels",android_smartphone,facebook,0,,,,2026-05-02,Ongoing,"1-day click, 1-day view, or 1-day engaged-view",,,,,,,,,,,,,,,,,,,,,,,,,,,,,,,1,,,,,,,,,,,,,,,,2026-05-08,2026-05-08
"BOOK0_APP_MAY26_ADR_MST_V1 [Android]",120243254910040003,C2_APB_TOP_1865_ADR_BOOK0_V2,120243254910060003,C2C_STC_APP_BOOK0_T2,120243254910210003,2026-05-08,"Instagram Reels",android_smartphone,instagram,android_smartphone,,,,2026-05-02,Ongoing,"1-day click, 1-day view, or 1-day engaged-view",,,,,,,,,,,,,,,,,,,,,,1,,,,,,,,,,,,,,,,,,,,,,,,,2026-05-08,2026-05-08
"BOOK0_APP_MAY26_ADR_MST_V1 [Android]",120243254910040003,C1_APB_TOP_1865_ADR_BOOK0_V2,120243254910070003,C1A_STC_APP_BOOK0_T2,120243254910160003,2026-05-10,"Native, banner & interstitial",android_smartphone,audience_network,android_smartphone,,,,2026-05-02,Ongoing,"1-day click, 1-day view, or 1-day engaged-view",,,,,,,,,,,,,,,,,,,,,,1,,,,,,,,,,,,,,,,,,,,,,,,,2026-05-10,2026-05-10
"BOOK0_APP_MAY26_ADR_MST_V1 [Android]",120243254910040003,C2_APB_TOP_1865_ADR_BOOK0_V2,120243254910060003,C2D_STC_APP_BOOK0_T2,120243254910100003,2026-05-08,Feed,android_smartphone,facebook,0,,,,2026-05-02,Ongoing,"1-day click, 1-day view, or 1-day engaged-view",,,,,,,,,,,,,,,,,,,,,,,,,,,,,,,1,,,,,,,,,,,,,,,,2026-05-08,2026-05-08
"BOOK0_APP_MAY26_ADR_MST_V1 [Android]",120243254910040003,C1_APB_TOP_1865_ADR_BOOK0_V2,120243254910070003,C1A_STC_APP_BOOK0_T2,120243254910160003,2026-05-10,"In-stream reels",android_smartphone,facebook,0,,,,2026-05-02,Ongoing,"1-day click, 1-day view, or 1-day engaged-view",,,,,,,,,,,,,,,,,,,,,,,,,,,,,,,1,,,,,,,,,,,,,,,,2026-05-10,2026-05-10
"BOOK0_APP_MAY26_ADR_MST_V1 [Android]",120243254910040003,C1_APB_TOP_1865_ADR_BOOK0_V2,120243254910070003,C1D_STC_APP_BOOK0_T2,120243254910190003,2026-05-11,"Instagram Reels",android_smartphone,instagram,android_smartphone,,,,2026-05-02,Ongoing,"1-day click, 1-day view, or 1-day engaged-view",,,,,,,,,,,,,,,,,,,,,,,,,,,,,,,,,,1,,,,,1,,1,,,,,,2026-05-11,2026-05-11
"BOOK0_APP_MAY26_ADR_MST_V1 [Android]",120243254910040003,C1_APB_TOP_1865_ADR_BOOK0_V2,120243254910070003,C1A_STC_APP_BOOK0_T2,120243254910160003,2026-05-10,"In-stream reels",android_smartphone,facebook,android_smartphone,,,,2026-05-02,Ongoing,"1-day click, 1-day view, or 1-day engaged-view",,,,,,,,,,,,,,,,,,,,,,1,,,,,,,,,,,,,,,1,,,,,,,,,,2026-05-10,2026-05-10
"BOOK0_APP_MAY26_ADR_MST_V1 [Android]",120243254910040003,C1_APB_TOP_1865_ADR_BOOK0_V2,120243254910070003,C1A_STC_APP_BOOK0_T2,120243254910160003,2026-05-10,Feed,android_smartphone,facebook,android_smartphone,,,,2026-05-02,Ongoing,"1-day click, 1-day view, or 1-day engaged-view",,,,,,,,,,,,,,,,,,,,,,2,,,,,,,,,,,,,,,,,,,,,,,,,2026-05-10,2026-05-10
"BOOK0_APP_MAY26_ADR_MST_V1 [Android]",120243254910040003,C2_APB_TOP_1865_ADR_BOOK0_V2,120243254910060003,C2C_STC_APP_BOOK0_T2,120243254910210003,2026-05-09,"Instagram Reels",android_smartphone,instagram,android_smartphone,,,,2026-05-02,Ongoing,"1-day click, 1-day view, or 1-day engaged-view",,,,,,,,,,,,,,,,,,,,,,1,,,,,,,,,,,,,,,,,,,,,,,,,2026-05-09,2026-05-09
"BOOK0_APP_MAY26_ADR_MST_V1 [Android]",120243254910040003,C2_APB_TOP_1865_ADR_BOOK0_V2,120243254910060003,C2C_STC_APP_BOOK0_T2,120243254910210003,2026-05-09,"Facebook profile feed",android_smartphone,facebook,android_smartphone,,,,2026-05-02,Ongoing,"1-day click, 1-day view, or 1-day engaged-view",,,,,,,,,,,,,,,,,,,,,,1,,,,,,,,,,,,,,,,,,,,,,,,,2026-05-09,2026-05-09
"BOOK0_APP_MAY26_ADR_MST_V1 [Android]",120243254910040003,C2_APB_TOP_1865_ADR_BOOK0_V2,120243254910060003,C2C_STC_APP_BOOK0_T2,120243254910210003,2026-05-09,Feed,android_smartphone,facebook,android_smartphone,,,,2026-05-02,Ongoing,"1-day click, 1-day view, or 1-day engaged-view",,,,,,,,,,,,,,,,,,,,,,,,,,,,,,,,,,,,,,,,,,,,,,,2026-05-09,2026-05-09
"BOOK0_APP_MAY26_ADR_MST_V1 [Android]",120243254910040003,C2_APB_TOP_1865_ADR_BOOK0_V2,120243254910060003,C2D_STC_APP_BOOK0_T2,120243254910100003,2026-05-08,"Instagram Reels",android_smartphone,instagram,android_smartphone,,,,2026-05-02,Ongoing,"1-day click, 1-day view, or 1-day engaged-view",,,,,,,,,,,,,,,,,,,,,,1,,,,,,,,,,,,,,,,,,,,,,,,,2026-05-08,2026-05-08
"BOOK0_APP_MAY26_ADR_MST_V1 [Android]",120243254910040003,C4_APB_TOP_1865_ADR_BOOK0_V2,120243254910200003,C4B_STC_APP_BOOK0_T2,120243254910230003,2026-05-05,"Threads feed",android_smartphone,threads,android_smartphone,,,,2026-05-02,Ongoing,"1-day click, 1-day view, or 1-day engaged-view",,,,,,,,,,,,,,,,,,,,,,1,,,,,,,,,,,,,,,,,,,,,,,,,2026-05-05,2026-05-05
"BOOK0_APP_MAY26_ADR_MST_V1 [Android]",120243254910040003,C1_APB_TOP_1865_ADR_BOOK0_V2,120243254910070003,C1D_STC_APP_BOOK0_T2,120243254910190003,2026-05-08,"Facebook Reels",android_smartphone,facebook,android_smartphone,,,,2026-05-02,Ongoing,"1-day click, 1-day view, or 1-day engaged-view",,,,,,,,,,,,,,,,,,,,,,,,,,,,,,,,,,,,,1,,,,,,,,,,2026-05-08,2026-05-08
"BOOK0_APP_MAY26_ADR_MST_V1 [Android]",120243254910040003,C2_APB_TOP_1865_ADR_BOOK0_V2,120243254910060003,C2B_STC_APP_BOOK0_T2,120243254910110003,2026-05-03,"Instagram Reels",android_smartphone,instagram,android_smartphone,,,,2026-05-02,Ongoing,"1-day click, 1-day view, or 1-day engaged-view",,,,,,,,,,,,,,,,,,,,,,1,,,,,,,,,,,,,,,,,,,,,,,,,2026-05-03,2026-05-03
"BOOK0_APP_MAY26_ADR_MST_V1 [Android]",120243254910040003,C1_APB_TOP_1865_ADR_BOOK0_V2,120243254910070003,C1A_STC_APP_BOOK0_T2,120243254910160003,2026-05-03,"Instagram Stories",android_smartphone,instagram,android_smartphone,,,,2026-05-02,Ongoing,"1-day click, 1-day view, or 1-day engaged-view",,,,,,,,,,,,,,,,,,,,,,1,,,,,,,,,,,,,,,,,,,,,,,,,2026-05-03,2026-05-03
"BOOK0_APP_MAY26_ADR_MST_V1 [Android]",120243254910040003,C1_APB_TOP_1865_ADR_BOOK0_V2,120243254910070003,C1A_STC_APP_BOOK0_T2,120243254910160003,2026-05-03,"In-stream reels",android_smartphone,facebook,android_smartphone,,,,2026-05-02,Ongoing,"1-day click, 1-day view, or 1-day engaged-view",,,,,,,,,,,,,,,,,,,,,,1,,,,,,,,,,,,,,,,,,,,,,,,,2026-05-03,2026-05-03
"BOOK0_APP_MAY26_ADR_MST_V1 [Android]",120243254910040003,C1_APB_TOP_1865_ADR_BOOK0_V2,120243254910070003,C1A_STC_APP_BOOK0_T2,120243254910160003,2026-05-03,Feed,android_smartphone,facebook,android_smartphone,,,,2026-05-02,Ongoing,"1-day click, 1-day view, or 1-day engaged-view",,,,,,,,,,,,,,,,,,,,,,2,,,,,,,,,,,,,,,,,,,,,,,,,2026-05-03,2026-05-03
"BOOK0_APP_MAY26_ADR_MST_V1 [Android]",120243254910040003,C1_APB_TOP_1865_ADR_BOOK0_V2,120243254910070003,C1A_STC_APP_BOOK0_T2,120243254910160003,2026-05-03,Feed,android_smartphone,instagram,android_smartphone,,,,2026-05-02,Ongoing,"1-day click, 1-day view, or 1-day engaged-view",,,,,,,,,,,,,,,,,,,,,,,,,,,,,,,,,,,,,,,,,,,,,,,2026-05-03,2026-05-03
"BOOK0_APP_MAY26_ADR_MST_V1 [Android]",120243254910040003,C4_APB_TOP_1865_ADR_BOOK0_V2,120243254910200003,C4C_STC_APP_BOOK0_T2,120243254910120003,2026-05-03,"In-stream reels",android_smartphone,facebook,android_smartphone,,,,2026-05-02,Ongoing,"1-day click, 1-day view, or 1-day engaged-view",,,,,,,,,,,,,,,,,,,,,,1,,,,,,,,,,,,,,,,,,,,,,,,,2026-05-03,2026-05-03
"BOOK0_APP_MAY26_ADR_MST_V1 [Android]",120243254910040003,C4_APB_TOP_1865_ADR_BOOK0_V2,120243254910200003,C4C_STC_APP_BOOK0_T2,120243254910120003,2026-05-03,"Instagram Reels",android_smartphone,instagram,android_smartphone,,,,2026-05-02,Ongoing,"1-day click, 1-day view, or 1-day engaged-view",,,,,,,,,,,,,,,,,,,,,,1,,,,,,,,,,,,,,,,,,,,,,,,,2026-05-03,2026-05-03
"BOOK0_APP_MAY26_ADR_MST_V1 [Android]",120243254910040003,C4_APB_TOP_1865_ADR_BOOK0_V2,120243254910200003,C4C_STC_APP_BOOK0_T2,120243254910120003,2026-05-03,Feed,android_smartphone,facebook,android_smartphone,,,,2026-05-02,Ongoing,"1-day click, 1-day view, or 1-day engaged-view",,,,,,,,,,,,,,,,,,,,,,3,,,,,,,,,,,,,,,,,,,,,,,,,2026-05-03,2026-05-03
"BOOK0_APP_MAY26_ADR_MST_V1 [Android]",120243254910040003,C4_APB_TOP_1865_ADR_BOOK0_V2,120243254910200003,C4C_STC_APP_BOOK0_T2,120243254910120003,2026-05-03,"Native, banner & interstitial",android_smartphone,audience_network,android_smartphone,,,,2026-05-02,Ongoing,"1-day click, 1-day view, or 1-day engaged-view",,,,,,,,,,,,,,,,,,,,,,1,,,,,,,,,,,,,,,,,,,,,,,,,2026-05-03,2026-05-03
"BOOK0_APP_MAY26_ADR_MST_V1 [Android]",120243254910040003,C4_APB_TOP_1865_ADR_BOOK0_V2,120243254910200003,C4C_STC_APP_BOOK0_T2,120243254910120003,2026-05-03,Feed,android_smartphone,instagram,android_smartphone,,,,2026-05-02,Ongoing,"1-day click, 1-day view, or 1-day engaged-view",,,,,,,,,,,,,,,,,,,,,,1,,,,,,,,,,,,,,,,,,,,,,,,,2026-05-03,2026-05-03
"BOOK0_APP_MAY26_ADR_MST_V1 [Android]",120243254910040003,C2_APB_TOP_1865_ADR_BOOK0_V2,120243254910060003,C2B_STC_APP_BOOK0_T2,120243254910110003,2026-05-03,Feed,android_smartphone,instagram,android_smartphone,,,,2026-05-02,Ongoing,"1-day click, 1-day view, or 1-day engaged-view",,,,,,,,,,,,,,,,,,,,,,,,,,,,,,,,,,,,,,,,,,,,,,,2026-05-03,2026-05-03
"BOOK0_APP_MAY26_ADR_MST_V1 [Android]",120243254910040003,C2_APB_TOP_1865_ADR_BOOK0_V2,120243254910060003,C2B_STC_APP_BOOK0_T2,120243254910110003,2026-05-03,"Threads feed",android_smartphone,threads,android_smartphone,,,,2026-05-02,Ongoing,"1-day click, 1-day view, or 1-day engaged-view",,,,,,,,,,,,,,,,,,,,,,1,,,,,,,,,,,,,,,,,,,,,,,,,2026-05-03,2026-05-03
"BOOK0_APP_MAY26_ADR_MST_V1 [Android]",120243254910040003,C1_APB_TOP_1865_ADR_BOOK0_V2,120243254910070003,C1A_STC_APP_BOOK0_T2,120243254910160003,2026-05-03,"Native, banner & interstitial",android_smartphone,audience_network,android_smartphone,,,,2026-05-02,Ongoing,"1-day click, 1-day view, or 1-day engaged-view",,,,,,,,,,,,,,,,,,,,,,2,,,,,,,,,,,,,,,,,,,,,,,,,2026-05-03,2026-05-03
"BOOK0_APP_MAY26_ADR_MST_V1 [Android]",120243254910040003,C2_APB_TOP_1865_ADR_BOOK0_V2,120243254910060003,C2B_STC_APP_BOOK0_T2,120243254910110003,2026-05-03,Feed,android_smartphone,facebook,android_smartphone,,,,2026-05-02,Ongoing,"1-day click, 1-day view, or 1-day engaged-view",,,,,,,,,,,,,,,,,,,,,,1,,,,,,,,,,,,,,,,,,,,,,,,,2026-05-03,2026-05-03
"BOOK0_APP_MAY26_ADR_MST_V1 [Android]",120243254910040003,C2_APB_TOP_1865_ADR_BOOK0_V2,120243254910060003,C2B_STC_APP_BOOK0_T2,120243254910110003,2026-05-03,"In-stream reels",android_smartphone,facebook,android_smartphone,,,,2026-05-02,Ongoing,"1-day click, 1-day view, or 1-day engaged-view",,,,,,,,,,,,,,,,,,,,,,2,,,,,,,,,,,,,,,,,,,,,,,,,2026-05-03,2026-05-03
"BOOK0_APP_MAY26_ADR_MST_V1 [Android]",120243254910040003,C2_APB_TOP_1865_ADR_BOOK0_V2,120243254910060003,C2B_STC_APP_BOOK0_T2,120243254910110003,2026-05-03,"Facebook Reels",android_smartphone,facebook,android_smartphone,,,,2026-05-02,Ongoing,"1-day click, 1-day view, or 1-day engaged-view",,,,,,,,,,,,,,,,,,,,,,4,,,,,,,,,,,,,,,,,,,,,,,,,2026-05-03,2026-05-03
"BOOK0_APP_MAY26_ADR_MST_V1 [Android]",120243254910040003,C2_APB_TOP_1865_ADR_BOOK0_V2,120243254910060003,C2B_STC_APP_BOOK0_T2,120243254910110003,2026-05-03,"Instagram Stories",android_smartphone,instagram,android_smartphone,,,,2026-05-02,Ongoing,"1-day click, 1-day view, or 1-day engaged-view",,,,,,,,,,,,,,,,,,,,,,1,,,,,,,,,,,,,,,,,,,,,,,,,2026-05-03,2026-05-03
"BOOK0_APP_MAY26_ADR_MST_V1 [Android]",120243254910040003,C1_APB_TOP_1865_ADR_BOOK0_V2,120243254910070003,C1C_STC_APP_BOOK0_T2,120243254910150003,2026-05-03,"In-stream reels",android_smartphone,facebook,android_smartphone,,,,2026-05-02,Ongoing,"1-day click, 1-day view, or 1-day engaged-view",,,,,,,,,,,,,,,,,,,,,,1,,,,,,,,,,,,,,,,,,,,,,,,,2026-05-03,2026-05-03
"BOOK0_APP_MAY26_ADR_MST_V1 [Android]",120243254910040003,C1_APB_TOP_1865_ADR_BOOK0_V2,120243254910070003,C1D_STC_APP_BOOK0_T2,120243254910190003,2026-05-03,"In-stream reels",android_smartphone,facebook,android_smartphone,,,,2026-05-02,Ongoing,"1-day click, 1-day view, or 1-day engaged-view",,,,,,,,,,,,,,,,,,,,,,1,,,,,,,,,,,,,,,,,,,,,,,,,2026-05-03,2026-05-03
"BOOK0_APP_MAY26_ADR_MST_V1 [Android]",120243254910040003,C1_APB_TOP_1865_ADR_BOOK0_V2,120243254910070003,C1D_STC_APP_BOOK0_T2,120243254910190003,2026-05-03,"Facebook Reels",android_smartphone,facebook,android_smartphone,,,,2026-05-02,Ongoing,"1-day click, 1-day view, or 1-day engaged-view",,,,,,,,,,,,,,,,,,,,,,2,,,,,,,,,,,,,,,,,,,,,,,,,2026-05-03,2026-05-03
"BOOK0_APP_MAY26_ADR_MST_V1 [Android]",120243254910040003,C1_APB_TOP_1865_ADR_BOOK0_V2,120243254910070003,C1D_STC_APP_BOOK0_T2,120243254910190003,2026-05-03,"Instagram Reels",android_smartphone,instagram,android_smartphone,,,,2026-05-02,Ongoing,"1-day click, 1-day view, or 1-day engaged-view",,,,,,,,,,,,,,,,,,,,,,2,,,,,,,,,,,,,,,,,,,,,,,,,2026-05-03,2026-05-03
"BOOK0_APP_MAY26_ADR_MST_V1 [Android]",120243254910040003,C1_APB_TOP_1865_ADR_BOOK0_V2,120243254910070003,C1D_STC_APP_BOOK0_T2,120243254910190003,2026-05-03,Feed,android_smartphone,facebook,android_smartphone,,,,2026-05-02,Ongoing,"1-day click, 1-day view, or 1-day engaged-view",,,,,,,,,,,,,,,,,,,,,,2,,,,,,,,,,,,,,,,,,,,,,,,,2026-05-03,2026-05-03
"BOOK0_APP_MAY26_ADR_MST_V1 [Android]",120243254910040003,C1_APB_TOP_1865_ADR_BOOK0_V2,120243254910070003,C1D_STC_APP_BOOK0_T2,120243254910190003,2026-05-03,"Instagram Stories",android_smartphone,instagram,android_smartphone,,,,2026-05-02,Ongoing,"1-day click, 1-day view, or 1-day engaged-view",,,,,,,,,,,,,,,,,,,,,,1,,,,,,,,,,,,,,,,,,,,,,,,,2026-05-03,2026-05-03
"BOOK0_APP_MAY26_ADR_MST_V1 [Android]",120243254910040003,C1_APB_TOP_1865_ADR_BOOK0_V2,120243254910070003,C1A_STC_APP_BOOK0_T2,120243254910160003,2026-05-03,"Native, banner & interstitial",android_tablet,audience_network,android_tablet,,,,2026-05-02,Ongoing,"1-day click, 1-day view, or 1-day engaged-view",,,,,,,,,,,,,,,,,,,,,,1,,,,,,,,,,,,,,,,,,,,,,,,,2026-05-03,2026-05-03
"BOOK0_APP_MAY26_ADR_MST_V1 [Android]",120243254910040003,C3_APB_TOP_1865_ADR_BOOK0_V2,120243254910220003,C3D_STC_APP_BOOK0_T2,120243254910250003,2026-05-03,"Search results",android_smartphone,facebook,android_smartphone,,,,2026-05-02,Ongoing,"1-day click, 1-day view, or 1-day engaged-view",,,,,,,,,,,,,,,,,,,,,,1,,,,,,,,,,,,,,,,,,,,,,,,,2026-05-03,2026-05-03
"BOOK0_APP_MAY26_ADR_MST_V1 [Android]",120243254910040003,C3_APB_TOP_1865_ADR_BOOK0_V2,120243254910220003,C3B_STC_APP_BOOK0_T2,120243254910080003,2026-05-03,"In-stream reels",android_smartphone,facebook,android_smartphone,,,,2026-05-02,Ongoing,"1-day click, 1-day view, or 1-day engaged-view",,,,,,,,,,,,,,,,,,,,,,3,,,,,,,,,,,,,,,,,,,,,,,,,2026-05-03,2026-05-03
"BOOK0_APP_MAY26_ADR_MST_V1 [Android]",120243254910040003,C2_APB_TOP_1865_ADR_BOOK0_V2,120243254910060003,C2C_STC_APP_BOOK0_T2,120243254910210003,2026-05-03,"Ads on Facebook Reels",android_smartphone,facebook,android_smartphone,,,,2026-05-02,Ongoing,"1-day click, 1-day view, or 1-day engaged-view",,,,,,,,,,,,,,,,,,,,,,1,,,,,,,,,,,,,,,,,,,,,,,,,2026-05-03,2026-05-03
"BOOK0_APP_MAY26_ADR_MST_V1 [Android]",120243254910040003,C2_APB_TOP_1865_ADR_BOOK0_V2,120243254910060003,C2A_STC_APP_BOOK0_T2,120243254910130003,2026-05-04,"Threads feed",android_tablet,threads,android_tablet,,,,2026-05-02,Ongoing,"1-day click, 1-day view, or 1-day engaged-view",,,,,,,,,,,,,,,,,,,,,,,,,,,,,,,,,,,,,,,,,,,,,,,2026-05-04,2026-05-04
"BOOK0_APP_MAY26_ADR_MST_V1 [Android]",120243254910040003,C3_APB_TOP_1865_ADR_BOOK0_V2,120243254910220003,C3B_STC_APP_BOOK0_T2,120243254910080003,2026-05-04,"Facebook Reels",android_smartphone,facebook,android_smartphone,,,,2026-05-02,Ongoing,"1-day click, 1-day view, or 1-day engaged-view",,,,,,,,,,,,,,,,,,,,,,1,,,,,,,,,,,,,,,,,,,,,,,,,2026-05-04,2026-05-04
"BOOK0_APP_MAY26_ADR_MST_V1 [Android]",120243254910040003,C3_APB_TOP_1865_ADR_BOOK0_V2,120243254910220003,C3B_STC_APP_BOOK0_T2,120243254910080003,2026-05-04,"Native, banner & interstitial",android_smartphone,audience_network,android_smartphone,,,,2026-05-02,Ongoing,"1-day click, 1-day view, or 1-day engaged-view",,,,,,,,,,,,,,,,,,,,,,6,,,,,,,,,,,,,,,,,,,,,,,,,2026-05-04,2026-05-04
"BOOK0_APP_MAY26_ADR_MST_V1 [Android]",120243254910040003,C3_APB_TOP_1865_ADR_BOOK0_V2,120243254910220003,C3B_STC_APP_BOOK0_T2,120243254910080003,2026-05-04,"Native, banner & interstitial",android_tablet,audience_network,android_tablet,,,,2026-05-02,Ongoing,"1-day click, 1-day view, or 1-day engaged-view",,,,,,,,,,,,,,,,,,,,,,1,,,,,,,,,,,,,,,,,,,,,,,,,2026-05-04,2026-05-04
"BOOK0_APP_MAY26_ADR_MST_V1 [Android]",120243254910040003,C3_APB_TOP_1865_ADR_BOOK0_V2,120243254910220003,C3B_STC_APP_BOOK0_T2,120243254910080003,2026-05-04,Feed,android_smartphone,facebook,android_smartphone,,,,2026-05-02,Ongoing,"1-day click, 1-day view, or 1-day engaged-view",,,,,,,,,,,,,,,,,,,,,,1,,,,,,,,,,,,,,,,,,,,,,,,,2026-05-04,2026-05-04
"BOOK0_APP_MAY26_ADR_MST_V1 [Android]",120243254910040003,C3_APB_TOP_1865_ADR_BOOK0_V2,120243254910220003,C3C_STC_APP_BOOK0_T2,120243254910050003,2026-05-03,"Native, banner & interstitial",android_smartphone,audience_network,android_smartphone,,,,2026-05-02,Ongoing,"1-day click, 1-day view, or 1-day engaged-view",,,,,,,,,,,,,,,,,,,,,,1,,,,,,,,,,,,,,,,,,,,,,,,,2026-05-03,2026-05-03
"BOOK0_APP_MAY26_ADR_MST_V1 [Android]",120243254910040003,C3_APB_TOP_1865_ADR_BOOK0_V2,120243254910220003,C3C_STC_APP_BOOK0_T2,120243254910050003,2026-05-03,"Threads feed",android_smartphone,threads,android_smartphone,,,,2026-05-02,Ongoing,"1-day click, 1-day view, or 1-day engaged-view",,,,,,,,,,,,,,,,,,,,,,1,,,,,,,,,,,,,,,,,,,,,,,,,2026-05-03,2026-05-03
"BOOK0_APP_MAY26_ADR_MST_V1 [Android]",120243254910040003,C3_APB_TOP_1865_ADR_BOOK0_V2,120243254910220003,C3C_STC_APP_BOOK0_T2,120243254910050003,2026-05-03,"Ads on Facebook Reels",android_smartphone,facebook,android_smartphone,,,,2026-05-02,Ongoing,"1-day click, 1-day view, or 1-day engaged-view",,,,,,,,,,,,,,,,,,,,,,1,,,,,,,,,,,,,,,,,,,,,,,,,2026-05-03,2026-05-03
"BOOK0_APP_MAY26_ADR_MST_V1 [Android]",120243254910040003,C3_APB_TOP_1865_ADR_BOOK0_V2,120243254910220003,C3C_STC_APP_BOOK0_T2,120243254910050003,2026-05-03,Feed,android_smartphone,facebook,android_smartphone,,,,2026-05-02,Ongoing,"1-day click, 1-day view, or 1-day engaged-view",,,,,,,,,,,,,,,,,,,,,,1,,,,,,,,,,,,,,,,,,,,,,,,,2026-05-03,2026-05-03
"BOOK0_APP_MAY26_ADR_MST_V1 [Android]",120243254910040003,C2_APB_TOP_1865_ADR_BOOK0_V2,120243254910060003,C2C_STC_APP_BOOK0_T2,120243254910210003,2026-05-03,"In-stream reels",android_smartphone,facebook,android_smartphone,,,,2026-05-02,Ongoing,"1-day click, 1-day view, or 1-day engaged-view",,,,,,,,,,,,,,,,,,,,,,2,,,,,,,,,,,,,,,,,,,,,,,,,2026-05-03,2026-05-03
"BOOK0_APP_MAY26_ADR_MST_V1 [Android]",120243254910040003,C4_APB_TOP_1865_ADR_BOOK0_V2,120243254910200003,C4D_STC_APP_BOOK0_T2,120243254910140003,2026-05-03,"Facebook Reels",android_smartphone,facebook,android_smartphone,,,,2026-05-02,Ongoing,"1-day click, 1-day view, or 1-day engaged-view",,,,,,,,,,,,,,,,,,,,,,1,,,,,,,,,,,,,,,,,,,,,,,,,2026-05-03,2026-05-03
"BOOK0_APP_MAY26_ADR_MST_V1 [Android]",120243254910040003,C3_APB_TOP_1865_ADR_BOOK0_V2,120243254910220003,C3D_STC_APP_BOOK0_T2,120243254910250003,2026-05-03,Feed,android_smartphone,facebook,android_smartphone,,,,2026-05-02,Ongoing,"1-day click, 1-day view, or 1-day engaged-view",,,,,,,,,,,,,,,,,,,,,,1,,,,,,,,,,,,,,,,,,,,,,,,,2026-05-03,2026-05-03
"BOOK0_APP_MAY26_ADR_MST_V1 [Android]",120243254910040003,C4_APB_TOP_1865_ADR_BOOK0_V2,120243254910200003,C4D_STC_APP_BOOK0_T2,120243254910140003,2026-05-03,Feed,android_smartphone,facebook,android_smartphone,,,,2026-05-02,Ongoing,"1-day click, 1-day view, or 1-day engaged-view",,,,,,,,,,,,,,,,,,,,,,1,,,,,,,,,,,,,,,,,,,,,,,,,2026-05-03,2026-05-03
"BOOK0_APP_MAY26_ADR_MST_V1 [Android]",120243254910040003,C1_APB_TOP_1865_ADR_BOOK0_V2,120243254910070003,C1B_STC_APP_BOOK0_T2,120243254910170003,2026-05-03,"Native, banner & interstitial",android_smartphone,audience_network,android_smartphone,,,,2026-05-02,Ongoing,"1-day click, 1-day view, or 1-day engaged-view",,,,,,,,,,,,,,,,,,,,,,1,,,,,,,,,,,,,,,,,,,,,,,,,2026-05-03,2026-05-03
"BOOK0_APP_MAY26_ADR_MST_V1 [Android]",120243254910040003,C1_APB_TOP_1865_ADR_BOOK0_V2,120243254910070003,C1B_STC_APP_BOOK0_T2,120243254910170003,2026-05-03,"In-stream reels",android_smartphone,facebook,android_smartphone,,,,2026-05-02,Ongoing,"1-day click, 1-day view, or 1-day engaged-view",,,,,,,,,,,,,,,,,,,,,,2,,,,,,,,,,,,,,,,,,,,,,,,,2026-05-03,2026-05-03
"BOOK0_APP_MAY26_ADR_MST_V1 [Android]",120243254910040003,C1_APB_TOP_1865_ADR_BOOK0_V2,120243254910070003,C1B_STC_APP_BOOK0_T2,120243254910170003,2026-05-03,"Ads on Facebook Reels",android_smartphone,facebook,android_smartphone,,,,2026-05-02,Ongoing,"1-day click, 1-day view, or 1-day engaged-view",,,,,,,,,,,,,,,,,,,,,,1,,,,,,,,,,,,,,,,,,,,,,,,,2026-05-03,2026-05-03
"BOOK0_APP_MAY26_ADR_MST_V1 [Android]",120243254910040003,C2_APB_TOP_1865_ADR_BOOK0_V2,120243254910060003,C2D_STC_APP_BOOK0_T2,120243254910100003,2026-05-03,"Facebook Reels",android_smartphone,facebook,android_smartphone,,,,2026-05-02,Ongoing,"1-day click, 1-day view, or 1-day engaged-view",,,,,,,,,,,,,,,,,,,,,,1,,,,,,,,,,,,,,,,,,,,,,,,,2026-05-03,2026-05-03
"BOOK0_APP_MAY26_ADR_MST_V1 [Android]",120243254910040003,C3_APB_TOP_1865_ADR_BOOK0_V2,120243254910220003,C3A_STC_APP_BOOK0_T2,120243254910180003,2026-05-03,"Native, banner & interstitial",android_tablet,audience_network,android_tablet,,,,2026-05-02,Ongoing,"1-day click, 1-day view, or 1-day engaged-view",,,,,,,,,,,,,,,,,,,,,,1,,,,,,,,,,,,,,,,,,,,,,,,,2026-05-03,2026-05-03
"BOOK0_APP_MAY26_ADR_MST_V1 [Android]",120243254910040003,C3_APB_TOP_1865_ADR_BOOK0_V2,120243254910220003,C3A_STC_APP_BOOK0_T2,120243254910180003,2026-05-03,Feed,android_smartphone,instagram,android_smartphone,,,,2026-05-02,Ongoing,"1-day click, 1-day view, or 1-day engaged-view",,,,,,,,,,,,,,,,,,,,,,1,,,,,,,,,,,,,,,,,,,,,,,,,2026-05-03,2026-05-03
"BOOK0_APP_MAY26_ADR_MST_V1 [Android]",120243254910040003,C3_APB_TOP_1865_ADR_BOOK0_V2,120243254910220003,C3A_STC_APP_BOOK0_T2,120243254910180003,2026-05-03,"Threads feed",android_smartphone,threads,android_smartphone,,,,2026-05-02,Ongoing,"1-day click, 1-day view, or 1-day engaged-view",,,,,,,,,,,,,,,,,,,,,,1,,,,,,,,,,,,,,,,,,,,,,,,,2026-05-03,2026-05-03
"BOOK0_APP_MAY26_ADR_MST_V1 [Android]",120243254910040003,C3_APB_TOP_1865_ADR_BOOK0_V2,120243254910220003,C3A_STC_APP_BOOK0_T2,120243254910180003,2026-05-03,"Facebook Reels",android_smartphone,facebook,android_smartphone,,,,2026-05-02,Ongoing,"1-day click, 1-day view, or 1-day engaged-view",,,,,,,,,,,,,,,,,,,,,,1,,,,,,,,,,,,,,,,,,,,,,,,,2026-05-03,2026-05-03
"BOOK0_APP_MAY26_ADR_MST_V1 [Android]",120243254910040003,C3_APB_TOP_1865_ADR_BOOK0_V2,120243254910220003,C3A_STC_APP_BOOK0_T2,120243254910180003,2026-05-03,"Instagram Reels",android_smartphone,instagram,android_smartphone,,,,2026-05-02,Ongoing,"1-day click, 1-day view, or 1-day engaged-view",,,,,,,,,,,,,,,,,,,,,,2,,,,,,,,,,,,,,,,,,,,,,,,,2026-05-03,2026-05-03
"BOOK0_APP_MAY26_ADR_MST_V1 [Android]",120243254910040003,C3_APB_TOP_1865_ADR_BOOK0_V2,120243254910220003,C3A_STC_APP_BOOK0_T2,120243254910180003,2026-05-03,Feed,android_smartphone,facebook,android_smartphone,,,,2026-05-02,Ongoing,"1-day click, 1-day view, or 1-day engaged-view",,,,,,,,,,,,,,,,,,,,,,2,,,,,,,,,,,,,,,,,,,,,,,,,2026-05-03,2026-05-03
"BOOK0_APP_MAY26_ADR_MST_V1 [Android]",120243254910040003,C2_APB_TOP_1865_ADR_BOOK0_V2,120243254910060003,C2A_STC_APP_BOOK0_T2,120243254910130003,2026-05-03,Feed,android_smartphone,facebook,android_smartphone,,,,2026-05-02,Ongoing,"1-day click, 1-day view, or 1-day engaged-view",,,,,,,,,,,,,,,,,,,,,,1,,,,,,,,,,,,,,,,,,,,,,,,,2026-05-03,2026-05-03
"BOOK0_APP_MAY26_ADR_MST_V1 [Android]",120243254910040003,C3_APB_TOP_1865_ADR_BOOK0_V2,120243254910220003,C3B_STC_APP_BOOK0_T2,120243254910080003,2026-05-03,"Native, banner & interstitial",android_smartphone,audience_network,android_smartphone,,,,2026-05-02,Ongoing,"1-day click, 1-day view, or 1-day engaged-view",,,,,,,,,,,,,,,,,,,,,,1,,,,,,,,,,,,,,,,,,,,,,,,,2026-05-03,2026-05-03
"BOOK0_APP_MAY26_ADR_MST_V1 [Android]",120243254910040003,C1_APB_TOP_1865_ADR_BOOK0_V2,120243254910070003,C1D_STC_APP_BOOK0_T2,120243254910190003,2026-05-04,"Facebook Reels",android_tablet,facebook,android_tablet,,,,2026-05-02,Ongoing,"1-day click, 1-day view, or 1-day engaged-view",,,,,,,,,,,,,,,,,,,,,,,,,,,,,,,,,,,,,,,,,,,,,,,2026-05-04,2026-05-04
"BOOK0_APP_MAY26_ADR_MST_V1 [Android]",120243254910040003,C2_APB_TOP_1865_ADR_BOOK0_V2,120243254910060003,C2B_STC_APP_BOOK0_T2,120243254910110003,2026-05-02,Feed,android_smartphone,facebook,android_smartphone,,,,2026-05-02,Ongoing,"1-day click, 1-day view, or 1-day engaged-view",,,,,,,,,,,,,,,,,,,,,,10,,,,,,,,,,,,,,,,,,,,,,,,,2026-05-02,2026-05-02
"BOOK0_APP_MAY26_ADR_MST_V1 [Android]",120243254910040003,C3_APB_TOP_1865_ADR_BOOK0_V2,120243254910220003,C3D_STC_APP_BOOK0_T2,120243254910250003,2026-05-02,"Threads feed",android_smartphone,threads,android_smartphone,,,,2026-05-02,Ongoing,"1-day click, 1-day view, or 1-day engaged-view",,,,,,,,,,,,,,,,,,,,,,2,,,,,,,,,,,,,,,,,,,,,,,,,2026-05-02,2026-05-02
"BOOK0_APP_MAY26_ADR_MST_V1 [Android]",120243254910040003,C3_APB_TOP_1865_ADR_BOOK0_V2,120243254910220003,C3D_STC_APP_BOOK0_T2,120243254910250003,2026-05-02,Feed,android_smartphone,facebook,android_smartphone,,,,2026-05-02,Ongoing,"1-day click, 1-day view, or 1-day engaged-view",,,,,,,,,,,,,,,,,,,,,,2,,,,,,,,,,,,,,,,,,,,,,,,,2026-05-02,2026-05-02
"BOOK0_APP_MAY26_ADR_MST_V1 [Android]",120243254910040003,C1_APB_TOP_1865_ADR_BOOK0_V2,120243254910070003,C1A_STC_APP_BOOK0_T2,120243254910160003,2026-05-02,"Threads feed",android_smartphone,threads,android_smartphone,,,,2026-05-02,Ongoing,"1-day click, 1-day view, or 1-day engaged-view",,,,,,,,,,,,,,,,,,,,,,1,,,,,,,,,,,,,,,,,,,,,,,,,2026-05-02,2026-05-02
"BOOK0_APP_MAY26_ADR_MST_V1 [Android]",120243254910040003,C1_APB_TOP_1865_ADR_BOOK0_V2,120243254910070003,C1A_STC_APP_BOOK0_T2,120243254910160003,2026-05-02,Feed,android_smartphone,facebook,android_smartphone,,,,2026-05-02,Ongoing,"1-day click, 1-day view, or 1-day engaged-view",,,,,,,,,,,,,,,,,,,,,,4,,,,,,,,,,,,,,,,,,,,,,,,,2026-05-02,2026-05-02
"BOOK0_APP_MAY26_ADR_MST_V1 [Android]",120243254910040003,C1_APB_TOP_1865_ADR_BOOK0_V2,120243254910070003,C1A_STC_APP_BOOK0_T2,120243254910160003,2026-05-02,"Ads on Facebook Reels",android_smartphone,facebook,android_smartphone,,,,2026-05-02,Ongoing,"1-day click, 1-day view, or 1-day engaged-view",,,,,,,,,,,,,,,,,,,,,,1,,,,,,,,,,,,,,,,,,,,,,,,,2026-05-02,2026-05-02
"BOOK0_APP_MAY26_ADR_MST_V1 [Android]",120243254910040003,C4_APB_TOP_1865_ADR_BOOK0_V2,120243254910200003,C4C_STC_APP_BOOK0_T2,120243254910120003,2026-05-02,Feed,android_smartphone,instagram,android_smartphone,,,,2026-05-02,Ongoing,"1-day click, 1-day view, or 1-day engaged-view",,,,,,,,,,,,,,,,,,,,,,1,,,,,,,,,,,,,,,,,,,,,,,,,2026-05-02,2026-05-02
"BOOK0_APP_MAY26_ADR_MST_V1 [Android]",120243254910040003,C4_APB_TOP_1865_ADR_BOOK0_V2,120243254910200003,C4C_STC_APP_BOOK0_T2,120243254910120003,2026-05-02,Feed,android_smartphone,facebook,android_smartphone,,,,2026-05-02,Ongoing,"1-day click, 1-day view, or 1-day engaged-view",,,,,,,,,,,,,,,,,,,,,,3,,,,,,,,,,,,,,,,,,,,,,,,,2026-05-02,2026-05-02
"BOOK0_APP_MAY26_ADR_MST_V1 [Android]",120243254910040003,C4_APB_TOP_1865_ADR_BOOK0_V2,120243254910200003,C4C_STC_APP_BOOK0_T2,120243254910120003,2026-05-02,"Native, banner & interstitial",android_smartphone,audience_network,android_smartphone,,,,2026-05-02,Ongoing,"1-day click, 1-day view, or 1-day engaged-view",,,,,,,,,,,,,,,,,,,,,,1,,,,,,,,,,,,,,,,,,,,,,,,,2026-05-02,2026-05-02
"BOOK0_APP_MAY26_ADR_MST_V1 [Android]",120243254910040003,C2_APB_TOP_1865_ADR_BOOK0_V2,120243254910060003,C2B_STC_APP_BOOK0_T2,120243254910110003,2026-05-02,"Instagram Reels",android_smartphone,instagram,android_smartphone,,,,2026-05-02,Ongoing,"1-day click, 1-day view, or 1-day engaged-view",,,,,,,,,,,,,,,,,,,,,,1,,,,,,,,,,,,,,,,,,,,,,,,,2026-05-02,2026-05-02
"BOOK0_APP_MAY26_ADR_MST_V1 [Android]",120243254910040003,C2_APB_TOP_1865_ADR_BOOK0_V2,120243254910060003,C2B_STC_APP_BOOK0_T2,120243254910110003,2026-05-02,"Facebook Reels",android_smartphone,facebook,android_smartphone,,,,2026-05-02,Ongoing,"1-day click, 1-day view, or 1-day engaged-view",,,,,,,,,,,,,,,,,,,,,,2,,,,,,,,,,,,,,,,,,,,,,,,,2026-05-02,2026-05-02
"BOOK0_APP_MAY26_ADR_MST_V1 [Android]",120243254910040003,C2_APB_TOP_1865_ADR_BOOK0_V2,120243254910060003,C2B_STC_APP_BOOK0_T2,120243254910110003,2026-05-02,Feed,android_smartphone,instagram,android_smartphone,,,,2026-05-02,Ongoing,"1-day click, 1-day view, or 1-day engaged-view",,,,,,,,,,,,,,,,,,,,,,3,,,,,,,,,,,,,,,,,,,,,,,,,2026-05-02,2026-05-02
"BOOK0_APP_MAY26_ADR_MST_V1 [Android]",120243254910040003,C4_APB_TOP_1865_ADR_BOOK0_V2,120243254910200003,C4A_STC_APP_BOOK0_T2,120243254910090003,2026-05-02,"Facebook Reels",android_smartphone,facebook,android_smartphone,,,,2026-05-02,Ongoing,"1-day click, 1-day view, or 1-day engaged-view",,,,,,,,,,,,,,,,,,,,,,1,,,,,,,,,,,,,,,,,,,,,,,,,2026-05-02,2026-05-02
"BOOK0_APP_MAY26_ADR_MST_V1 [Android]",120243254910040003,C2_APB_TOP_1865_ADR_BOOK0_V2,120243254910060003,C2B_STC_APP_BOOK0_T2,120243254910110003,2026-05-02,"Threads feed",android_smartphone,threads,android_smartphone,,,,2026-05-02,Ongoing,"1-day click, 1-day view, or 1-day engaged-view",,,,,,,,,,,,,,,,,,,,,,1,,,,,,,,,,,,,,,,,,,,,,,,,2026-05-02,2026-05-02
"BOOK0_APP_MAY26_ADR_MST_V1 [Android]",120243254910040003,C1_APB_TOP_1865_ADR_BOOK0_V2,120243254910070003,C1C_STC_APP_BOOK0_T2,120243254910150003,2026-05-02,"Ads on Facebook Reels",android_smartphone,facebook,android_smartphone,,,,2026-05-02,Ongoing,"1-day click, 1-day view, or 1-day engaged-view",,,,,,,,,,,,,,,,,,,,,,1,,,,,,,,,,,,,,,,,,,,,,,,,2026-05-02,2026-05-02
"BOOK0_APP_MAY26_ADR_MST_V1 [Android]",120243254910040003,C1_APB_TOP_1865_ADR_BOOK0_V2,120243254910070003,C1C_STC_APP_BOOK0_T2,120243254910150003,2026-05-02,"Native, banner & interstitial",android_smartphone,audience_network,android_smartphone,,,,2026-05-02,Ongoing,"1-day click, 1-day view, or 1-day engaged-view",,,,,,,,,,,,,,,,,,,,,,1,,,,,,,,,,,,,,,,,,,,,,,,,2026-05-02,2026-05-02
"BOOK0_APP_MAY26_ADR_MST_V1 [Android]",120243254910040003,C1_APB_TOP_1865_ADR_BOOK0_V2,120243254910070003,C1D_STC_APP_BOOK0_T2,120243254910190003,2026-05-02,Feed,android_smartphone,facebook,android_smartphone,,,,2026-05-02,Ongoing,"1-day click, 1-day view, or 1-day engaged-view",,,,,,,,,,,,,,,,,,,,,,4,,,,,,,,,,,,,,,,,,,,,,,,,2026-05-02,2026-05-02
"BOOK0_APP_MAY26_ADR_MST_V1 [Android]",120243254910040003,C1_APB_TOP_1865_ADR_BOOK0_V2,120243254910070003,C1D_STC_APP_BOOK0_T2,120243254910190003,2026-05-02,"Instagram Reels",android_smartphone,instagram,android_smartphone,,,,2026-05-02,Ongoing,"1-day click, 1-day view, or 1-day engaged-view",,,,,,,,,,,,,,,,,,,,,,1,,,,,,,,,,,,,,,,,,,,,,,,,2026-05-02,2026-05-02
"BOOK0_APP_MAY26_ADR_MST_V1 [Android]",120243254910040003,C1_APB_TOP_1865_ADR_BOOK0_V2,120243254910070003,C1D_STC_APP_BOOK0_T2,120243254910190003,2026-05-02,"Native, banner & interstitial",android_smartphone,audience_network,android_smartphone,,,,2026-05-02,Ongoing,"1-day click, 1-day view, or 1-day engaged-view",,,,,,,,,,,,,,,,,,,,,,2,,,,,,,,,,,,,,,,,,,,,,,,,2026-05-02,2026-05-02
"BOOK0_APP_MAY26_ADR_MST_V1 [Android]",120243254910040003,C2_APB_TOP_1865_ADR_BOOK0_V2,120243254910060003,C2A_STC_APP_BOOK0_T2,120243254910130003,2026-05-02,"Native, banner & interstitial",android_smartphone,audience_network,android_smartphone,,,,2026-05-02,Ongoing,"1-day click, 1-day view, or 1-day engaged-view",,,,,,,,,,,,,,,,,,,,,,2,,,,,,,,,,,,,,,,,,,,,,,,,2026-05-02,2026-05-02
"BOOK0_APP_MAY26_ADR_MST_V1 [Android]",120243254910040003,C2_APB_TOP_1865_ADR_BOOK0_V2,120243254910060003,C2A_STC_APP_BOOK0_T2,120243254910130003,2026-05-02,Feed,android_smartphone,facebook,android_smartphone,,,,2026-05-02,Ongoing,"1-day click, 1-day view, or 1-day engaged-view",,,,,,,,,,,,,,,,,,,,,,2,,,,,,,,,,,,,,,,,,,,,,,,,2026-05-02,2026-05-02
"BOOK0_APP_MAY26_ADR_MST_V1 [Android]",120243254910040003,C3_APB_TOP_1865_ADR_BOOK0_V2,120243254910220003,C3B_STC_APP_BOOK0_T2,120243254910080003,2026-05-02,"Facebook Reels",android_smartphone,facebook,android_smartphone,,,,2026-05-02,Ongoing,"1-day click, 1-day view, or 1-day engaged-view",,,,,,,,,,,,,,,,,,,,,,1,,,,,,,,,,,,,,,,,,,,,,,,,2026-05-02,2026-05-02
"BOOK0_APP_MAY26_ADR_MST_V1 [Android]",120243254910040003,C3_APB_TOP_1865_ADR_BOOK0_V2,120243254910220003,C3B_STC_APP_BOOK0_T2,120243254910080003,2026-05-02,Feed,android_smartphone,facebook,android_smartphone,,,,2026-05-02,Ongoing,"1-day click, 1-day view, or 1-day engaged-view",,,,,,,,,,,,,,,,,,,,,,2,,,,,,,,,,,,,,,,,,,,,,,,,2026-05-02,2026-05-02
"BOOK0_APP_MAY26_ADR_MST_V1 [Android]",120243254910040003,C4_APB_TOP_1865_ADR_BOOK0_V2,120243254910200003,C4A_STC_APP_BOOK0_T2,120243254910090003,2026-05-02,Feed,android_smartphone,instagram,android_smartphone,,,,2026-05-02,Ongoing,"1-day click, 1-day view, or 1-day engaged-view",,,,,,,,,,,,,,,,,,,,,,,,,,,,,,,,,,,,,,,,,,,,,,,2026-05-02,2026-05-02
"BOOK0_APP_MAY26_ADR_MST_V1 [Android]",120243254910040003,C4_APB_TOP_1865_ADR_BOOK0_V2,120243254910200003,C4A_STC_APP_BOOK0_T2,120243254910090003,2026-05-02,"Native, banner & interstitial",android_smartphone,audience_network,android_smartphone,,,,2026-05-02,Ongoing,"1-day click, 1-day view, or 1-day engaged-view",,,,,,,,,,,,,,,,,,,,,,1,,,,,,,,,,,,,,,,,,,,,,,,,2026-05-02,2026-05-02
"BOOK0_APP_MAY26_ADR_MST_V1 [Android]",120243254910040003,C3_APB_TOP_1865_ADR_BOOK0_V2,120243254910220003,C3B_STC_APP_BOOK0_T2,120243254910080003,2026-05-03,Feed,android_smartphone,facebook,android_smartphone,,,,2026-05-02,Ongoing,"1-day click, 1-day view, or 1-day engaged-view",,,,,,,,,,,,,,,,,,,,,,3,,,,,,,,,,,,,,,,,,,,,,,,,2026-05-03,2026-05-03
"BOOK0_APP_MAY26_ADR_MST_V1 [Android]",120243254910040003,C1_APB_TOP_1865_ADR_BOOK0_V2,120243254910070003,C1B_STC_APP_BOOK0_T2,120243254910170003,2026-05-02,Feed,android_smartphone,facebook,android_smartphone,,,,2026-05-02,Ongoing,"1-day click, 1-day view, or 1-day engaged-view",,,,,,,,,,,,,,,,,,,,,,2,,,,,,,,,,,,,,,,,,,,,,,,,2026-05-02,2026-05-02
"BOOK0_APP_MAY26_ADR_MST_V1 [Android]",120243254910040003,C3_APB_TOP_1865_ADR_BOOK0_V2,120243254910220003,C3B_STC_APP_BOOK0_T2,120243254910080003,2026-05-03,"Ads on Facebook Reels",android_smartphone,facebook,android_smartphone,,,,2026-05-02,Ongoing,"1-day click, 1-day view, or 1-day engaged-view",,,,,,,,,,,,,,,,,,,,,,2,,,,,,,,,,,,,,,,,,,,,,,,,2026-05-03,2026-05-03
"BOOK0_APP_MAY26_ADR_MST_V1 [Android]",120243254910040003,C3_APB_TOP_1865_ADR_BOOK0_V2,120243254910220003,C3B_STC_APP_BOOK0_T2,120243254910080003,2026-05-03,"Facebook Reels",android_smartphone,facebook,android_smartphone,,,,2026-05-02,Ongoing,"1-day click, 1-day view, or 1-day engaged-view",,,,,,,,,,,,,,,,,,,,,,1,,,,,,,,,,,,,,,,,,,,,,,,,2026-05-03,2026-05-03
"BOOK0_APP_MAY26_ADR_MST_V1 [Android]",120243254910040003,C3_APB_TOP_1865_ADR_BOOK0_V2,120243254910220003,C3C_STC_APP_BOOK0_T2,120243254910050003,2026-05-02,Feed,android_smartphone,facebook,android_smartphone,,,,2026-05-02,Ongoing,"1-day click, 1-day view, or 1-day engaged-view",,,,,,,,,,,,,,,,,,,,,,1,,,,,,,,,,,,,,,,,,,,,,,,,2026-05-02,2026-05-02
"BOOK0_APP_MAY26_ADR_MST_V1 [Android]",120243254910040003,C3_APB_TOP_1865_ADR_BOOK0_V2,120243254910220003,C3C_STC_APP_BOOK0_T2,120243254910050003,2026-05-02,"Threads feed",android_smartphone,threads,android_smartphone,,,,2026-05-02,Ongoing,"1-day click, 1-day view, or 1-day engaged-view",,,,,,,,,,,,,,,,,,,,,,,,,,,,,,,,,,,,,,,,,,,,,,,2026-05-02,2026-05-02
"BOOK0_APP_MAY26_ADR_MST_V1 [Android]",120243254910040003,C2_APB_TOP_1865_ADR_BOOK0_V2,120243254910060003,C2C_STC_APP_BOOK0_T2,120243254910210003,2026-05-02,Feed,android_smartphone,facebook,android_smartphone,,,,2026-05-02,Ongoing,"1-day click, 1-day view, or 1-day engaged-view",,,,,,,,,,,,,,,,,,,,,,2,,,,,,,,,,,,,,,,,,,,,,,,,2026-05-02,2026-05-02
"BOOK0_APP_MAY26_ADR_MST_V1 [Android]",120243254910040003,C4_APB_TOP_1865_ADR_BOOK0_V2,120243254910200003,C4D_STC_APP_BOOK0_T2,120243254910140003,2026-05-02,Feed,android_smartphone,instagram,android_smartphone,,,,2026-05-02,Ongoing,"1-day click, 1-day view, or 1-day engaged-view",,,,,,,,,,,,,,,,,,,,,,1,,,,,,,,,,,,,,,,,,,,,,,,,2026-05-02,2026-05-02
"BOOK0_APP_MAY26_ADR_MST_V1 [Android]",120243254910040003,C4_APB_TOP_1865_ADR_BOOK0_V2,120243254910200003,C4D_STC_APP_BOOK0_T2,120243254910140003,2026-05-02,"Native, banner & interstitial",android_smartphone,audience_network,android_smartphone,,,,2026-05-02,Ongoing,"1-day click, 1-day view, or 1-day engaged-view",,,,,,,,,,,,,,,,,,,,,,1,,,,,,,,,,,,,,,,,,,,,,,,,2026-05-02,2026-05-02
"BOOK0_APP_MAY26_ADR_MST_V1 [Android]",120243254910040003,C4_APB_TOP_1865_ADR_BOOK0_V2,120243254910200003,C4D_STC_APP_BOOK0_T2,120243254910140003,2026-05-02,"Facebook Reels",android_smartphone,facebook,android_smartphone,,,,2026-05-02,Ongoing,"1-day click, 1-day view, or 1-day engaged-view",,,,,,,,,,,,,,,,,,,,,,1,,,,,,,,,,,,,,,,,,,,,,,,,2026-05-02,2026-05-02
"BOOK0_APP_MAY26_ADR_MST_V1 [Android]",120243254910040003,C4_APB_TOP_1865_ADR_BOOK0_V2,120243254910200003,C4D_STC_APP_BOOK0_T2,120243254910140003,2026-05-02,Feed,android_smartphone,facebook,android_smartphone,,,,2026-05-02,Ongoing,"1-day click, 1-day view, or 1-day engaged-view",,,,,,,,,,,,,,,,,,,,,,5,,,,,,,,,,,,,,,,,,,,,,,,,2026-05-02,2026-05-02
"BOOK0_APP_MAY26_ADR_MST_V1 [Android]",120243254910040003,C4_APB_TOP_1865_ADR_BOOK0_V2,120243254910200003,C4D_STC_APP_BOOK0_T2,120243254910140003,2026-05-02,"Instagram Reels",android_smartphone,instagram,android_smartphone,,,,2026-05-02,Ongoing,"1-day click, 1-day view, or 1-day engaged-view",,,,,,,,,,,,,,,,,,,,,,3,,,,,,,,,,,,,,,,,,,,,,,,,2026-05-02,2026-05-02
"BOOK0_APP_MAY26_ADR_MST_V1 [Android]",120243254910040003,C1_APB_TOP_1865_ADR_BOOK0_V2,120243254910070003,C1B_STC_APP_BOOK0_T2,120243254910170003,2026-05-02,"Ads on Facebook Reels",android_smartphone,facebook,android_smartphone,,,,2026-05-02,Ongoing,"1-day click, 1-day view, or 1-day engaged-view",,,,,,,,,,,,,,,,,,,,,,2,,,,,,,,,,,,,,,,,,,,,,,,,2026-05-02,2026-05-02
"BOOK0_APP_MAY26_ADR_MST_V1 [Android]",120243254910040003,C4_APB_TOP_1865_ADR_BOOK0_V2,120243254910200003,C4B_STC_APP_BOOK0_T2,120243254910230003,2026-05-02,"Ads on Facebook Reels",android_smartphone,facebook,android_smartphone,,,,2026-05-02,Ongoing,"1-day click, 1-day view, or 1-day engaged-view",,,,,,,,,,,,,,,,,,,,,,1,,,,,,,,,,,,,,,,,,,,,,,,,2026-05-02,2026-05-02
"BOOK0_APP_MAY26_ADR_MST_V1 [Android]",120243254910040003,C2_APB_TOP_1865_ADR_BOOK0_V2,120243254910060003,C2D_STC_APP_BOOK0_T2,120243254910100003,2026-05-02,Feed,android_smartphone,facebook,android_smartphone,,,,2026-05-02,Ongoing,"1-day click, 1-day view, or 1-day engaged-view",,,,,,,,,,,,,,,,,,,,,,1,,,,,,,,,,,,,,,,,,,,,,,,,2026-05-02,2026-05-02
"BOOK0_APP_MAY26_ADR_MST_V1 [Android]",120243254910040003,C2_APB_TOP_1865_ADR_BOOK0_V2,120243254910060003,C2D_STC_APP_BOOK0_T2,120243254910100003,2026-05-02,"Native, banner & interstitial",android_smartphone,audience_network,android_smartphone,,,,2026-05-02,Ongoing,"1-day click, 1-day view, or 1-day engaged-view",,,,,,,,,,,,,,,,,,,,,,4,,,,,,,,,,,,,,,,,,,,,,,,,2026-05-02,2026-05-02
"BOOK0_APP_MAY26_ADR_MST_V1 [Android]",120243254910040003,C3_APB_TOP_1865_ADR_BOOK0_V2,120243254910220003,C3A_STC_APP_BOOK0_T2,120243254910180003,2026-05-02,"Facebook Reels",android_smartphone,facebook,android_smartphone,,,,2026-05-02,Ongoing,"1-day click, 1-day view, or 1-day engaged-view",,,,,,,,,,,,,,,,,,,,,,1,,,,,,,,,,,,,,,,,,,,,,,,,2026-05-02,2026-05-02
"BOOK0_APP_MAY26_ADR_MST_V1 [Android]",120243254910040003,C3_APB_TOP_1865_ADR_BOOK0_V2,120243254910220003,C3A_STC_APP_BOOK0_T2,120243254910180003,2026-05-02,"Instagram Stories",android_smartphone,instagram,android_smartphone,,,,2026-05-02,Ongoing,"1-day click, 1-day view, or 1-day engaged-view",,,,,,,,,,,,,,,,,,,,,,2,,,,,,,,,,,,,,,,,,,,,,,,,2026-05-02,2026-05-02
"BOOK0_APP_MAY26_ADR_MST_V1 [Android]",120243254910040003,C3_APB_TOP_1865_ADR_BOOK0_V2,120243254910220003,C3A_STC_APP_BOOK0_T2,120243254910180003,2026-05-02,Feed,android_smartphone,facebook,android_smartphone,,,,2026-05-02,Ongoing,"1-day click, 1-day view, or 1-day engaged-view",,,,,,,,,,,,,,,,,,,,,,4,,,,,,,,,,,,,,,,,,,,,,,,,2026-05-02,2026-05-02
"BOOK0_APP_MAY26_ADR_MST_V1 [Android]",120243254910040003,C3_APB_TOP_1865_ADR_BOOK0_V2,120243254910220003,C3A_STC_APP_BOOK0_T2,120243254910180003,2026-05-02,"Facebook Reels",android_tablet,facebook,android_tablet,,,,2026-05-02,Ongoing,"1-day click, 1-day view, or 1-day engaged-view",,,,,,,,,,,,,,,,,,,,,,1,,,,,,,,,,,,,,,,,,,,,,,,,2026-05-02,2026-05-02
"BOOK0_APP_MAY26_ADR_MST_V1 [Android]",120243254910040003,C3_APB_TOP_1865_ADR_BOOK0_V2,120243254910220003,C3A_STC_APP_BOOK0_T2,120243254910180003,2026-05-02,"Facebook Stories",android_smartphone,facebook,android_smartphone,,,,2026-05-02,Ongoing,"1-day click, 1-day view, or 1-day engaged-view",,,,,,,,,,,,,,,,,,,,,,1,,,,,,,,,,,,,,,,,,,,,,,,,2026-05-02,2026-05-02
"BOOK0_APP_MAY26_ADR_MST_V1 [Android]",120243254910040003,C3_APB_TOP_1865_ADR_BOOK0_V2,120243254910220003,C3A_STC_APP_BOOK0_T2,120243254910180003,2026-05-02,"Threads feed",android_smartphone,threads,android_smartphone,,,,2026-05-02,Ongoing,"1-day click, 1-day view, or 1-day engaged-view",,,,,,,,,,,,,,,,,,,,,,,,,,,,,,,,,,,,,,,,,,,,,,,2026-05-02,2026-05-02
"BOOK0_APP_MAY26_ADR_MST_V1 [Android]",120243254910040003,C4_APB_TOP_1865_ADR_BOOK0_V2,120243254910200003,C4B_STC_APP_BOOK0_T2,120243254910230003,2026-05-02,"Facebook Reels",android_smartphone,facebook,android_smartphone,,,,2026-05-02,Ongoing,"1-day click, 1-day view, or 1-day engaged-view",,,,,,,,,,,,,,,,,,,,,,1,,,,,,,,,,,,,,,,,,,,,,,,,2026-05-02,2026-05-02
"BOOK0_APP_MAY26_ADR_MST_V1 [Android]",120243254910040003,C4_APB_TOP_1865_ADR_BOOK0_V2,120243254910200003,C4B_STC_APP_BOOK0_T2,120243254910230003,2026-05-02,"Native, banner & interstitial",android_smartphone,audience_network,android_smartphone,,,,2026-05-02,Ongoing,"1-day click, 1-day view, or 1-day engaged-view",,,,,,,,,,,,,,,,,,,,,,2,,,,,,,,,,,,,,,,,,,,,,,,,2026-05-02,2026-05-02
"BOOK0_APP_MAY26_ADR_MST_V1 [Android]",120243254910040003,C4_APB_TOP_1865_ADR_BOOK0_V2,120243254910200003,C4B_STC_APP_BOOK0_T2,120243254910230003,2026-05-02,Feed,android_smartphone,facebook,android_smartphone,,,,2026-05-02,Ongoing,"1-day click, 1-day view, or 1-day engaged-view",,,,,,,,,,,,,,,,,,,,,,2,,,,,,,,,,,,,,,,,,,,,,,,,2026-05-02,2026-05-02
"BOOK0_APP_MAY26_ADR_MST_V1 [Android]",120243254910040003,C2_APB_TOP_1865_ADR_BOOK0_V2,120243254910060003,C2A_STC_APP_BOOK0_T2,120243254910130003,2026-05-04,Feed,android_smartphone,facebook,android_smartphone,,,,2026-05-02,Ongoing,"1-day click, 1-day view, or 1-day engaged-view",,,,,,,,,,,,,,,,,,,,,,1,,,,,,,,,,,,,,,,,,,,,,,,,2026-05-04,2026-05-04
"BOOK0_APP_MAY26_ADR_MST_V1 [Android]",120243254910040003,C1_APB_TOP_1865_ADR_BOOK0_V2,120243254910070003,C1D_STC_APP_BOOK0_T2,120243254910190003,2026-05-04,"Native, banner & interstitial",android_smartphone,audience_network,android_smartphone,,,,2026-05-02,Ongoing,"1-day click, 1-day view, or 1-day engaged-view",,,,,,,,,,,,,,,,,,,,,,2,,,,,,,,,,,,,,,,,,,,,,,,,2026-05-04,2026-05-04
"BOOK0_APP_MAY26_ADR_MST_V1 [Android]",120243254910040003,C3_APB_TOP_1865_ADR_BOOK0_V2,120243254910220003,C3B_STC_APP_BOOK0_T2,120243254910080003,2026-05-08,Feed,android_smartphone,facebook,android_smartphone,,,,2026-05-02,Ongoing,"1-day click, 1-day view, or 1-day engaged-view",,,,,,,,,,,,,,,,,,,,,,,,,,,,,,,,,,,,,,,,,,,,,,,2026-05-08,2026-05-08
"BOOK0_APP_MAY26_ADR_MST_V1 [Android]",120243254910040003,C1_APB_TOP_1865_ADR_BOOK0_V2,120243254910070003,C1D_STC_APP_BOOK0_T2,120243254910190003,2026-05-06,"Native, banner & interstitial",android_tablet,audience_network,android_tablet,,,,2026-05-02,Ongoing,"1-day click, 1-day view, or 1-day engaged-view",,,,,,,,,,,,,,,,,,,,,,1,,,,,,,,,,,,,,,,,,,,,,,,,2026-05-06,2026-05-06
"BOOK0_APP_MAY26_ADR_MST_V1 [Android]",120243254910040003,C3_APB_TOP_1865_ADR_BOOK0_V2,120243254910220003,C3D_STC_APP_BOOK0_T2,120243254910250003,2026-05-06,"Native, banner & interstitial",android_tablet,audience_network,android_tablet,,,,2026-05-02,Ongoing,"1-day click, 1-day view, or 1-day engaged-view",,,,,,,,,,,,,,,,,,,,,,1,,,,,,,,,,,,,,,,,,,,,,,,,2026-05-06,2026-05-06
"BOOK0_APP_MAY26_ADR_MST_V1 [Android]",120243254910040003,C3_APB_TOP_1865_ADR_BOOK0_V2,120243254910220003,C3D_STC_APP_BOOK0_T2,120243254910250003,2026-05-06,"Instagram Reels",android_smartphone,instagram,android_smartphone,,,,2026-05-02,Ongoing,"1-day click, 1-day view, or 1-day engaged-view",,,,,,,,,,,,,,,,,,,,,,1,,,,,,,,,,,,,,,,,,,,,,,,,2026-05-06,2026-05-06
"BOOK0_APP_MAY26_ADR_MST_V1 [Android]",120243254910040003,C3_APB_TOP_1865_ADR_BOOK0_V2,120243254910220003,C3D_STC_APP_BOOK0_T2,120243254910250003,2026-05-06,"Native, banner & interstitial",android_smartphone,audience_network,android_smartphone,,,,2026-05-02,Ongoing,"1-day click, 1-day view, or 1-day engaged-view",,,,,,,,,,,,,,,,,,,,,,23,,,,,,,,,,,,,,,,,,,,,,,,,2026-05-06,2026-05-06
"BOOK0_APP_MAY26_ADR_MST_V1 [Android]",120243254910040003,C3_APB_TOP_1865_ADR_BOOK0_V2,120243254910220003,C3D_STC_APP_BOOK0_T2,120243254910250003,2026-05-06,Feed,android_smartphone,facebook,android_smartphone,,,,2026-05-02,Ongoing,"1-day click, 1-day view, or 1-day engaged-view",,,,,,,,,,,,,,,,,,,,,,1,,,,,,,,,,,,,,,,,,,,,,,,,2026-05-06,2026-05-06
"BOOK0_APP_MAY26_ADR_MST_V1 [Android]",120243254910040003,C2_APB_TOP_1865_ADR_BOOK0_V2,120243254910060003,C2B_STC_APP_BOOK0_T2,120243254910110003,2026-05-06,"Threads feed",android_smartphone,threads,android_smartphone,,,,2026-05-02,Ongoing,"1-day click, 1-day view, or 1-day engaged-view",,,,,,,,,,,,,,,,,,,,,,1,,,,,,,,,,,,,,,,,,,,,,,,,2026-05-06,2026-05-06
"BOOK0_APP_MAY26_ADR_MST_V1 [Android]",120243254910040003,C2_APB_TOP_1865_ADR_BOOK0_V2,120243254910060003,C2B_STC_APP_BOOK0_T2,120243254910110003,2026-05-06,"Native, banner & interstitial",android_tablet,audience_network,android_tablet,,,,2026-05-02,Ongoing,"1-day click, 1-day view, or 1-day engaged-view",,,,,,,,,,,,,,,,,,,,,,1,,,,,,,,,,,,,,,,,,,,,,,,,2026-05-06,2026-05-06
"BOOK0_APP_MAY26_ADR_MST_V1 [Android]",120243254910040003,C2_APB_TOP_1865_ADR_BOOK0_V2,120243254910060003,C2B_STC_APP_BOOK0_T2,120243254910110003,2026-05-06,"Native, banner & interstitial",android_smartphone,audience_network,android_smartphone,,,,2026-05-02,Ongoing,"1-day click, 1-day view, or 1-day engaged-view",,,,,,,,,,,,,,,,,,,,,,12,,,,,,,,,,,,,,,,,,,,,,,,,2026-05-06,2026-05-06
"BOOK0_APP_MAY26_ADR_MST_V1 [Android]",120243254910040003,C2_APB_TOP_1865_ADR_BOOK0_V2,120243254910060003,C2B_STC_APP_BOOK0_T2,120243254910110003,2026-05-06,"Facebook Reels",android_smartphone,facebook,android_smartphone,,,,2026-05-02,Ongoing,"1-day click, 1-day view, or 1-day engaged-view",,,,,,,,,,,,,,,,,,,,,,2,,,,,,,,,,,,,,,,,,,,,,,,,2026-05-06,2026-05-06
"BOOK0_APP_MAY26_ADR_MST_V1 [Android]",120243254910040003,C2_APB_TOP_1865_ADR_BOOK0_V2,120243254910060003,C2B_STC_APP_BOOK0_T2,120243254910110003,2026-05-06,Feed,android_smartphone,facebook,android_smartphone,,,,2026-05-02,Ongoing,"1-day click, 1-day view, or 1-day engaged-view",,,,,,,,,,,,,,,,,,,,,,1,,,,,,,,,,,,,,,,,,,,,,,,,2026-05-06,2026-05-06
"BOOK0_APP_MAY26_ADR_MST_V1 [Android]",120243254910040003,C1_APB_TOP_1865_ADR_BOOK0_V2,120243254910070003,C1D_STC_APP_BOOK0_T2,120243254910190003,2026-05-06,"Native, banner & interstitial",android_smartphone,audience_network,android_smartphone,,,,2026-05-02,Ongoing,"1-day click, 1-day view, or 1-day engaged-view",,,,,,,,,,,,,,,,,,,,,,5,,,,,,,,,,,,,,,,,,,,,,,,,2026-05-06,2026-05-06
"BOOK0_APP_MAY26_ADR_MST_V1 [Android]",120243254910040003,C4_APB_TOP_1865_ADR_BOOK0_V2,120243254910200003,C4B_STC_APP_BOOK0_T2,120243254910230003,2026-05-11,"Instagram Reels",android_smartphone,instagram,android_smartphone,,,,2026-05-02,Ongoing,"1-day click, 1-day view, or 1-day engaged-view",,,,,,,,,,,,,,,,,,,,,,2,,,,,,,,,,,,,,,1,,,,,,,,,,2026-05-11,2026-05-11
"BOOK0_APP_MAY26_ADR_MST_V1 [Android]",120243254910040003,C4_APB_TOP_1865_ADR_BOOK0_V2,120243254910200003,C4A_STC_APP_BOOK0_T2,120243254910090003,2026-05-06,"Threads feed",android_smartphone,threads,android_smartphone,,,,2026-05-02,Ongoing,"1-day click, 1-day view, or 1-day engaged-view",,,,,,,,,,,,,,,,,,,,,,1,,,,,,,,,,,,,,,,,,,,,,,,,2026-05-06,2026-05-06
"BOOK0_APP_MAY26_ADR_MST_V1 [Android]",120243254910040003,C4_APB_TOP_1865_ADR_BOOK0_V2,120243254910200003,C4D_STC_APP_BOOK0_T2,120243254910140003,2026-05-05,"Native, banner & interstitial",android_smartphone,audience_network,android_smartphone,,,,2026-05-02,Ongoing,"1-day click, 1-day view, or 1-day engaged-view",,,,,,,,,,,,,,,,,,,,,,2,,,,,,,,,,,,,,,,,,,,,,,,,2026-05-05,2026-05-05
"BOOK0_APP_MAY26_ADR_MST_V1 [Android]",120243254910040003,C4_APB_TOP_1865_ADR_BOOK0_V2,120243254910200003,C4D_STC_APP_BOOK0_T2,120243254910140003,2026-05-05,"Native, banner & interstitial",android_tablet,audience_network,android_tablet,,,,2026-05-02,Ongoing,"1-day click, 1-day view, or 1-day engaged-view",,,,,,,,,,,,,,,,,,,,,,1,,,,,,,,,,,,,,,,,,,,,,,,,2026-05-05,2026-05-05
"BOOK0_APP_MAY26_ADR_MST_V1 [Android]",120243254910040003,C4_APB_TOP_1865_ADR_BOOK0_V2,120243254910200003,C4D_STC_APP_BOOK0_T2,120243254910140003,2026-05-05,Feed,android_smartphone,facebook,android_smartphone,,,,2026-05-02,Ongoing,"1-day click, 1-day view, or 1-day engaged-view",,,,,,,,,,,,,,,,,,,,,,1,,,,,,,,,,,,,,,,,,,,,,,,,2026-05-05,2026-05-05
"BOOK0_APP_MAY26_ADR_MST_V1 [Android]",120243254910040003,C1_APB_TOP_1865_ADR_BOOK0_V2,120243254910070003,C1B_STC_APP_BOOK0_T2,120243254910170003,2026-05-05,"Instagram Stories",android_tablet,instagram,android_tablet,,,,2026-05-02,Ongoing,"1-day click, 1-day view, or 1-day engaged-view",,,,,,,,,,,,,,,,,,,,,,1,,,,,,,,,,,,,,,,,,,,,,,,,2026-05-05,2026-05-05
"BOOK0_APP_MAY26_ADR_MST_V1 [Android]",120243254910040003,C1_APB_TOP_1865_ADR_BOOK0_V2,120243254910070003,C1B_STC_APP_BOOK0_T2,120243254910170003,2026-05-05,"Ads on Facebook Reels",android_smartphone,facebook,android_smartphone,,,,2026-05-02,Ongoing,"1-day click, 1-day view, or 1-day engaged-view",,,,,,,,,,,,,,,,,,,,,,1,,,,,,,,,,,,,,,,,,,,,,,,,2026-05-05,2026-05-05
"BOOK0_APP_MAY26_ADR_MST_V1 [Android]",120243254910040003,C1_APB_TOP_1865_ADR_BOOK0_V2,120243254910070003,C1B_STC_APP_BOOK0_T2,120243254910170003,2026-05-05,"Native, banner & interstitial",android_smartphone,audience_network,android_smartphone,,,,2026-05-02,Ongoing,"1-day click, 1-day view, or 1-day engaged-view",,,,,,,,,,,,,,,,,,,,,,73,,,,,,,,,,,,,,,,,,,,,,,,,2026-05-05,2026-05-05
"BOOK0_APP_MAY26_ADR_MST_V1 [Android]",120243254910040003,C1_APB_TOP_1865_ADR_BOOK0_V2,120243254910070003,C1B_STC_APP_BOOK0_T2,120243254910170003,2026-05-05,"Instagram Stories",android_smartphone,instagram,android_smartphone,,,,2026-05-02,Ongoing,"1-day click, 1-day view, or 1-day engaged-view",,,,,,,,,,,,,,,,,,,,,,1,,,,,,,,,,,,,,,,,,,,,,,,,2026-05-05,2026-05-05
"BOOK0_APP_MAY26_ADR_MST_V1 [Android]",120243254910040003,C3_APB_TOP_1865_ADR_BOOK0_V2,120243254910220003,C3A_STC_APP_BOOK0_T2,120243254910180003,2026-05-05,"Native, banner & interstitial",android_smartphone,audience_network,android_smartphone,,,,2026-05-02,Ongoing,"1-day click, 1-day view, or 1-day engaged-view",,,,,,,,,,,,,,,,,,,,,,1,,,,,,,,,,,,,,,,,,,,,,,,,2026-05-05,2026-05-05
"BOOK0_APP_MAY26_ADR_MST_V1 [Android]",120243254910040003,C3_APB_TOP_1865_ADR_BOOK0_V2,120243254910220003,C3A_STC_APP_BOOK0_T2,120243254910180003,2026-05-05,Feed,android_smartphone,facebook,android_smartphone,,,,2026-05-02,Ongoing,"1-day click, 1-day view, or 1-day engaged-view",,,,,,,,,,,,,,,,,,,,,,1,,,,,,,,,,,,,,,,,,,,,,,,,2026-05-05,2026-05-05
"BOOK0_APP_MAY26_ADR_MST_V1 [Android]",120243254910040003,C4_APB_TOP_1865_ADR_BOOK0_V2,120243254910200003,C4B_STC_APP_BOOK0_T2,120243254910230003,2026-05-05,"Native, banner & interstitial",android_smartphone,audience_network,android_smartphone,,,,2026-05-02,Ongoing,"1-day click, 1-day view, or 1-day engaged-view",,,,,,,,,,,,,,,,,,,,,,59,,,,,,,,,,,,,,,,,,,,,,,,,2026-05-05,2026-05-05
"BOOK0_APP_MAY26_ADR_MST_V1 [Android]",120243254910040003,C4_APB_TOP_1865_ADR_BOOK0_V2,120243254910200003,C4A_STC_APP_BOOK0_T2,120243254910090003,2026-05-06,"Native, banner & interstitial",android_smartphone,audience_network,android_smartphone,,,,2026-05-02,Ongoing,"1-day click, 1-day view, or 1-day engaged-view",,,,,,,,,,,,,,,,,,,,,,10,,,,,,,,,,,,,,,,,,,,,,,,,2026-05-06,2026-05-06
"BOOK0_APP_MAY26_ADR_MST_V1 [Android]",120243254910040003,C4_APB_TOP_1865_ADR_BOOK0_V2,120243254910200003,C4B_STC_APP_BOOK0_T2,120243254910230003,2026-05-06,"Native, banner & interstitial",android_smartphone,audience_network,android_smartphone,,,,2026-05-02,Ongoing,"1-day click, 1-day view, or 1-day engaged-view",,,,,,,,,,,,,,,,,,,,,,30,,,,,,,,,,,,,,,,,,,,,,,,,2026-05-06,2026-05-06
"BOOK0_APP_MAY26_ADR_MST_V1 [Android]",120243254910040003,C1_APB_TOP_1865_ADR_BOOK0_V2,120243254910070003,C1D_STC_APP_BOOK0_T2,120243254910190003,2026-05-11,Feed,android_smartphone,instagram,android_smartphone,,,,2026-05-02,Ongoing,"1-day click, 1-day view, or 1-day engaged-view",,,,,,,,,,,,,,,,,,,,,,10,,,,,,,,,,,,,,,4,,,,,,,,,,2026-05-11,2026-05-11
"BOOK0_APP_MAY26_ADR_MST_V1 [Android]",120243254910040003,C1_APB_TOP_1865_ADR_BOOK0_V2,120243254910070003,C1D_STC_APP_BOOK0_T2,120243254910190003,2026-05-07,"Facebook Reels",android_smartphone,facebook,android_smartphone,,,,2026-05-02,Ongoing,"1-day click, 1-day view, or 1-day engaged-view",,,,,,,,,,,,,,,,,,,,,,2,,,,,,,,,,,,,,,,,,,,,,,,,2026-05-07,2026-05-07
"BOOK0_APP_MAY26_ADR_MST_V1 [Android]",120243254910040003,C4_APB_TOP_1865_ADR_BOOK0_V2,120243254910200003,C4B_STC_APP_BOOK0_T2,120243254910230003,2026-05-07,"Native, banner & interstitial",android_smartphone,audience_network,android_smartphone,,,,2026-05-02,Ongoing,"1-day click, 1-day view, or 1-day engaged-view",,,,,,,,,,,,,,,,,,,,,,1,,,,,,,,,,,,,,,,,,,,,,,,,2026-05-07,2026-05-07
"BOOK0_APP_MAY26_ADR_MST_V1 [Android]",120243254910040003,C4_APB_TOP_1865_ADR_BOOK0_V2,120243254910200003,C4B_STC_APP_BOOK0_T2,120243254910230003,2026-05-07,"Facebook Stories",android_smartphone,facebook,android_smartphone,,,,2026-05-02,Ongoing,"1-day click, 1-day view, or 1-day engaged-view",,,,,,,,,,,,,,,,,,,,,,1,,,,,,,,,,,,,,,,,,,,,,,,,2026-05-07,2026-05-07
"BOOK0_APP_MAY26_ADR_MST_V1 [Android]",120243254910040003,C4_APB_TOP_1865_ADR_BOOK0_V2,120243254910200003,C4B_STC_APP_BOOK0_T2,120243254910230003,2026-05-07,"Facebook Reels",android_smartphone,facebook,android_smartphone,,,,2026-05-02,Ongoing,"1-day click, 1-day view, or 1-day engaged-view",,,,,,,,,,,,,,,,,,,,,,3,,,,,,,,,,,,,,,,,,,,,,,,,2026-05-07,2026-05-07
"BOOK0_APP_MAY26_ADR_MST_V1 [Android]",120243254910040003,C4_APB_TOP_1865_ADR_BOOK0_V2,120243254910200003,C4B_STC_APP_BOOK0_T2,120243254910230003,2026-05-07,"Instagram Reels",android_smartphone,instagram,android_smartphone,,,,2026-05-02,Ongoing,"1-day click, 1-day view, or 1-day engaged-view",,,,,,,,,,,,,,,,,,,,,,3,,,,,,,,,,,,,,,,,,,,,,,,,2026-05-07,2026-05-07
"BOOK0_APP_MAY26_ADR_MST_V1 [Android]",120243254910040003,C4_APB_TOP_1865_ADR_BOOK0_V2,120243254910200003,C4B_STC_APP_BOOK0_T2,120243254910230003,2026-05-07,Feed,android_smartphone,facebook,0,,,,2026-05-02,Ongoing,"1-day click, 1-day view, or 1-day engaged-view",,,,,,,,,,,,,,,,,,,,,,,,,,,,,,,1,,,,,,,,,,,,,,,,2026-05-07,2026-05-07
"BOOK0_APP_MAY26_ADR_MST_V1 [Android]",120243254910040003,C4_APB_TOP_1865_ADR_BOOK0_V2,120243254910200003,C4B_STC_APP_BOOK0_T2,120243254910230003,2026-05-07,Feed,android_smartphone,facebook,android_smartphone,,,,2026-05-02,Ongoing,"1-day click, 1-day view, or 1-day engaged-view",,,,,,,,,,,,,,,,,,,,,,9,,,,,,,,,,,,,,,1,,,,,,,,,,2026-05-07,2026-05-07
"BOOK0_APP_MAY26_ADR_MST_V1 [Android]",120243254910040003,C4_APB_TOP_1865_ADR_BOOK0_V2,120243254910200003,C4B_STC_APP_BOOK0_T2,120243254910230003,2026-05-07,Feed,android_smartphone,instagram,android_smartphone,,,,2026-05-02,Ongoing,"1-day click, 1-day view, or 1-day engaged-view",,,,,,,,,,,,,,,,,,,,,,3,,,,,,,,,,,,,,,,,,,,,,,,,2026-05-07,2026-05-07
"BOOK0_APP_MAY26_ADR_MST_V1 [Android]",120243254910040003,C4_APB_TOP_1865_ADR_BOOK0_V2,120243254910200003,C4B_STC_APP_BOOK0_T2,120243254910230003,2026-05-07,"Ads on Facebook Reels",android_smartphone,facebook,android_smartphone,,,,2026-05-02,Ongoing,"1-day click, 1-day view, or 1-day engaged-view",,,,,,,,,,,,,,,,,,,,,,3,,,,,,,,,,,,,,,,,,,,,,,,,2026-05-07,2026-05-07
"BOOK0_APP_MAY26_ADR_MST_V1 [Android]",120243254910040003,C1_APB_TOP_1865_ADR_BOOK0_V2,120243254910070003,C1D_STC_APP_BOOK0_T2,120243254910190003,2026-05-07,"Instagram Reels",android_smartphone,instagram,android_smartphone,,,,2026-05-02,Ongoing,"1-day click, 1-day view, or 1-day engaged-view",,,,,,,,,,,,,,,,,,,,,,1,,,,,,,,,,,,,,,,,,,,,,,,,2026-05-07,2026-05-07
"BOOK0_APP_MAY26_ADR_MST_V1 [Android]",120243254910040003,C1_APB_TOP_1865_ADR_BOOK0_V2,120243254910070003,C1D_STC_APP_BOOK0_T2,120243254910190003,2026-05-07,"Native, banner & interstitial",android_smartphone,audience_network,android_smartphone,,,,2026-05-02,Ongoing,"1-day click, 1-day view, or 1-day engaged-view",,,,,,,,,,,,,,,,,,,,,,2,,,,,,,,,,,,,,,,,,,,,,,,,2026-05-07,2026-05-07
"BOOK0_APP_MAY26_ADR_MST_V1 [Android]",120243254910040003,C1_APB_TOP_1865_ADR_BOOK0_V2,120243254910070003,C1D_STC_APP_BOOK0_T2,120243254910190003,2026-05-07,"Ads on Facebook Reels",android_smartphone,facebook,android_smartphone,,,,2026-05-02,Ongoing,"1-day click, 1-day view, or 1-day engaged-view",,,,,,,,,,,,,,,,,,,,,,8,,,,,,,,,,,,,,,,,,,,,,,,,2026-05-07,2026-05-07
"BOOK0_APP_MAY26_ADR_MST_V1 [Android]",120243254910040003,C4_APB_TOP_1865_ADR_BOOK0_V2,120243254910200003,C4B_STC_APP_BOOK0_T2,120243254910230003,2026-05-06,"Facebook Reels",android_smartphone,facebook,android_smartphone,,,,2026-05-02,Ongoing,"1-day click, 1-day view, or 1-day engaged-view",,,,,,,,,,,,,,,,,,,,,,5,,,,,,,,,,,,,,,,,,,,,,,,,2026-05-06,2026-05-06
"BOOK0_APP_MAY26_ADR_MST_V1 [Android]",120243254910040003,C1_APB_TOP_1865_ADR_BOOK0_V2,120243254910070003,C1D_STC_APP_BOOK0_T2,120243254910190003,2026-05-07,Feed,android_smartphone,facebook,0,,,,2026-05-02,Ongoing,"1-day click, 1-day view, or 1-day engaged-view",,,,,,,,,,,,,,,,,,,,,,,,,,,,,,,2,,,,,,,,,,,,,,,,2026-05-07,2026-05-07
"BOOK0_APP_MAY26_ADR_MST_V1 [Android]",120243254910040003,C1_APB_TOP_1865_ADR_BOOK0_V2,120243254910070003,C1D_STC_APP_BOOK0_T2,120243254910190003,2026-05-07,Feed,android_smartphone,facebook,android_smartphone,,,,2026-05-02,Ongoing,"1-day click, 1-day view, or 1-day engaged-view",,,,,,,,,,,,,,,,,,,,,,11,,,,,,,,,,,,,,,2,,,,,,,,,,2026-05-07,2026-05-07
"BOOK0_APP_MAY26_ADR_MST_V1 [Android]",120243254910040003,C1_APB_TOP_1865_ADR_BOOK0_V2,120243254910070003,C1D_STC_APP_BOOK0_T2,120243254910190003,2026-05-07,Feed,android_smartphone,instagram,android_smartphone,,,,2026-05-02,Ongoing,"1-day click, 1-day view, or 1-day engaged-view",,,,,,,,,,,,,,,,,,,,,,3,,,,,,,,,,,,,,,,,,,,,,,,,2026-05-07,2026-05-07
"BOOK0_APP_MAY26_ADR_MST_V1 [Android]",120243254910040003,C1_APB_TOP_1865_ADR_BOOK0_V2,120243254910070003,C1D_STC_APP_BOOK0_T2,120243254910190003,2026-05-07,"Threads feed",android_tablet,threads,android_tablet,,,,2026-05-02,Ongoing,"1-day click, 1-day view, or 1-day engaged-view",,,,,,,,,,,,,,,,,,,,,,,,,,,,,,,,,,,,,,,,,,,,,,,2026-05-07,2026-05-07
"BOOK0_APP_MAY26_ADR_MST_V1 [Android]",120243254910040003,C3_APB_TOP_1865_ADR_BOOK0_V2,120243254910220003,C3C_STC_APP_BOOK0_T2,120243254910050003,2026-05-06,"Native, banner & interstitial",android_smartphone,audience_network,android_smartphone,,,,2026-05-02,Ongoing,"1-day click, 1-day view, or 1-day engaged-view",,,,,,,,,,,,,,,,,,,,,,8,,,,,,,,,,,,,,,,,,,,,,,,,2026-05-06,2026-05-06
"BOOK0_APP_MAY26_ADR_MST_V1 [Android]",120243254910040003,C3_APB_TOP_1865_ADR_BOOK0_V2,120243254910220003,C3C_STC_APP_BOOK0_T2,120243254910050003,2026-05-06,"Native, banner & interstitial",android_tablet,audience_network,android_tablet,,,,2026-05-02,Ongoing,"1-day click, 1-day view, or 1-day engaged-view",,,,,,,,,,,,,,,,,,,,,,1,,,,,,,,,,,,,,,,,,,,,,,,,2026-05-06,2026-05-06
"BOOK0_APP_MAY26_ADR_MST_V1 [Android]",120243254910040003,C1_APB_TOP_1865_ADR_BOOK0_V2,120243254910070003,C1B_STC_APP_BOOK0_T2,120243254910170003,2026-05-06,"Ads on Facebook Reels",android_smartphone,facebook,android_smartphone,,,,2026-05-02,Ongoing,"1-day click, 1-day view, or 1-day engaged-view",,,,,,,,,,,,,,,,,,,,,,2,,,,,,,,,,,,,,,,,,,,,,,,,2026-05-06,2026-05-06
"BOOK0_APP_MAY26_ADR_MST_V1 [Android]",120243254910040003,C1_APB_TOP_1865_ADR_BOOK0_V2,120243254910070003,C1B_STC_APP_BOOK0_T2,120243254910170003,2026-05-06,"Instagram Stories",android_smartphone,instagram,android_smartphone,,,,2026-05-02,Ongoing,"1-day click, 1-day view, or 1-day engaged-view",,,,,,,,,,,,,,,,,,,,,,40,,,,,,,,,,,,,,,,,,,,,,,,,2026-05-06,2026-05-06
"BOOK0_APP_MAY26_ADR_MST_V1 [Android]",120243254910040003,C1_APB_TOP_1865_ADR_BOOK0_V2,120243254910070003,C1B_STC_APP_BOOK0_T2,120243254910170003,2026-05-06,"Native, banner & interstitial",android_smartphone,audience_network,android_smartphone,,,,2026-05-02,Ongoing,"1-day click, 1-day view, or 1-day engaged-view",,,,,,,,,,,,,,,,,,,,,,22,,,,,,,,,,,,,,,,,,,,,,,,,2026-05-06,2026-05-06
"BOOK0_APP_MAY26_ADR_MST_V1 [Android]",120243254910040003,C1_APB_TOP_1865_ADR_BOOK0_V2,120243254910070003,C1B_STC_APP_BOOK0_T2,120243254910170003,2026-05-06,Feed,android_smartphone,instagram,android_smartphone,,,,2026-05-02,Ongoing,"1-day click, 1-day view, or 1-day engaged-view",,,,,,,,,,,,,,,,,,,,,,1,,,,,,,,,,,,,,,,,,,,,,,,,2026-05-06,2026-05-06
"BOOK0_APP_MAY26_ADR_MST_V1 [Android]",120243254910040003,C4_APB_TOP_1865_ADR_BOOK0_V2,120243254910200003,C4B_STC_APP_BOOK0_T2,120243254910230003,2026-05-06,Feed,android_smartphone,facebook,android_smartphone,,,,2026-05-02,Ongoing,"1-day click, 1-day view, or 1-day engaged-view",,,,,,,,,,,,,,,,,,,,,,1,,,,,,,,,,,,,,,,,,,,,,,,,2026-05-06,2026-05-06
"BOOK0_APP_MAY26_ADR_MST_V1 [Android]",120243254910040003,C4_APB_TOP_1865_ADR_BOOK0_V2,120243254910200003,C4B_STC_APP_BOOK0_T2,120243254910230003,2026-05-05,"Native, banner & interstitial",android_tablet,audience_network,android_tablet,,,,2026-05-02,Ongoing,"1-day click, 1-day view, or 1-day engaged-view",,,,,,,,,,,,,,,,,,,,,,2,,,,,,,,,,,,,,,,,,,,,,,,,2026-05-05,2026-05-05
"BOOK0_APP_MAY26_ADR_MST_V1 [Android]",120243254910040003,C4_APB_TOP_1865_ADR_BOOK0_V2,120243254910200003,C4B_STC_APP_BOOK0_T2,120243254910230003,2026-05-05,Feed,android_smartphone,facebook,android_smartphone,,,,2026-05-02,Ongoing,"1-day click, 1-day view, or 1-day engaged-view",,,,,,,,,,,,,,,,,,,,,,,,,,,,,,,,,,,,,,,,,,,,,,,2026-05-05,2026-05-05
"BOOK0_APP_MAY26_ADR_MST_V1 [Android]",120243254910040003,C1_APB_TOP_1865_ADR_BOOK0_V2,120243254910070003,C1D_STC_APP_BOOK0_T2,120243254910190003,2026-05-04,"Facebook Reels",android_smartphone,facebook,android_smartphone,,,,2026-05-02,Ongoing,"1-day click, 1-day view, or 1-day engaged-view",,,,,,,,,,,,,,,,,,,,,,2,,,,,,,,,,,,,,,,,,,,,,,,,2026-05-04,2026-05-04
"BOOK0_APP_MAY26_ADR_MST_V1 [Android]",120243254910040003,C1_APB_TOP_1865_ADR_BOOK0_V2,120243254910070003,C1A_STC_APP_BOOK0_T2,120243254910160003,2026-05-04,"Facebook Reels",android_smartphone,facebook,android_smartphone,,,,2026-05-02,Ongoing,"1-day click, 1-day view, or 1-day engaged-view",,,,,,,,,,,,,,,,,,,,,,1,,,,,,,,,,,,,,,,,,,,,,,,,2026-05-04,2026-05-04
"BOOK0_APP_MAY26_ADR_MST_V1 [Android]",120243254910040003,C3_APB_TOP_1865_ADR_BOOK0_V2,120243254910220003,C3A_STC_APP_BOOK0_T2,120243254910180003,2026-05-04,"Instagram Reels",android_smartphone,instagram,android_smartphone,,,,2026-05-02,Ongoing,"1-day click, 1-day view, or 1-day engaged-view",,,,,,,,,,,,,,,,,,,,,,2,,,,,,,,,,,,,,,,,,,,,,,,,2026-05-04,2026-05-04
"BOOK0_APP_MAY26_ADR_MST_V1 [Android]",120243254910040003,C3_APB_TOP_1865_ADR_BOOK0_V2,120243254910220003,C3A_STC_APP_BOOK0_T2,120243254910180003,2026-05-04,"Native, banner & interstitial",android_tablet,audience_network,android_tablet,,,,2026-05-02,Ongoing,"1-day click, 1-day view, or 1-day engaged-view",,,,,,,,,,,,,,,,,,,,,,1,,,,,,,,,,,,,,,,,,,,,,,,,2026-05-04,2026-05-04
"BOOK0_APP_MAY26_ADR_MST_V1 [Android]",120243254910040003,C3_APB_TOP_1865_ADR_BOOK0_V2,120243254910220003,C3A_STC_APP_BOOK0_T2,120243254910180003,2026-05-04,"Facebook Reels",android_smartphone,facebook,android_smartphone,,,,2026-05-02,Ongoing,"1-day click, 1-day view, or 1-day engaged-view",,,,,,,,,,,,,,,,,,,,,,,,,,,,,,,,,,,,,,,,,,,,,,,2026-05-04,2026-05-04
"BOOK0_APP_MAY26_ADR_MST_V1 [Android]",120243254910040003,C4_APB_TOP_1865_ADR_BOOK0_V2,120243254910200003,C4B_STC_APP_BOOK0_T2,120243254910230003,2026-05-04,"Native, banner & interstitial",android_smartphone,audience_network,android_smartphone,,,,2026-05-02,Ongoing,"1-day click, 1-day view, or 1-day engaged-view",,,,,,,,,,,,,,,,,,,,,,1,,,,,,,,,,,,,,,,,,,,,,,,,2026-05-04,2026-05-04
"BOOK0_APP_MAY26_ADR_MST_V1 [Android]",120243254910040003,C4_APB_TOP_1865_ADR_BOOK0_V2,120243254910200003,C4A_STC_APP_BOOK0_T2,120243254910090003,2026-05-04,Feed,android_smartphone,facebook,android_smartphone,,,,2026-05-02,Ongoing,"1-day click, 1-day view, or 1-day engaged-view",,,,,,,,,,,,,,,,,,,,,,,,,,,,,,,,,,,,,,,,,,,,,,,2026-05-04,2026-05-04
"BOOK0_APP_MAY26_ADR_MST_V1 [Android]",120243254910040003,C4_APB_TOP_1865_ADR_BOOK0_V2,120243254910200003,C4A_STC_APP_BOOK0_T2,120243254910090003,2026-05-04,"Native, banner & interstitial",android_smartphone,audience_network,android_smartphone,,,,2026-05-02,Ongoing,"1-day click, 1-day view, or 1-day engaged-view",,,,,,,,,,,,,,,,,,,,,,1,,,,,,,,,,,,,,,,,,,,,,,,,2026-05-04,2026-05-04
"BOOK0_APP_MAY26_ADR_MST_V1 [Android]",120243254910040003,C3_APB_TOP_1865_ADR_BOOK0_V2,120243254910220003,C3D_STC_APP_BOOK0_T2,120243254910250003,2026-05-04,"Threads feed",android_smartphone,threads,android_smartphone,,,,2026-05-02,Ongoing,"1-day click, 1-day view, or 1-day engaged-view",,,,,,,,,,,,,,,,,,,,,,1,,,,,,,,,,,,,,,,,,,,,,,,,2026-05-04,2026-05-04
"BOOK0_APP_MAY26_ADR_MST_V1 [Android]",120243254910040003,C3_APB_TOP_1865_ADR_BOOK0_V2,120243254910220003,C3D_STC_APP_BOOK0_T2,120243254910250003,2026-05-04,"In-stream reels",android_smartphone,facebook,android_smartphone,,,,2026-05-02,Ongoing,"1-day click, 1-day view, or 1-day engaged-view",,,,,,,,,,,,,,,,,,,,,,1,,,,,,,,,,,,,,,,,,,,,,,,,2026-05-04,2026-05-04
"BOOK0_APP_MAY26_ADR_MST_V1 [Android]",120243254910040003,C1_APB_TOP_1865_ADR_BOOK0_V2,120243254910070003,C1A_STC_APP_BOOK0_T2,120243254910160003,2026-05-04,"Native, banner & interstitial",android_smartphone,audience_network,android_smartphone,,,,2026-05-02,Ongoing,"1-day click, 1-day view, or 1-day engaged-view",,,,,,,,,,,,,,,,,,,,,,1,,,,,,,,,,,,,,,,,,,,,,,,,2026-05-04,2026-05-04
"BOOK0_APP_MAY26_ADR_MST_V1 [Android]",120243254910040003,C1_APB_TOP_1865_ADR_BOOK0_V2,120243254910070003,C1A_STC_APP_BOOK0_T2,120243254910160003,2026-05-04,Feed,android_smartphone,facebook,android_smartphone,,,,2026-05-02,Ongoing,"1-day click, 1-day view, or 1-day engaged-view",,,,,,,,,,,,,,,,,,,,,,1,,,,,,,,,,,,,,,,,,,,,,,,,2026-05-04,2026-05-04
"BOOK0_APP_MAY26_ADR_MST_V1 [Android]",120243254910040003,C4_APB_TOP_1865_ADR_BOOK0_V2,120243254910200003,C4C_STC_APP_BOOK0_T2,120243254910120003,2026-05-04,"Native, banner & interstitial",android_smartphone,audience_network,android_smartphone,,,,2026-05-02,Ongoing,"1-day click, 1-day view, or 1-day engaged-view",,,,,,,,,,,,,,,,,,,,,,2,,,,,,,,,,,,,,,,,,,,,,,,,2026-05-04,2026-05-04
"BOOK0_APP_MAY26_ADR_MST_V1 [Android]",120243254910040003,C3_APB_TOP_1865_ADR_BOOK0_V2,120243254910220003,C3A_STC_APP_BOOK0_T2,120243254910180003,2026-05-04,"In-stream reels",android_smartphone,facebook,android_smartphone,,,,2026-05-02,Ongoing,"1-day click, 1-day view, or 1-day engaged-view",,,,,,,,,,,,,,,,,,,,,,1,,,,,,,,,,,,,,,,,,,,,,,,,2026-05-04,2026-05-04
"BOOK0_APP_MAY26_ADR_MST_V1 [Android]",120243254910040003,C4_APB_TOP_1865_ADR_BOOK0_V2,120243254910200003,C4C_STC_APP_BOOK0_T2,120243254910120003,2026-05-04,"Threads feed",android_smartphone,threads,android_smartphone,,,,2026-05-02,Ongoing,"1-day click, 1-day view, or 1-day engaged-view",,,,,,,,,,,,,,,,,,,,,,2,,,,,,,,,,,,,,,,,,,,,,,,,2026-05-04,2026-05-04
"BOOK0_APP_MAY26_ADR_MST_V1 [Android]",120243254910040003,C4_APB_TOP_1865_ADR_BOOK0_V2,120243254910200003,C4C_STC_APP_BOOK0_T2,120243254910120003,2026-05-04,"In-stream reels",android_smartphone,facebook,android_smartphone,,,,2026-05-02,Ongoing,"1-day click, 1-day view, or 1-day engaged-view",,,,,,,,,,,,,,,,,,,,,,1,,,,,,,,,,,,,,,,,,,,,,,,,2026-05-04,2026-05-04
"BOOK0_APP_MAY26_ADR_MST_V1 [Android]",120243254910040003,C4_APB_TOP_1865_ADR_BOOK0_V2,120243254910200003,C4C_STC_APP_BOOK0_T2,120243254910120003,2026-05-04,"Instagram Reels",android_smartphone,instagram,android_smartphone,,,,2026-05-02,Ongoing,"1-day click, 1-day view, or 1-day engaged-view",,,,,,,,,,,,,,,,,,,,,,2,,,,,,,,,,,,,,,,,,,,,,,,,2026-05-04,2026-05-04
"BOOK0_APP_MAY26_ADR_MST_V1 [Android]",120243254910040003,C4_APB_TOP_1865_ADR_BOOK0_V2,120243254910200003,C4C_STC_APP_BOOK0_T2,120243254910120003,2026-05-04,Feed,android_smartphone,facebook,android_smartphone,,,,2026-05-02,Ongoing,"1-day click, 1-day view, or 1-day engaged-view",,,,,,,,,,,,,,,,,,,,,,3,,,,,,,,,,,,,,,,,,,,,,,,,2026-05-04,2026-05-04
"BOOK0_APP_MAY26_ADR_MST_V1 [Android]",120243254910040003,C2_APB_TOP_1865_ADR_BOOK0_V2,120243254910060003,C2B_STC_APP_BOOK0_T2,120243254910110003,2026-05-04,Feed,android_smartphone,instagram,android_smartphone,,,,2026-05-02,Ongoing,"1-day click, 1-day view, or 1-day engaged-view",,,,,,,,,,,,,,,,,,,,,,1,,,,,,,,,,,,,,,,,,,,,,,,,2026-05-04,2026-05-04
"BOOK0_APP_MAY26_ADR_MST_V1 [Android]",120243254910040003,C2_APB_TOP_1865_ADR_BOOK0_V2,120243254910060003,C2B_STC_APP_BOOK0_T2,120243254910110003,2026-05-04,"Facebook Reels",android_smartphone,facebook,android_smartphone,,,,2026-05-02,Ongoing,"1-day click, 1-day view, or 1-day engaged-view",,,,,,,,,,,,,,,,,,,,,,3,,,,,,,,,,,,,,,,,,,,,,,,,2026-05-04,2026-05-04
"BOOK0_APP_MAY26_ADR_MST_V1 [Android]",120243254910040003,C2_APB_TOP_1865_ADR_BOOK0_V2,120243254910060003,C2B_STC_APP_BOOK0_T2,120243254910110003,2026-05-04,Feed,android_smartphone,facebook,android_smartphone,,,,2026-05-02,Ongoing,"1-day click, 1-day view, or 1-day engaged-view",,,,,,,,,,,,,,,,,,,,,,10,,,,,,,,,,,,,,,,,,,,,,,,,2026-05-04,2026-05-04
"BOOK0_APP_MAY26_ADR_MST_V1 [Android]",120243254910040003,C2_APB_TOP_1865_ADR_BOOK0_V2,120243254910060003,C2B_STC_APP_BOOK0_T2,120243254910110003,2026-05-04,"Threads feed",android_smartphone,threads,android_smartphone,,,,2026-05-02,Ongoing,"1-day click, 1-day view, or 1-day engaged-view",,,,,,,,,,,,,,,,,,,,,,1,,,,,,,,,,,,,,,,,,,,,,,,,2026-05-04,2026-05-04
"BOOK0_APP_MAY26_ADR_MST_V1 [Android]",120243254910040003,C1_APB_TOP_1865_ADR_BOOK0_V2,120243254910070003,C1D_STC_APP_BOOK0_T2,120243254910190003,2026-05-04,"Instagram Stories",android_smartphone,instagram,android_smartphone,,,,2026-05-02,Ongoing,"1-day click, 1-day view, or 1-day engaged-view",,,,,,,,,,,,,,,,,,,,,,1,,,,,,,,,,,,,,,,,,,,,,,,,2026-05-04,2026-05-04
"BOOK0_APP_MAY26_ADR_MST_V1 [Android]",120243254910040003,C1_APB_TOP_1865_ADR_BOOK0_V2,120243254910070003,C1D_STC_APP_BOOK0_T2,120243254910190003,2026-05-04,Feed,android_smartphone,facebook,android_smartphone,,,,2026-05-02,Ongoing,"1-day click, 1-day view, or 1-day engaged-view",,,,,,,,,,,,,,,,,,,,,,2,,,,,,,,,,,,,,,,,,,,,,,,,2026-05-04,2026-05-04
"BOOK0_APP_MAY26_ADR_MST_V1 [Android]",120243254910040003,C1_APB_TOP_1865_ADR_BOOK0_V2,120243254910070003,C1D_STC_APP_BOOK0_T2,120243254910190003,2026-05-04,"Ads on Facebook Reels",android_smartphone,facebook,android_smartphone,,,,2026-05-02,Ongoing,"1-day click, 1-day view, or 1-day engaged-view",,,,,,,,,,,,,,,,,,,,,,1,,,,,,,,,,,,,,,,,,,,,,,,,2026-05-04,2026-05-04
"BOOK0_APP_MAY26_ADR_MST_V1 [Android]",120243254910040003,C3_APB_TOP_1865_ADR_BOOK0_V2,120243254910220003,C3A_STC_APP_BOOK0_T2,120243254910180003,2026-05-04,Feed,android_smartphone,facebook,android_smartphone,,,,2026-05-02,Ongoing,"1-day click, 1-day view, or 1-day engaged-view",,,,,,,,,,,,,,,,,,,,,,2,,,,,,,,,,,,,,,,,,,,,,,,,2026-05-04,2026-05-04
"BOOK0_APP_MAY26_ADR_MST_V1 [Android]",120243254910040003,C3_APB_TOP_1865_ADR_BOOK0_V2,120243254910220003,C3A_STC_APP_BOOK0_T2,120243254910180003,2026-05-04,"Facebook Stories",android_smartphone,facebook,android_smartphone,,,,2026-05-02,Ongoing,"1-day click, 1-day view, or 1-day engaged-view",,,,,,,,,,,,,,,,,,,,,,1,,,,,,,,,,,,,,,,,,,,,,,,,2026-05-04,2026-05-04
"BOOK0_APP_MAY26_ADR_MST_V1 [Android]",120243254910040003,C3_APB_TOP_1865_ADR_BOOK0_V2,120243254910220003,C3D_STC_APP_BOOK0_T2,120243254910250003,2026-05-05,"Facebook Reels",android_smartphone,facebook,android_smartphone,,,,2026-05-02,Ongoing,"1-day click, 1-day view, or 1-day engaged-view",,,,,,,,,,,,,,,,,,,,,,1,,,,,,,,,,,,,,,,,,,,,,,,,2026-05-05,2026-05-05
"BOOK0_APP_MAY26_ADR_MST_V1 [Android]",120243254910040003,C3_APB_TOP_1865_ADR_BOOK0_V2,120243254910220003,C3B_STC_APP_BOOK0_T2,120243254910080003,2026-05-05,"Native, banner & interstitial",android_smartphone,audience_network,android_smartphone,,,,2026-05-02,Ongoing,"1-day click, 1-day view, or 1-day engaged-view",,,,,,,,,,,,,,,,,,,,,,3,,,,,,,,,,,,,,,,,,,,,,,,,2026-05-05,2026-05-05
"BOOK0_APP_MAY26_ADR_MST_V1 [Android]",120243254910040003,C3_APB_TOP_1865_ADR_BOOK0_V2,120243254910220003,C3D_STC_APP_BOOK0_T2,120243254910250003,2026-05-05,"Threads feed",android_smartphone,threads,android_smartphone,,,,2026-05-02,Ongoing,"1-day click, 1-day view, or 1-day engaged-view",,,,,,,,,,,,,,,,,,,,,,1,,,,,,,,,,,,,,,,,,,,,,,,,2026-05-05,2026-05-05
"BOOK0_APP_MAY26_ADR_MST_V1 [Android]",120243254910040003,C3_APB_TOP_1865_ADR_BOOK0_V2,120243254910220003,C3D_STC_APP_BOOK0_T2,120243254910250003,2026-05-05,"Native, banner & interstitial",android_smartphone,audience_network,android_smartphone,,,,2026-05-02,Ongoing,"1-day click, 1-day view, or 1-day engaged-view",,,,,,,,,,,,,,,,,,,,,,79,,,,,,,,,,,,,,,,,,,,,,,,,2026-05-05,2026-05-05
"BOOK0_APP_MAY26_ADR_MST_V1 [Android]",120243254910040003,C3_APB_TOP_1865_ADR_BOOK0_V2,120243254910220003,C3D_STC_APP_BOOK0_T2,120243254910250003,2026-05-05,"Native, banner & interstitial",android_tablet,audience_network,android_tablet,,,,2026-05-02,Ongoing,"1-day click, 1-day view, or 1-day engaged-view",,,,,,,,,,,,,,,,,,,,,,7,,,,,,,,,,,,,,,,,,,,,,,,,2026-05-05,2026-05-05
"BOOK0_APP_MAY26_ADR_MST_V1 [Android]",120243254910040003,C4_APB_TOP_1865_ADR_BOOK0_V2,120243254910200003,C4C_STC_APP_BOOK0_T2,120243254910120003,2026-05-05,"Native, banner & interstitial",android_smartphone,audience_network,android_smartphone,,,,2026-05-02,Ongoing,"1-day click, 1-day view, or 1-day engaged-view",,,,,,,,,,,,,,,,,,,,,,3,,,,,,,,,,,,,,,,,,,,,,,,,2026-05-05,2026-05-05
"BOOK0_APP_MAY26_ADR_MST_V1 [Android]",120243254910040003,C2_APB_TOP_1865_ADR_BOOK0_V2,120243254910060003,C2B_STC_APP_BOOK0_T2,120243254910110003,2026-05-05,"Instagram Reels",android_smartphone,instagram,android_smartphone,,,,2026-05-02,Ongoing,"1-day click, 1-day view, or 1-day engaged-view",,,,,,,,,,,,,,,,,,,,,,1,,,,,,,,,,,,,,,,,,,,,,,,,2026-05-05,2026-05-05
"BOOK0_APP_MAY26_ADR_MST_V1 [Android]",120243254910040003,C2_APB_TOP_1865_ADR_BOOK0_V2,120243254910060003,C2B_STC_APP_BOOK0_T2,120243254910110003,2026-05-05,"Native, banner & interstitial",android_tablet,audience_network,android_tablet,,,,2026-05-02,Ongoing,"1-day click, 1-day view, or 1-day engaged-view",,,,,,,,,,,,,,,,,,,,,,12,,,,,,,,,,,,,,,,,,,,,,,,,2026-05-05,2026-05-05
"BOOK0_APP_MAY26_ADR_MST_V1 [Android]",120243254910040003,C2_APB_TOP_1865_ADR_BOOK0_V2,120243254910060003,C2B_STC_APP_BOOK0_T2,120243254910110003,2026-05-05,"Native, banner & interstitial",android_smartphone,audience_network,android_smartphone,,,,2026-05-02,Ongoing,"1-day click, 1-day view, or 1-day engaged-view",,,,,,,,,,,,,,,,,,,,,,92,,,,,,,,,,,,,,,,,,,,,,,,,2026-05-05,2026-05-05
"BOOK0_APP_MAY26_ADR_MST_V1 [Android]",120243254910040003,C2_APB_TOP_1865_ADR_BOOK0_V2,120243254910060003,C2B_STC_APP_BOOK0_T2,120243254910110003,2026-05-05,Feed,android_smartphone,facebook,android_smartphone,,,,2026-05-02,Ongoing,"1-day click, 1-day view, or 1-day engaged-view",,,,,,,,,,,,,,,,,,,,,,1,,,,,,,,,,,,,,,,,,,,,,,,,2026-05-05,2026-05-05
"BOOK0_APP_MAY26_ADR_MST_V1 [Android]",120243254910040003,C2_APB_TOP_1865_ADR_BOOK0_V2,120243254910060003,C2B_STC_APP_BOOK0_T2,120243254910110003,2026-05-05,"Facebook Reels",android_smartphone,facebook,android_smartphone,,,,2026-05-02,Ongoing,"1-day click, 1-day view, or 1-day engaged-view",,,,,,,,,,,,,,,,,,,,,,1,,,,,,,,,,,,,,,,,,,,,,,,,2026-05-05,2026-05-05
"BOOK0_APP_MAY26_ADR_MST_V1 [Android]",120243254910040003,C1_APB_TOP_1865_ADR_BOOK0_V2,120243254910070003,C1D_STC_APP_BOOK0_T2,120243254910190003,2026-05-05,"Ads on Facebook Reels",android_smartphone,facebook,android_smartphone,,,,2026-05-02,Ongoing,"1-day click, 1-day view, or 1-day engaged-view",,,,,,,,,,,,,,,,,,,,,,1,,,,,,,,,,,,,,,,,,,,,,,,,2026-05-05,2026-05-05
"BOOK0_APP_MAY26_ADR_MST_V1 [Android]",120243254910040003,C3_APB_TOP_1865_ADR_BOOK0_V2,120243254910220003,C3C_STC_APP_BOOK0_T2,120243254910050003,2026-05-04,"In-stream reels",android_smartphone,facebook,android_smartphone,,,,2026-05-02,Ongoing,"1-day click, 1-day view, or 1-day engaged-view",,,,,,,,,,,,,,,,,,,,,,1,,,,,,,,,,,,,,,,,,,,,,,,,2026-05-04,2026-05-04
"BOOK0_APP_MAY26_ADR_MST_V1 [Android]",120243254910040003,C3_APB_TOP_1865_ADR_BOOK0_V2,120243254910220003,C3A_STC_APP_BOOK0_T2,120243254910180003,2026-05-04,"Native, banner & interstitial",android_smartphone,audience_network,android_smartphone,,,,2026-05-02,Ongoing,"1-day click, 1-day view, or 1-day engaged-view",,,,,,,,,,,,,,,,,,,,,,1,,,,,,,,,,,,,,,,,,,,,,,,,2026-05-04,2026-05-04
"BOOK0_APP_MAY26_ADR_MST_V1 [Android]",120243254910040003,C2_APB_TOP_1865_ADR_BOOK0_V2,120243254910060003,C2C_STC_APP_BOOK0_T2,120243254910210003,2026-05-04,"Threads feed",android_smartphone,threads,android_smartphone,,,,2026-05-02,Ongoing,"1-day click, 1-day view, or 1-day engaged-view",,,,,,,,,,,,,,,,,,,,,,1,,,,,,,,,,,,,,,,,,,,,,,,,2026-05-04,2026-05-04
"BOOK0_APP_MAY26_ADR_MST_V1 [Android]",120243254910040003,C4_APB_TOP_1865_ADR_BOOK0_V2,120243254910200003,C4D_STC_APP_BOOK0_T2,120243254910140003,2026-05-04,"Instagram Reels",android_smartphone,instagram,android_smartphone,,,,2026-05-02,Ongoing,"1-day click, 1-day view, or 1-day engaged-view",,,,,,,,,,,,,,,,,,,,,,1,,,,,,,,,,,,,,,,,,,,,,,,,2026-05-04,2026-05-04
"BOOK0_APP_MAY26_ADR_MST_V1 [Android]",120243254910040003,C4_APB_TOP_1865_ADR_BOOK0_V2,120243254910200003,C4D_STC_APP_BOOK0_T2,120243254910140003,2026-05-04,Feed,android_smartphone,facebook,android_smartphone,,,,2026-05-02,Ongoing,"1-day click, 1-day view, or 1-day engaged-view",,,,,,,,,,,,,,,,,,,,,,4,,,,,,,,,,,,,,,,,,,,,,,,,2026-05-04,2026-05-04
"BOOK0_APP_MAY26_ADR_MST_V1 [Android]",120243254910040003,C4_APB_TOP_1865_ADR_BOOK0_V2,120243254910200003,C4D_STC_APP_BOOK0_T2,120243254910140003,2026-05-04,"Threads feed",android_smartphone,threads,android_smartphone,,,,2026-05-02,Ongoing,"1-day click, 1-day view, or 1-day engaged-view",,,,,,,,,,,,,,,,,,,,,,1,,,,,,,,,,,,,,,,,,,,,,,,,2026-05-04,2026-05-04
"BOOK0_APP_MAY26_ADR_MST_V1 [Android]",120243254910040003,C4_APB_TOP_1865_ADR_BOOK0_V2,120243254910200003,C4D_STC_APP_BOOK0_T2,120243254910140003,2026-05-04,"Native, banner & interstitial",android_smartphone,audience_network,android_smartphone,,,,2026-05-02,Ongoing,"1-day click, 1-day view, or 1-day engaged-view",,,,,,,,,,,,,,,,,,,,,,6,,,,,,,,,,,,,,,,,,,,,,,,,2026-05-04,2026-05-04
"BOOK0_APP_MAY26_ADR_MST_V1 [Android]",120243254910040003,C4_APB_TOP_1865_ADR_BOOK0_V2,120243254910200003,C4D_STC_APP_BOOK0_T2,120243254910140003,2026-05-04,"Facebook Reels",android_smartphone,facebook,android_smartphone,,,,2026-05-02,Ongoing,"1-day click, 1-day view, or 1-day engaged-view",,,,,,,,,,,,,,,,,,,,,,,,,,,,,,,,,,,,,,,,,,,,,,,2026-05-04,2026-05-04
"BOOK0_APP_MAY26_ADR_MST_V1 [Android]",120243254910040003,C1_APB_TOP_1865_ADR_BOOK0_V2,120243254910070003,C1B_STC_APP_BOOK0_T2,120243254910170003,2026-05-04,"Native, banner & interstitial",android_smartphone,audience_network,android_smartphone,,,,2026-05-02,Ongoing,"1-day click, 1-day view, or 1-day engaged-view",,,,,,,,,,,,,,,,,,,,,,6,,,,,,,,,,,,,,,,,,,,,,,,,2026-05-04,2026-05-04
"BOOK0_APP_MAY26_ADR_MST_V1 [Android]",120243254910040003,C1_APB_TOP_1865_ADR_BOOK0_V2,120243254910070003,C1B_STC_APP_BOOK0_T2,120243254910170003,2026-05-04,Feed,android_smartphone,instagram,android_smartphone,,,,2026-05-02,Ongoing,"1-day click, 1-day view, or 1-day engaged-view",,,,,,,,,,,,,,,,,,,,,,1,,,,,,,,,,,,,,,,,,,,,,,,,2026-05-04,2026-05-04
"BOOK0_APP_MAY26_ADR_MST_V1 [Android]",120243254910040003,C1_APB_TOP_1865_ADR_BOOK0_V2,120243254910070003,C1B_STC_APP_BOOK0_T2,120243254910170003,2026-05-04,"Native, banner & interstitial",android_tablet,audience_network,android_tablet,,,,2026-05-02,Ongoing,"1-day click, 1-day view, or 1-day engaged-view",,,,,,,,,,,,,,,,,,,,,,1,,,,,,,,,,,,,,,,,,,,,,,,,2026-05-04,2026-05-04
"BOOK0_APP_MAY26_ADR_MST_V1 [Android]",120243254910040003,C2_APB_TOP_1865_ADR_BOOK0_V2,120243254910060003,C2D_STC_APP_BOOK0_T2,120243254910100003,2026-05-04,"Ads on Facebook Reels",android_smartphone,facebook,android_smartphone,,,,2026-05-02,Ongoing,"1-day click, 1-day view, or 1-day engaged-view",,,,,,,,,,,,,,,,,,,,,,1,,,,,,,,,,,,,,,,,,,,,,,,,2026-05-04,2026-05-04
"BOOK0_APP_MAY26_ADR_MST_V1 [Android]",120243254910040003,C2_APB_TOP_1865_ADR_BOOK0_V2,120243254910060003,C2D_STC_APP_BOOK0_T2,120243254910100003,2026-05-04,"Threads feed",android_smartphone,threads,android_smartphone,,,,2026-05-02,Ongoing,"1-day click, 1-day view, or 1-day engaged-view",,,,,,,,,,,,,,,,,,,,,,,,,,,,,,,,,,,,,,,,,,,,,,,2026-05-04,2026-05-04
"BOOK0_APP_MAY26_ADR_MST_V1 [Android]",120243254910040003,C1_APB_TOP_1865_ADR_BOOK0_V2,120243254910070003,C1D_STC_APP_BOOK0_T2,120243254910190003,2026-05-11,Feed,android_smartphone,facebook,0,,,,2026-05-02,Ongoing,"1-day click, 1-day view, or 1-day engaged-view",,,,,,,,,,,,,,,,,,,,,,,,,,,,,,,1,,,,,,,,,,,,,,,,2026-05-11,2026-05-11
"BOOK0_APP_MAY26_ADR_MST_V1 [Android]",120243254910040003,TEST_APB_TOF_1865_ADR_BOOK0,120244850332940003,C7A_STC_APP_BOOK0_T2,120244850332950003,2026-05-26,"Instagram Stories",android_smartphone,instagram,android_smartphone,,,,2026-05-25,Ongoing,"1-day click, 1-day view, or 1-day engaged-view",,,,,,,,,,,,,,,,,,,,,,5,,,,,,,,,,,,,,,,,,,,,,,,,2026-05-26,2026-05-26
"BOOK0_APP_MAY26_ADR_MST_V1 [Android]",120243254910040003,C1_APB_TOP_1865_ADR_BOOK0_V2,120243254910070003,C1D_STC_APP_BOOK0_T2,120243254910190003,2026-05-11,Feed,android_smartphone,instagram,0,,,,2026-05-02,Ongoing,"1-day click, 1-day view, or 1-day engaged-view",,,,,,,,,,,,,,,,,,,,,,,,,,,,,,,4,,,,,,,,,,,,,,,,2026-05-11,2026-05-11
"BOOK0_APP_MAY26_ADR_MST_V1 [Android]",120243254910040003,C2_APB_TOP_1865_ADR_BOOK0_V2,120243254910060003,C2B_STC_APP_BOOK0_T2,120243254910110003,2026-05-25,"Facebook Reels",android_smartphone,facebook,android_smartphone,,,,2026-05-02,Ongoing,"1-day click, 1-day view, or 1-day engaged-view",,,,,,,,,,,,,,,,,,,,,,6,,,,,,,,,,,,,,,1,,,,1,,,,,,2026-05-25,2026-05-25
"BOOK0_APP_MAY26_ADR_MST_V1 [Android]",120243254910040003,C2_APB_TOP_1865_ADR_BOOK0_V2,120243254910060003,C2B_STC_APP_BOOK0_T2,120243254910110003,2026-05-25,Feed,android_smartphone,facebook,0,,,,2026-05-02,Ongoing,"1-day click, 1-day view, or 1-day engaged-view",,,,,,,,,,,,,,,,,,,,,,,,,,,,,,,3,,,,,,,,,,,,,,,,2026-05-25,2026-05-25
"BOOK0_APP_MAY26_ADR_MST_V1 [Android]",120243254910040003,C2_APB_TOP_1865_ADR_BOOK0_V2,120243254910060003,C2B_STC_APP_BOOK0_T2,120243254910110003,2026-05-25,Feed,android_smartphone,facebook,android_smartphone,,,,2026-05-02,Ongoing,"1-day click, 1-day view, or 1-day engaged-view",,,,,,,,,,,,,,,,,,,,,,14,,,,,,,,,,,,5,,,3,,5,,,,,,,,2026-05-25,2026-05-25
"BOOK0_APP_MAY26_ADR_MST_V1 [Android]",120243254910040003,C2_APB_TOP_1865_ADR_BOOK0_V2,120243254910060003,C2B_STC_APP_BOOK0_T2,120243254910110003,2026-05-25,Feed,android_smartphone,instagram,android_smartphone,,,,2026-05-02,Ongoing,"1-day click, 1-day view, or 1-day engaged-view",,,,,,,,,,,,,,,,,,,,,,4,,,,,,,,,,,,,,,,,,,,,,,,,2026-05-25,2026-05-25
"BOOK0_APP_MAY26_ADR_MST_V1 [Android]",120243254910040003,C2_APB_TOP_1865_ADR_BOOK0_V2,120243254910060003,C2B_STC_APP_BOOK0_T2,120243254910110003,2026-05-25,"Instagram Reels",android_smartphone,instagram,0,,,,2026-05-02,Ongoing,"1-day click, 1-day view, or 1-day engaged-view",,,,,,,,,,,,,,,,,,,,,,,,,,,,,,,2,,,,,,,,,,,,,,,,2026-05-25,2026-05-25
"BOOK0_APP_MAY26_ADR_MST_V1 [Android]",120243254910040003,C2_APB_TOP_1865_ADR_BOOK0_V2,120243254910060003,C2B_STC_APP_BOOK0_T2,120243254910110003,2026-05-25,"Instagram Reels",android_smartphone,instagram,android_smartphone,,,,2026-05-02,Ongoing,"1-day click, 1-day view, or 1-day engaged-view",,,,,,,,,,,,,,,,,,,,,,2,,,,,,,,,,,,5,,,2,,5,,1,,,,,,2026-05-25,2026-05-25
"BOOK0_APP_MAY26_ADR_MST_V1 [Android]",120243254910040003,C2_APB_TOP_1865_ADR_BOOK0_V2,120243254910060003,C2B_STC_APP_BOOK0_T2,120243254910110003,2026-05-25,"Facebook Reels",android_smartphone,facebook,0,,,,2026-05-02,Ongoing,"1-day click, 1-day view, or 1-day engaged-view",,,,,,,,,,,,,,,,,,,,,,,,,,,,,,,1,,,,,,,,,,,,,,,,2026-05-25,2026-05-25
"BOOK0_APP_MAY26_ADR_MST_V1 [Android]",120243254910040003,C2_APB_TOP_1865_ADR_BOOK0_V2,120243254910060003,C2B_STC_APP_BOOK0_T2,120243254910110003,2026-05-25,"Facebook profile feed",android_smartphone,facebook,0,,,,2026-05-02,Ongoing,"1-day click, 1-day view, or 1-day engaged-view",,,,,,,,,,,,,,,,,,,,,,,,,,,,,,,1,,,,,,,,,,,,,,,,2026-05-25,2026-05-25
"BOOK0_APP_MAY26_ADR_MST_V1 [Android]",120243254910040003,C2_APB_TOP_1865_ADR_BOOK0_V2,120243254910060003,C2B_STC_APP_BOOK0_T2,120243254910110003,2026-05-25,"Facebook Stories",android_smartphone,facebook,android_smartphone,,,,2026-05-02,Ongoing,"1-day click, 1-day view, or 1-day engaged-view",,,,,,,,,,,,,,,,,,,,,,2,,,,,,,,,,,,,,,,,,,,,,,,,2026-05-25,2026-05-25
"BOOK0_APP_MAY26_ADR_MST_V1 [Android]",120243254910040003,C2_APB_TOP_1865_ADR_BOOK0_V2,120243254910060003,C2B_STC_APP_BOOK0_T2,120243254910110003,2026-05-25,"Facebook profile feed",android_smartphone,facebook,android_smartphone,,,,2026-05-02,Ongoing,"1-day click, 1-day view, or 1-day engaged-view",,,,,,,,,,,,,,,,,,,,,,1,,,,,,,,,,,,,,,1,,,,,,,,,,2026-05-25,2026-05-25
"BOOK0_APP_MAY26_ADR_MST_V1 [Android]",120243254910040003,C2_APB_TOP_1865_ADR_BOOK0_V2,120243254910060003,C2B_STC_APP_BOOK0_T2,120243254910110003,2026-05-25,"Threads feed",android_smartphone,threads,android_smartphone,,,,2026-05-02,Ongoing,"1-day click, 1-day view, or 1-day engaged-view",,,,,,,,,,,,,,,,,,,,,,1,,,,,,,,,,,,,,,,,,,,,,,,,2026-05-25,2026-05-25
"BOOK0_APP_MAY26_ADR_MST_V1 [Android]",120243254910040003,C2_APB_TOP_1865_ADR_BOOK0_V2,120243254910060003,C2B_STC_APP_BOOK0_T2,120243254910110003,2026-05-25,"In-stream reels",android_smartphone,facebook,android_smartphone,,,,2026-05-02,Ongoing,"1-day click, 1-day view, or 1-day engaged-view",,,,,,,,,,,,,,,,,,,,,,2,,,,,,,,,,,,,,,,,,,,,,,,,2026-05-25,2026-05-25
"BOOK0_APP_MAY26_ADR_MST_V1 [Android]",120243254910040003,C2_APB_TOP_1865_ADR_BOOK0_V2,120243254910060003,C2B_STC_APP_BOOK0_T2,120243254910110003,2026-05-25,"Facebook Reels",android_tablet,facebook,android_tablet,,,,2026-05-02,Ongoing,"1-day click, 1-day view, or 1-day engaged-view",,,,,,,,,,,,,,,,,,,,,,,,,,,,,,,,,,,,,,,,,,,,,,,2026-05-25,2026-05-25
"BOOK0_APP_MAY26_ADR_MST_V1 [Android]",120243254910040003,C4_APB_TOP_1865_ADR_BOOK0_V2,120243254910200003,C4C_STC_APP_BOOK0_T2,120243254910120003,2026-05-14,"Native, banner & interstitial",android_smartphone,audience_network,android_smartphone,,,,2026-05-02,Ongoing,"1-day click, 1-day view, or 1-day engaged-view",,,,,,,,,,,,,,,,,,,,,,1,,,,,,,,,,,,,,,,,,,,,,,,,2026-05-14,2026-05-14
"BOOK0_APP_MAY26_ADR_MST_V1 [Android]",120243254910040003,TEST_APB_TOF_1865_ADR_BOOK0,120244850332940003,C6A_STC_APP_BOOK0_T2,120244850332910003,2026-05-25,"Native, banner & interstitial",android_smartphone,audience_network,android_smartphone,,,,2026-05-25,Ongoing,"1-day click, 1-day view, or 1-day engaged-view",,,,,,,,,,,,,,,,,,,,,,1,,,,,,,,,,,,,,,,,,,,,,,,,2026-05-25,2026-05-25
"BOOK0_APP_MAY26_ADR_MST_V1 [Android]",120243254910040003,TEST_APB_TOF_1865_ADR_BOOK0,120244850332940003,C6A_STC_APP_BOOK0_T2,120244850332910003,2026-05-25,"Instagram Reels",android_smartphone,instagram,android_smartphone,,,,2026-05-25,Ongoing,"1-day click, 1-day view, or 1-day engaged-view",,,,,,,,,,,,,,,,,,,,,,1,,,,,,,,,,,,,,,,,,,,,,,,,2026-05-25,2026-05-25
"BOOK0_APP_MAY26_ADR_MST_V1 [Android]",120243254910040003,C2_APB_TOP_1865_ADR_BOOK0_V2,120243254910060003,C2B_STC_APP_BOOK0_T2,120243254910110003,2026-05-25,"Ads on Facebook Reels",android_smartphone,facebook,android_smartphone,,,,2026-05-02,Ongoing,"1-day click, 1-day view, or 1-day engaged-view",,,,,,,,,,,,,,,,,,,,,,1,,,,,,,,,,,,,,,,,,,,,,,,,2026-05-25,2026-05-25
"BOOK0_APP_MAY26_ADR_MST_V1 [Android]",120243254910040003,TEST_APB_TOF_1865_ADR_BOOK0,120244850332940003,C7A_STC_APP_BOOK0_T2,120244850332950003,2026-05-25,Feed,android_smartphone,facebook,android_smartphone,,,,2026-05-25,Ongoing,"1-day click, 1-day view, or 1-day engaged-view",,,,,,,,,,,,,,,,,,,,,,,,,,,,,,,,,,,,,,,,,,,,,,,2026-05-25,2026-05-25
"BOOK0_APP_MAY26_ADR_MST_V1 [Android]",120243254910040003,C4_APB_TOP_1865_ADR_BOOK0_V2,120243254910200003,C4D_STC_APP_BOOK0_T2,120243254910140003,2026-05-14,Feed,android_smartphone,instagram,android_smartphone,,,,2026-05-02,Ongoing,"1-day click, 1-day view, or 1-day engaged-view",,,,,,,,,,,,,,,,,,,,,,1,,,,,,,,,,,,,,,,,,,,,,,,,2026-05-14,2026-05-14
"BOOK0_APP_MAY26_ADR_MST_V1 [Android]",120243254910040003,C4_APB_TOP_1865_ADR_BOOK0_V2,120243254910200003,C4C_STC_APP_BOOK0_T2,120243254910120003,2026-05-14,"In-stream reels",android_smartphone,facebook,android_smartphone,,,,2026-05-02,Ongoing,"1-day click, 1-day view, or 1-day engaged-view",,,,,,,,,,,,,,,,,,,,,,2,,,,,,,,,,,,,,,1,,,,,,,,,,2026-05-14,2026-05-14
"BOOK0_APP_MAY26_ADR_MST_V1 [Android]",120243254910040003,C2_APB_TOP_1865_ADR_BOOK0_V2,120243254910060003,C2B_STC_APP_BOOK0_T2,120243254910110003,2026-05-14,"Facebook profile feed",android_smartphone,facebook,android_smartphone,,,,2026-05-02,Ongoing,"1-day click, 1-day view, or 1-day engaged-view",,,,,,,,,,,,,,,,,,,,,,1,,,,,,,,,,,,,,,1,,,,1,,,,,,2026-05-14,2026-05-14
"BOOK0_APP_MAY26_ADR_MST_V1 [Android]",120243254910040003,C2_APB_TOP_1865_ADR_BOOK0_V2,120243254910060003,C2B_STC_APP_BOOK0_T2,120243254910110003,2026-05-14,"Facebook profile feed",android_smartphone,facebook,0,,,,2026-05-02,Ongoing,"1-day click, 1-day view, or 1-day engaged-view",,,,,,,,,,,,,,,,,,,,,,,,,,,,,,,1,,,,,,,,,,,,,,,,2026-05-14,2026-05-14
"BOOK0_APP_MAY26_ADR_MST_V1 [Android]",120243254910040003,C2_APB_TOP_1865_ADR_BOOK0_V2,120243254910060003,C2B_STC_APP_BOOK0_T2,120243254910110003,2026-05-14,"Native, banner & interstitial",android_smartphone,audience_network,android_smartphone,,,,2026-05-02,Ongoing,"1-day click, 1-day view, or 1-day engaged-view",,,,,,,,,,,,,,,,,,,,,,1,,,,,,,,,,,,,,,,,,,,,,,,,2026-05-14,2026-05-14
"BOOK0_APP_MAY26_ADR_MST_V1 [Android]",120243254910040003,C2_APB_TOP_1865_ADR_BOOK0_V2,120243254910060003,C2B_STC_APP_BOOK0_T2,120243254910110003,2026-05-14,"Facebook profile feed",android_tablet,facebook,android_tablet,,,,2026-05-02,Ongoing,"1-day click, 1-day view, or 1-day engaged-view",,,,,,,,,,,,,,,,,,,,,,1,,,,,,,,,,,,,,,,,,,,,,,,,2026-05-14,2026-05-14
"BOOK0_APP_MAY26_ADR_MST_V1 [Android]",120243254910040003,C4_APB_TOP_1865_ADR_BOOK0_V2,120243254910200003,C4C_STC_APP_BOOK0_T2,120243254910120003,2026-05-14,Feed,android_smartphone,facebook,android_smartphone,,,,2026-05-02,Ongoing,"1-day click, 1-day view, or 1-day engaged-view",,,,,,,,,,,,,,,,,,,,,,3,,,,,,,,,,,,,,,1,,,,,,,,,,2026-05-14,2026-05-14
"BOOK0_APP_MAY26_ADR_MST_V1 [Android]",120243254910040003,C4_APB_TOP_1865_ADR_BOOK0_V2,120243254910200003,C4C_STC_APP_BOOK0_T2,120243254910120003,2026-05-14,Feed,android_smartphone,facebook,0,,,,2026-05-02,Ongoing,"1-day click, 1-day view, or 1-day engaged-view",,,,,,,,,,,,,,,,,,,,,,,,,,,,,,,1,,,,,,,,,,,,,,,,2026-05-14,2026-05-14
"BOOK0_APP_MAY26_ADR_MST_V1 [Android]",120243254910040003,C4_APB_TOP_1865_ADR_BOOK0_V2,120243254910200003,C4C_STC_APP_BOOK0_T2,120243254910120003,2026-05-14,"In-stream reels",android_smartphone,facebook,0,,,,2026-05-02,Ongoing,"1-day click, 1-day view, or 1-day engaged-view",,,,,,,,,,,,,,,,,,,,,,,,,,,,,,,1,,,,,,,,,,,,,,,,2026-05-14,2026-05-14
"BOOK0_APP_MAY26_ADR_MST_V1 [Android]",120243254910040003,TEST_APB_TOF_1865_ADR_BOOK0,120244850332940003,C7A_STC_APP_BOOK0_T2,120244850332950003,2026-05-25,"Instagram Reels",android_smartphone,instagram,android_smartphone,,,,2026-05-25,Ongoing,"1-day click, 1-day view, or 1-day engaged-view",,,,,,,,,,,,,,,,,,,,,,1,,,,,,,,,,,,,,,,,,,,,,,,,2026-05-25,2026-05-25
"BOOK0_APP_MAY26_ADR_MST_V1 [Android]",120243254910040003,C4_APB_TOP_1865_ADR_BOOK0_V2,120243254910200003,C4C_STC_APP_BOOK0_T2,120243254910120003,2026-05-14,Feed,android_smartphone,instagram,android_smartphone,,,,2026-05-02,Ongoing,"1-day click, 1-day view, or 1-day engaged-view",,,,,,,,,,,,,,,,,,,,,,2,,,,,,,,,,,,,,,,,,,,,,,,,2026-05-14,2026-05-14
"BOOK0_APP_MAY26_ADR_MST_V1 [Android]",120243254910040003,C4_APB_TOP_1865_ADR_BOOK0_V2,120243254910200003,C4C_STC_APP_BOOK0_T2,120243254910120003,2026-05-14,"Instagram Reels",android_smartphone,instagram,android_smartphone,,,,2026-05-02,Ongoing,"1-day click, 1-day view, or 1-day engaged-view",,,,,,,,,,,,,,,,,,,,,,2,,,,,,,,,,,,,,,,,,,,,,,,,2026-05-14,2026-05-14
"BOOK0_APP_MAY26_ADR_MST_V1 [Android]",120243254910040003,C4_APB_TOP_1865_ADR_BOOK0_V2,120243254910200003,C4C_STC_APP_BOOK0_T2,120243254910120003,2026-05-14,"Facebook Reels",android_smartphone,facebook,android_smartphone,,,,2026-05-02,Ongoing,"1-day click, 1-day view, or 1-day engaged-view",,,,,,,,,,,,,,,,,,,,,,1,,,,,,,,,,,,,,,,,,,,,,,,,2026-05-14,2026-05-14
"BOOK0_APP_MAY26_ADR_MST_V1 [Android]",120243254910040003,TEST_APB_TOF_1865_ADR_BOOK0,120244850332940003,C6B_STC_APP_BOOK0_T2,120244850332960003,2026-05-25,Feed,android_smartphone,facebook,android_smartphone,,,,2026-05-25,Ongoing,"1-day click, 1-day view, or 1-day engaged-view",,,,,,,,,,,,,,,,,,,,,,1,,,,,,,,,,,,,,,,,,,,,,,,,2026-05-25,2026-05-25
"BOOK0_APP_MAY26_ADR_MST_V1 [Android]",120243254910040003,TEST_APB_TOF_1865_ADR_BOOK0,120244850332940003,C6B_STC_APP_BOOK0_T2,120244850332960003,2026-05-25,Feed,android_smartphone,instagram,android_smartphone,,,,2026-05-25,Ongoing,"1-day click, 1-day view, or 1-day engaged-view",,,,,,,,,,,,,,,,,,,,,,1,,,,,,,,,,,,,,,,,,,,,,,,,2026-05-25,2026-05-25
"BOOK0_APP_MAY26_ADR_MST_V1 [Android]",120243254910040003,TEST_APB_TOF_1865_ADR_BOOK0,120244850332940003,C7A_STC_APP_BOOK0_T2,120244850332950003,2026-05-25,"Facebook Stories",android_smartphone,facebook,android_smartphone,,,,2026-05-25,Ongoing,"1-day click, 1-day view, or 1-day engaged-view",,,,,,,,,,,,,,,,,,,,,,1,,,,,,,,,,,,,,,,,,,,,,,,,2026-05-25,2026-05-25
"BOOK0_APP_MAY26_ADR_MST_V1 [Android]",120243254910040003,TEST_APB_TOF_1865_ADR_BOOK0,120244850332940003,C7A_STC_APP_BOOK0_T2,120244850332950003,2026-05-25,"Instagram Stories",android_smartphone,instagram,android_smartphone,,,,2026-05-25,Ongoing,"1-day click, 1-day view, or 1-day engaged-view",,,,,,,,,,,,,,,,,,,,,,1,,,,,,,,,,,,,,,,,,,,,,,,,2026-05-25,2026-05-25
"BOOK0_APP_MAY26_ADR_MST_V1 [Android]",120243254910040003,C4_APB_TOP_1865_ADR_BOOK0_V2,120243254910200003,C4D_STC_APP_BOOK0_T2,120243254910140003,2026-05-14,"Instagram Reels",android_smartphone,instagram,android_smartphone,,,,2026-05-02,Ongoing,"1-day click, 1-day view, or 1-day engaged-view",,,,,,,,,,,,,,,,,,,,,,1,,,,,,,,,,,,,,,,,,,,,,,,,2026-05-14,2026-05-14
"BOOK0_APP_MAY26_ADR_MST_V1 [Android]",120243254910040003,C4_APB_TOP_1865_ADR_BOOK0_V2,120243254910200003,C4D_STC_APP_BOOK0_T2,120243254910140003,2026-05-14,Feed,android_smartphone,facebook,android_smartphone,,,,2026-05-02,Ongoing,"1-day click, 1-day view, or 1-day engaged-view",,,,,,,,,,,,,,,,,,,,,,1,,,,,,,,,,,,,,,1,,,,,,,,,,2026-05-14,2026-05-14
"BOOK0_APP_MAY26_ADR_MST_V1 [Android]",120243254910040003,C2_APB_TOP_1865_ADR_BOOK0_V2,120243254910060003,C2B_STC_APP_BOOK0_T2,120243254910110003,2026-05-14,"Instagram Reels",android_smartphone,instagram,android_smartphone,,,,2026-05-02,Ongoing,"1-day click, 1-day view, or 1-day engaged-view",,,,,,,,,,,,,,,,,,,,,,3,,,,,,,,,,,,,,,2,,,,,,,,,,2026-05-14,2026-05-14
"BOOK0_APP_MAY26_ADR_MST_V1 [Android]",120243254910040003,C2_APB_TOP_1865_ADR_BOOK0_V2,120243254910060003,C2B_STC_APP_BOOK0_T2,120243254910110003,2026-05-15,"Facebook Reels",android_smartphone,facebook,android_smartphone,,,,2026-05-02,Ongoing,"1-day click, 1-day view, or 1-day engaged-view",,,,,,,,,,,,,,,,,,,,,,7,,,,,,,,,,,,,,,2,,,,,,,,,,2026-05-15,2026-05-15
"BOOK0_APP_MAY26_ADR_MST_V1 [Android]",120243254910040003,C2_APB_TOP_1865_ADR_BOOK0_V2,120243254910060003,C2B_STC_APP_BOOK0_T2,120243254910110003,2026-05-24,"Instagram Reels",android_tablet,instagram,android_tablet,,,,2026-05-02,Ongoing,"1-day click, 1-day view, or 1-day engaged-view",,,,,,,,,,,,,,,,,,,,,,,,,,,,,,,,,,,,,,,,,,,,,,,2026-05-24,2026-05-24
"BOOK0_APP_MAY26_ADR_MST_V1 [Android]",120243254910040003,C1_APB_TOP_1865_ADR_BOOK0_V2,120243254910070003,C1D_STC_APP_BOOK0_T2,120243254910190003,2026-05-15,Feed,android_smartphone,instagram,0,,,,2026-05-02,Ongoing,"1-day click, 1-day view, or 1-day engaged-view",,,,,,,,,,,,,,,,,,,,,,,,,,,,,,,2,,,,,,,,,,,,,,,,2026-05-15,2026-05-15
"BOOK0_APP_MAY26_ADR_MST_V1 [Android]",120243254910040003,C1_APB_TOP_1865_ADR_BOOK0_V2,120243254910070003,C1D_STC_APP_BOOK0_T2,120243254910190003,2026-05-15,"Instagram Stories",android_smartphone,instagram,android_smartphone,,,,2026-05-02,Ongoing,"1-day click, 1-day view, or 1-day engaged-view",,,,,,,,,,,,,,,,,,,,,,1,,,,,,,,,,,,,,,,,,,,,,,,,2026-05-15,2026-05-15
"BOOK0_APP_MAY26_ADR_MST_V1 [Android]",120243254910040003,C2_APB_TOP_1865_ADR_BOOK0_V2,120243254910060003,C2B_STC_APP_BOOK0_T2,120243254910110003,2026-05-15,Feed,android_smartphone,instagram,android_smartphone,,,,2026-05-02,Ongoing,"1-day click, 1-day view, or 1-day engaged-view",,,,,,,,,,,,,,,,,,,,,,2,,,,,,,,,,,,,,,,,,,,,,,,,2026-05-15,2026-05-15
"BOOK0_APP_MAY26_ADR_MST_V1 [Android]",120243254910040003,C2_APB_TOP_1865_ADR_BOOK0_V2,120243254910060003,C2B_STC_APP_BOOK0_T2,120243254910110003,2026-05-15,"Facebook Reels",android_tablet,facebook,android_tablet,,,,2026-05-02,Ongoing,"1-day click, 1-day view, or 1-day engaged-view",,,,,,,,,,,,,,,,,,,,,,2,,,,,,,,,,,,1,,,1,,1,,,,,,,,2026-05-15,2026-05-15
"BOOK0_APP_MAY26_ADR_MST_V1 [Android]",120243254910040003,C2_APB_TOP_1865_ADR_BOOK0_V2,120243254910060003,C2B_STC_APP_BOOK0_T2,120243254910110003,2026-05-15,"Facebook Reels",android_tablet,facebook,0,,,,2026-05-02,Ongoing,"1-day click, 1-day view, or 1-day engaged-view",,,,,,,,,,,,,,,,,,,,,,,,,,,,,,,1,,,,,,,,,,,,,,,,2026-05-15,2026-05-15
"BOOK0_APP_MAY26_ADR_MST_V1 [Android]",120243254910040003,C2_APB_TOP_1865_ADR_BOOK0_V2,120243254910060003,C2B_STC_APP_BOOK0_T2,120243254910110003,2026-05-15,"Facebook Reels",android_smartphone,facebook,0,,,,2026-05-02,Ongoing,"1-day click, 1-day view, or 1-day engaged-view",,,,,,,,,,,,,,,,,,,,,,,,,,,,,,,2,,,,,,,,,,,,,,,,2026-05-15,2026-05-15
"BOOK0_APP_MAY26_ADR_MST_V1 [Android]",120243254910040003,C2_APB_TOP_1865_ADR_BOOK0_V2,120243254910060003,C2B_STC_APP_BOOK0_T2,120243254910110003,2026-05-24,"Threads feed",android_smartphone,threads,android_smartphone,,,,2026-05-02,Ongoing,"1-day click, 1-day view, or 1-day engaged-view",,,,,,,,,,,,,,,,,,,,,,3,,,,,,,,,,,,,,,1,,,,,,,,,,2026-05-24,2026-05-24
"BOOK0_APP_MAY26_ADR_MST_V1 [Android]",120243254910040003,C2_APB_TOP_1865_ADR_BOOK0_V2,120243254910060003,C2B_STC_APP_BOOK0_T2,120243254910110003,2026-05-15,"Facebook profile feed",android_tablet,facebook,android_tablet,,,,2026-05-02,Ongoing,"1-day click, 1-day view, or 1-day engaged-view",,,,,,,,,,,,,,,,,,,,,,1,,,,,,,,,,,,,,,1,,,,1,,,,,,2026-05-15,2026-05-15
"BOOK0_APP_MAY26_ADR_MST_V1 [Android]",120243254910040003,C2_APB_TOP_1865_ADR_BOOK0_V2,120243254910060003,C2B_STC_APP_BOOK0_T2,120243254910110003,2026-05-15,"Facebook profile feed",android_tablet,facebook,0,,,,2026-05-02,Ongoing,"1-day click, 1-day view, or 1-day engaged-view",,,,,,,,,,,,,,,,,,,,,,,,,,,,,,,1,,,,,,,,,,,,,,,,2026-05-15,2026-05-15
"BOOK0_APP_MAY26_ADR_MST_V1 [Android]",120243254910040003,C2_APB_TOP_1865_ADR_BOOK0_V2,120243254910060003,C2B_STC_APP_BOOK0_T2,120243254910110003,2026-05-15,Feed,android_smartphone,facebook,android_smartphone,,,,2026-05-02,Ongoing,"1-day click, 1-day view, or 1-day engaged-view",,,,,,,,,,,,,,,,,,,,,,4,,,,,,,,,,,,,,,1,,,,,,,,,,2026-05-15,2026-05-15
"BOOK0_APP_MAY26_ADR_MST_V1 [Android]",120243254910040003,C2_APB_TOP_1865_ADR_BOOK0_V2,120243254910060003,C2B_STC_APP_BOOK0_T2,120243254910110003,2026-05-15,Feed,android_smartphone,facebook,0,,,,2026-05-02,Ongoing,"1-day click, 1-day view, or 1-day engaged-view",,,,,,,,,,,,,,,,,,,,,,,,,,,,,,,1,,,,,,,,,,,,,,,,2026-05-15,2026-05-15
"BOOK0_APP_MAY26_ADR_MST_V1 [Android]",120243254910040003,C2_APB_TOP_1865_ADR_BOOK0_V2,120243254910060003,C2B_STC_APP_BOOK0_T2,120243254910110003,2026-05-15,"Instagram Reels",android_smartphone,instagram,android_smartphone,,,,2026-05-02,Ongoing,"1-day click, 1-day view, or 1-day engaged-view",,,,,,,,,,,,,,,,,,,,,,10,,,,,,,,,,,,1,,,5,,1,,1,,,,,,2026-05-15,2026-05-15
"BOOK0_APP_MAY26_ADR_MST_V1 [Android]",120243254910040003,C2_APB_TOP_1865_ADR_BOOK0_V2,120243254910060003,C2B_STC_APP_BOOK0_T2,120243254910110003,2026-05-23,"Native, banner & interstitial",android_smartphone,audience_network,android_smartphone,,,,2026-05-02,Ongoing,"1-day click, 1-day view, or 1-day engaged-view",,,,,,,,,,,,,,,,,,,,,,1,,,,,,,,,,,,,,,,,,,,,,,,,2026-05-23,2026-05-23
"BOOK0_APP_MAY26_ADR_MST_V1 [Android]",120243254910040003,C2_APB_TOP_1865_ADR_BOOK0_V2,120243254910060003,C2B_STC_APP_BOOK0_T2,120243254910110003,2026-05-23,"Facebook Stories",android_smartphone,facebook,android_smartphone,,,,2026-05-02,Ongoing,"1-day click, 1-day view, or 1-day engaged-view",,,,,,,,,,,,,,,,,,,,,,2,,,,,,,,,,,,,,,,,,,,,,,,,2026-05-23,2026-05-23
"BOOK0_APP_MAY26_ADR_MST_V1 [Android]",120243254910040003,C2_APB_TOP_1865_ADR_BOOK0_V2,120243254910060003,C2B_STC_APP_BOOK0_T2,120243254910110003,2026-05-24,"Facebook profile feed",android_smartphone,facebook,android_smartphone,,,,2026-05-02,Ongoing,"1-day click, 1-day view, or 1-day engaged-view",,,,,,,,,,,,,,,,,,,,,,1,,,,,,,,,,,,,,,,,,,,,,,,,2026-05-24,2026-05-24
"BOOK0_APP_MAY26_ADR_MST_V1 [Android]",120243254910040003,C2_APB_TOP_1865_ADR_BOOK0_V2,120243254910060003,C2B_STC_APP_BOOK0_T2,120243254910110003,2026-05-24,"Threads feed",android_smartphone,threads,0,,,,2026-05-02,Ongoing,"1-day click, 1-day view, or 1-day engaged-view",,,,,,,,,,,,,,,,,,,,,,,,,,,,,,,1,,,,,,,,,,,,,,,,2026-05-24,2026-05-24
"BOOK0_APP_MAY26_ADR_MST_V1 [Android]",120243254910040003,C4_APB_TOP_1865_ADR_BOOK0_V2,120243254910200003,C4D_STC_APP_BOOK0_T2,120243254910140003,2026-05-14,Feed,android_smartphone,facebook,0,,,,2026-05-02,Ongoing,"1-day click, 1-day view, or 1-day engaged-view",,,,,,,,,,,,,,,,,,,,,,,,,,,,,,,1,,,,,,,,,,,,,,,,2026-05-14,2026-05-14
"BOOK0_APP_MAY26_ADR_MST_V1 [Android]",120243254910040003,C2_APB_TOP_1865_ADR_BOOK0_V2,120243254910060003,C2B_STC_APP_BOOK0_T2,120243254910110003,2026-05-24,"Native, banner & interstitial",android_smartphone,audience_network,android_smartphone,,,,2026-05-02,Ongoing,"1-day click, 1-day view, or 1-day engaged-view",,,,,,,,,,,,,,,,,,,,,,1,,,,,,,,,,,,,,,1,,,,,,,,,,2026-05-24,2026-05-24
"BOOK0_APP_MAY26_ADR_MST_V1 [Android]",120243254910040003,C4_APB_TOP_1865_ADR_BOOK0_V2,120243254910200003,C4D_STC_APP_BOOK0_T2,120243254910140003,2026-05-14,"Facebook Reels",android_smartphone,facebook,android_smartphone,,,,2026-05-02,Ongoing,"1-day click, 1-day view, or 1-day engaged-view",,,,,,,,,,,,,,,,,,,,,,,,,,,,,,,,,,,,,,,,,,,,,,,2026-05-14,2026-05-14
"BOOK0_APP_MAY26_ADR_MST_V1 [Android]",120243254910040003,C1_APB_TOP_1865_ADR_BOOK0_V2,120243254910070003,C1D_STC_APP_BOOK0_T2,120243254910190003,2026-05-15,"Facebook Stories",android_smartphone,facebook,android_smartphone,,,,2026-05-02,Ongoing,"1-day click, 1-day view, or 1-day engaged-view",,,,,,,,,,,,,,,,,,,,,,1,,,,,,,,,,,,,,,,,,,,,,,,,2026-05-15,2026-05-15
"BOOK0_APP_MAY26_ADR_MST_V1 [Android]",120243254910040003,C1_APB_TOP_1865_ADR_BOOK0_V2,120243254910070003,C1D_STC_APP_BOOK0_T2,120243254910190003,2026-05-15,Feed,android_smartphone,facebook,android_smartphone,,,,2026-05-02,Ongoing,"1-day click, 1-day view, or 1-day engaged-view",,,,,,,,,,,,,,,,,,,,,,2,,,,,,,,,,,,,,,,,,,,,,,,,2026-05-15,2026-05-15
"BOOK0_APP_MAY26_ADR_MST_V1 [Android]",120243254910040003,C1_APB_TOP_1865_ADR_BOOK0_V2,120243254910070003,C1D_STC_APP_BOOK0_T2,120243254910190003,2026-05-15,"Instagram Reels",android_smartphone,instagram,android_smartphone,,,,2026-05-02,Ongoing,"1-day click, 1-day view, or 1-day engaged-view",,,,,,,,,,,,,,,,,,,,,,1,,,,,,,,,,,,,,,,,,,,,,,,,2026-05-15,2026-05-15
"BOOK0_APP_MAY26_ADR_MST_V1 [Android]",120243254910040003,C1_APB_TOP_1865_ADR_BOOK0_V2,120243254910070003,C1D_STC_APP_BOOK0_T2,120243254910190003,2026-05-15,Feed,android_smartphone,instagram,android_smartphone,,,,2026-05-02,Ongoing,"1-day click, 1-day view, or 1-day engaged-view",,,,,,,,,,,,,,,,,,,,,,5,,,,,,,,,,,,,,,2,,,,,,,,,,2026-05-15,2026-05-15
"BOOK0_APP_MAY26_ADR_MST_V1 [Android]",120243254910040003,C2_APB_TOP_1865_ADR_BOOK0_V2,120243254910060003,C2B_STC_APP_BOOK0_T2,120243254910110003,2026-05-24,"Native, banner & interstitial",android_smartphone,audience_network,0,,,,2026-05-02,Ongoing,"1-day click, 1-day view, or 1-day engaged-view",,,,,,,,,,,,,,,,,,,,,,,,,,,,,,,1,,,,,,,,,,,,,,,,2026-05-24,2026-05-24
"BOOK0_APP_MAY26_ADR_MST_V1 [Android]",120243254910040003,C2_APB_TOP_1865_ADR_BOOK0_V2,120243254910060003,C2B_STC_APP_BOOK0_T2,120243254910110003,2026-05-24,"Instagram Reels",android_smartphone,instagram,0,,,,2026-05-02,Ongoing,"1-day click, 1-day view, or 1-day engaged-view",,,,,,,,,,,,,,,,,,,,,,,,,,,,,,,3,,,,,,,,,,,,,,,,2026-05-24,2026-05-24
"BOOK0_APP_MAY26_ADR_MST_V1 [Android]",120243254910040003,C2_APB_TOP_1865_ADR_BOOK0_V2,120243254910060003,C2B_STC_APP_BOOK0_T2,120243254910110003,2026-05-24,Feed,android_smartphone,instagram,android_smartphone,,,,2026-05-02,Ongoing,"1-day click, 1-day view, or 1-day engaged-view",,,,,,,,,,,,,,,,,,,,,,6,,,,,,,,,,,,,,,1,,,,,,,,,,2026-05-24,2026-05-24
"BOOK0_APP_MAY26_ADR_MST_V1 [Android]",120243254910040003,C2_APB_TOP_1865_ADR_BOOK0_V2,120243254910060003,C2B_STC_APP_BOOK0_T2,120243254910110003,2026-05-24,"Instagram Reels",android_smartphone,instagram,android_smartphone,,,,2026-05-02,Ongoing,"1-day click, 1-day view, or 1-day engaged-view",,,,,,,,,,,,,,,,,,,,,,5,,,,,,,,,,,,,,,3,,,,1,,,,,,2026-05-24,2026-05-24
"BOOK0_APP_MAY26_ADR_MST_V1 [Android]",120243254910040003,C2_APB_TOP_1865_ADR_BOOK0_V2,120243254910060003,C2B_STC_APP_BOOK0_T2,120243254910110003,2026-05-24,"In-stream reels",android_smartphone,facebook,android_smartphone,,,,2026-05-02,Ongoing,"1-day click, 1-day view, or 1-day engaged-view",,,,,,,,,,,,,,,,,,,,,,2,,,,,,,,,,,,,,,,,,,,,,,,,2026-05-24,2026-05-24
"BOOK0_APP_MAY26_ADR_MST_V1 [Android]",120243254910040003,C2_APB_TOP_1865_ADR_BOOK0_V2,120243254910060003,C2B_STC_APP_BOOK0_T2,120243254910110003,2026-05-24,Feed,android_smartphone,facebook,0,,,,2026-05-02,Ongoing,"1-day click, 1-day view, or 1-day engaged-view",,,,,,,,,,,,,,,,,,,,,,,,,,,,,,,5,,,,,,,,,,,,,,,,2026-05-24,2026-05-24
"BOOK0_APP_MAY26_ADR_MST_V1 [Android]",120243254910040003,C2_APB_TOP_1865_ADR_BOOK0_V2,120243254910060003,C2B_STC_APP_BOOK0_T2,120243254910110003,2026-05-24,Feed,android_smartphone,facebook,android_smartphone,,,,2026-05-02,Ongoing,"1-day click, 1-day view, or 1-day engaged-view",,,,,,,,,,,,,,,,,,,,,,19,,,,,,,,,,,,4,,,5,,4,,3,,,,,,2026-05-24,2026-05-24
"BOOK0_APP_MAY26_ADR_MST_V1 [Android]",120243254910040003,C2_APB_TOP_1865_ADR_BOOK0_V2,120243254910060003,C2B_STC_APP_BOOK0_T2,120243254910110003,2026-05-24,"Facebook Reels",android_smartphone,facebook,0,,,,2026-05-02,Ongoing,"1-day click, 1-day view, or 1-day engaged-view",,,,,,,,,,,,,,,,,,,,,,,,,,,,,,,1,,,,,,,,,,,,,,,,2026-05-24,2026-05-24
"BOOK0_APP_MAY26_ADR_MST_V1 [Android]",120243254910040003,C2_APB_TOP_1865_ADR_BOOK0_V2,120243254910060003,C2B_STC_APP_BOOK0_T2,120243254910110003,2026-05-24,"Facebook Reels",android_smartphone,facebook,android_smartphone,,,,2026-05-02,Ongoing,"1-day click, 1-day view, or 1-day engaged-view",,,,,,,,,,,,,,,,,,,,,,8,,,,,,,,,,,,,,,1,,,,,,,,,,2026-05-24,2026-05-24
"BOOK0_APP_MAY26_ADR_MST_V1 [Android]",120243254910040003,C2_APB_TOP_1865_ADR_BOOK0_V2,120243254910060003,C2B_STC_APP_BOOK0_T2,120243254910110003,2026-05-24,Feed,android_smartphone,instagram,0,,,,2026-05-02,Ongoing,"1-day click, 1-day view, or 1-day engaged-view",,,,,,,,,,,,,,,,,,,,,,,,,,,,,,,1,,,,,,,,,,,,,,,,2026-05-24,2026-05-24
"BOOK0_APP_MAY26_ADR_MST_V1 [Android]",120243254910040003,C2_APB_TOP_1865_ADR_BOOK0_V2,120243254910060003,C2B_STC_APP_BOOK0_T2,120243254910110003,2026-05-14,"Instagram Reels",android_smartphone,instagram,0,,,,2026-05-02,Ongoing,"1-day click, 1-day view, or 1-day engaged-view",,,,,,,,,,,,,,,,,,,,,,,,,,,,,,,2,,,,,,,,,,,,,,,,2026-05-14,2026-05-14
"BOOK0_APP_MAY26_ADR_MST_V1 [Android]",120243254910040003,C2_APB_TOP_1865_ADR_BOOK0_V2,120243254910060003,C2B_STC_APP_BOOK0_T2,120243254910110003,2026-05-14,Feed,android_smartphone,instagram,0,,,,2026-05-02,Ongoing,"1-day click, 1-day view, or 1-day engaged-view",,,,,,,,,,,,,,,,,,,,,,,,,,,,,,,2,,,,,,,,,,,,,,,,2026-05-14,2026-05-14
"BOOK0_APP_MAY26_ADR_MST_V1 [Android]",120243254910040003,C2_APB_TOP_1865_ADR_BOOK0_V2,120243254910060003,C2B_STC_APP_BOOK0_T2,120243254910110003,2026-05-23,"Instagram Stories",android_smartphone,instagram,android_smartphone,,,,2026-05-02,Ongoing,"1-day click, 1-day view, or 1-day engaged-view",,,,,,,,,,,,,,,,,,,,,,5,,,,,,,,,,,,,,,3,,,,,,,,,,2026-05-23,2026-05-23
"BOOK0_APP_MAY26_ADR_MST_V1 [Android]",120243254910040003,C2_APB_TOP_1865_ADR_BOOK0_V2,120243254910060003,C2B_STC_APP_BOOK0_T2,120243254910110003,2026-05-26,"Facebook Reels",android_smartphone,facebook,android_smartphone,,,,2026-05-02,Ongoing,"1-day click, 1-day view, or 1-day engaged-view",,,,,,,,,,,,,,,,,,,,,,13,,,,,,,,,,,,1,,,3,,1,,,,,,,,2026-05-26,2026-05-26
"BOOK0_APP_MAY26_ADR_MST_V1 [Android]",120243254910040003,TEST_APB_TOF_1865_ADR_BOOK0,120244850332940003,C7A_STC_APP_BOOK0_T2,120244850332950003,2026-05-26,"Native, banner & interstitial",android_smartphone,audience_network,android_smartphone,,,,2026-05-25,Ongoing,"1-day click, 1-day view, or 1-day engaged-view",,,,,,,,,,,,,,,,,,,,,,1,,,,,,,,,,,,,,,1,,,,1,,,,,,2026-05-26,2026-05-26
"BOOK0_APP_MAY26_ADR_MST_V1 [Android]",120243254910040003,C2_APB_TOP_1865_ADR_BOOK0_V2,120243254910060003,C2B_STC_APP_BOOK0_T2,120243254910110003,2026-05-26,"Facebook Reels",android_tablet,facebook,android_tablet,,,,2026-05-02,Ongoing,"1-day click, 1-day view, or 1-day engaged-view",,,,,,,,,,,,,,,,,,,,,,1,,,,,,,,,,,,,,,,,,,,,,,,,2026-05-26,2026-05-26
"BOOK0_APP_MAY26_ADR_MST_V1 [Android]",120243254910040003,C2_APB_TOP_1865_ADR_BOOK0_V2,120243254910060003,C2B_STC_APP_BOOK0_T2,120243254910110003,2026-05-26,Feed,android_smartphone,facebook,0,,,,2026-05-02,Ongoing,"1-day click, 1-day view, or 1-day engaged-view",,,,,,,,,,,,,,,,,,,,,,,,,,,,,,,3,,,,,,,,,,,,,,,,2026-05-26,2026-05-26
"BOOK0_APP_MAY26_ADR_MST_V1 [Android]",120243254910040003,C2_APB_TOP_1865_ADR_BOOK0_V2,120243254910060003,C2B_STC_APP_BOOK0_T2,120243254910110003,2026-05-26,Feed,android_smartphone,facebook,android_smartphone,,,,2026-05-02,Ongoing,"1-day click, 1-day view, or 1-day engaged-view",,,,,,,,,,,,,,,,,,,,,,11,,,,,,,,,,,,2,,,3,,2,,1,,,,,,2026-05-26,2026-05-26
"BOOK0_APP_MAY26_ADR_MST_V1 [Android]",120243254910040003,C2_APB_TOP_1865_ADR_BOOK0_V2,120243254910060003,C2B_STC_APP_BOOK0_T2,120243254910110003,2026-05-26,"Threads feed",android_smartphone,threads,android_smartphone,,,,2026-05-02,Ongoing,"1-day click, 1-day view, or 1-day engaged-view",,,,,,,,,,,,,,,,,,,,,,2,,,,,,,,,,,,,,,,,,,,,,,,,2026-05-26,2026-05-26
"BOOK0_APP_MAY26_ADR_MST_V1 [Android]",120243254910040003,C2_APB_TOP_1865_ADR_BOOK0_V2,120243254910060003,C2B_STC_APP_BOOK0_T2,120243254910110003,2026-05-26,"Facebook Reels",android_smartphone,facebook,0,,,,2026-05-02,Ongoing,"1-day click, 1-day view, or 1-day engaged-view",,,,,,,,,,,,,,,,,,,,,,,,,,,,,,,3,,,,,,,,,,,,,,,,2026-05-26,2026-05-26
"BOOK0_APP_MAY26_ADR_MST_V1 [Android]",120243254910040003,C2_APB_TOP_1865_ADR_BOOK0_V2,120243254910060003,C2B_STC_APP_BOOK0_T2,120243254910110003,2026-05-26,Feed,android_smartphone,instagram,android_smartphone,,,,2026-05-02,Ongoing,"1-day click, 1-day view, or 1-day engaged-view",,,,,,,,,,,,,,,,,,,,,,3,,,,,,,,,,,,,,,,,,,,,,,,,2026-05-26,2026-05-26
"BOOK0_APP_MAY26_ADR_MST_V1 [Android]",120243254910040003,TEST_APB_TOF_1865_ADR_BOOK0,120244850332940003,C7A_STC_APP_BOOK0_T2,120244850332950003,2026-05-26,"In-stream reels",android_smartphone,facebook,android_smartphone,,,,2026-05-25,Ongoing,"1-day click, 1-day view, or 1-day engaged-view",,,,,,,,,,,,,,,,,,,,,,1,,,,,,,,,,,,,,,,,,,,,,,,,2026-05-26,2026-05-26
"BOOK0_APP_MAY26_ADR_MST_V1 [Android]",120243254910040003,C2_APB_TOP_1865_ADR_BOOK0_V2,120243254910060003,C2B_STC_APP_BOOK0_T2,120243254910110003,2026-05-26,"Facebook profile feed",android_smartphone,facebook,0,,,,2026-05-02,Ongoing,"1-day click, 1-day view, or 1-day engaged-view",,,,,,,,,,,,,,,,,,,,,,,,,,,,,,,3,,,,,,,,,,,,,,,,2026-05-26,2026-05-26
"BOOK0_APP_MAY26_ADR_MST_V1 [Android]",120243254910040003,C2_APB_TOP_1865_ADR_BOOK0_V2,120243254910060003,C2B_STC_APP_BOOK0_T2,120243254910110003,2026-05-26,"Facebook profile feed",android_smartphone,facebook,android_smartphone,,,,2026-05-02,Ongoing,"1-day click, 1-day view, or 1-day engaged-view",,,,,,,,,,,,,,,,,,,,,,4,,,,,,,,,,,,,,,3,,,,1,,,,,,2026-05-26,2026-05-26
"BOOK0_APP_MAY26_ADR_MST_V1 [Android]",120243254910040003,C2_APB_TOP_1865_ADR_BOOK0_V2,120243254910060003,C2B_STC_APP_BOOK0_T2,120243254910110003,2026-05-26,"Facebook Stories",android_smartphone,facebook,0,,,,2026-05-02,Ongoing,"1-day click, 1-day view, or 1-day engaged-view",,,,,,,,,,,,,,,,,,,,,,,,,,,,,,,1,,,,,,,,,,,,,,,,2026-05-26,2026-05-26
"BOOK0_APP_MAY26_ADR_MST_V1 [Android]",120243254910040003,C2_APB_TOP_1865_ADR_BOOK0_V2,120243254910060003,C2B_STC_APP_BOOK0_T2,120243254910110003,2026-05-26,"Facebook Stories",android_smartphone,facebook,android_smartphone,,,,2026-05-02,Ongoing,"1-day click, 1-day view, or 1-day engaged-view",,,,,,,,,,,,,,,,,,,,,,3,,,,,,,,,,,,1,,,1,,1,,,,,,,,2026-05-26,2026-05-26
"BOOK0_APP_MAY26_ADR_MST_V1 [Android]",120243254910040003,C2_APB_TOP_1865_ADR_BOOK0_V2,120243254910060003,C2B_STC_APP_BOOK0_T2,120243254910110003,2026-05-26,"In-stream reels",android_smartphone,facebook,android_smartphone,,,,2026-05-02,Ongoing,"1-day click, 1-day view, or 1-day engaged-view",,,,,,,,,,,,,,,,,,,,,,1,,,,,,,,,,,,,,,,,,,,,,,,,2026-05-26,2026-05-26
"BOOK0_APP_MAY26_ADR_MST_V1 [Android]",120243254910040003,C2_APB_TOP_1865_ADR_BOOK0_V2,120243254910060003,C2B_STC_APP_BOOK0_T2,120243254910110003,2026-05-26,Feed,android_tablet,facebook,android_tablet,,,,2026-05-02,Ongoing,"1-day click, 1-day view, or 1-day engaged-view",,,,,,,,,,,,,,,,,,,,,,1,,,,,,,,,,,,,,,,,,,,,,,,,2026-05-26,2026-05-26
"BOOK0_APP_MAY26_ADR_MST_V1 [Android]",120243254910040003,C2_APB_TOP_1865_ADR_BOOK0_V2,120243254910060003,C2B_STC_APP_BOOK0_T2,120243254910110003,2026-05-26,Feed,android_tablet,instagram,android_tablet,,,,2026-05-02,Ongoing,"1-day click, 1-day view, or 1-day engaged-view",,,,,,,,,,,,,,,,,,,,,,1,,,,,,,,,,,,,,,,,,,,,,,,,2026-05-26,2026-05-26
"BOOK0_APP_MAY26_ADR_MST_V1 [Android]",120243254910040003,TEST_APB_TOF_1865_ADR_BOOK0,120244850332940003,C7A_STC_APP_BOOK0_T2,120244850332950003,2026-05-26,"Native, banner & interstitial",android_smartphone,audience_network,0,,,,2026-05-25,Ongoing,"1-day click, 1-day view, or 1-day engaged-view",,,,,,,,,,,,,,,,,,,,,,,,,,,,,,,1,,,,,,,,,,,,,,,,2026-05-26,2026-05-26
"BOOK0_APP_MAY26_ADR_MST_V1 [Android]",120243254910040003,C4_APB_TOP_1865_ADR_BOOK0_V2,120243254910200003,C4D_STC_APP_BOOK0_T2,120243254910140003,2026-05-16,"Instagram Stories",android_smartphone,instagram,0,,,,2026-05-02,Ongoing,"1-day click, 1-day view, or 1-day engaged-view",,,,,,,,,,,,,,,,,,,,,,,,,,,,,,,1,,,,,,,,,,,,,,,,2026-05-16,2026-05-16
"BOOK0_APP_MAY26_ADR_MST_V1 [Android]",120243254910040003,C2_APB_TOP_1865_ADR_BOOK0_V2,120243254910060003,C2B_STC_APP_BOOK0_T2,120243254910110003,2026-05-26,"Instagram Reels",android_smartphone,instagram,0,,,,2026-05-02,Ongoing,"1-day click, 1-day view, or 1-day engaged-view",,,,,,,,,,,,,,,,,,,,,,,,,,,,,,,1,,,,,,,,,,,,,,,,2026-05-26,2026-05-26
"BOOK0_APP_MAY26_ADR_MST_V1 [Android]",120243254910040003,C1_APB_TOP_1865_ADR_BOOK0_V2,120243254910070003,C1D_STC_APP_BOOK0_T2,120243254910190003,2026-05-14,"Instagram Stories",android_smartphone,instagram,android_smartphone,,,,2026-05-02,Ongoing,"1-day click, 1-day view, or 1-day engaged-view",,,,,,,,,,,,,,,,,,,,,,2,,,,,,,,,,,,,,,1,,,,1,,,,,,2026-05-14,2026-05-14
"BOOK0_APP_MAY26_ADR_MST_V1 [Android]",120243254910040003,C4_APB_TOP_1865_ADR_BOOK0_V2,120243254910200003,C4D_STC_APP_BOOK0_T2,120243254910140003,2026-05-13,"In-stream reels",android_smartphone,facebook,android_smartphone,,,,2026-05-02,Ongoing,"1-day click, 1-day view, or 1-day engaged-view",,,,,,,,,,,,,,,,,,,,,,,,,,,,,,,,,,,,,,,,,,,,,,,2026-05-13,2026-05-13
"BOOK0_APP_MAY26_ADR_MST_V1 [Android]",120243254910040003,C4_APB_TOP_1865_ADR_BOOK0_V2,120243254910200003,C4D_STC_APP_BOOK0_T2,120243254910140003,2026-05-13,"Instagram Stories",android_smartphone,instagram,android_smartphone,,,,2026-05-02,Ongoing,"1-day click, 1-day view, or 1-day engaged-view",,,,,,,,,,,,,,,,,,,,,,1,,,,,,,,,,,,,,,,,,,,,,,,,2026-05-13,2026-05-13
"BOOK0_APP_MAY26_ADR_MST_V1 [Android]",120243254910040003,C4_APB_TOP_1865_ADR_BOOK0_V2,120243254910200003,C4D_STC_APP_BOOK0_T2,120243254910140003,2026-05-13,"Facebook Reels",android_tablet,facebook,android_tablet,,,,2026-05-02,Ongoing,"1-day click, 1-day view, or 1-day engaged-view",,,,,,,,,,,,,,,,,,,,,,1,,,,,,,,,,,,,,,,,,,,,,,,,2026-05-13,2026-05-13
"BOOK0_APP_MAY26_ADR_MST_V1 [Android]",120243254910040003,C1_APB_TOP_1865_ADR_BOOK0_V2,120243254910070003,C1D_STC_APP_BOOK0_T2,120243254910190003,2026-05-14,Unknown,other,unknown,android_smartphone,,,,2026-05-02,Ongoing,"1-day click, 1-day view, or 1-day engaged-view",,,,,,,,,,,,,,,,,,,,,,,,,,,,,,,,,,,,,,,,,,,,,,,2026-05-14,2026-05-14
"BOOK0_APP_MAY26_ADR_MST_V1 [Android]",120243254910040003,C1_APB_TOP_1865_ADR_BOOK0_V2,120243254910070003,C1D_STC_APP_BOOK0_T2,120243254910190003,2026-05-14,"Facebook Stories",android_smartphone,facebook,android_smartphone,,,,2026-05-02,Ongoing,"1-day click, 1-day view, or 1-day engaged-view",,,,,,,,,,,,,,,,,,,,,,1,,,,,,,,,,,,,,,,,,,,,,,,,2026-05-14,2026-05-14
"BOOK0_APP_MAY26_ADR_MST_V1 [Android]",120243254910040003,C1_APB_TOP_1865_ADR_BOOK0_V2,120243254910070003,C1D_STC_APP_BOOK0_T2,120243254910190003,2026-05-14,"Native, banner & interstitial",android_smartphone,audience_network,android_smartphone,,,,2026-05-02,Ongoing,"1-day click, 1-day view, or 1-day engaged-view",,,,,,,,,,,,,,,,,,,,,,1,,,,,,,,,,,,,,,,,,,,,,,,,2026-05-14,2026-05-14
"BOOK0_APP_MAY26_ADR_MST_V1 [Android]",120243254910040003,C1_APB_TOP_1865_ADR_BOOK0_V2,120243254910070003,C1D_STC_APP_BOOK0_T2,120243254910190003,2026-05-14,"Instagram Stories",android_smartphone,instagram,0,,,,2026-05-02,Ongoing,"1-day click, 1-day view, or 1-day engaged-view",,,,,,,,,,,,,,,,,,,,,,,,,,,,,,,1,,,,,,,,,,,,,,,,2026-05-14,2026-05-14
"BOOK0_APP_MAY26_ADR_MST_V1 [Android]",120243254910040003,TEST_APB_TOF_1865_ADR_BOOK0,120244850332940003,C7A_STC_APP_BOOK0_T2,120244850332950003,2026-05-26,"Instagram Reels",android_smartphone,instagram,android_smartphone,,,,2026-05-25,Ongoing,"1-day click, 1-day view, or 1-day engaged-view",,,,,,,,,,,,,,,,,,,,,,2,,,,,,,,,,,,,,,,,,,,,,,,,2026-05-26,2026-05-26
"BOOK0_APP_MAY26_ADR_MST_V1 [Android]",120243254910040003,TEST_APB_TOF_1865_ADR_BOOK0,120244850332940003,C6B_STC_APP_BOOK0_T2,120244850332960003,2026-05-26,"Native, banner & interstitial",android_smartphone,audience_network,android_smartphone,,,,2026-05-25,Ongoing,"1-day click, 1-day view, or 1-day engaged-view",,,,,,,,,,,,,,,,,,,,,,1,,,,,,,,,,,,,,,,,,,,,,,,,2026-05-26,2026-05-26
"BOOK0_APP_MAY26_ADR_MST_V1 [Android]",120243254910040003,TEST_APB_TOF_1865_ADR_BOOK0,120244850332940003,C6B_STC_APP_BOOK0_T2,120244850332960003,2026-05-26,"Instagram Stories",android_smartphone,instagram,android_smartphone,,,,2026-05-25,Ongoing,"1-day click, 1-day view, or 1-day engaged-view",,,,,,,,,,,,,,,,,,,,,,1,,,,,,,,,,,,,,,,,,,,,,,,,2026-05-26,2026-05-26
"BOOK0_APP_MAY26_ADR_MST_V1 [Android]",120243254910040003,TEST_APB_TOF_1865_ADR_BOOK0,120244850332940003,C6B_STC_APP_BOOK0_T2,120244850332960003,2026-05-26,Feed,android_smartphone,instagram,0,,,,2026-05-25,Ongoing,"1-day click, 1-day view, or 1-day engaged-view",,,,,,,,,,,,,,,,,,,,,,,,,,,,,,,1,,,,,,,,,,,,,,,,2026-05-26,2026-05-26
"BOOK0_APP_MAY26_ADR_MST_V1 [Android]",120243254910040003,TEST_APB_TOF_1865_ADR_BOOK0,120244850332940003,C6B_STC_APP_BOOK0_T2,120244850332960003,2026-05-26,Feed,android_smartphone,instagram,android_smartphone,,,,2026-05-25,Ongoing,"1-day click, 1-day view, or 1-day engaged-view",,,,,,,,,,,,,,,,,,,,,,,,,,,,,,,,,,1,,,1,,1,,,,,,,,2026-05-26,2026-05-26
"BOOK0_APP_MAY26_ADR_MST_V1 [Android]",120243254910040003,TEST_APB_TOF_1865_ADR_BOOK0,120244850332940003,C7A_STC_APP_BOOK0_T2,120244850332950003,2026-05-26,Feed,android_smartphone,facebook,android_smartphone,,,,2026-05-25,Ongoing,"1-day click, 1-day view, or 1-day engaged-view",,,,,,,,,,,,,,,,,,,,,,2,,,,,,,,,,,,,,,,,,,,,,,,,2026-05-26,2026-05-26
"BOOK0_APP_MAY26_ADR_MST_V1 [Android]",120243254910040003,TEST_APB_TOF_1865_ADR_BOOK0,120244850332940003,C7A_STC_APP_BOOK0_T2,120244850332950003,2026-05-26,"Facebook Reels",android_smartphone,facebook,android_smartphone,,,,2026-05-25,Ongoing,"1-day click, 1-day view, or 1-day engaged-view",,,,,,,,,,,,,,,,,,,,,,2,,,,,,,,,,,,,,,,,,,,,,,,,2026-05-26,2026-05-26
"BOOK0_APP_MAY26_ADR_MST_V1 [Android]",120243254910040003,TEST_APB_TOF_1865_ADR_BOOK0,120244850332940003,C7A_STC_APP_BOOK0_T2,120244850332950003,2026-05-26,Feed,android_tablet,facebook,android_tablet,,,,2026-05-25,Ongoing,"1-day click, 1-day view, or 1-day engaged-view",,,,,,,,,,,,,,,,,,,,,,2,,,,,,,,,,,,,,,,,,,,,,,,,2026-05-26,2026-05-26
"BOOK0_APP_MAY26_ADR_MST_V1 [Android]",120243254910040003,C2_APB_TOP_1865_ADR_BOOK0_V2,120243254910060003,C2B_STC_APP_BOOK0_T2,120243254910110003,2026-05-26,"Native, banner & interstitial",android_smartphone,audience_network,android_smartphone,,,,2026-05-02,Ongoing,"1-day click, 1-day view, or 1-day engaged-view",,,,,,,,,,,,,,,,,,,,,,1,,,,,,,,,,,,,,,,,,,,,,,,,2026-05-26,2026-05-26
"BOOK0_APP_MAY26_ADR_MST_V1 [Android]",120243254910040003,C2_APB_TOP_1865_ADR_BOOK0_V2,120243254910060003,C2B_STC_APP_BOOK0_T2,120243254910110003,2026-05-26,"Instagram Reels",android_smartphone,instagram,android_smartphone,,,,2026-05-02,Ongoing,"1-day click, 1-day view, or 1-day engaged-view",,,,,,,,,,,,,,,,,,,,,,,,,,,,,,,,,,,,,1,,,,,,,,,,2026-05-26,2026-05-26
"BOOK0_APP_MAY26_ADR_MST_V1 [Android]",120243254910040003,C2_APB_TOP_1865_ADR_BOOK0_V2,120243254910060003,C2B_STC_APP_BOOK0_T2,120243254910110003,2026-05-14,Feed,android_smartphone,instagram,android_smartphone,,,,2026-05-02,Ongoing,"1-day click, 1-day view, or 1-day engaged-view",,,,,,,,,,,,,,,,,,,,,,6,,,,,,,,,,,,1,,,2,,1,,1,,,,,,2026-05-14,2026-05-14
"BOOK0_APP_MAY26_ADR_MST_V1 [Android]",120243254910040003,TEST_APB_TOF_1865_ADR_BOOK0,120244850332940003,C6A_STC_APP_BOOK0_T2,120244850332910003,2026-05-26,"Instagram Stories",android_smartphone,instagram,0,,,,2026-05-25,Ongoing,"1-day click, 1-day view, or 1-day engaged-view",,,,,,,,,,,,,,,,,,,,,,,,,,,,,,,1,,,,,,,,,,,,,,,,2026-05-26,2026-05-26
"BOOK0_APP_MAY26_ADR_MST_V1 [Android]",120243254910040003,C2_APB_TOP_1865_ADR_BOOK0_V2,120243254910060003,C2B_STC_APP_BOOK0_T2,120243254910110003,2026-05-14,"Facebook Reels",android_smartphone,facebook,0,,,,2026-05-02,Ongoing,"1-day click, 1-day view, or 1-day engaged-view",,,,,,,,,,,,,,,,,,,,,,,,,,,,,,,3,,,,,,,,,,,,,,,,2026-05-14,2026-05-14
"BOOK0_APP_MAY26_ADR_MST_V1 [Android]",120243254910040003,C2_APB_TOP_1865_ADR_BOOK0_V2,120243254910060003,C2B_STC_APP_BOOK0_T2,120243254910110003,2026-05-14,Feed,android_smartphone,facebook,android_smartphone,,,,2026-05-02,Ongoing,"1-day click, 1-day view, or 1-day engaged-view",,,,,,,,,,,,,,,,,,,,,,6,,,,,,,,,,,,,,,2,,,,,,,,,,2026-05-14,2026-05-14
"BOOK0_APP_MAY26_ADR_MST_V1 [Android]",120243254910040003,TEST_APB_TOF_1865_ADR_BOOK0,120244850332940003,C6A_STC_APP_BOOK0_T2,120244850332910003,2026-05-26,Feed,android_smartphone,facebook,0,,,,2026-05-25,Ongoing,"1-day click, 1-day view, or 1-day engaged-view",,,,,,,,,,,,,,,,,,,,,,,,,,,,,,,3,,,,,,,,,,,,,,,,2026-05-26,2026-05-26
"BOOK0_APP_MAY26_ADR_MST_V1 [Android]",120243254910040003,TEST_APB_TOF_1865_ADR_BOOK0,120244850332940003,C6A_STC_APP_BOOK0_T2,120244850332910003,2026-05-26,Feed,android_smartphone,facebook,android_smartphone,,,,2026-05-25,Ongoing,"1-day click, 1-day view, or 1-day engaged-view",,,,,,,,,,,,,,,,,,,,,,9,,,,,,,,,,,,,,,3,,,,1,,,,,,2026-05-26,2026-05-26
"BOOK0_APP_MAY26_ADR_MST_V1 [Android]",120243254910040003,TEST_APB_TOF_1865_ADR_BOOK0,120244850332940003,C6A_STC_APP_BOOK0_T2,120244850332910003,2026-05-26,Feed,android_smartphone,instagram,0,,,,2026-05-25,Ongoing,"1-day click, 1-day view, or 1-day engaged-view",,,,,,,,,,,,,,,,,,,,,,,,,,,,,,,3,,,,,,,,,,,,,,,,2026-05-26,2026-05-26
"BOOK0_APP_MAY26_ADR_MST_V1 [Android]",120243254910040003,TEST_APB_TOF_1865_ADR_BOOK0,120244850332940003,C6A_STC_APP_BOOK0_T2,120244850332910003,2026-05-26,Feed,android_smartphone,instagram,android_smartphone,,,,2026-05-25,Ongoing,"1-day click, 1-day view, or 1-day engaged-view",,,,,,,,,,,,,,,,,,,,,,15,,,,,,,,,,,,1,,,3,,1,,1,,,,,,2026-05-26,2026-05-26
"BOOK0_APP_MAY26_ADR_MST_V1 [Android]",120243254910040003,TEST_APB_TOF_1865_ADR_BOOK0,120244850332940003,C6A_STC_APP_BOOK0_T2,120244850332910003,2026-05-26,"Instagram Stories",android_smartphone,instagram,android_smartphone,,,,2026-05-25,Ongoing,"1-day click, 1-day view, or 1-day engaged-view",,,,,,,,,,,,,,,,,,,,,,7,,,,,,,,,,,,,,,1,,,,,,,,,,2026-05-26,2026-05-26
"BOOK0_APP_MAY26_ADR_MST_V1 [Android]",120243254910040003,C2_APB_TOP_1865_ADR_BOOK0_V2,120243254910060003,C2B_STC_APP_BOOK0_T2,120243254910110003,2026-05-14,"Facebook Stories",android_tablet,facebook,android_tablet,,,,2026-05-02,Ongoing,"1-day click, 1-day view, or 1-day engaged-view",,,,,,,,,,,,,,,,,,,,,,1,,,,,,,,,,,,,,,,,,,,,,,,,2026-05-14,2026-05-14
"BOOK0_APP_MAY26_ADR_MST_V1 [Android]",120243254910040003,TEST_APB_TOF_1865_ADR_BOOK0,120244850332940003,C6A_STC_APP_BOOK0_T2,120244850332910003,2026-05-26,"Facebook Stories",android_tablet,facebook,0,,,,2026-05-25,Ongoing,"1-day click, 1-day view, or 1-day engaged-view",,,,,,,,,,,,,,,,,,,,,,,,,,,,,,,1,,,,,,,,,,,,,,,,2026-05-26,2026-05-26
"BOOK0_APP_MAY26_ADR_MST_V1 [Android]",120243254910040003,TEST_APB_TOF_1865_ADR_BOOK0,120244850332940003,C6A_STC_APP_BOOK0_T2,120244850332910003,2026-05-26,"Facebook Stories",android_tablet,facebook,android_tablet,,,,2026-05-25,Ongoing,"1-day click, 1-day view, or 1-day engaged-view",,,,,,,,,,,,,,,,,,,,,,1,,,,,,,,,,,,,,,1,,,,,,,,,,2026-05-26,2026-05-26
"BOOK0_APP_MAY26_ADR_MST_V1 [Android]",120243254910040003,TEST_APB_TOF_1865_ADR_BOOK0,120244850332940003,C6A_STC_APP_BOOK0_T2,120244850332910003,2026-05-26,"Facebook Reels",android_smartphone,facebook,android_smartphone,,,,2026-05-25,Ongoing,"1-day click, 1-day view, or 1-day engaged-view",,,,,,,,,,,,,,,,,,,,,,1,,,,,,,,,,,,,,,,,,,,,,,,,2026-05-26,2026-05-26
"BOOK0_APP_MAY26_ADR_MST_V1 [Android]",120243254910040003,TEST_APB_TOF_1865_ADR_BOOK0,120244850332940003,C6A_STC_APP_BOOK0_T2,120244850332910003,2026-05-26,"Threads feed",android_smartphone,threads,android_smartphone,,,,2026-05-25,Ongoing,"1-day click, 1-day view, or 1-day engaged-view",,,,,,,,,,,,,,,,,,,,,,1,,,,,,,,,,,,,,,,,,,,,,,,,2026-05-26,2026-05-26
"BOOK0_APP_MAY26_ADR_MST_V1 [Android]",120243254910040003,TEST_APB_TOF_1865_ADR_BOOK0,120244850332940003,C6A_STC_APP_BOOK0_T2,120244850332910003,2026-05-26,"Instagram Reels",android_smartphone,instagram,0,,,,2026-05-25,Ongoing,"1-day click, 1-day view, or 1-day engaged-view",,,,,,,,,,,,,,,,,,,,,,,,,,,,,,,1,,,,,,,,,,,,,,,,2026-05-26,2026-05-26
"BOOK0_APP_MAY26_ADR_MST_V1 [Android]",120243254910040003,TEST_APB_TOF_1865_ADR_BOOK0,120244850332940003,C6A_STC_APP_BOOK0_T2,120244850332910003,2026-05-26,"Instagram Reels",android_smartphone,instagram,android_smartphone,,,,2026-05-25,Ongoing,"1-day click, 1-day view, or 1-day engaged-view",,,,,,,,,,,,,,,,,,,,,,6,,,,,,,,,,,,,,,1,,,,,,,,,,2026-05-26,2026-05-26
"BOOK0_APP_MAY26_ADR_MST_V1 [Android]",120243254910040003,C2_APB_TOP_1865_ADR_BOOK0_V2,120243254910060003,C2B_STC_APP_BOOK0_T2,120243254910110003,2026-05-14,Feed,android_smartphone,facebook,0,,,,2026-05-02,Ongoing,"1-day click, 1-day view, or 1-day engaged-view",,,,,,,,,,,,,,,,,,,,,,,,,,,,,,,2,,,,,,,,,,,,,,,,2026-05-14,2026-05-14
"BOOK0_APP_MAY26_ADR_MST_V1 [Android]",120243254910040003,C2_APB_TOP_1865_ADR_BOOK0_V2,120243254910060003,C2B_STC_APP_BOOK0_T2,120243254910110003,2026-05-14,"Facebook Reels",android_smartphone,facebook,android_smartphone,,,,2026-05-02,Ongoing,"1-day click, 1-day view, or 1-day engaged-view",,,,,,,,,,,,,,,,,,,,,,8,,,,,,,,,,,,,,,3,,,,,,,,,,2026-05-14,2026-05-14
"BOOK0_APP_MAY26_ADR_MST_V1 [Android]",120243254910040003,C2_APB_TOP_1865_ADR_BOOK0_V2,120243254910060003,C2B_STC_APP_BOOK0_T2,120243254910110003,2026-05-14,"Threads feed",android_smartphone,threads,android_smartphone,,,,2026-05-02,Ongoing,"1-day click, 1-day view, or 1-day engaged-view",,,,,,,,,,,,,,,,,,,,,,1,,,,,,,,,,,,,,,,,,,,,,,,,2026-05-14,2026-05-14
"BOOK0_APP_MAY26_ADR_MST_V1 [Android]",120243254910040003,TEST_APB_TOF_1865_ADR_BOOK0,120244850332940003,C5B_STC_APP_BOOK0_T2,120244850332920003,2026-05-26,Feed,android_smartphone,instagram,android_smartphone,,,,2026-05-25,Ongoing,"1-day click, 1-day view, or 1-day engaged-view",,,,,,,,,,,,,,,,,,,,,,4,,,,,,,,,,,,,,,,,,,,,,,,,2026-05-26,2026-05-26
"BOOK0_APP_MAY26_ADR_MST_V1 [Android]",120243254910040003,TEST_APB_TOF_1865_ADR_BOOK0,120244850332940003,C5D_STC_APP_BOOK0_T2,120244850332930003,2026-05-26,"Instagram Stories",android_smartphone,instagram,android_smartphone,,,,2026-05-25,Ongoing,"1-day click, 1-day view, or 1-day engaged-view",,,,,,,,,,,,,,,,,,,,,,3,,,,,,,,,,,,,,,,,,,,,,,,,2026-05-26,2026-05-26
"BOOK0_APP_MAY26_ADR_MST_V1 [Android]",120243254910040003,TEST_APB_TOF_1865_ADR_BOOK0,120244850332940003,C5B_STC_APP_BOOK0_T2,120244850332920003,2026-05-26,Feed,android_tablet,facebook,0,,,,2026-05-25,Ongoing,"1-day click, 1-day view, or 1-day engaged-view",,,,,,,,,,,,,,,,,,,,,,,,,,,,,,,1,,,,,,,,,,,,,,,,2026-05-26,2026-05-26
"BOOK0_APP_MAY26_ADR_MST_V1 [Android]",120243254910040003,TEST_APB_TOF_1865_ADR_BOOK0,120244850332940003,C5B_STC_APP_BOOK0_T2,120244850332920003,2026-05-26,Feed,android_tablet,facebook,android_tablet,,,,2026-05-25,Ongoing,"1-day click, 1-day view, or 1-day engaged-view",,,,,,,,,,,,,,,,,,,,,,1,,,,,,,,,,,,,,,1,,,,,,,,,,2026-05-26,2026-05-26
"BOOK0_APP_MAY26_ADR_MST_V1 [Android]",120243254910040003,TEST_APB_TOF_1865_ADR_BOOK0,120244850332940003,C5B_STC_APP_BOOK0_T2,120244850332920003,2026-05-26,Feed,android_smartphone,facebook,android_smartphone,,,,2026-05-25,Ongoing,"1-day click, 1-day view, or 1-day engaged-view",,,,,,,,,,,,,,,,,,,,,,7,,,,,,,,,,,,,,,,,,,,,,,,,2026-05-26,2026-05-26
"BOOK0_APP_MAY26_ADR_MST_V1 [Android]",120243254910040003,TEST_APB_TOF_1865_ADR_BOOK0,120244850332940003,C5D_STC_APP_BOOK0_T2,120244850332930003,2026-05-26,Feed,android_smartphone,facebook,0,,,,2026-05-25,Ongoing,"1-day click, 1-day view, or 1-day engaged-view",,,,,,,,,,,,,,,,,,,,,,,,,,,,,,,1,,,,,,,,,,,,,,,,2026-05-26,2026-05-26
"BOOK0_APP_MAY26_ADR_MST_V1 [Android]",120243254910040003,TEST_APB_TOF_1865_ADR_BOOK0,120244850332940003,C5D_STC_APP_BOOK0_T2,120244850332930003,2026-05-26,Feed,android_smartphone,facebook,android_smartphone,,,,2026-05-25,Ongoing,"1-day click, 1-day view, or 1-day engaged-view",,,,,,,,,,,,,,,,,,,,,,3,,,,,,,,,,,,1,,,1,,1,,,,,,,,2026-05-26,2026-05-26
"BOOK0_APP_MAY26_ADR_MST_V1 [Android]",120243254910040003,TEST_APB_TOF_1865_ADR_BOOK0,120244850332940003,C5D_STC_APP_BOOK0_T2,120244850332930003,2026-05-26,"Facebook Stories",android_smartphone,facebook,android_smartphone,,,,2026-05-25,Ongoing,"1-day click, 1-day view, or 1-day engaged-view",,,,,,,,,,,,,,,,,,,,,,1,,,,,,,,,,,,,,,,,,,,,,,,,2026-05-26,2026-05-26
"BOOK0_APP_MAY26_ADR_MST_V1 [Android]",120243254910040003,TEST_APB_TOF_1865_ADR_BOOK0,120244850332940003,C5D_STC_APP_BOOK0_T2,120244850332930003,2026-05-26,"Ads on Facebook Reels",android_smartphone,facebook,android_smartphone,,,,2026-05-25,Ongoing,"1-day click, 1-day view, or 1-day engaged-view",,,,,,,,,,,,,,,,,,,,,,1,,,,,,,,,,,,,,,,,,,,,,,,,2026-05-26,2026-05-26
"BOOK0_APP_MAY26_ADR_MST_V1 [Android]",120243254910040003,C2_APB_TOP_1865_ADR_BOOK0_V2,120243254910060003,C2B_STC_APP_BOOK0_T2,120243254910110003,2026-05-14,"Instagram Stories",android_smartphone,instagram,android_smartphone,,,,2026-05-02,Ongoing,"1-day click, 1-day view, or 1-day engaged-view",,,,,,,,,,,,,,,,,,,,,,,,,,,,,,,,,,1,,,,,1,,,,,,,,2026-05-14,2026-05-14
"BOOK0_APP_MAY26_ADR_MST_V1 [Android]",120243254910040003,C1_APB_TOP_1865_ADR_BOOK0_V2,120243254910070003,C1D_STC_APP_BOOK0_T2,120243254910190003,2026-05-14,Feed,android_smartphone,facebook,android_smartphone,,,,2026-05-02,Ongoing,"1-day click, 1-day view, or 1-day engaged-view",,,,,,,,,,,,,,,,,,,,,,3,,,,,,,,,,,,,,,,,,,,,,,,,2026-05-14,2026-05-14
"BOOK0_APP_MAY26_ADR_MST_V1 [Android]",120243254910040003,C1_APB_TOP_1865_ADR_BOOK0_V2,120243254910070003,C1D_STC_APP_BOOK0_T2,120243254910190003,2026-05-14,Feed,android_smartphone,instagram,android_smartphone,,,,2026-05-02,Ongoing,"1-day click, 1-day view, or 1-day engaged-view",,,,,,,,,,,,,,,,,,,,,,7,,,,,,,,,,,,,,,5,,,,,,,,,,2026-05-14,2026-05-14
"BOOK0_APP_MAY26_ADR_MST_V1 [Android]",120243254910040003,C1_APB_TOP_1865_ADR_BOOK0_V2,120243254910070003,C1D_STC_APP_BOOK0_T2,120243254910190003,2026-05-14,Feed,android_smartphone,instagram,0,,,,2026-05-02,Ongoing,"1-day click, 1-day view, or 1-day engaged-view",,,,,,,,,,,,,,,,,,,,,,,,,,,,,,,5,,,,,,,,,,,,,,,,2026-05-14,2026-05-14
"BOOK0_APP_MAY26_ADR_MST_V1 [Android]",120243254910040003,C1_APB_TOP_1865_ADR_BOOK0_V2,120243254910070003,C1D_STC_APP_BOOK0_T2,120243254910190003,2026-05-14,"Threads feed",android_smartphone,threads,android_smartphone,,,,2026-05-02,Ongoing,"1-day click, 1-day view, or 1-day engaged-view",,,,,,,,,,,,,,,,,,,,,,1,,,,,,,,,,,,,,,,,,,,,,,,,2026-05-14,2026-05-14
"BOOK0_APP_MAY26_ADR_MST_V1 [Android]",120243254910040003,C1_APB_TOP_1865_ADR_BOOK0_V2,120243254910070003,C1D_STC_APP_BOOK0_T2,120243254910190003,2026-05-14,"Instagram Reels",android_smartphone,instagram,android_smartphone,,,,2026-05-02,Ongoing,"1-day click, 1-day view, or 1-day engaged-view",,,,,,,,,,,,,,,,,,,,,,5,,,,,,,,,,,,,,,2,,,,,,,,,,2026-05-14,2026-05-14
"BOOK0_APP_MAY26_ADR_MST_V1 [Android]",120243254910040003,C1_APB_TOP_1865_ADR_BOOK0_V2,120243254910070003,C1D_STC_APP_BOOK0_T2,120243254910190003,2026-05-14,"Instagram Reels",android_smartphone,instagram,0,,,,2026-05-02,Ongoing,"1-day click, 1-day view, or 1-day engaged-view",,,,,,,,,,,,,,,,,,,,,,,,,,,,,,,2,,,,,,,,,,,,,,,,2026-05-14,2026-05-14
"BOOK0_APP_MAY26_ADR_MST_V1 [Android]",120243254910040003,C1_APB_TOP_1865_ADR_BOOK0_V2,120243254910070003,C1D_STC_APP_BOOK0_T2,120243254910190003,2026-05-14,"Facebook Reels",android_smartphone,facebook,android_smartphone,,,,2026-05-02,Ongoing,"1-day click, 1-day view, or 1-day engaged-view",,,,,,,,,,,,,,,,,,,,,,1,,,,,,,,,,,,,,,,,,,,,,,,,2026-05-14,2026-05-14
"BOOK0_APP_MAY26_ADR_MST_V1 [Android]",120243254910040003,C2_APB_TOP_1865_ADR_BOOK0_V2,120243254910060003,C2B_STC_APP_BOOK0_T2,120243254910110003,2026-05-23,"Instagram Stories",android_smartphone,instagram,0,,,,2026-05-02,Ongoing,"1-day click, 1-day view, or 1-day engaged-view",,,,,,,,,,,,,,,,,,,,,,,,,,,,,,,3,,,,,,,,,,,,,,,,2026-05-23,2026-05-23
"BOOK0_APP_MAY26_ADR_MST_V1 [Android]",120243254910040003,C2_APB_TOP_1865_ADR_BOOK0_V2,120243254910060003,C2B_STC_APP_BOOK0_T2,120243254910110003,2026-05-23,Feed,android_smartphone,instagram,0,,,,2026-05-02,Ongoing,"1-day click, 1-day view, or 1-day engaged-view",,,,,,,,,,,,,,,,,,,,,,,,,,,,,,,3,,,,,,,,,,,,,,,,2026-05-23,2026-05-23
"BOOK0_APP_MAY26_ADR_MST_V1 [Android]",120243254910040003,TEST_APB_TOF_1865_ADR_BOOK0,120244850332940003,C6A_STC_APP_BOOK0_T2,120244850332910003,2026-05-27,"Facebook Reels",android_smartphone,facebook,android_smartphone,,,,2026-05-25,Ongoing,"1-day click, 1-day view, or 1-day engaged-view",,,,,,,,,,,,,,,,,,,,,,2,,,,,,,,,,,,1,,,1,,1,,,,,,,,2026-05-27,2026-05-27
"BOOK0_APP_MAY26_ADR_MST_V1 [Android]",120243254910040003,C4_APB_TOP_1865_ADR_BOOK0_V2,120243254910200003,C4C_STC_APP_BOOK0_T2,120243254910120003,2026-05-16,"In-stream reels",android_smartphone,facebook,android_smartphone,,,,2026-05-02,Ongoing,"1-day click, 1-day view, or 1-day engaged-view",,,,,,,,,,,,,,,,,,,,,,3,,,,,,,,,,,,,,,,,,,,,,,,,2026-05-16,2026-05-16
"BOOK0_APP_MAY26_ADR_MST_V1 [Android]",120243254910040003,C2_APB_TOP_1865_ADR_BOOK0_V2,120243254910060003,C2B_STC_APP_BOOK0_T2,120243254910110003,2026-05-19,Feed,android_smartphone,facebook,0,,,,2026-05-02,Ongoing,"1-day click, 1-day view, or 1-day engaged-view",,,,,,,,,,,,,,,,,,,,,,,,,,,,,,,7,,,,,,,,,,,,,,,,2026-05-19,2026-05-19
"BOOK0_APP_MAY26_ADR_MST_V1 [Android]",120243254910040003,C2_APB_TOP_1865_ADR_BOOK0_V2,120243254910060003,C2B_STC_APP_BOOK0_T2,120243254910110003,2026-05-19,Feed,android_smartphone,facebook,android_smartphone,,,,2026-05-02,Ongoing,"1-day click, 1-day view, or 1-day engaged-view",,,,,,,,,,,,,,,,,,,,,,17,,,,,,,,,,,,2,,,7,,2,,2,,,,,,2026-05-19,2026-05-19
"BOOK0_APP_MAY26_ADR_MST_V1 [Android]",120243254910040003,C2_APB_TOP_1865_ADR_BOOK0_V2,120243254910060003,C2B_STC_APP_BOOK0_T2,120243254910110003,2026-05-19,"In-stream reels",android_smartphone,facebook,android_smartphone,,,,2026-05-02,Ongoing,"1-day click, 1-day view, or 1-day engaged-view",,,,,,,,,,,,,,,,,,,,,,1,,,,,,,,,,,,,,,,,,,,,,,,,2026-05-19,2026-05-19
"BOOK0_APP_MAY26_ADR_MST_V1 [Android]",120243254910040003,C2_APB_TOP_1865_ADR_BOOK0_V2,120243254910060003,C2B_STC_APP_BOOK0_T2,120243254910110003,2026-05-19,"Instagram Reels",android_smartphone,instagram,android_smartphone,,,,2026-05-02,Ongoing,"1-day click, 1-day view, or 1-day engaged-view",,,,,,,,,,,,,,,,,,,,,,1,,,,,,,,,,,,,,,,,,,,,,,,,2026-05-19,2026-05-19
"BOOK0_APP_MAY26_ADR_MST_V1 [Android]",120243254910040003,C2_APB_TOP_1865_ADR_BOOK0_V2,120243254910060003,C2B_STC_APP_BOOK0_T2,120243254910110003,2026-05-19,"Threads feed",android_smartphone,threads,android_smartphone,,,,2026-05-02,Ongoing,"1-day click, 1-day view, or 1-day engaged-view",,,,,,,,,,,,,,,,,,,,,,1,,,,,,,,,,,,,,,,,,,,,,,,,2026-05-19,2026-05-19
"BOOK0_APP_MAY26_ADR_MST_V1 [Android]",120243254910040003,C2_APB_TOP_1865_ADR_BOOK0_V2,120243254910060003,C2B_STC_APP_BOOK0_T2,120243254910110003,2026-05-19,Feed,android_smartphone,instagram,android_smartphone,,,,2026-05-02,Ongoing,"1-day click, 1-day view, or 1-day engaged-view",,,,,,,,,,,,,,,,,,,,,,1,,,,,,,,,,,,,,,,,,,,,,,,,2026-05-19,2026-05-19
"BOOK0_APP_MAY26_ADR_MST_V1 [Android]",120243254910040003,C4_APB_TOP_1865_ADR_BOOK0_V2,120243254910200003,C4C_STC_APP_BOOK0_T2,120243254910120003,2026-05-16,Feed,android_smartphone,facebook,android_smartphone,,,,2026-05-02,Ongoing,"1-day click, 1-day view, or 1-day engaged-view",,,,,,,,,,,,,,,,,,,,,,7,,,,,,,,,,,,,,,3,,,,,,,,,,2026-05-16,2026-05-16
"BOOK0_APP_MAY26_ADR_MST_V1 [Android]",120243254910040003,C2_APB_TOP_1865_ADR_BOOK0_V2,120243254910060003,C2B_STC_APP_BOOK0_T2,120243254910110003,2026-05-19,"Facebook Stories",android_smartphone,facebook,android_smartphone,,,,2026-05-02,Ongoing,"1-day click, 1-day view, or 1-day engaged-view",,,,,,,,,,,,,,,,,,,,,,2,,,,,,,,,,,,,,,2,,,,,,,,,,2026-05-19,2026-05-19
"BOOK0_APP_MAY26_ADR_MST_V1 [Android]",120243254910040003,C4_APB_TOP_1865_ADR_BOOK0_V2,120243254910200003,C4C_STC_APP_BOOK0_T2,120243254910120003,2026-05-16,Feed,android_smartphone,facebook,0,,,,2026-05-02,Ongoing,"1-day click, 1-day view, or 1-day engaged-view",,,,,,,,,,,,,,,,,,,,,,,,,,,,,,,3,,,,,,,,,,,,,,,,2026-05-16,2026-05-16
"BOOK0_APP_MAY26_ADR_MST_V1 [Android]",120243254910040003,C4_APB_TOP_1865_ADR_BOOK0_V2,120243254910200003,C4C_STC_APP_BOOK0_T2,120243254910120003,2026-05-16,"Native, banner & interstitial",android_smartphone,audience_network,android_smartphone,,,,2026-05-02,Ongoing,"1-day click, 1-day view, or 1-day engaged-view",,,,,,,,,,,,,,,,,,,,,,2,,,,,,,,,,,,,,,1,,,,1,,,,,,2026-05-16,2026-05-16
"BOOK0_APP_MAY26_ADR_MST_V1 [Android]",120243254910040003,C4_APB_TOP_1865_ADR_BOOK0_V2,120243254910200003,C4C_STC_APP_BOOK0_T2,120243254910120003,2026-05-16,"Native, banner & interstitial",android_smartphone,audience_network,0,,,,2026-05-02,Ongoing,"1-day click, 1-day view, or 1-day engaged-view",,,,,,,,,,,,,,,,,,,,,,,,,,,,,,,1,,,,,,,,,,,,,,,,2026-05-16,2026-05-16
"BOOK0_APP_MAY26_ADR_MST_V1 [Android]",120243254910040003,C4_APB_TOP_1865_ADR_BOOK0_V2,120243254910200003,C4C_STC_APP_BOOK0_T2,120243254910120003,2026-05-16,Feed,android_smartphone,instagram,android_smartphone,,,,2026-05-02,Ongoing,"1-day click, 1-day view, or 1-day engaged-view",,,,,,,,,,,,,,,,,,,,,,3,,,,,,,,,,,,,,,1,,,,,,,,,,2026-05-16,2026-05-16
"BOOK0_APP_MAY26_ADR_MST_V1 [Android]",120243254910040003,C4_APB_TOP_1865_ADR_BOOK0_V2,120243254910200003,C4C_STC_APP_BOOK0_T2,120243254910120003,2026-05-16,Feed,android_smartphone,instagram,0,,,,2026-05-02,Ongoing,"1-day click, 1-day view, or 1-day engaged-view",,,,,,,,,,,,,,,,,,,,,,,,,,,,,,,1,,,,,,,,,,,,,,,,2026-05-16,2026-05-16
"BOOK0_APP_MAY26_ADR_MST_V1 [Android]",120243254910040003,C2_APB_TOP_1865_ADR_BOOK0_V2,120243254910060003,C2B_STC_APP_BOOK0_T2,120243254910110003,2026-05-18,"Explore home",android_smartphone,instagram,android_smartphone,,,,2026-05-02,Ongoing,"1-day click, 1-day view, or 1-day engaged-view",,,,,,,,,,,,,,,,,,,,,,1,,,,,,,,,,,,,,,,,,,,,,,,,2026-05-18,2026-05-18
"BOOK0_APP_MAY26_ADR_MST_V1 [Android]",120243254910040003,C2_APB_TOP_1865_ADR_BOOK0_V2,120243254910060003,C2B_STC_APP_BOOK0_T2,120243254910110003,2026-05-18,"Facebook Reels",android_smartphone,facebook,0,,,,2026-05-02,Ongoing,"1-day click, 1-day view, or 1-day engaged-view",,,,,,,,,,,,,,,,,,,,,,,,,,,,,,,3,,,,,,,,,,,,,,,,2026-05-18,2026-05-18
"BOOK0_APP_MAY26_ADR_MST_V1 [Android]",120243254910040003,C2_APB_TOP_1865_ADR_BOOK0_V2,120243254910060003,C2B_STC_APP_BOOK0_T2,120243254910110003,2026-05-19,"Facebook Reels",android_smartphone,facebook,android_smartphone,,,,2026-05-02,Ongoing,"1-day click, 1-day view, or 1-day engaged-view",,,,,,,,,,,,,,,,,,,,,,5,,,,,,,,,,,,,,,,,,,,,,,,,2026-05-19,2026-05-19
"BOOK0_APP_MAY26_ADR_MST_V1 [Android]",120243254910040003,C2_APB_TOP_1865_ADR_BOOK0_V2,120243254910060003,C2B_STC_APP_BOOK0_T2,120243254910110003,2026-05-19,"Facebook Stories",android_smartphone,facebook,0,,,,2026-05-02,Ongoing,"1-day click, 1-day view, or 1-day engaged-view",,,,,,,,,,,,,,,,,,,,,,,,,,,,,,,2,,,,,,,,,,,,,,,,2026-05-19,2026-05-19
"BOOK0_APP_MAY26_ADR_MST_V1 [Android]",120243254910040003,C2_APB_TOP_1865_ADR_BOOK0_V2,120243254910060003,C2B_STC_APP_BOOK0_T2,120243254910110003,2026-05-18,"Instagram Reels",android_smartphone,instagram,0,,,,2026-05-02,Ongoing,"1-day click, 1-day view, or 1-day engaged-view",,,,,,,,,,,,,,,,,,,,,,,,,,,,,,,2,,,,,,,,,,,,,,,,2026-05-18,2026-05-18
"BOOK0_APP_MAY26_ADR_MST_V1 [Android]",120243254910040003,C2_APB_TOP_1865_ADR_BOOK0_V2,120243254910060003,C2B_STC_APP_BOOK0_T2,120243254910110003,2026-05-16,"Instagram Stories",android_smartphone,instagram,android_smartphone,,,,2026-05-02,Ongoing,"1-day click, 1-day view, or 1-day engaged-view",,,,,,,,,,,,,,,,,,,,,,1,,,,,,,,,,,,,,,,,,,,,,,,,2026-05-16,2026-05-16
"BOOK0_APP_MAY26_ADR_MST_V1 [Android]",120243254910040003,C2_APB_TOP_1865_ADR_BOOK0_V2,120243254910060003,C2B_STC_APP_BOOK0_T2,120243254910110003,2026-05-20,Feed,android_smartphone,facebook,android_smartphone,,,,2026-05-02,Ongoing,"1-day click, 1-day view, or 1-day engaged-view",,,,,,,,,,,,,,,,,,,,,,15,,,,,,,,,,,,1,,,4,,1,,2,,,,,,2026-05-20,2026-05-20
"BOOK0_APP_MAY26_ADR_MST_V1 [Android]",120243254910040003,C2_APB_TOP_1865_ADR_BOOK0_V2,120243254910060003,C2B_STC_APP_BOOK0_T2,120243254910110003,2026-05-20,"Instagram Reels",android_smartphone,instagram,android_smartphone,,,,2026-05-02,Ongoing,"1-day click, 1-day view, or 1-day engaged-view",,,,,,,,,,,,,,,,,,,,,,4,,,,,,,,,,,,,,,,,,,,,,,,,2026-05-20,2026-05-20
"BOOK0_APP_MAY26_ADR_MST_V1 [Android]",120243254910040003,C2_APB_TOP_1865_ADR_BOOK0_V2,120243254910060003,C2B_STC_APP_BOOK0_T2,120243254910110003,2026-05-20,"Instagram Reels",android_tablet,instagram,android_tablet,,,,2026-05-02,Ongoing,"1-day click, 1-day view, or 1-day engaged-view",,,,,,,,,,,,,,,,,,,,,,1,,,,,,,,,,,,,,,,,,,,,,,,,2026-05-20,2026-05-20
"BOOK0_APP_MAY26_ADR_MST_V1 [Android]",120243254910040003,C2_APB_TOP_1865_ADR_BOOK0_V2,120243254910060003,C2B_STC_APP_BOOK0_T2,120243254910110003,2026-05-20,"In-stream reels",android_smartphone,facebook,0,,,,2026-05-02,Ongoing,"1-day click, 1-day view, or 1-day engaged-view",,,,,,,,,,,,,,,,,,,,,,,,,,,,,,,2,,,,,,,,,,,,,,,,2026-05-20,2026-05-20
"BOOK0_APP_MAY26_ADR_MST_V1 [Android]",120243254910040003,C2_APB_TOP_1865_ADR_BOOK0_V2,120243254910060003,C2B_STC_APP_BOOK0_T2,120243254910110003,2026-05-20,"In-stream reels",android_smartphone,facebook,android_smartphone,,,,2026-05-02,Ongoing,"1-day click, 1-day view, or 1-day engaged-view",,,,,,,,,,,,,,,,,,,,,,,,,,,,,,,,,,,,,2,,,,,,,,,,2026-05-20,2026-05-20
"BOOK0_APP_MAY26_ADR_MST_V1 [Android]",120243254910040003,C2_APB_TOP_1865_ADR_BOOK0_V2,120243254910060003,C2B_STC_APP_BOOK0_T2,120243254910110003,2026-05-16,"Facebook Reels",android_smartphone,facebook,0,,,,2026-05-02,Ongoing,"1-day click, 1-day view, or 1-day engaged-view",,,,,,,,,,,,,,,,,,,,,,,,,,,,,,,1,,,,,,,,,,,,,,,,2026-05-16,2026-05-16
"BOOK0_APP_MAY26_ADR_MST_V1 [Android]",120243254910040003,C2_APB_TOP_1865_ADR_BOOK0_V2,120243254910060003,C2B_STC_APP_BOOK0_T2,120243254910110003,2026-05-16,Feed,android_smartphone,facebook,android_smartphone,,,,2026-05-02,Ongoing,"1-day click, 1-day view, or 1-day engaged-view",,,,,,,,,,,,,,,,,,,,,,1,,,,,,,,,,,,,,,,,,,,,,,,,2026-05-16,2026-05-16
"BOOK0_APP_MAY26_ADR_MST_V1 [Android]",120243254910040003,C2_APB_TOP_1865_ADR_BOOK0_V2,120243254910060003,C2B_STC_APP_BOOK0_T2,120243254910110003,2026-05-19,"Native, banner & interstitial",android_smartphone,audience_network,android_smartphone,,,,2026-05-02,Ongoing,"1-day click, 1-day view, or 1-day engaged-view",,,,,,,,,,,,,,,,,,,,,,1,,,,,,,,,,,,,,,,,,,,,,,,,2026-05-19,2026-05-19
"BOOK0_APP_MAY26_ADR_MST_V1 [Android]",120243254910040003,C2_APB_TOP_1865_ADR_BOOK0_V2,120243254910060003,C2B_STC_APP_BOOK0_T2,120243254910110003,2026-05-16,Feed,android_smartphone,instagram,android_smartphone,,,,2026-05-02,Ongoing,"1-day click, 1-day view, or 1-day engaged-view",,,,,,,,,,,,,,,,,,,,,,2,,,,,,,,,,,,,,,1,,,,,,,,,,2026-05-16,2026-05-16
"BOOK0_APP_MAY26_ADR_MST_V1 [Android]",120243254910040003,C2_APB_TOP_1865_ADR_BOOK0_V2,120243254910060003,C2B_STC_APP_BOOK0_T2,120243254910110003,2026-05-16,Feed,android_smartphone,instagram,0,,,,2026-05-02,Ongoing,"1-day click, 1-day view, or 1-day engaged-view",,,,,,,,,,,,,,,,,,,,,,,,,,,,,,,1,,,,,,,,,,,,,,,,2026-05-16,2026-05-16
"BOOK0_APP_MAY26_ADR_MST_V1 [Android]",120243254910040003,C2_APB_TOP_1865_ADR_BOOK0_V2,120243254910060003,C2B_STC_APP_BOOK0_T2,120243254910110003,2026-05-16,"Facebook Stories",android_smartphone,facebook,android_smartphone,,,,2026-05-02,Ongoing,"1-day click, 1-day view, or 1-day engaged-view",,,,,,,,,,,,,,,,,,,,,,1,,,,,,,,,,,,,,,,,,,,,,,,,2026-05-16,2026-05-16
"BOOK0_APP_MAY26_ADR_MST_V1 [Android]",120243254910040003,C4_APB_TOP_1865_ADR_BOOK0_V2,120243254910200003,C4C_STC_APP_BOOK0_T2,120243254910120003,2026-05-16,"Threads feed",android_smartphone,threads,android_smartphone,,,,2026-05-02,Ongoing,"1-day click, 1-day view, or 1-day engaged-view",,,,,,,,,,,,,,,,,,,,,,2,,,,,,,,,,,,,,,,,,,,,,,,,2026-05-16,2026-05-16
"BOOK0_APP_MAY26_ADR_MST_V1 [Android]",120243254910040003,C4_APB_TOP_1865_ADR_BOOK0_V2,120243254910200003,C4C_STC_APP_BOOK0_T2,120243254910120003,2026-05-16,"Instagram Reels",android_smartphone,instagram,android_smartphone,,,,2026-05-02,Ongoing,"1-day click, 1-day view, or 1-day engaged-view",,,,,,,,,,,,,,,,,,,,,,2,,,,,,,,,,,,,,,,,,,,,,,,,2026-05-16,2026-05-16
"BOOK0_APP_MAY26_ADR_MST_V1 [Android]",120243254910040003,C4_APB_TOP_1865_ADR_BOOK0_V2,120243254910200003,C4C_STC_APP_BOOK0_T2,120243254910120003,2026-05-16,"Facebook Reels",android_smartphone,facebook,android_smartphone,,,,2026-05-02,Ongoing,"1-day click, 1-day view, or 1-day engaged-view",,,,,,,,,,,,,,,,,,,,,,3,,,,,,,,,,,,,,,2,,,,1,,,,,,2026-05-16,2026-05-16
"BOOK0_APP_MAY26_ADR_MST_V1 [Android]",120243254910040003,C4_APB_TOP_1865_ADR_BOOK0_V2,120243254910200003,C4C_STC_APP_BOOK0_T2,120243254910120003,2026-05-16,"Facebook Reels",android_smartphone,facebook,0,,,,2026-05-02,Ongoing,"1-day click, 1-day view, or 1-day engaged-view",,,,,,,,,,,,,,,,,,,,,,,,,,,,,,,2,,,,,,,,,,,,,,,,2026-05-16,2026-05-16
"BOOK0_APP_MAY26_ADR_MST_V1 [Android]",120243254910040003,C2_APB_TOP_1865_ADR_BOOK0_V2,120243254910060003,C2B_STC_APP_BOOK0_T2,120243254910110003,2026-05-18,"Facebook Reels",android_smartphone,facebook,android_smartphone,,,,2026-05-02,Ongoing,"1-day click, 1-day view, or 1-day engaged-view",,,,,,,,,,,,,,,,,,,,,,4,,,,,,,,,,,,1,,,3,,1,,2,,,,,,2026-05-18,2026-05-18
"BOOK0_APP_MAY26_ADR_MST_V1 [Android]",120243254910040003,C2_APB_TOP_1865_ADR_BOOK0_V2,120243254910060003,C2B_STC_APP_BOOK0_T2,120243254910110003,2026-05-18,"Instagram Reels",android_smartphone,instagram,android_smartphone,,,,2026-05-02,Ongoing,"1-day click, 1-day view, or 1-day engaged-view",,,,,,,,,,,,,,,,,,,,,,4,,,,,,,,,,,,,,,2,,,,,,,,,,2026-05-18,2026-05-18
"BOOK0_APP_MAY26_ADR_MST_V1 [Android]",120243254910040003,C2_APB_TOP_1865_ADR_BOOK0_V2,120243254910060003,C2B_STC_APP_BOOK0_T2,120243254910110003,2026-05-20,"Facebook Reels",android_smartphone,facebook,android_smartphone,,,,2026-05-02,Ongoing,"1-day click, 1-day view, or 1-day engaged-view",,,,,,,,,,,,,,,,,,,,,,11,,,,,,,,,,,,1,,,4,,1,,2,,,,,,2026-05-20,2026-05-20
"BOOK0_APP_MAY26_ADR_MST_V1 [Android]",120243254910040003,C2_APB_TOP_1865_ADR_BOOK0_V2,120243254910060003,C2B_STC_APP_BOOK0_T2,120243254910110003,2026-05-17,"Facebook Reels",android_smartphone,facebook,android_smartphone,,,,2026-05-02,Ongoing,"1-day click, 1-day view, or 1-day engaged-view",,,,,,,,,,,,,,,,,,,,,,8,,,,,,,,,,,,2,,,4,,2,,1,,,,,,2026-05-17,2026-05-17
"BOOK0_APP_MAY26_ADR_MST_V1 [Android]",120243254910040003,C2_APB_TOP_1865_ADR_BOOK0_V2,120243254910060003,C2B_STC_APP_BOOK0_T2,120243254910110003,2026-05-17,Feed,android_smartphone,instagram,android_smartphone,,,,2026-05-02,Ongoing,"1-day click, 1-day view, or 1-day engaged-view",,,,,,,,,,,,,,,,,,,,,,2,,,,,,,,,,,,,,,,,,,,,,,,,2026-05-17,2026-05-17
"BOOK0_APP_MAY26_ADR_MST_V1 [Android]",120243254910040003,C2_APB_TOP_1865_ADR_BOOK0_V2,120243254910060003,C2B_STC_APP_BOOK0_T2,120243254910110003,2026-05-17,"Instagram Reels",android_smartphone,instagram,0,,,,2026-05-02,Ongoing,"1-day click, 1-day view, or 1-day engaged-view",,,,,,,,,,,,,,,,,,,,,,,,,,,,,,,1,,,,,,,,,,,,,,,,2026-05-17,2026-05-17
"BOOK0_APP_MAY26_ADR_MST_V1 [Android]",120243254910040003,C2_APB_TOP_1865_ADR_BOOK0_V2,120243254910060003,C2B_STC_APP_BOOK0_T2,120243254910110003,2026-05-17,"Instagram Reels",android_smartphone,instagram,android_smartphone,,,,2026-05-02,Ongoing,"1-day click, 1-day view, or 1-day engaged-view",,,,,,,,,,,,,,,,,,,,,,3,,,,,,,,,,,,1,,,1,,1,,,,,,,,2026-05-17,2026-05-17
"BOOK0_APP_MAY26_ADR_MST_V1 [Android]",120243254910040003,C2_APB_TOP_1865_ADR_BOOK0_V2,120243254910060003,C2B_STC_APP_BOOK0_T2,120243254910110003,2026-05-17,"Facebook Reels",android_tablet,facebook,android_tablet,,,,2026-05-02,Ongoing,"1-day click, 1-day view, or 1-day engaged-view",,,,,,,,,,,,,,,,,,,,,,1,,,,,,,,,,,,,,,,,,,,,,,,,2026-05-17,2026-05-17
"BOOK0_APP_MAY26_ADR_MST_V1 [Android]",120243254910040003,C2_APB_TOP_1865_ADR_BOOK0_V2,120243254910060003,C2B_STC_APP_BOOK0_T2,120243254910110003,2026-05-17,Unknown,other,unknown,android_smartphone,,,,2026-05-02,Ongoing,"1-day click, 1-day view, or 1-day engaged-view",,,,,,,,,,,,,,,,,,,,,,1,,,,,,,,,,,,,,,,,,,,,,,,,2026-05-17,2026-05-17
"BOOK0_APP_MAY26_ADR_MST_V1 [Android]",120243254910040003,C2_APB_TOP_1865_ADR_BOOK0_V2,120243254910060003,C2B_STC_APP_BOOK0_T2,120243254910110003,2026-05-17,"Facebook Reels",android_smartphone,facebook,0,,,,2026-05-02,Ongoing,"1-day click, 1-day view, or 1-day engaged-view",,,,,,,,,,,,,,,,,,,,,,,,,,,,,,,4,,,,,,,,,,,,,,,,2026-05-17,2026-05-17
"BOOK0_APP_MAY26_ADR_MST_V1 [Android]",120243254910040003,C2_APB_TOP_1865_ADR_BOOK0_V2,120243254910060003,C2B_STC_APP_BOOK0_T2,120243254910110003,2026-05-17,Feed,android_smartphone,facebook,0,,,,2026-05-02,Ongoing,"1-day click, 1-day view, or 1-day engaged-view",,,,,,,,,,,,,,,,,,,,,,,,,,,,,,,16,,,,,,,,,,,,,,,,2026-05-17,2026-05-17
"BOOK0_APP_MAY26_ADR_MST_V1 [Android]",120243254910040003,C4_APB_TOP_1865_ADR_BOOK0_V2,120243254910200003,C4C_STC_APP_BOOK0_T2,120243254910120003,2026-05-17,Feed,android_smartphone,facebook,android_smartphone,,,,2026-05-02,Ongoing,"1-day click, 1-day view, or 1-day engaged-view",,,,,,,,,,,,,,,,,,,,,,1,,,,,,,,,,,,1,,,1,,1,,1,,,,,,2026-05-17,2026-05-17
"BOOK0_APP_MAY26_ADR_MST_V1 [Android]",120243254910040003,C2_APB_TOP_1865_ADR_BOOK0_V2,120243254910060003,C2B_STC_APP_BOOK0_T2,120243254910110003,2026-05-17,Feed,android_smartphone,facebook,android_tablet,,,,2026-05-02,Ongoing,"1-day click, 1-day view, or 1-day engaged-view",,,,,,,,,,,,,,,,,,,,,,,,,,,,,,,,,,,,,1,,,,,,,,,,2026-05-17,2026-05-17
"BOOK0_APP_MAY26_ADR_MST_V1 [Android]",120243254910040003,C2_APB_TOP_1865_ADR_BOOK0_V2,120243254910060003,C2B_STC_APP_BOOK0_T2,120243254910110003,2026-05-17,Feed,android_smartphone,facebook,android_smartphone,,,,2026-05-02,Ongoing,"1-day click, 1-day view, or 1-day engaged-view",,,,,,,,,,,,,,,,,,,,,,33,,,,,,,,,,,,6,,,15,,6,,8,,,,,,2026-05-17,2026-05-17
"BOOK0_APP_MAY26_ADR_MST_V1 [Android]",120243254910040003,C1_APB_TOP_1865_ADR_BOOK0_V2,120243254910070003,C1D_STC_APP_BOOK0_T2,120243254910190003,2026-05-17,"Instagram Reels",android_smartphone,instagram,android_smartphone,,,,2026-05-02,Ongoing,"1-day click, 1-day view, or 1-day engaged-view",,,,,,,,,,,,,,,,,,,,,,1,,,,,,,,,,,,,,,,,,,,,,,,,2026-05-17,2026-05-17
"BOOK0_APP_MAY26_ADR_MST_V1 [Android]",120243254910040003,C1_APB_TOP_1865_ADR_BOOK0_V2,120243254910070003,C1D_STC_APP_BOOK0_T2,120243254910190003,2026-05-17,"In-stream reels",android_smartphone,facebook,0,,,,2026-05-02,Ongoing,"1-day click, 1-day view, or 1-day engaged-view",,,,,,,,,,,,,,,,,,,,,,,,,,,,,,,1,,,,,,,,,,,,,,,,2026-05-17,2026-05-17
"BOOK0_APP_MAY26_ADR_MST_V1 [Android]",120243254910040003,C1_APB_TOP_1865_ADR_BOOK0_V2,120243254910070003,C1D_STC_APP_BOOK0_T2,120243254910190003,2026-05-17,"In-stream reels",android_smartphone,facebook,android_smartphone,,,,2026-05-02,Ongoing,"1-day click, 1-day view, or 1-day engaged-view",,,,,,,,,,,,,,,,,,,,,,1,,,,,,,,,,,,,,,1,,,,1,,,,,,2026-05-17,2026-05-17
"BOOK0_APP_MAY26_ADR_MST_V1 [Android]",120243254910040003,C1_APB_TOP_1865_ADR_BOOK0_V2,120243254910070003,C1D_STC_APP_BOOK0_T2,120243254910190003,2026-05-17,"Native, banner & interstitial",android_smartphone,audience_network,android_smartphone,,,,2026-05-02,Ongoing,"1-day click, 1-day view, or 1-day engaged-view",,,,,,,,,,,,,,,,,,,,,,1,,,,,,,,,,,,,,,,,,,,,,,,,2026-05-17,2026-05-17
"BOOK0_APP_MAY26_ADR_MST_V1 [Android]",120243254910040003,C1_APB_TOP_1865_ADR_BOOK0_V2,120243254910070003,C1D_STC_APP_BOOK0_T2,120243254910190003,2026-05-17,"Ads on Facebook Reels",android_smartphone,facebook,android_smartphone,,,,2026-05-02,Ongoing,"1-day click, 1-day view, or 1-day engaged-view",,,,,,,,,,,,,,,,,,,,,,1,,,,,,,,,,,,,,,,,,,,,,,,,2026-05-17,2026-05-17
"BOOK0_APP_MAY26_ADR_MST_V1 [Android]",120243254910040003,C2_APB_TOP_1865_ADR_BOOK0_V2,120243254910060003,C2B_STC_APP_BOOK0_T2,120243254910110003,2026-05-17,"In-stream reels",android_smartphone,facebook,android_smartphone,,,,2026-05-02,Ongoing,"1-day click, 1-day view, or 1-day engaged-view",,,,,,,,,,,,,,,,,,,,,,2,,,,,,,,,,,,,,,,,,,,,,,,,2026-05-17,2026-05-17
"BOOK0_APP_MAY26_ADR_MST_V1 [Android]",120243254910040003,C4_APB_TOP_1865_ADR_BOOK0_V2,120243254910200003,C4C_STC_APP_BOOK0_T2,120243254910120003,2026-05-17,Feed,android_smartphone,facebook,0,,,,2026-05-02,Ongoing,"1-day click, 1-day view, or 1-day engaged-view",,,,,,,,,,,,,,,,,,,,,,,,,,,,,,,1,,,,,,,,,,,,,,,,2026-05-17,2026-05-17
"BOOK0_APP_MAY26_ADR_MST_V1 [Android]",120243254910040003,C2_APB_TOP_1865_ADR_BOOK0_V2,120243254910060003,C2B_STC_APP_BOOK0_T2,120243254910110003,2026-05-18,Feed,android_smartphone,facebook,0,,,,2026-05-02,Ongoing,"1-day click, 1-day view, or 1-day engaged-view",,,,,,,,,,,,,,,,,,,,,,,,,,,,,,,8,,,,,,,,,,,,,,,,2026-05-18,2026-05-18
"BOOK0_APP_MAY26_ADR_MST_V1 [Android]",120243254910040003,C4_APB_TOP_1865_ADR_BOOK0_V2,120243254910200003,C4D_STC_APP_BOOK0_T2,120243254910140003,2026-05-17,Feed,android_smartphone,facebook,android_smartphone,,,,2026-05-02,Ongoing,"1-day click, 1-day view, or 1-day engaged-view",,,,,,,,,,,,,,,,,,,,,,1,,,,,,,,,,,,,,,,,,,,,,,,,2026-05-17,2026-05-17
"BOOK0_APP_MAY26_ADR_MST_V1 [Android]",120243254910040003,C2_APB_TOP_1865_ADR_BOOK0_V2,120243254910060003,C2B_STC_APP_BOOK0_T2,120243254910110003,2026-05-18,Feed,android_smartphone,facebook,android_smartphone,,,,2026-05-02,Ongoing,"1-day click, 1-day view, or 1-day engaged-view",,,,,,,,,,,,,,,,,,,,,,24,,,,,,,,,,,,,,,8,,,,2,,,,,,2026-05-18,2026-05-18
"BOOK0_APP_MAY26_ADR_MST_V1 [Android]",120243254910040003,C2_APB_TOP_1865_ADR_BOOK0_V2,120243254910060003,C2B_STC_APP_BOOK0_T2,120243254910110003,2026-05-18,"In-stream reels",android_smartphone,facebook,android_smartphone,,,,2026-05-02,Ongoing,"1-day click, 1-day view, or 1-day engaged-view",,,,,,,,,,,,,,,,,,,,,,1,,,,,,,,,,,,,,,,,,,,,,,,,2026-05-18,2026-05-18
"BOOK0_APP_MAY26_ADR_MST_V1 [Android]",120243254910040003,C2_APB_TOP_1865_ADR_BOOK0_V2,120243254910060003,C2B_STC_APP_BOOK0_T2,120243254910110003,2026-05-18,Feed,android_smartphone,instagram,android_smartphone,,,,2026-05-02,Ongoing,"1-day click, 1-day view, or 1-day engaged-view",,,,,,,,,,,,,,,,,,,,,,3,,,,,,,,,,,,,,,,,,,,,,,,,2026-05-18,2026-05-18
"BOOK0_APP_MAY26_ADR_MST_V1 [Android]",120243254910040003,C2_APB_TOP_1865_ADR_BOOK0_V2,120243254910060003,C2B_STC_APP_BOOK0_T2,120243254910110003,2026-05-18,"Native, banner & interstitial",android_smartphone,audience_network,android_smartphone,,,,2026-05-02,Ongoing,"1-day click, 1-day view, or 1-day engaged-view",,,,,,,,,,,,,,,,,,,,,,1,,,,,,,,,,,,,,,,,,,,,,,,,2026-05-18,2026-05-18
"BOOK0_APP_MAY26_ADR_MST_V1 [Android]",120243254910040003,C2_APB_TOP_1865_ADR_BOOK0_V2,120243254910060003,C2B_STC_APP_BOOK0_T2,120243254910110003,2026-05-18,Feed,android_tablet,facebook,android_tablet,,,,2026-05-02,Ongoing,"1-day click, 1-day view, or 1-day engaged-view",,,,,,,,,,,,,,,,,,,,,,1,,,,,,,,,,,,,,,,,,,,,,,,,2026-05-18,2026-05-18
"BOOK0_APP_MAY26_ADR_MST_V1 [Android]",120243254910040003,C2_APB_TOP_1865_ADR_BOOK0_V2,120243254910060003,C2B_STC_APP_BOOK0_T2,120243254910110003,2026-05-18,"Threads feed",android_smartphone,threads,android_smartphone,,,,2026-05-02,Ongoing,"1-day click, 1-day view, or 1-day engaged-view",,,,,,,,,,,,,,,,,,,,,,1,,,,,,,,,,,,,,,,,,,,,,,,,2026-05-18,2026-05-18
"BOOK0_APP_MAY26_ADR_MST_V1 [Android]",120243254910040003,C4_APB_TOP_1865_ADR_BOOK0_V2,120243254910200003,C4D_STC_APP_BOOK0_T2,120243254910140003,2026-05-17,Feed,android_smartphone,instagram,android_smartphone,,,,2026-05-02,Ongoing,"1-day click, 1-day view, or 1-day engaged-view",,,,,,,,,,,,,,,,,,,,,,1,,,,,,,,,,,,,,,,,,,,,,,,,2026-05-17,2026-05-17
"BOOK0_APP_MAY26_ADR_MST_V1 [Android]",120243254910040003,C4_APB_TOP_1865_ADR_BOOK0_V2,120243254910200003,C4C_STC_APP_BOOK0_T2,120243254910120003,2026-05-17,Feed,android_smartphone,instagram,android_smartphone,,,,2026-05-02,Ongoing,"1-day click, 1-day view, or 1-day engaged-view",,,,,,,,,,,,,,,,,,,,,,2,,,,,,,,,,,,,,,1,,,,,,,,,,2026-05-17,2026-05-17
"BOOK0_APP_MAY26_ADR_MST_V1 [Android]",120243254910040003,C4_APB_TOP_1865_ADR_BOOK0_V2,120243254910200003,C4D_STC_APP_BOOK0_T2,120243254910140003,2026-05-17,"Facebook Reels",android_smartphone,facebook,0,,,,2026-05-02,Ongoing,"1-day click, 1-day view, or 1-day engaged-view",,,,,,,,,,,,,,,,,,,,,,,,,,,,,,,2,,,,,,,,,,,,,,,,2026-05-17,2026-05-17
"BOOK0_APP_MAY26_ADR_MST_V1 [Android]",120243254910040003,C4_APB_TOP_1865_ADR_BOOK0_V2,120243254910200003,C4D_STC_APP_BOOK0_T2,120243254910140003,2026-05-17,"Facebook Reels",android_smartphone,facebook,android_smartphone,,,,2026-05-02,Ongoing,"1-day click, 1-day view, or 1-day engaged-view",,,,,,,,,,,,,,,,,,,,,,1,,,,,,,,,,,,,,,2,,,,2,,,,,,2026-05-17,2026-05-17
"BOOK0_APP_MAY26_ADR_MST_V1 [Android]",120243254910040003,C4_APB_TOP_1865_ADR_BOOK0_V2,120243254910200003,C4D_STC_APP_BOOK0_T2,120243254910140003,2026-05-16,Feed,android_smartphone,instagram,android_smartphone,,,,2026-05-02,Ongoing,"1-day click, 1-day view, or 1-day engaged-view",,,,,,,,,,,,,,,,,,,,,,,,,,,,,,,,,,,,,,,,,,,,,,,2026-05-16,2026-05-16
"BOOK0_APP_MAY26_ADR_MST_V1 [Android]",120243254910040003,C4_APB_TOP_1865_ADR_BOOK0_V2,120243254910200003,C4D_STC_APP_BOOK0_T2,120243254910140003,2026-05-16,"Native, banner & interstitial",android_smartphone,audience_network,android_smartphone,,,,2026-05-02,Ongoing,"1-day click, 1-day view, or 1-day engaged-view",,,,,,,,,,,,,,,,,,,,,,1,,,,,,,,,,,,,,,,,,,,,,,,,2026-05-16,2026-05-16
"BOOK0_APP_MAY26_ADR_MST_V1 [Android]",120243254910040003,C4_APB_TOP_1865_ADR_BOOK0_V2,120243254910200003,C4D_STC_APP_BOOK0_T2,120243254910140003,2026-05-16,"Instagram Stories",android_smartphone,instagram,android_smartphone,,,,2026-05-02,Ongoing,"1-day click, 1-day view, or 1-day engaged-view",,,,,,,,,,,,,,,,,,,,,,1,,,,,,,,,,,,1,,,1,,1,,,,,,,,2026-05-16,2026-05-16
"BOOK0_APP_MAY26_ADR_MST_V1 [Android]",120243254910040003,C4_APB_TOP_1865_ADR_BOOK0_V2,120243254910200003,C4C_STC_APP_BOOK0_T2,120243254910120003,2026-05-17,"Search results",android_smartphone,facebook,android_smartphone,,,,2026-05-02,Ongoing,"1-day click, 1-day view, or 1-day engaged-view",,,,,,,,,,,,,,,,,,,,,,1,,,,,,,,,,,,,,,,,,,,,,,,,2026-05-17,2026-05-17
"BOOK0_APP_MAY26_ADR_MST_V1 [Android]",120243254910040003,C4_APB_TOP_1865_ADR_BOOK0_V2,120243254910200003,C4C_STC_APP_BOOK0_T2,120243254910120003,2026-05-17,Feed,android_smartphone,instagram,0,,,,2026-05-02,Ongoing,"1-day click, 1-day view, or 1-day engaged-view",,,,,,,,,,,,,,,,,,,,,,,,,,,,,,,1,,,,,,,,,,,,,,,,2026-05-17,2026-05-17
"BOOK0_APP_MAY26_ADR_MST_V1 [Android]",120243254910040003,C2_APB_TOP_1865_ADR_BOOK0_V2,120243254910060003,C2B_STC_APP_BOOK0_T2,120243254910110003,2026-05-20,Feed,android_smartphone,facebook,0,,,,2026-05-02,Ongoing,"1-day click, 1-day view, or 1-day engaged-view",,,,,,,,,,,,,,,,,,,,,,,,,,,,,,,4,,,,,,,,,,,,,,,,2026-05-20,2026-05-20
"BOOK0_APP_MAY26_ADR_MST_V1 [Android]",120243254910040003,C2_APB_TOP_1865_ADR_BOOK0_V2,120243254910060003,C2B_STC_APP_BOOK0_T2,120243254910110003,2026-05-20,"Facebook Reels",android_smartphone,facebook,0,,,,2026-05-02,Ongoing,"1-day click, 1-day view, or 1-day engaged-view",,,,,,,,,,,,,,,,,,,,,,,,,,,,,,,4,,,,,,,,,,,,,,,,2026-05-20,2026-05-20
"BOOK0_APP_MAY26_ADR_MST_V1 [Android]",120243254910040003,C2_APB_TOP_1865_ADR_BOOK0_V2,120243254910060003,C2B_STC_APP_BOOK0_T2,120243254910110003,2026-05-23,Feed,android_smartphone,instagram,android_smartphone,,,,2026-05-02,Ongoing,"1-day click, 1-day view, or 1-day engaged-view",,,,,,,,,,,,,,,,,,,,,,5,,,,,,,,,,,,,,,3,,,,1,,,,,,2026-05-23,2026-05-23
"BOOK0_APP_MAY26_ADR_MST_V1 [Android]",120243254910040003,C4_APB_TOP_1865_ADR_BOOK0_V2,120243254910200003,C4C_STC_APP_BOOK0_T2,120243254910120003,2026-05-15,Feed,android_tablet,instagram,android_tablet,,,,2026-05-02,Ongoing,"1-day click, 1-day view, or 1-day engaged-view",,,,,,,,,,,,,,,,,,,,,,,,,,,,,,,,,,,,,,,,,,,,,,,2026-05-15,2026-05-15
"BOOK0_APP_MAY26_ADR_MST_V1 [Android]",120243254910040003,C4_APB_TOP_1865_ADR_BOOK0_V2,120243254910200003,C4C_STC_APP_BOOK0_T2,120243254910120003,2026-05-15,"Instagram Stories",android_smartphone,instagram,android_smartphone,,,,2026-05-02,Ongoing,"1-day click, 1-day view, or 1-day engaged-view",,,,,,,,,,,,,,,,,,,,,,1,,,,,,,,,,,,,,,,,,,,,,,,,2026-05-15,2026-05-15
"BOOK0_APP_MAY26_ADR_MST_V1 [Android]",120243254910040003,C4_APB_TOP_1865_ADR_BOOK0_V2,120243254910200003,C4C_STC_APP_BOOK0_T2,120243254910120003,2026-05-15,"Facebook Reels",android_smartphone,facebook,android_smartphone,,,,2026-05-02,Ongoing,"1-day click, 1-day view, or 1-day engaged-view",,,,,,,,,,,,,,,,,,,,,,2,,,,,,,,,,,,,,,,,,,,,,,,,2026-05-15,2026-05-15
"BOOK0_APP_MAY26_ADR_MST_V1 [Android]",120243254910040003,C4_APB_TOP_1865_ADR_BOOK0_V2,120243254910200003,C4C_STC_APP_BOOK0_T2,120243254910120003,2026-05-15,"Instagram Reels",android_smartphone,instagram,android_smartphone,,,,2026-05-02,Ongoing,"1-day click, 1-day view, or 1-day engaged-view",,,,,,,,,,,,,,,,,,,,,,2,,,,,,,,,,,,1,,,1,,1,,1,,,,,,2026-05-15,2026-05-15
"BOOK0_APP_MAY26_ADR_MST_V1 [Android]",120243254910040003,C4_APB_TOP_1865_ADR_BOOK0_V2,120243254910200003,C4C_STC_APP_BOOK0_T2,120243254910120003,2026-05-15,"Instagram Reels",android_smartphone,instagram,0,,,,2026-05-02,Ongoing,"1-day click, 1-day view, or 1-day engaged-view",,,,,,,,,,,,,,,,,,,,,,,,,,,,,,,1,,,,,,,,,,,,,,,,2026-05-15,2026-05-15
"BOOK0_APP_MAY26_ADR_MST_V1 [Android]",120243254910040003,C4_APB_TOP_1865_ADR_BOOK0_V2,120243254910200003,C4C_STC_APP_BOOK0_T2,120243254910120003,2026-05-15,Feed,android_smartphone,instagram,android_smartphone,,,,2026-05-02,Ongoing,"1-day click, 1-day view, or 1-day engaged-view",,,,,,,,,,,,,,,,,,,,,,2,,,,,,,,,,,,,,,1,,,,1,,,,,,2026-05-15,2026-05-15
"BOOK0_APP_MAY26_ADR_MST_V1 [Android]",120243254910040003,C4_APB_TOP_1865_ADR_BOOK0_V2,120243254910200003,C4C_STC_APP_BOOK0_T2,120243254910120003,2026-05-15,Feed,android_smartphone,instagram,0,,,,2026-05-02,Ongoing,"1-day click, 1-day view, or 1-day engaged-view",,,,,,,,,,,,,,,,,,,,,,,,,,,,,,,1,,,,,,,,,,,,,,,,2026-05-15,2026-05-15
"BOOK0_APP_MAY26_ADR_MST_V1 [Android]",120243254910040003,C2_APB_TOP_1865_ADR_BOOK0_V2,120243254910060003,C2B_STC_APP_BOOK0_T2,120243254910110003,2026-05-22,"Instagram Reels",android_smartphone,instagram,0,,,,2026-05-02,Ongoing,"1-day click, 1-day view, or 1-day engaged-view",,,,,,,,,,,,,,,,,,,,,,,,,,,,,,,2,,,,,,,,,,,,,,,,2026-05-22,2026-05-22
"BOOK0_APP_MAY26_ADR_MST_V1 [Android]",120243254910040003,C4_APB_TOP_1865_ADR_BOOK0_V2,120243254910200003,C4C_STC_APP_BOOK0_T2,120243254910120003,2026-05-15,"Native, banner & interstitial",android_smartphone,audience_network,android_smartphone,,,,2026-05-02,Ongoing,"1-day click, 1-day view, or 1-day engaged-view",,,,,,,,,,,,,,,,,,,,,,2,,,,,,,,,,,,,,,,,,,,,,,,,2026-05-15,2026-05-15
"BOOK0_APP_MAY26_ADR_MST_V1 [Android]",120243254910040003,C2_APB_TOP_1865_ADR_BOOK0_V2,120243254910060003,C2B_STC_APP_BOOK0_T2,120243254910110003,2026-05-22,"Instagram Reels",android_smartphone,instagram,android_smartphone,,,,2026-05-02,Ongoing,"1-day click, 1-day view, or 1-day engaged-view",,,,,,,,,,,,,,,,,,,,,,6,,,,,,,,,,,,1,,,2,,1,,1,,,,,,2026-05-22,2026-05-22
"BOOK0_APP_MAY26_ADR_MST_V1 [Android]",120243254910040003,C2_APB_TOP_1865_ADR_BOOK0_V2,120243254910060003,C2B_STC_APP_BOOK0_T2,120243254910110003,2026-05-22,Feed,android_smartphone,facebook,0,,,,2026-05-02,Ongoing,"1-day click, 1-day view, or 1-day engaged-view",,,,,,,,,,,,,,,,,,,,,,,,,,,,,,,5,,,,,,,,,,,,,,,,2026-05-22,2026-05-22
"BOOK0_APP_MAY26_ADR_MST_V1 [Android]",120243254910040003,C2_APB_TOP_1865_ADR_BOOK0_V2,120243254910060003,C2B_STC_APP_BOOK0_T2,120243254910110003,2026-05-22,Feed,android_smartphone,facebook,android_smartphone,,,,2026-05-02,Ongoing,"1-day click, 1-day view, or 1-day engaged-view",,,,,,,,,,,,,,,,,,,,,,10,,,,,,,,,,,,1,,,5,,1,,,,,,,,2026-05-22,2026-05-22
"BOOK0_APP_MAY26_ADR_MST_V1 [Android]",120243254910040003,C2_APB_TOP_1865_ADR_BOOK0_V2,120243254910060003,C2B_STC_APP_BOOK0_T2,120243254910110003,2026-05-22,"Instagram Stories",android_smartphone,instagram,android_smartphone,,,,2026-05-02,Ongoing,"1-day click, 1-day view, or 1-day engaged-view",,,,,,,,,,,,,,,,,,,,,,1,,,,,,,,,,,,,,,,,,,,,,,,,2026-05-22,2026-05-22
"BOOK0_APP_MAY26_ADR_MST_V1 [Android]",120243254910040003,C2_APB_TOP_1865_ADR_BOOK0_V2,120243254910060003,C2B_STC_APP_BOOK0_T2,120243254910110003,2026-05-22,Feed,android_smartphone,instagram,android_smartphone,,,,2026-05-02,Ongoing,"1-day click, 1-day view, or 1-day engaged-view",,,,,,,,,,,,,,,,,,,,,,3,,,,,,,,,,,,,,,,,,,,,,,,,2026-05-22,2026-05-22
"BOOK0_APP_MAY26_ADR_MST_V1 [Android]",120243254910040003,C2_APB_TOP_1865_ADR_BOOK0_V2,120243254910060003,C2B_STC_APP_BOOK0_T2,120243254910110003,2026-05-22,"Threads feed",android_smartphone,threads,android_smartphone,,,,2026-05-02,Ongoing,"1-day click, 1-day view, or 1-day engaged-view",,,,,,,,,,,,,,,,,,,,,,1,,,,,,,,,,,,,,,,,,,,,,,,,2026-05-22,2026-05-22
"BOOK0_APP_MAY26_ADR_MST_V1 [Android]",120243254910040003,C2_APB_TOP_1865_ADR_BOOK0_V2,120243254910060003,C2B_STC_APP_BOOK0_T2,120243254910110003,2026-05-22,"Native, banner & interstitial",android_smartphone,audience_network,android_smartphone,,,,2026-05-02,Ongoing,"1-day click, 1-day view, or 1-day engaged-view",,,,,,,,,,,,,,,,,,,,,,1,,,,,,,,,,,,,,,,,,,,,,,,,2026-05-22,2026-05-22
"BOOK0_APP_MAY26_ADR_MST_V1 [Android]",120243254910040003,C4_APB_TOP_1865_ADR_BOOK0_V2,120243254910200003,C4C_STC_APP_BOOK0_T2,120243254910120003,2026-05-15,Feed,android_smartphone,facebook,android_smartphone,,,,2026-05-02,Ongoing,"1-day click, 1-day view, or 1-day engaged-view",,,,,,,,,,,,,,,,,,,,,,10,,,,,,,,,,,,,,,,,,,,,,,,,2026-05-15,2026-05-15
"BOOK0_APP_MAY26_ADR_MST_V1 [Android]",120243254910040003,C4_APB_TOP_1865_ADR_BOOK0_V2,120243254910200003,C4C_STC_APP_BOOK0_T2,120243254910120003,2026-05-15,Feed,android_tablet,facebook,0,,,,2026-05-02,Ongoing,"1-day click, 1-day view, or 1-day engaged-view",,,,,,,,,,,,,,,,,,,,,,,,,,,,,,,1,,,,,,,,,,,,,,,,2026-05-15,2026-05-15
"BOOK0_APP_MAY26_ADR_MST_V1 [Android]",120243254910040003,C2_APB_TOP_1865_ADR_BOOK0_V2,120243254910060003,C2B_STC_APP_BOOK0_T2,120243254910110003,2026-05-22,"Facebook Reels",android_smartphone,facebook,android_smartphone,,,,2026-05-02,Ongoing,"1-day click, 1-day view, or 1-day engaged-view",,,,,,,,,,,,,,,,,,,,,,12,,,,,,,,,,,,1,,,3,,1,,1,,,,,,2026-05-22,2026-05-22
"BOOK0_APP_MAY26_ADR_MST_V1 [Android]",120243254910040003,C2_APB_TOP_1865_ADR_BOOK0_V2,120243254910060003,C2B_STC_APP_BOOK0_T2,120243254910110003,2026-05-15,"Facebook Stories",android_smartphone,facebook,android_smartphone,,,,2026-05-02,Ongoing,"1-day click, 1-day view, or 1-day engaged-view",,,,,,,,,,,,,,,,,,,,,,1,,,,,,,,,,,,,,,,,,,,,,,,,2026-05-15,2026-05-15
"BOOK0_APP_MAY26_ADR_MST_V1 [Android]",120243254910040003,C2_APB_TOP_1865_ADR_BOOK0_V2,120243254910060003,C2B_STC_APP_BOOK0_T2,120243254910110003,2026-05-23,"Search results",android_smartphone,facebook,android_smartphone,,,,2026-05-02,Ongoing,"1-day click, 1-day view, or 1-day engaged-view",,,,,,,,,,,,,,,,,,,,,,1,,,,,,,,,,,,,,,,,,,,,,,,,2026-05-23,2026-05-23
"BOOK0_APP_MAY26_ADR_MST_V1 [Android]",120243254910040003,C2_APB_TOP_1865_ADR_BOOK0_V2,120243254910060003,C2B_STC_APP_BOOK0_T2,120243254910110003,2026-05-23,"Facebook Reels",android_smartphone,facebook,0,,,,2026-05-02,Ongoing,"1-day click, 1-day view, or 1-day engaged-view",,,,,,,,,,,,,,,,,,,,,,,,,,,,,,,3,,,,,,,,,,,,,,,,2026-05-23,2026-05-23
"BOOK0_APP_MAY26_ADR_MST_V1 [Android]",120243254910040003,C2_APB_TOP_1865_ADR_BOOK0_V2,120243254910060003,C2B_STC_APP_BOOK0_T2,120243254910110003,2026-05-23,"Facebook Reels",android_smartphone,facebook,android_smartphone,,,,2026-05-02,Ongoing,"1-day click, 1-day view, or 1-day engaged-view",,,,,,,,,,,,,,,,,,,,,,6,,,,,,,,,,,,1,,,3,,1,,1,,,,,,2026-05-23,2026-05-23
"BOOK0_APP_MAY26_ADR_MST_V1 [Android]",120243254910040003,C2_APB_TOP_1865_ADR_BOOK0_V2,120243254910060003,C2B_STC_APP_BOOK0_T2,120243254910110003,2026-05-23,Feed,android_smartphone,facebook,0,,,,2026-05-02,Ongoing,"1-day click, 1-day view, or 1-day engaged-view",,,,,,,,,,,,,,,,,,,,,,,,,,,,,,,7,,,,,,,,,,,,,,,,2026-05-23,2026-05-23
"BOOK0_APP_MAY26_ADR_MST_V1 [Android]",120243254910040003,C2_APB_TOP_1865_ADR_BOOK0_V2,120243254910060003,C2B_STC_APP_BOOK0_T2,120243254910110003,2026-05-23,Feed,android_smartphone,facebook,android_smartphone,,,,2026-05-02,Ongoing,"1-day click, 1-day view, or 1-day engaged-view",,,,,,,,,,,,,,,,,,,,,,18,,,,,,,,,,,,3,,,7,,3,,2,,,,,,2026-05-23,2026-05-23
"BOOK0_APP_MAY26_ADR_MST_V1 [Android]",120243254910040003,C2_APB_TOP_1865_ADR_BOOK0_V2,120243254910060003,C2B_STC_APP_BOOK0_T2,120243254910110003,2026-05-15,"Instagram Reels",android_smartphone,instagram,0,,,,2026-05-02,Ongoing,"1-day click, 1-day view, or 1-day engaged-view",,,,,,,,,,,,,,,,,,,,,,,,,,,,,,,5,,,,,,,,,,,,,,,,2026-05-15,2026-05-15
"BOOK0_APP_MAY26_ADR_MST_V1 [Android]",120243254910040003,C2_APB_TOP_1865_ADR_BOOK0_V2,120243254910060003,C2B_STC_APP_BOOK0_T2,120243254910110003,2026-05-15,"In-stream reels",android_smartphone,facebook,android_smartphone,,,,2026-05-02,Ongoing,"1-day click, 1-day view, or 1-day engaged-view",,,,,,,,,,,,,,,,,,,,,,1,,,,,,,,,,,,,,,,,,,,,,,,,2026-05-15,2026-05-15
"BOOK0_APP_MAY26_ADR_MST_V1 [Android]",120243254910040003,C4_APB_TOP_1865_ADR_BOOK0_V2,120243254910200003,C4C_STC_APP_BOOK0_T2,120243254910120003,2026-05-15,Feed,android_tablet,facebook,android_tablet,,,,2026-05-02,Ongoing,"1-day click, 1-day view, or 1-day engaged-view",,,,,,,,,,,,,,,,,,,,,,1,,,,,,,,,,,,,,,1,,,,,,,,,,2026-05-15,2026-05-15
"BOOK0_APP_MAY26_ADR_MST_V1 [Android]",120243254910040003,C2_APB_TOP_1865_ADR_BOOK0_V2,120243254910060003,C2B_STC_APP_BOOK0_T2,120243254910110003,2026-05-15,"Instagram Reels",android_tablet,instagram,android_tablet,,,,2026-05-02,Ongoing,"1-day click, 1-day view, or 1-day engaged-view",,,,,,,,,,,,,,,,,,,,,,1,,,,,,,,,,,,,,,,,,,,,,,,,2026-05-15,2026-05-15
"BOOK0_APP_MAY26_ADR_MST_V1 [Android]",120243254910040003,C2_APB_TOP_1865_ADR_BOOK0_V2,120243254910060003,C2B_STC_APP_BOOK0_T2,120243254910110003,2026-05-15,"Facebook profile feed",android_smartphone,facebook,android_smartphone,,,,2026-05-02,Ongoing,"1-day click, 1-day view, or 1-day engaged-view",,,,,,,,,,,,,,,,,,,,,,2,,,,,,,,,,,,,,,1,,,,,,,,,,2026-05-15,2026-05-15
"BOOK0_APP_MAY26_ADR_MST_V1 [Android]",120243254910040003,C2_APB_TOP_1865_ADR_BOOK0_V2,120243254910060003,C2B_STC_APP_BOOK0_T2,120243254910110003,2026-05-15,"Facebook profile feed",android_smartphone,facebook,0,,,,2026-05-02,Ongoing,"1-day click, 1-day view, or 1-day engaged-view",,,,,,,,,,,,,,,,,,,,,,,,,,,,,,,1,,,,,,,,,,,,,,,,2026-05-15,2026-05-15
"BOOK0_APP_MAY26_ADR_MST_V1 [Android]",120243254910040003,C2_APB_TOP_1865_ADR_BOOK0_V2,120243254910060003,C2B_STC_APP_BOOK0_T2,120243254910110003,2026-05-15,"Instagram Stories",android_smartphone,instagram,android_smartphone,,,,2026-05-02,Ongoing,"1-day click, 1-day view, or 1-day engaged-view",,,,,,,,,,,,,,,,,,,,,,2,,,,,,,,,,,,,,,1,,,,,,,,,,2026-05-15,2026-05-15
"BOOK0_APP_MAY26_ADR_MST_V1 [Android]",120243254910040003,C2_APB_TOP_1865_ADR_BOOK0_V2,120243254910060003,C2B_STC_APP_BOOK0_T2,120243254910110003,2026-05-15,"Instagram Stories",android_smartphone,instagram,0,,,,2026-05-02,Ongoing,"1-day click, 1-day view, or 1-day engaged-view",,,,,,,,,,,,,,,,,,,,,,,,,,,,,,,1,,,,,,,,,,,,,,,,2026-05-15,2026-05-15
"BOOK0_APP_MAY26_ADR_MST_V1 [Android]",120243254910040003,C4_APB_TOP_1865_ADR_BOOK0_V2,120243254910200003,C4C_STC_APP_BOOK0_T2,120243254910120003,2026-05-15,Unknown,other,unknown,android_smartphone,,,,2026-05-02,Ongoing,"1-day click, 1-day view, or 1-day engaged-view",,,,,,,,,,,,,,,,,,,,,,,,,,,,,,,,,,,,,,,,,,,,,,,2026-05-15,2026-05-15
"BOOK0_APP_MAY26_ADR_MST_V1 [Android]",120243254910040003,C4_APB_TOP_1865_ADR_BOOK0_V2,120243254910200003,C4C_STC_APP_BOOK0_T2,120243254910120003,2026-05-15,"In-stream reels",android_smartphone,facebook,android_smartphone,,,,2026-05-02,Ongoing,"1-day click, 1-day view, or 1-day engaged-view",,,,,,,,,,,,,,,,,,,,,,1,,,,,,,,,,,,,,,,,,,,,,,,,2026-05-15,2026-05-15
"BOOK0_APP_MAY26_ADR_MST_V1 [Android]",120243254910040003,C2_APB_TOP_1865_ADR_BOOK0_V2,120243254910060003,C2B_STC_APP_BOOK0_T2,120243254910110003,2026-05-22,"Facebook Reels",android_smartphone,facebook,0,,,,2026-05-02,Ongoing,"1-day click, 1-day view, or 1-day engaged-view",,,,,,,,,,,,,,,,,,,,,,,,,,,,,,,3,,,,,,,,,,,,,,,,2026-05-22,2026-05-22
"BOOK0_APP_MAY26_ADR_MST_V1 [Android]",120243254910040003,C4_APB_TOP_1865_ADR_BOOK0_V2,120243254910200003,C4D_STC_APP_BOOK0_T2,120243254910140003,2026-05-15,"Instagram Reels",android_smartphone,instagram,android_smartphone,,,,2026-05-02,Ongoing,"1-day click, 1-day view, or 1-day engaged-view",,,,,,,,,,,,,,,,,,,,,,1,,,,,,,,,,,,,,,,,,,,,,,,,2026-05-15,2026-05-15
"BOOK0_APP_MAY26_ADR_MST_V1 [Android]",120243254910040003,C2_APB_TOP_1865_ADR_BOOK0_V2,120243254910060003,C2B_STC_APP_BOOK0_T2,120243254910110003,2026-05-20,Feed,android_smartphone,instagram,android_smartphone,,,,2026-05-02,Ongoing,"1-day click, 1-day view, or 1-day engaged-view",,,,,,,,,,,,,,,,,,,,,,2,,,,,,,,,,,,,,,2,,,,,,,,,,2026-05-20,2026-05-20
"BOOK0_APP_MAY26_ADR_MST_V1 [Android]",120243254910040003,C1_APB_TOP_1865_ADR_BOOK0_V2,120243254910070003,C1D_STC_APP_BOOK0_T2,120243254910190003,2026-05-16,"Threads feed",android_smartphone,threads,android_smartphone,,,,2026-05-02,Ongoing,"1-day click, 1-day view, or 1-day engaged-view",,,,,,,,,,,,,,,,,,,,,,2,,,,,,,,,,,,,,,,,,,,,,,,,2026-05-16,2026-05-16
"BOOK0_APP_MAY26_ADR_MST_V1 [Android]",120243254910040003,C1_APB_TOP_1865_ADR_BOOK0_V2,120243254910070003,C1D_STC_APP_BOOK0_T2,120243254910190003,2026-05-16,Feed,android_smartphone,instagram,android_smartphone,,,,2026-05-02,Ongoing,"1-day click, 1-day view, or 1-day engaged-view",,,,,,,,,,,,,,,,,,,,,,9,,,,,,,,,,,,,,,2,,,,,,,,,,2026-05-16,2026-05-16
"BOOK0_APP_MAY26_ADR_MST_V1 [Android]",120243254910040003,C1_APB_TOP_1865_ADR_BOOK0_V2,120243254910070003,C1D_STC_APP_BOOK0_T2,120243254910190003,2026-05-16,Feed,android_smartphone,instagram,0,,,,2026-05-02,Ongoing,"1-day click, 1-day view, or 1-day engaged-view",,,,,,,,,,,,,,,,,,,,,,,,,,,,,,,2,,,,,,,,,,,,,,,,2026-05-16,2026-05-16
"BOOK0_APP_MAY26_ADR_MST_V1 [Android]",120243254910040003,C1_APB_TOP_1865_ADR_BOOK0_V2,120243254910070003,C1D_STC_APP_BOOK0_T2,120243254910190003,2026-05-16,Feed,android_smartphone,facebook,android_smartphone,,,,2026-05-02,Ongoing,"1-day click, 1-day view, or 1-day engaged-view",,,,,,,,,,,,,,,,,,,,,,2,,,,,,,,,,,,,,,,,,,,,,,,,2026-05-16,2026-05-16
"BOOK0_APP_MAY26_ADR_MST_V1 [Android]",120243254910040003,C1_APB_TOP_1865_ADR_BOOK0_V2,120243254910070003,C1D_STC_APP_BOOK0_T2,120243254910190003,2026-05-16,"In-stream reels",android_smartphone,facebook,android_smartphone,,,,2026-05-02,Ongoing,"1-day click, 1-day view, or 1-day engaged-view",,,,,,,,,,,,,,,,,,,,,,3,,,,,,,,,,,,,,,1,,,,,,,,,,2026-05-16,2026-05-16
"BOOK0_APP_MAY26_ADR_MST_V1 [Android]",120243254910040003,C1_APB_TOP_1865_ADR_BOOK0_V2,120243254910070003,C1D_STC_APP_BOOK0_T2,120243254910190003,2026-05-16,"In-stream reels",android_smartphone,facebook,0,,,,2026-05-02,Ongoing,"1-day click, 1-day view, or 1-day engaged-view",,,,,,,,,,,,,,,,,,,,,,,,,,,,,,,1,,,,,,,,,,,,,,,,2026-05-16,2026-05-16
"BOOK0_APP_MAY26_ADR_MST_V1 [Android]",120243254910040003,C1_APB_TOP_1865_ADR_BOOK0_V2,120243254910070003,C1D_STC_APP_BOOK0_T2,120243254910190003,2026-05-16,"Facebook Stories",android_smartphone,facebook,android_smartphone,,,,2026-05-02,Ongoing,"1-day click, 1-day view, or 1-day engaged-view",,,,,,,,,,,,,,,,,,,,,,1,,,,,,,,,,,,,,,,,,,,,,,,,2026-05-16,2026-05-16
"BOOK0_APP_MAY26_ADR_MST_V1 [Android]",120243254910040003,C2_APB_TOP_1865_ADR_BOOK0_V2,120243254910060003,C2B_STC_APP_BOOK0_T2,120243254910110003,2026-05-16,"Facebook Stories",android_tablet,facebook,android_tablet,,,,2026-05-02,Ongoing,"1-day click, 1-day view, or 1-day engaged-view",,,,,,,,,,,,,,,,,,,,,,1,,,,,,,,,,,,,,,,,,,,,,,,,2026-05-16,2026-05-16
"BOOK0_APP_MAY26_ADR_MST_V1 [Android]",120243254910040003,C1_APB_TOP_1865_ADR_BOOK0_V2,120243254910070003,C1D_STC_APP_BOOK0_T2,120243254910190003,2026-05-16,"Instagram Reels",android_smartphone,instagram,0,,,,2026-05-02,Ongoing,"1-day click, 1-day view, or 1-day engaged-view",,,,,,,,,,,,,,,,,,,,,,,,,,,,,,,1,,,,,,,,,,,,,,,,2026-05-16,2026-05-16
"BOOK0_APP_MAY26_ADR_MST_V1 [Android]",120243254910040003,C2_APB_TOP_1865_ADR_BOOK0_V2,120243254910060003,C2B_STC_APP_BOOK0_T2,120243254910110003,2026-05-16,"Instagram Reels",android_smartphone,instagram,android_smartphone,,,,2026-05-02,Ongoing,"1-day click, 1-day view, or 1-day engaged-view",,,,,,,,,,,,,,,,,,,,,,2,,,,,,,,,,,,,,,,,,,,,,,,,2026-05-16,2026-05-16
"BOOK0_APP_MAY26_ADR_MST_V1 [Android]",120243254910040003,C2_APB_TOP_1865_ADR_BOOK0_V2,120243254910060003,C2B_STC_APP_BOOK0_T2,120243254910110003,2026-05-16,"Threads feed",android_smartphone,threads,android_smartphone,,,,2026-05-02,Ongoing,"1-day click, 1-day view, or 1-day engaged-view",,,,,,,,,,,,,,,,,,,,,,1,,,,,,,,,,,,,,,1,,,,1,,,,,,2026-05-16,2026-05-16
"BOOK0_APP_MAY26_ADR_MST_V1 [Android]",120243254910040003,C2_APB_TOP_1865_ADR_BOOK0_V2,120243254910060003,C2B_STC_APP_BOOK0_T2,120243254910110003,2026-05-16,"Threads feed",android_smartphone,threads,0,,,,2026-05-02,Ongoing,"1-day click, 1-day view, or 1-day engaged-view",,,,,,,,,,,,,,,,,,,,,,,,,,,,,,,1,,,,,,,,,,,,,,,,2026-05-16,2026-05-16
"BOOK0_APP_MAY26_ADR_MST_V1 [Android]",120243254910040003,C2_APB_TOP_1865_ADR_BOOK0_V2,120243254910060003,C2B_STC_APP_BOOK0_T2,120243254910110003,2026-05-16,"Facebook Reels",android_smartphone,facebook,android_smartphone,,,,2026-05-02,Ongoing,"1-day click, 1-day view, or 1-day engaged-view",,,,,,,,,,,,,,,,,,,,,,7,,,,,,,,,,,,,,,1,,,,1,,,,,,2026-05-16,2026-05-16
"BOOK0_APP_MAY26_ADR_MST_V1 [Android]",120243254910040003,C2_APB_TOP_1865_ADR_BOOK0_V2,120243254910060003,C2B_STC_APP_BOOK0_T2,120243254910110003,2026-05-20,"Facebook profile feed",android_smartphone,facebook,0,,,,2026-05-02,Ongoing,"1-day click, 1-day view, or 1-day engaged-view",,,,,,,,,,,,,,,,,,,,,,,,,,,,,,,1,,,,,,,,,,,,,,,,2026-05-20,2026-05-20
"BOOK0_APP_MAY26_ADR_MST_V1 [Android]",120243254910040003,C2_APB_TOP_1865_ADR_BOOK0_V2,120243254910060003,C2B_STC_APP_BOOK0_T2,120243254910110003,2026-05-20,"Facebook profile feed",android_smartphone,facebook,android_smartphone,,,,2026-05-02,Ongoing,"1-day click, 1-day view, or 1-day engaged-view",,,,,,,,,,,,,,,,,,,,,,3,,,,,,,,,,,,,,,1,,,,1,,,,,,2026-05-20,2026-05-20
"BOOK0_APP_MAY26_ADR_MST_V1 [Android]",120243254910040003,C2_APB_TOP_1865_ADR_BOOK0_V2,120243254910060003,C2B_STC_APP_BOOK0_T2,120243254910110003,2026-05-20,Feed,android_smartphone,instagram,0,,,,2026-05-02,Ongoing,"1-day click, 1-day view, or 1-day engaged-view",,,,,,,,,,,,,,,,,,,,,,,,,,,,,,,2,,,,,,,,,,,,,,,,2026-05-20,2026-05-20
"BOOK0_APP_MAY26_ADR_MST_V1 [Android]",120243254910040003,C1_APB_TOP_1865_ADR_BOOK0_V2,120243254910070003,C1D_STC_APP_BOOK0_T2,120243254910190003,2026-05-16,"Native, banner & interstitial",android_smartphone,audience_network,android_smartphone,,,,2026-05-02,Ongoing,"1-day click, 1-day view, or 1-day engaged-view",,,,,,,,,,,,,,,,,,,,,,5,,,,,,,,,,,,,,,,,,,,,,,,,2026-05-16,2026-05-16
"BOOK0_APP_MAY26_ADR_MST_V1 [Android]",120243254910040003,C1_APB_TOP_1865_ADR_BOOK0_V2,120243254910070003,C1D_STC_APP_BOOK0_T2,120243254910190003,2026-05-16,"Instagram Reels",android_smartphone,instagram,android_smartphone,,,,2026-05-02,Ongoing,"1-day click, 1-day view, or 1-day engaged-view",,,,,,,,,,,,,,,,,,,,,,3,,,,,,,,,,,,,,,1,,,,,,,,,,2026-05-16,2026-05-16
"BOOK0_APP_MAY26_ADR_MST_V1 [Android]",120243254910040003,C4_APB_TOP_1865_ADR_BOOK0_V2,120243254910200003,C4D_STC_APP_BOOK0_T2,120243254910140003,2026-05-15,"Facebook Reels",android_smartphone,facebook,android_smartphone,,,,2026-05-02,Ongoing,"1-day click, 1-day view, or 1-day engaged-view",,,,,,,,,,,,,,,,,,,,,,1,,,,,,,,,,,,,,,,,,,,,,,,,2026-05-15,2026-05-15
"BOOK0_APP_MAY26_ADR_MST_V1 [Android]",120243254910040003,C2_APB_TOP_1865_ADR_BOOK0_V2,120243254910060003,C2B_STC_APP_BOOK0_T2,120243254910110003,2026-05-21,"Facebook Reels",android_smartphone,facebook,android_smartphone,,,,2026-05-02,Ongoing,"1-day click, 1-day view, or 1-day engaged-view",,,,,,,,,,,,,,,,,,,,,,11,,,,,,,,,,,,1,,,5,,1,,1,,,,,,2026-05-21,2026-05-21
"BOOK0_APP_MAY26_ADR_MST_V1 [Android]",120243254910040003,C2_APB_TOP_1865_ADR_BOOK0_V2,120243254910060003,C2B_STC_APP_BOOK0_T2,120243254910110003,2026-05-21,"In-stream reels",android_smartphone,facebook,android_smartphone,,,,2026-05-02,Ongoing,"1-day click, 1-day view, or 1-day engaged-view",,,,,,,,,,,,,,,,,,,,,,3,,,,,,,,,,,,,,,,,,,,,,,,,2026-05-21,2026-05-21
"BOOK0_APP_MAY26_ADR_MST_V1 [Android]",120243254910040003,C2_APB_TOP_1865_ADR_BOOK0_V2,120243254910060003,C2B_STC_APP_BOOK0_T2,120243254910110003,2026-05-21,"Instagram Reels",android_smartphone,instagram,0,,,,2026-05-02,Ongoing,"1-day click, 1-day view, or 1-day engaged-view",,,,,,,,,,,,,,,,,,,,,,,,,,,,,,,1,,,,,,,,,,,,,,,,2026-05-21,2026-05-21
"BOOK0_APP_MAY26_ADR_MST_V1 [Android]",120243254910040003,C2_APB_TOP_1865_ADR_BOOK0_V2,120243254910060003,C2B_STC_APP_BOOK0_T2,120243254910110003,2026-05-21,"Instagram Reels",android_smartphone,instagram,android_smartphone,,,,2026-05-02,Ongoing,"1-day click, 1-day view, or 1-day engaged-view",,,,,,,,,,,,,,,,,,,,,,2,,,,,,,,,,,,,,,1,,,,,,,,,,2026-05-21,2026-05-21
"BOOK0_APP_MAY26_ADR_MST_V1 [Android]",120243254910040003,C2_APB_TOP_1865_ADR_BOOK0_V2,120243254910060003,C2B_STC_APP_BOOK0_T2,120243254910110003,2026-05-21,Feed,android_smartphone,facebook,0,,,,2026-05-02,Ongoing,"1-day click, 1-day view, or 1-day engaged-view",,,,,,,,,,,,,,,,,,,,,,,,,,,,,,,2,,,,,,,,,,,,,,,,2026-05-21,2026-05-21
"BOOK0_APP_MAY26_ADR_MST_V1 [Android]",120243254910040003,C2_APB_TOP_1865_ADR_BOOK0_V2,120243254910060003,C2B_STC_APP_BOOK0_T2,120243254910110003,2026-05-21,Feed,android_smartphone,facebook,android_smartphone,,,,2026-05-02,Ongoing,"1-day click, 1-day view, or 1-day engaged-view",,,,,,,,,,,,,,,,,,,,,,9,,,,,,,,,,,,1,,,2,,1,,1,,,,,,2026-05-21,2026-05-21
"BOOK0_APP_MAY26_ADR_MST_V1 [Android]",120243254910040003,C2_APB_TOP_1865_ADR_BOOK0_V2,120243254910060003,C2B_STC_APP_BOOK0_T2,120243254910110003,2026-05-21,"Facebook Reels",android_smartphone,facebook,0,,,,2026-05-02,Ongoing,"1-day click, 1-day view, or 1-day engaged-view",,,,,,,,,,,,,,,,,,,,,,,,,,,,,,,5,,,,,,,,,,,,,,,,2026-05-21,2026-05-21
"BOOK0_APP_MAY26_ADR_MST_V1 [Android]",120243254910040003,C2_APB_TOP_1865_ADR_BOOK0_V2,120243254910060003,C2B_STC_APP_BOOK0_T2,120243254910110003,2026-05-21,"Facebook profile feed",android_smartphone,facebook,0,,,,2026-05-02,Ongoing,"1-day click, 1-day view, or 1-day engaged-view",,,,,,,,,,,,,,,,,,,,,,,,,,,,,,,1,,,,,,,,,,,,,,,,2026-05-21,2026-05-21
"BOOK0_APP_MAY26_ADR_MST_V1 [Android]",120243254910040003,C1_APB_TOP_1865_ADR_BOOK0_V2,120243254910070003,C1D_STC_APP_BOOK0_T2,120243254910190003,2026-05-16,Feed,android_tablet,instagram,0,,,,2026-05-02,Ongoing,"1-day click, 1-day view, or 1-day engaged-view",,,,,,,,,,,,,,,,,,,,,,,,,,,,,,,1,,,,,,,,,,,,,,,,2026-05-16,2026-05-16
"BOOK0_APP_MAY26_ADR_MST_V1 [Android]",120243254910040003,C2_APB_TOP_1865_ADR_BOOK0_V2,120243254910060003,C2B_STC_APP_BOOK0_T2,120243254910110003,2026-05-21,"Facebook profile feed",android_smartphone,facebook,android_smartphone,,,,2026-05-02,Ongoing,"1-day click, 1-day view, or 1-day engaged-view",,,,,,,,,,,,,,,,,,,,,,2,,,,,,,,,,,,,,,1,,,,,,,,,,2026-05-21,2026-05-21
"BOOK0_APP_MAY26_ADR_MST_V1 [Android]",120243254910040003,C2_APB_TOP_1865_ADR_BOOK0_V2,120243254910060003,C2B_STC_APP_BOOK0_T2,120243254910110003,2026-05-21,Feed,android_tablet,facebook,0,,,,2026-05-02,Ongoing,"1-day click, 1-day view, or 1-day engaged-view",,,,,,,,,,,,,,,,,,,,,,,,,,,,,,,1,,,,,,,,,,,,,,,,2026-05-21,2026-05-21
"BOOK0_APP_MAY26_ADR_MST_V1 [Android]",120243254910040003,C2_APB_TOP_1865_ADR_BOOK0_V2,120243254910060003,C2B_STC_APP_BOOK0_T2,120243254910110003,2026-05-21,Feed,android_tablet,facebook,android_tablet,,,,2026-05-02,Ongoing,"1-day click, 1-day view, or 1-day engaged-view",,,,,,,,,,,,,,,,,,,,,,1,,,,,,,,,,,,,,,1,,,,1,,,,,,2026-05-21,2026-05-21
"BOOK0_APP_MAY26_ADR_MST_V1 [Android]",120243254910040003,C2_APB_TOP_1865_ADR_BOOK0_V2,120243254910060003,C2B_STC_APP_BOOK0_T2,120243254910110003,2026-05-21,"Facebook Reels",android_tablet,facebook,android_tablet,,,,2026-05-02,Ongoing,"1-day click, 1-day view, or 1-day engaged-view",,,,,,,,,,,,,,,,,,,,,,1,,,,,,,,,,,,,,,,,,,,,,,,,2026-05-21,2026-05-21
"BOOK0_APP_MAY26_ADR_MST_V1 [Android]",120243254910040003,C2_APB_TOP_1865_ADR_BOOK0_V2,120243254910060003,C2B_STC_APP_BOOK0_T2,120243254910110003,2026-05-21,Feed,android_smartphone,instagram,android_smartphone,,,,2026-05-02,Ongoing,"1-day click, 1-day view, or 1-day engaged-view",,,,,,,,,,,,,,,,,,,,,,2,,,,,,,,,,,,1,,,,,1,,1,,,,,,2026-05-21,2026-05-21
"BOOK0_APP_MAY26_ADR_MST_V1 [Android]",120243254910040003,C1_APB_TOP_1865_ADR_BOOK0_V2,120243254910070003,C1D_STC_APP_BOOK0_T2,120243254910190003,2026-05-16,"Ads on Facebook Reels",android_smartphone,facebook,android_smartphone,,,,2026-05-02,Ongoing,"1-day click, 1-day view, or 1-day engaged-view",,,,,,,,,,,,,,,,,,,,,,1,,,,,,,,,,,,,,,,,,,,,,,,,2026-05-16,2026-05-16
"BOOK0_APP_MAY26_ADR_MST_V1 [Android]",120243254910040003,C1_APB_TOP_1865_ADR_BOOK0_V2,120243254910070003,C1D_STC_APP_BOOK0_T2,120243254910190003,2026-05-16,Feed,android_tablet,instagram,android_tablet,,,,2026-05-02,Ongoing,"1-day click, 1-day view, or 1-day engaged-view",,,,,,,,,,,,,,,,,,,,,,1,,,,,,,,,,,,,,,1,,,,1,,,,,,2026-05-16,2026-05-16
"BOOK0_APP_MAY26_ADR_MST_V1 [Android]",120243254910040003,TEST_APB_TOF_1865_ADR_BOOK0,120244850332940003,C6A_STC_APP_BOOK0_T2,120244850332910003,2026-05-27,"Native, banner & interstitial",android_smartphone,audience_network,android_smartphone,,,,2026-05-25,Ongoing,"1-day click, 1-day view, or 1-day engaged-view",,,,,,,,,,,,,,,,,,,,,,4,,,,,,,,,,,,,,,,,,,,,,,,,2026-05-27,2026-05-27
"BOOK0_APP_MAY26_ADR_MST_V1 [Android]",120243254910040003,TEST_APB_TOF_1865_ADR_BOOK0,120244850332940003,C6A_STC_APP_BOOK0_T2,120244850332910003,2026-05-27,"Facebook Reels",android_smartphone,facebook,0,,,,2026-05-25,Ongoing,"1-day click, 1-day view, or 1-day engaged-view",,,,,,,,,,,,,,,,,,,,,,,,,,,,,,,1,,,,,,,,,,,,,,,,2026-05-27,2026-05-27
"BOOK0_APP_MAY26_ADR_MST_V1 [Android]",120243254910040003,C1_APB_TOP_1865_ADR_BOOK0_V2,120243254910070003,C1D_STC_APP_BOOK0_T2,120243254910190003,2026-05-11,"Ads on Facebook Reels",android_tablet,facebook,android_tablet,,,,2026-05-02,Ongoing,"1-day click, 1-day view, or 1-day engaged-view",,,,,,,,,,,,,,,,,,,,,,1,,,,,,,,,,,,,,,,,,,,,,,,,2026-05-11,2026-05-11
"BOOK0_APP_MAY26_ADR_MST_V1 [Android]",120243254910040003,C2_APB_TOP_1865_ADR_BOOK0_V2,120243254910060003,C2B_STC_APP_BOOK0_T2,120243254910110003,2026-06-02,Feed,android_smartphone,instagram,0,,,,2026-05-02,Ongoing,"1-day click, 1-day view, or 1-day engaged-view",,,,,,,,,,,,,,,,,,,,,,,,,,,,,,,2,,,,,,,,,,,,,,,,2026-06-02,2026-06-02
"BOOK0_APP_MAY26_ADR_MST_V1 [Android]",120243254910040003,C2_APB_TOP_1865_ADR_BOOK0_V2,120243254910060003,C2B_STC_APP_BOOK0_T2,120243254910110003,2026-05-12,"Facebook Reels",android_tablet,facebook,android_tablet,,,,2026-05-02,Ongoing,"1-day click, 1-day view, or 1-day engaged-view",,,,,,,,,,,,,,,,,,,,,,1,,,,,,,,,,,,,,,1,,,,,,,,,,2026-05-12,2026-05-12
"BOOK0_APP_MAY26_ADR_MST_V1 [Android]",120243254910040003,C2_APB_TOP_1865_ADR_BOOK0_V2,120243254910060003,C2B_STC_APP_BOOK0_T2,120243254910110003,2026-06-02,Feed,android_tablet,instagram,android_tablet,,,,2026-05-02,Ongoing,"1-day click, 1-day view, or 1-day engaged-view",,,,,,,,,,,,,,,,,,,,,,2,,,,,,,,,,,,,,,,,,,,,,,,,2026-06-02,2026-06-02
"BOOK0_APP_MAY26_ADR_MST_V1 [Android]",120243254910040003,C2_APB_TOP_1865_ADR_BOOK0_V2,120243254910060003,C2B_STC_APP_BOOK0_T2,120243254910110003,2026-06-02,"Facebook Reels",android_tablet,facebook,0,,,,2026-05-02,Ongoing,"1-day click, 1-day view, or 1-day engaged-view",,,,,,,,,,,,,,,,,,,,,,,,,,,,,,,1,,,,,,,,,,,,,,,,2026-06-02,2026-06-02
"BOOK0_APP_MAY26_ADR_MST_V1 [Android]",120243254910040003,C2_APB_TOP_1865_ADR_BOOK0_V2,120243254910060003,C2B_STC_APP_BOOK0_T2,120243254910110003,2026-06-02,"Facebook Reels",android_tablet,facebook,android_tablet,,,,2026-05-02,Ongoing,"1-day click, 1-day view, or 1-day engaged-view",,,,,,,,,,,,,,,,,,,,,,1,,,,,,,,,,,,,,,1,,,,,,,,,,2026-06-02,2026-06-02
"BOOK0_APP_MAY26_ADR_MST_V1 [Android]",120243254910040003,C2_APB_TOP_1865_ADR_BOOK0_V2,120243254910060003,C2B_STC_APP_BOOK0_T2,120243254910110003,2026-06-02,Feed,android_tablet,facebook,android_tablet,,,,2026-05-02,Ongoing,"1-day click, 1-day view, or 1-day engaged-view",,,,,,,,,,,,,,,,,,,,,,1,,,,,,,,,,,,,,,,,,,,,,,,,2026-06-02,2026-06-02
"BOOK0_APP_MAY26_ADR_MST_V1 [Android]",120243254910040003,C2_APB_TOP_1865_ADR_BOOK0_V2,120243254910060003,C2B_STC_APP_BOOK0_T2,120243254910110003,2026-06-02,"Instagram Reels",android_smartphone,instagram,android_smartphone,,,,2026-05-02,Ongoing,"1-day click, 1-day view, or 1-day engaged-view",,,,,,,,,,,,,,,,,,,,,,4,,,,,,,,,,,,,,,,,,,,,,,,,2026-06-02,2026-06-02
"BOOK0_APP_MAY26_ADR_MST_V1 [Android]",120243254910040003,C2_APB_TOP_1865_ADR_BOOK0_V2,120243254910060003,C2B_STC_APP_BOOK0_T2,120243254910110003,2026-06-02,Feed,android_smartphone,instagram,android_smartphone,,,,2026-05-02,Ongoing,"1-day click, 1-day view, or 1-day engaged-view",,,,,,,,,,,,,,,,,,,,,,2,,,,,,,,,,,,2,,,2,,2,,,,,,,,2026-06-02,2026-06-02
"BOOK0_APP_MAY26_ADR_MST_V1 [Android]",120243254910040003,C2_APB_TOP_1865_ADR_BOOK0_V2,120243254910060003,C2B_STC_APP_BOOK0_T2,120243254910110003,2026-05-12,"Threads feed",android_smartphone,threads,android_smartphone,,,,2026-05-02,Ongoing,"1-day click, 1-day view, or 1-day engaged-view",,,,,,,,,,,,,,,,,,,,,,,,,,,,,,,,,,,,,1,,,,,,,,,,2026-05-12,2026-05-12
"BOOK0_APP_MAY26_ADR_MST_V1 [Android]",120243254910040003,C2_APB_TOP_1865_ADR_BOOK0_V2,120243254910060003,C2B_STC_APP_BOOK0_T2,120243254910110003,2026-06-02,"Facebook Reels",android_smartphone,facebook,0,,,,2026-05-02,Ongoing,"1-day click, 1-day view, or 1-day engaged-view",,,,,,,,,,,,,,,,,,,,,,,,,,,,,,,5,,,,,,,,,,,,,,,,2026-06-02,2026-06-02
"BOOK0_APP_MAY26_ADR_MST_V1 [Android]",120243254910040003,C2_APB_TOP_1865_ADR_BOOK0_V2,120243254910060003,C2B_STC_APP_BOOK0_T2,120243254910110003,2026-06-02,"Facebook Reels",android_smartphone,facebook,android_smartphone,,,,2026-05-02,Ongoing,"1-day click, 1-day view, or 1-day engaged-view",,,,,,,,,,,,,,,,,,,,,,8,,,,,,,,,,,,,,,5,,,,2,,,,,,2026-06-02,2026-06-02
"BOOK0_APP_MAY26_ADR_MST_V1 [Android]",120243254910040003,C2_APB_TOP_1865_ADR_BOOK0_V2,120243254910060003,C2B_STC_APP_BOOK0_T2,120243254910110003,2026-06-02,"Native, banner & interstitial",android_tablet,audience_network,android_tablet,,,,2026-05-02,Ongoing,"1-day click, 1-day view, or 1-day engaged-view",,,,,,,,,,,,,,,,,,,,,,3,,,,,,,,,,,,,,,,,,,,,,,,,2026-06-02,2026-06-02
"BOOK0_APP_MAY26_ADR_MST_V1 [Android]",120243254910040003,C2_APB_TOP_1865_ADR_BOOK0_V2,120243254910060003,C2B_STC_APP_BOOK0_T2,120243254910110003,2026-06-02,"Native, banner & interstitial",android_smartphone,audience_network,android_smartphone,,,,2026-05-02,Ongoing,"1-day click, 1-day view, or 1-day engaged-view",,,,,,,,,,,,,,,,,,,,,,21,,,,,,,,,,,,,,,,,,,,,,,,,2026-06-02,2026-06-02
"BOOK0_APP_MAY26_ADR_MST_V1 [Android]",120243254910040003,C2_APB_TOP_1865_ADR_BOOK0_V2,120243254910060003,C2B_STC_APP_BOOK0_T2,120243254910110003,2026-06-02,Feed,android_smartphone,facebook,0,,,,2026-05-02,Ongoing,"1-day click, 1-day view, or 1-day engaged-view",,,,,,,,,,,,,,,,,,,,,,,,,,,,,,,2,,,,,,,,,,,,,,,,2026-06-02,2026-06-02
"BOOK0_APP_MAY26_ADR_MST_V1 [Android]",120243254910040003,C2_APB_TOP_1865_ADR_BOOK0_V2,120243254910060003,C2B_STC_APP_BOOK0_T2,120243254910110003,2026-06-02,Feed,android_smartphone,facebook,android_smartphone,,,,2026-05-02,Ongoing,"1-day click, 1-day view, or 1-day engaged-view",,,,,,,,,,,,,,,,,,,,,,7,,,,,,,,,,,,2,,,2,,2,,,,,,,,2026-06-02,2026-06-02
"BOOK0_APP_MAY26_ADR_MST_V1 [Android]",120243254910040003,C2_APB_TOP_1865_ADR_BOOK0_V2,120243254910060003,C2B_STC_APP_BOOK0_T2,120243254910110003,2026-06-02,"Threads feed",android_smartphone,threads,android_smartphone,,,,2026-05-02,Ongoing,"1-day click, 1-day view, or 1-day engaged-view",,,,,,,,,,,,,,,,,,,,,,2,,,,,,,,,,,,,,,,,,,,,,,,,2026-06-02,2026-06-02
"BOOK0_APP_MAY26_ADR_MST_V1 [Android]",120243254910040003,C2_APB_TOP_1865_ADR_BOOK0_V2,120243254910060003,C2B_STC_APP_BOOK0_T2,120243254910110003,2026-05-12,"Threads feed",android_smartphone,threads,0,,,,2026-05-02,Ongoing,"1-day click, 1-day view, or 1-day engaged-view",,,,,,,,,,,,,,,,,,,,,,,,,,,,,,,1,,,,,,,,,,,,,,,,2026-05-12,2026-05-12
"BOOK0_APP_MAY26_ADR_MST_V1 [Android]",120243254910040003,C1_APB_TOP_1865_ADR_BOOK0_V2,120243254910070003,C1D_STC_APP_BOOK0_T2,120243254910190003,2026-05-12,"Facebook Stories",android_smartphone,facebook,0,,,,2026-05-02,Ongoing,"1-day click, 1-day view, or 1-day engaged-view",,,,,,,,,,,,,,,,,,,,,,,,,,,,,,,1,,,,,,,,,,,,,,,,2026-05-12,2026-05-12
"BOOK0_APP_MAY26_ADR_MST_V1 [Android]",120243254910040003,C2_APB_TOP_1865_ADR_BOOK0_V2,120243254910060003,C2B_STC_APP_BOOK0_T2,120243254910110003,2026-06-02,"Instagram Stories",android_smartphone,instagram,android_smartphone,,,,2026-05-02,Ongoing,"1-day click, 1-day view, or 1-day engaged-view",,,,,,,,,,,,,,,,,,,,,,2,,,,,,,,,,,,,,,1,,,,,,,,,,2026-06-02,2026-06-02
"BOOK0_APP_MAY26_ADR_MST_V1 [Android]",120243254910040003,TEST_APB_TOF_1865_ADR_BOOK0,120244850332940003,C6A_STC_APP_BOOK0_T2,120244850332910003,2026-06-03,Feed,android_smartphone,facebook,android_smartphone,,,,2026-05-25,Ongoing,"1-day click, 1-day view, or 1-day engaged-view",,,,,,,,,,,,,,,,,,,,,,13,,,,,,,,,,,,1,,,4,,1,,,,,,,,2026-06-03,2026-06-03
"BOOK0_APP_MAY26_ADR_MST_V1 [Android]",120243254910040003,C2_APB_TOP_1865_ADR_BOOK0_V2,120243254910060003,C2B_STC_APP_BOOK0_T2,120243254910110003,2026-06-03,"Facebook Reels",android_tablet,facebook,android_tablet,,,,2026-05-02,Ongoing,"1-day click, 1-day view, or 1-day engaged-view",,,,,,,,,,,,,,,,,,,,,,2,,,,,,,,,,,,,,,2,,,,,,,,,,2026-06-03,2026-06-03
"BOOK0_APP_MAY26_ADR_MST_V1 [Android]",120243254910040003,TEST_APB_TOF_1865_ADR_BOOK0,120244850332940003,C6A_STC_APP_BOOK0_T2,120244850332910003,2026-06-03,"Threads feed",android_smartphone,threads,android_smartphone,,,,2026-05-25,Ongoing,"1-day click, 1-day view, or 1-day engaged-view",,,,,,,,,,,,,,,,,,,,,,1,,,,,,,,,,,,,,,,,,,,,,,,,2026-06-03,2026-06-03
"BOOK0_APP_MAY26_ADR_MST_V1 [Android]",120243254910040003,TEST_APB_TOF_1865_ADR_BOOK0,120244850332940003,C6A_STC_APP_BOOK0_T2,120244850332910003,2026-06-03,"Native, banner & interstitial",android_tablet,audience_network,android_tablet,,,,2026-05-25,Ongoing,"1-day click, 1-day view, or 1-day engaged-view",,,,,,,,,,,,,,,,,,,,,,3,,,,,,,,,,,,,,,,,,,,,,,,,2026-06-03,2026-06-03
"BOOK0_APP_MAY26_ADR_MST_V1 [Android]",120243254910040003,TEST_APB_TOF_1865_ADR_BOOK0,120244850332940003,C6A_STC_APP_BOOK0_T2,120244850332910003,2026-06-03,Feed,android_smartphone,instagram,android_smartphone,,,,2026-05-25,Ongoing,"1-day click, 1-day view, or 1-day engaged-view",,,,,,,,,,,,,,,,,,,,,,3,,,,,,,,,,,,,,,,,,,,,,,,,2026-06-03,2026-06-03
"BOOK0_APP_MAY26_ADR_MST_V1 [Android]",120243254910040003,TEST_APB_TOF_1865_ADR_BOOK0,120244850332940003,C6A_STC_APP_BOOK0_T2,120244850332910003,2026-06-03,"Native, banner & interstitial",android_smartphone,audience_network,android_smartphone,,,,2026-05-25,Ongoing,"1-day click, 1-day view, or 1-day engaged-view",,,,,,,,,,,,,,,,,,,,,,30,,,,,,,,,,,,,,,,,,,,,,,,,2026-06-03,2026-06-03
"BOOK0_APP_MAY26_ADR_MST_V1 [Android]",120243254910040003,TEST_APB_TOF_1865_ADR_BOOK0,120244850332940003,C6A_STC_APP_BOOK0_T2,120244850332910003,2026-06-03,Feed,android_smartphone,facebook,0,,,,2026-05-25,Ongoing,"1-day click, 1-day view, or 1-day engaged-view",,,,,,,,,,,,,,,,,,,,,,,,,,,,,,,4,,,,,,,,,,,,,,,,2026-06-03,2026-06-03
"BOOK0_APP_MAY26_ADR_MST_V1 [Android]",120243254910040003,TEST_APB_TOF_1865_ADR_BOOK0,120244850332940003,C6A_STC_APP_BOOK0_T2,120244850332910003,2026-06-03,"Instagram Stories",android_smartphone,instagram,0,,,,2026-05-25,Ongoing,"1-day click, 1-day view, or 1-day engaged-view",,,,,,,,,,,,,,,,,,,,,,,,,,,,,,,1,,,,,,,,,,,,,,,,2026-06-03,2026-06-03
"BOOK0_APP_MAY26_ADR_MST_V1 [Android]",120243254910040003,C1_APB_TOP_1865_ADR_BOOK0_V2,120243254910070003,C1D_STC_APP_BOOK0_T2,120243254910190003,2026-05-12,"Facebook Stories",android_smartphone,facebook,android_smartphone,,,,2026-05-02,Ongoing,"1-day click, 1-day view, or 1-day engaged-view",,,,,,,,,,,,,,,,,,,,,,1,,,,,,,,,,,,,,,1,,,,,,,,,,2026-05-12,2026-05-12
"BOOK0_APP_MAY26_ADR_MST_V1 [Android]",120243254910040003,TEST_APB_TOF_1865_ADR_BOOK0,120244850332940003,C6A_STC_APP_BOOK0_T2,120244850332910003,2026-06-03,"Instagram Stories",android_smartphone,instagram,android_smartphone,,,,2026-05-25,Ongoing,"1-day click, 1-day view, or 1-day engaged-view",,,,,,,,,,,,,,,,,,,,,,5,,,,,,,,,,,,,,,1,,,,,,,,,,2026-06-03,2026-06-03
"BOOK0_APP_MAY26_ADR_MST_V1 [Android]",120243254910040003,TEST_APB_TOF_1865_ADR_BOOK0,120244850332940003,C6A_STC_APP_BOOK0_T2,120244850332910003,2026-06-03,"Facebook Reels",android_smartphone,facebook,0,,,,2026-05-25,Ongoing,"1-day click, 1-day view, or 1-day engaged-view",,,,,,,,,,,,,,,,,,,,,,,,,,,,,,,1,,,,,,,,,,,,,,,,2026-06-03,2026-06-03
"BOOK0_APP_MAY26_ADR_MST_V1 [Android]",120243254910040003,TEST_APB_TOF_1865_ADR_BOOK0,120244850332940003,C6A_STC_APP_BOOK0_T2,120244850332910003,2026-06-03,"Facebook Reels",android_smartphone,facebook,android_smartphone,,,,2026-05-25,Ongoing,"1-day click, 1-day view, or 1-day engaged-view",,,,,,,,,,,,,,,,,,,,,,1,,,,,,,,,,,,,,,1,,,,,,,,,,2026-06-03,2026-06-03
"BOOK0_APP_MAY26_ADR_MST_V1 [Android]",120243254910040003,TEST_APB_TOF_1865_ADR_BOOK0,120244850332940003,C6A_STC_APP_BOOK0_T2,120244850332910003,2026-06-03,"Facebook Reels",android_tablet,facebook,android_tablet,,,,2026-05-25,Ongoing,"1-day click, 1-day view, or 1-day engaged-view",,,,,,,,,,,,,,,,,,,,,,1,,,,,,,,,,,,,,,,,,,,,,,,,2026-06-03,2026-06-03
"BOOK0_APP_MAY26_ADR_MST_V1 [Android]",120243254910040003,TEST_APB_TOF_1865_ADR_BOOK0,120244850332940003,C6A_STC_APP_BOOK0_T2,120244850332910003,2026-06-03,Feed,android_tablet,instagram,android_tablet,,,,2026-05-25,Ongoing,"1-day click, 1-day view, or 1-day engaged-view",,,,,,,,,,,,,,,,,,,,,,1,,,,,,,,,,,,,,,,,,,,,,,,,2026-06-03,2026-06-03
"BOOK0_APP_MAY26_ADR_MST_V1 [Android]",120243254910040003,TEST_APB_TOF_1865_ADR_BOOK0,120244850332940003,C6A_STC_APP_BOOK0_T2,120244850332910003,2026-06-03,"Instagram Reels",android_smartphone,instagram,android_smartphone,,,,2026-05-25,Ongoing,"1-day click, 1-day view, or 1-day engaged-view",,,,,,,,,,,,,,,,,,,,,,1,,,,,,,,,,,,,,,,,,,,,,,,,2026-06-03,2026-06-03
"BOOK0_APP_MAY26_ADR_MST_V1 [Android]",120243254910040003,C1_APB_TOP_1865_ADR_BOOK0_V2,120243254910070003,C1D_STC_APP_BOOK0_T2,120243254910190003,2026-05-12,Feed,android_tablet,facebook,0,,,,2026-05-02,Ongoing,"1-day click, 1-day view, or 1-day engaged-view",,,,,,,,,,,,,,,,,,,,,,,,,,,,,,,1,,,,,,,,,,,,,,,,2026-05-12,2026-05-12
"BOOK0_APP_MAY26_ADR_MST_V1 [Android]",120243254910040003,C2_APB_TOP_1865_ADR_BOOK0_V2,120243254910060003,C2B_STC_APP_BOOK0_T2,120243254910110003,2026-06-02,"Instagram Stories",android_smartphone,instagram,0,,,,2026-05-02,Ongoing,"1-day click, 1-day view, or 1-day engaged-view",,,,,,,,,,,,,,,,,,,,,,,,,,,,,,,1,,,,,,,,,,,,,,,,2026-06-02,2026-06-02
"BOOK0_APP_MAY26_ADR_MST_V1 [Android]",120243254910040003,TEST_APB_TOF_1865_ADR_BOOK0,120244850332940003,C5D_STC_APP_BOOK0_T2,120244850332930003,2026-06-02,Feed,android_tablet,facebook,android_tablet,,,,2026-05-25,Ongoing,"1-day click, 1-day view, or 1-day engaged-view",,,,,,,,,,,,,,,,,,,,,,1,,,,,,,,,,,,,,,,,,,,,,,,,2026-06-02,2026-06-02
"BOOK0_APP_MAY26_ADR_MST_V1 [Android]",120243254910040003,C2_APB_TOP_1865_ADR_BOOK0_V2,120243254910060003,C2B_STC_APP_BOOK0_T2,120243254910110003,2026-06-03,"Native, banner & interstitial",android_tablet,audience_network,android_tablet,,,,2026-05-02,Ongoing,"1-day click, 1-day view, or 1-day engaged-view",,,,,,,,,,,,,,,,,,,,,,1,,,,,,,,,,,,,,,,,,,,,,,,,2026-06-03,2026-06-03
"BOOK0_APP_MAY26_ADR_MST_V1 [Android]",120243254910040003,C2_APB_TOP_1865_ADR_BOOK0_V2,120243254910060003,C2B_STC_APP_BOOK0_T2,120243254910110003,2026-06-01,Feed,android_smartphone,facebook,0,,,,2026-05-02,Ongoing,"1-day click, 1-day view, or 1-day engaged-view",,,,,,,,,,,,,,,,,,,,,,,,,,,,,,,5,,,,,,,,,,,,,,,,2026-06-01,2026-06-01
"BOOK0_APP_MAY26_ADR_MST_V1 [Android]",120243254910040003,C2_APB_TOP_1865_ADR_BOOK0_V2,120243254910060003,C2B_STC_APP_BOOK0_T2,120243254910110003,2026-05-12,"Instagram Reels",android_smartphone,instagram,0,,,,2026-05-02,Ongoing,"1-day click, 1-day view, or 1-day engaged-view",,,,,,,,,,,,,,,,,,,,,,,,,,,,,,,1,,,,,,,,,,,,,,,,2026-05-12,2026-05-12
"BOOK0_APP_MAY26_ADR_MST_V1 [Android]",120243254910040003,C4_APB_TOP_1865_ADR_BOOK0_V2,120243254910200003,C4C_STC_APP_BOOK0_T2,120243254910120003,2026-05-12,Feed,android_smartphone,instagram,android_smartphone,,,,2026-05-02,Ongoing,"1-day click, 1-day view, or 1-day engaged-view",,,,,,,,,,,,,,,,,,,,,,4,,,,,,,,,,,,,,,,,,,,,,,,,2026-05-12,2026-05-12
"BOOK0_APP_MAY26_ADR_MST_V1 [Android]",120243254910040003,C4_APB_TOP_1865_ADR_BOOK0_V2,120243254910200003,C4C_STC_APP_BOOK0_T2,120243254910120003,2026-05-12,"Instagram Reels",android_smartphone,instagram,android_smartphone,,,,2026-05-02,Ongoing,"1-day click, 1-day view, or 1-day engaged-view",,,,,,,,,,,,,,,,,,,,,,1,,,,,,,,,,,,,,,,,,,,,,,,,2026-05-12,2026-05-12
"BOOK0_APP_MAY26_ADR_MST_V1 [Android]",120243254910040003,C4_APB_TOP_1865_ADR_BOOK0_V2,120243254910200003,C4C_STC_APP_BOOK0_T2,120243254910120003,2026-05-12,"Facebook Reels",android_smartphone,facebook,android_smartphone,,,,2026-05-02,Ongoing,"1-day click, 1-day view, or 1-day engaged-view",,,,,,,,,,,,,,,,,,,,,,3,,,,,,,,,,,,,,,2,,,,,,,,,,2026-05-12,2026-05-12
"BOOK0_APP_MAY26_ADR_MST_V1 [Android]",120243254910040003,C4_APB_TOP_1865_ADR_BOOK0_V2,120243254910200003,C4C_STC_APP_BOOK0_T2,120243254910120003,2026-05-12,"Facebook Reels",android_smartphone,facebook,0,,,,2026-05-02,Ongoing,"1-day click, 1-day view, or 1-day engaged-view",,,,,,,,,,,,,,,,,,,,,,,,,,,,,,,2,,,,,,,,,,,,,,,,2026-05-12,2026-05-12
"BOOK0_APP_MAY26_ADR_MST_V1 [Android]",120243254910040003,C2_APB_TOP_1865_ADR_BOOK0_V2,120243254910060003,C2B_STC_APP_BOOK0_T2,120243254910110003,2026-06-01,"Instagram Reels",android_smartphone,instagram,android_smartphone,,,,2026-05-02,Ongoing,"1-day click, 1-day view, or 1-day engaged-view",,,,,,,,,,,,,,,,,,,,,,2,,,,,,,,,,,,,,,,,,,,,,,,,2026-06-01,2026-06-01
"BOOK0_APP_MAY26_ADR_MST_V1 [Android]",120243254910040003,C2_APB_TOP_1865_ADR_BOOK0_V2,120243254910060003,C2B_STC_APP_BOOK0_T2,120243254910110003,2026-06-01,Feed,android_smartphone,facebook,android_smartphone,,,,2026-05-02,Ongoing,"1-day click, 1-day view, or 1-day engaged-view",,,,,,,,,,,,,,,,,,,,,,17,,,,,,,,,,,,2,,,5,,2,,1,,,,,,2026-06-01,2026-06-01
"BOOK0_APP_MAY26_ADR_MST_V1 [Android]",120243254910040003,C2_APB_TOP_1865_ADR_BOOK0_V2,120243254910060003,C2B_STC_APP_BOOK0_T2,120243254910110003,2026-05-12,Feed,android_smartphone,facebook,0,,,,2026-05-02,Ongoing,"1-day click, 1-day view, or 1-day engaged-view",,,,,,,,,,,,,,,,,,,,,,,,,,,,,,,3,,,,,,,,,,,,,,,,2026-05-12,2026-05-12
"BOOK0_APP_MAY26_ADR_MST_V1 [Android]",120243254910040003,C2_APB_TOP_1865_ADR_BOOK0_V2,120243254910060003,C2B_STC_APP_BOOK0_T2,120243254910110003,2026-06-01,"Native, banner & interstitial",android_smartphone,audience_network,android_smartphone,,,,2026-05-02,Ongoing,"1-day click, 1-day view, or 1-day engaged-view",,,,,,,,,,,,,,,,,,,,,,27,,,,,,,,,,,,,,,,,,,,,,,,,2026-06-01,2026-06-01
"BOOK0_APP_MAY26_ADR_MST_V1 [Android]",120243254910040003,C2_APB_TOP_1865_ADR_BOOK0_V2,120243254910060003,C2B_STC_APP_BOOK0_T2,120243254910110003,2026-06-01,Feed,android_smartphone,instagram,0,,,,2026-05-02,Ongoing,"1-day click, 1-day view, or 1-day engaged-view",,,,,,,,,,,,,,,,,,,,,,,,,,,,,,,2,,,,,,,,,,,,,,,,2026-06-01,2026-06-01
"BOOK0_APP_MAY26_ADR_MST_V1 [Android]",120243254910040003,C2_APB_TOP_1865_ADR_BOOK0_V2,120243254910060003,C2B_STC_APP_BOOK0_T2,120243254910110003,2026-06-01,Feed,android_smartphone,instagram,android_smartphone,,,,2026-05-02,Ongoing,"1-day click, 1-day view, or 1-day engaged-view",,,,,,,,,,,,,,,,,,,,,,4,,,,,,,,,,,,1,,,2,,1,,2,,,,,,2026-06-01,2026-06-01
"BOOK0_APP_MAY26_ADR_MST_V1 [Android]",120243254910040003,C2_APB_TOP_1865_ADR_BOOK0_V2,120243254910060003,C2B_STC_APP_BOOK0_T2,120243254910110003,2026-06-01,"Facebook Reels",android_smartphone,facebook,0,,,,2026-05-02,Ongoing,"1-day click, 1-day view, or 1-day engaged-view",,,,,,,,,,,,,,,,,,,,,,,,,,,,,,,2,,,,,,,,,,,,,,,,2026-06-01,2026-06-01
"BOOK0_APP_MAY26_ADR_MST_V1 [Android]",120243254910040003,C2_APB_TOP_1865_ADR_BOOK0_V2,120243254910060003,C2B_STC_APP_BOOK0_T2,120243254910110003,2026-06-01,"Facebook Reels",android_smartphone,facebook,android_smartphone,,,,2026-05-02,Ongoing,"1-day click, 1-day view, or 1-day engaged-view",,,,,,,,,,,,,,,,,,,,,,8,,,,,,,,,,,,,,,2,,,,,,,,,,2026-06-01,2026-06-01
"BOOK0_APP_MAY26_ADR_MST_V1 [Android]",120243254910040003,C2_APB_TOP_1865_ADR_BOOK0_V2,120243254910060003,C2B_STC_APP_BOOK0_T2,120243254910110003,2026-06-01,"Facebook profile feed",android_smartphone,facebook,android_smartphone,,,,2026-05-02,Ongoing,"1-day click, 1-day view, or 1-day engaged-view",,,,,,,,,,,,,,,,,,,,,,1,,,,,,,,,,,,,,,,,,,,,,,,,2026-06-01,2026-06-01
"BOOK0_APP_MAY26_ADR_MST_V1 [Android]",120243254910040003,C2_APB_TOP_1865_ADR_BOOK0_V2,120243254910060003,C2B_STC_APP_BOOK0_T2,120243254910110003,2026-06-01,"Native, banner & interstitial",android_tablet,audience_network,android_tablet,,,,2026-05-02,Ongoing,"1-day click, 1-day view, or 1-day engaged-view",,,,,,,,,,,,,,,,,,,,,,2,,,,,,,,,,,,,,,,,,,,,,,,,2026-06-01,2026-06-01
"BOOK0_APP_MAY26_ADR_MST_V1 [Android]",120243254910040003,C2_APB_TOP_1865_ADR_BOOK0_V2,120243254910060003,C2B_STC_APP_BOOK0_T2,120243254910110003,2026-05-12,"Instagram Reels",android_smartphone,instagram,android_smartphone,,,,2026-05-02,Ongoing,"1-day click, 1-day view, or 1-day engaged-view",,,,,,,,,,,,,,,,,,,,,,3,,,,,,,,,,,,,,,1,,,,,,,,,,2026-05-12,2026-05-12
"BOOK0_APP_MAY26_ADR_MST_V1 [Android]",120243254910040003,C2_APB_TOP_1865_ADR_BOOK0_V2,120243254910060003,C2B_STC_APP_BOOK0_T2,120243254910110003,2026-05-12,Feed,android_smartphone,facebook,android_smartphone,,,,2026-05-02,Ongoing,"1-day click, 1-day view, or 1-day engaged-view",,,,,,,,,,,,,,,,,,,,,,16,,,,,,,,,,,,1,,,3,,1,,1,,,,,,2026-05-12,2026-05-12
"BOOK0_APP_MAY26_ADR_MST_V1 [Android]",120243254910040003,TEST_APB_TOF_1865_ADR_BOOK0,120244850332940003,C5D_STC_APP_BOOK0_T2,120244850332930003,2026-06-02,"Instagram Stories",android_smartphone,instagram,android_smartphone,,,,2026-05-25,Ongoing,"1-day click, 1-day view, or 1-day engaged-view",,,,,,,,,,,,,,,,,,,,,,1,,,,,,,,,,,,,,,,,,,,,,,,,2026-06-02,2026-06-02
"BOOK0_APP_MAY26_ADR_MST_V1 [Android]",120243254910040003,TEST_APB_TOF_1865_ADR_BOOK0,120244850332940003,C6A_STC_APP_BOOK0_T2,120244850332910003,2026-06-02,"Instagram Stories",android_smartphone,instagram,android_smartphone,,,,2026-05-25,Ongoing,"1-day click, 1-day view, or 1-day engaged-view",,,,,,,,,,,,,,,,,,,,,,6,,,,,,,,,,,,,,,,,,,,,,,,,2026-06-02,2026-06-02
"BOOK0_APP_MAY26_ADR_MST_V1 [Android]",120243254910040003,TEST_APB_TOF_1865_ADR_BOOK0,120244850332940003,C6A_STC_APP_BOOK0_T2,120244850332910003,2026-06-02,"Facebook Stories",android_smartphone,facebook,android_smartphone,,,,2026-05-25,Ongoing,"1-day click, 1-day view, or 1-day engaged-view",,,,,,,,,,,,,,,,,,,,,,1,,,,,,,,,,,,,,,,,,,,,,,,,2026-06-02,2026-06-02
"BOOK0_APP_MAY26_ADR_MST_V1 [Android]",120243254910040003,TEST_APB_TOF_1865_ADR_BOOK0,120244850332940003,C6A_STC_APP_BOOK0_T2,120244850332910003,2026-06-02,Feed,android_smartphone,instagram,0,,,,2026-05-25,Ongoing,"1-day click, 1-day view, or 1-day engaged-view",,,,,,,,,,,,,,,,,,,,,,,,,,,,,,,2,,,,,,,,,,,,,,,,2026-06-02,2026-06-02
"BOOK0_APP_MAY26_ADR_MST_V1 [Android]",120243254910040003,TEST_APB_TOF_1865_ADR_BOOK0,120244850332940003,C6A_STC_APP_BOOK0_T2,120244850332910003,2026-06-02,Feed,android_smartphone,instagram,android_smartphone,,,,2026-05-25,Ongoing,"1-day click, 1-day view, or 1-day engaged-view",,,,,,,,,,,,,,,,,,,,,,3,,,,,,,,,,,,1,,,2,,1,,,,,,,,2026-06-02,2026-06-02
"BOOK0_APP_MAY26_ADR_MST_V1 [Android]",120243254910040003,TEST_APB_TOF_1865_ADR_BOOK0,120244850332940003,C6A_STC_APP_BOOK0_T2,120244850332910003,2026-06-02,"Instagram Reels",android_smartphone,instagram,android_smartphone,,,,2026-05-25,Ongoing,"1-day click, 1-day view, or 1-day engaged-view",,,,,,,,,,,,,,,,,,,,,,1,,,,,,,,,,,,,,,,,,,,,,,,,2026-06-02,2026-06-02
"BOOK0_APP_MAY26_ADR_MST_V1 [Android]",120243254910040003,TEST_APB_TOF_1865_ADR_BOOK0,120244850332940003,C6A_STC_APP_BOOK0_T2,120244850332910003,2026-06-02,Feed,android_smartphone,facebook,0,,,,2026-05-25,Ongoing,"1-day click, 1-day view, or 1-day engaged-view",,,,,,,,,,,,,,,,,,,,,,,,,,,,,,,2,,,,,,,,,,,,,,,,2026-06-02,2026-06-02
"BOOK0_APP_MAY26_ADR_MST_V1 [Android]",120243254910040003,TEST_APB_TOF_1865_ADR_BOOK0,120244850332940003,C6A_STC_APP_BOOK0_T2,120244850332910003,2026-06-02,Feed,android_smartphone,facebook,android_smartphone,,,,2026-05-25,Ongoing,"1-day click, 1-day view, or 1-day engaged-view",,,,,,,,,,,,,,,,,,,,,,16,,,,,,,,,,,,1,,,2,,1,,1,,,,,,2026-06-02,2026-06-02
"BOOK0_APP_MAY26_ADR_MST_V1 [Android]",120243254910040003,TEST_APB_TOF_1865_ADR_BOOK0,120244850332940003,C6A_STC_APP_BOOK0_T2,120244850332910003,2026-06-02,"Native, banner & interstitial",android_smartphone,audience_network,android_smartphone,,,,2026-05-25,Ongoing,"1-day click, 1-day view, or 1-day engaged-view",,,,,,,,,,,,,,,,,,,,,,16,,,,,,,,,,,,,,,,,,,,,,,,,2026-06-02,2026-06-02
"BOOK0_APP_MAY26_ADR_MST_V1 [Android]",120243254910040003,C2_APB_TOP_1865_ADR_BOOK0_V2,120243254910060003,C2B_STC_APP_BOOK0_T2,120243254910110003,2026-05-12,"Facebook Reels",android_smartphone,facebook,0,,,,2026-05-02,Ongoing,"1-day click, 1-day view, or 1-day engaged-view",,,,,,,,,,,,,,,,,,,,,,,,,,,,,,,6,,,,,,,,,,,,,,,,2026-05-12,2026-05-12
"BOOK0_APP_MAY26_ADR_MST_V1 [Android]",120243254910040003,TEST_APB_TOF_1865_ADR_BOOK0,120244850332940003,C6A_STC_APP_BOOK0_T2,120244850332910003,2026-06-02,"Native, banner & interstitial",android_tablet,audience_network,android_tablet,,,,2026-05-25,Ongoing,"1-day click, 1-day view, or 1-day engaged-view",,,,,,,,,,,,,,,,,,,,,,1,,,,,,,,,,,,,,,,,,,,,,,,,2026-06-02,2026-06-02
"BOOK0_APP_MAY26_ADR_MST_V1 [Android]",120243254910040003,TEST_APB_TOF_1865_ADR_BOOK0,120244850332940003,C6A_STC_APP_BOOK0_T2,120244850332910003,2026-06-02,Feed,android_tablet,facebook,android_tablet,,,,2026-05-25,Ongoing,"1-day click, 1-day view, or 1-day engaged-view",,,,,,,,,,,,,,,,,,,,,,1,,,,,,,,,,,,,,,,,,,,,,,,,2026-06-02,2026-06-02
"BOOK0_APP_MAY26_ADR_MST_V1 [Android]",120243254910040003,C2_APB_TOP_1865_ADR_BOOK0_V2,120243254910060003,C2B_STC_APP_BOOK0_T2,120243254910110003,2026-05-12,"Facebook Reels",android_tablet,facebook,0,,,,2026-05-02,Ongoing,"1-day click, 1-day view, or 1-day engaged-view",,,,,,,,,,,,,,,,,,,,,,,,,,,,,,,1,,,,,,,,,,,,,,,,2026-05-12,2026-05-12
"BOOK0_APP_MAY26_ADR_MST_V1 [Android]",120243254910040003,C2_APB_TOP_1865_ADR_BOOK0_V2,120243254910060003,C2B_STC_APP_BOOK0_T2,120243254910110003,2026-05-12,Feed,android_smartphone,instagram,android_smartphone,,,,2026-05-02,Ongoing,"1-day click, 1-day view, or 1-day engaged-view",,,,,,,,,,,,,,,,,,,,,,1,,,,,,,,,,,,,,,,,,,,,,,,,2026-05-12,2026-05-12
"BOOK0_APP_MAY26_ADR_MST_V1 [Android]",120243254910040003,C2_APB_TOP_1865_ADR_BOOK0_V2,120243254910060003,C2B_STC_APP_BOOK0_T2,120243254910110003,2026-05-12,"Instagram Stories",android_smartphone,instagram,android_smartphone,,,,2026-05-02,Ongoing,"1-day click, 1-day view, or 1-day engaged-view",,,,,,,,,,,,,,,,,,,,,,1,,,,,,,,,,,,,,,,,,,,,,,,,2026-05-12,2026-05-12
"BOOK0_APP_MAY26_ADR_MST_V1 [Android]",120243254910040003,C2_APB_TOP_1865_ADR_BOOK0_V2,120243254910060003,C2B_STC_APP_BOOK0_T2,120243254910110003,2026-05-12,"Facebook profile feed",android_smartphone,facebook,android_smartphone,,,,2026-05-02,Ongoing,"1-day click, 1-day view, or 1-day engaged-view",,,,,,,,,,,,,,,,,,,,,,2,,,,,,,,,,,,,,,,,,,,,,,,,2026-05-12,2026-05-12
"BOOK0_APP_MAY26_ADR_MST_V1 [Android]",120243254910040003,C2_APB_TOP_1865_ADR_BOOK0_V2,120243254910060003,C2B_STC_APP_BOOK0_T2,120243254910110003,2026-05-12,"Facebook Reels",android_smartphone,facebook,android_smartphone,,,,2026-05-02,Ongoing,"1-day click, 1-day view, or 1-day engaged-view",,,,,,,,,,,,,,,,,,,,,,13,,,,,,,,,,,,2,,,6,,2,,2,,,,,,2026-05-12,2026-05-12
"BOOK0_APP_MAY26_ADR_MST_V1 [Android]",120243254910040003,C2_APB_TOP_1865_ADR_BOOK0_V2,120243254910060003,C2B_STC_APP_BOOK0_T2,120243254910110003,2026-06-03,"Facebook Reels",android_tablet,facebook,0,,,,2026-05-02,Ongoing,"1-day click, 1-day view, or 1-day engaged-view",,,,,,,,,,,,,,,,,,,,,,,,,,,,,,,2,,,,,,,,,,,,,,,,2026-06-03,2026-06-03
"BOOK0_APP_MAY26_ADR_MST_V1 [Android]",120243254910040003,C2_APB_TOP_1865_ADR_BOOK0_V2,120243254910060003,C2B_STC_APP_BOOK0_T2,120243254910110003,2026-06-03,"Facebook profile feed",android_smartphone,facebook,android_smartphone,,,,2026-05-02,Ongoing,"1-day click, 1-day view, or 1-day engaged-view",,,,,,,,,,,,,,,,,,,,,,1,,,,,,,,,,,,,,,,,,,,,,,,,2026-06-03,2026-06-03
"BOOK0_APP_MAY26_ADR_MST_V1 [Android]",120243254910040003,TEST_APB_TOF_1865_ADR_BOOK0,120244850332940003,C6A_STC_APP_BOOK0_T2,120244850332910003,2026-06-01,"In-stream reels",android_smartphone,facebook,android_smartphone,,,,2026-05-25,Ongoing,"1-day click, 1-day view, or 1-day engaged-view",,,,,,,,,,,,,,,,,,,,,,2,,,,,,,,,,,,,,,1,,,,1,,,,,,2026-06-01,2026-06-01
"BOOK0_APP_MAY26_ADR_MST_V1 [Android]",120243254910040003,C2_APB_TOP_1865_ADR_BOOK0_V2,120243254910060003,C2B_STC_APP_BOOK0_T2,120243254910110003,2026-06-04,"Native, banner & interstitial",android_smartphone,audience_network,android_smartphone,,,,2026-05-02,Ongoing,"1-day click, 1-day view, or 1-day engaged-view",,,,,,,,,,,,,,,,,,,,,,1,,,,,,,,,,,,,,,,,,,,,,,,,2026-06-04,2026-06-04
"BOOK0_APP_MAY26_ADR_MST_V1 [Android]",120243254910040003,C4_APB_TOP_1865_ADR_BOOK0_V2,120243254910200003,C4C_STC_APP_BOOK0_T2,120243254910120003,2026-05-11,Feed,android_smartphone,facebook,android_smartphone,,,,2026-05-02,Ongoing,"1-day click, 1-day view, or 1-day engaged-view",,,,,,,,,,,,,,,,,,,,,,8,,,,,,,,,,,,,,,2,,,,,,,,,,2026-05-11,2026-05-11
"BOOK0_APP_MAY26_ADR_MST_V1 [Android]",120243254910040003,C4_APB_TOP_1865_ADR_BOOK0_V2,120243254910200003,C4C_STC_APP_BOOK0_T2,120243254910120003,2026-05-11,Feed,android_smartphone,facebook,0,,,,2026-05-02,Ongoing,"1-day click, 1-day view, or 1-day engaged-view",,,,,,,,,,,,,,,,,,,,,,,,,,,,,,,2,,,,,,,,,,,,,,,,2026-05-11,2026-05-11
"BOOK0_APP_MAY26_ADR_MST_V1 [Android]",120243254910040003,C4_APB_TOP_1865_ADR_BOOK0_V2,120243254910200003,C4C_STC_APP_BOOK0_T2,120243254910120003,2026-05-11,Feed,android_smartphone,instagram,android_smartphone,,,,2026-05-02,Ongoing,"1-day click, 1-day view, or 1-day engaged-view",,,,,,,,,,,,,,,,,,,,,,1,,,,,,,,,,,,,,,,,,,,,,,,,2026-05-11,2026-05-11
"BOOK0_APP_MAY26_ADR_MST_V1 [Android]",120243254910040003,TEST_APB_TOF_1865_ADR_BOOK0,120244850332940003,C6B_STC_APP_BOOK0_T2,120244850332960003,2026-06-04,Feed,android_smartphone,facebook,android_smartphone,,,,2026-05-25,Ongoing,"1-day click, 1-day view, or 1-day engaged-view",,,,,,,,,,,,,,,,,,,,,,3,,,,,,,,,,,,,,,,,,,,,,,,,2026-06-04,2026-06-04
"BOOK0_APP_MAY26_ADR_MST_V1 [Android]",120243254910040003,C2_APB_TOP_1865_ADR_BOOK0_V2,120243254910060003,C2B_STC_APP_BOOK0_T2,120243254910110003,2026-06-04,"Facebook Reels",android_smartphone,facebook,0,,,,2026-05-02,Ongoing,"1-day click, 1-day view, or 1-day engaged-view",,,,,,,,,,,,,,,,,,,,,,,,,,,,,,,1,,,,,,,,,,,,,,,,2026-06-04,2026-06-04
"BOOK0_APP_MAY26_ADR_MST_V1 [Android]",120243254910040003,C2_APB_TOP_1865_ADR_BOOK0_V2,120243254910060003,C2B_STC_APP_BOOK0_T2,120243254910110003,2026-06-04,"Facebook Reels",android_smartphone,facebook,android_smartphone,,,,2026-05-02,Ongoing,"1-day click, 1-day view, or 1-day engaged-view",,,,,,,,,,,,,,,,,,,,,,1,,,,,,,,,,,,,,,1,,,,,,,,,,2026-06-04,2026-06-04
"BOOK0_APP_MAY26_ADR_MST_V1 [Android]",120243254910040003,C2_APB_TOP_1865_ADR_BOOK0_V2,120243254910060003,C2B_STC_APP_BOOK0_T2,120243254910110003,2026-06-04,"Facebook Stories",android_tablet,facebook,0,,,,2026-05-02,Ongoing,"1-day click, 1-day view, or 1-day engaged-view",,,,,,,,,,,,,,,,,,,,,,,,,,,,,,,1,,,,,,,,,,,,,,,,2026-06-04,2026-06-04
"BOOK0_APP_MAY26_ADR_MST_V1 [Android]",120243254910040003,C4_APB_TOP_1865_ADR_BOOK0_V2,120243254910200003,C4C_STC_APP_BOOK0_T2,120243254910120003,2026-05-11,"Facebook Reels",android_smartphone,facebook,android_smartphone,,,,2026-05-02,Ongoing,"1-day click, 1-day view, or 1-day engaged-view",,,,,,,,,,,,,,,,,,,,,,6,,,,,,,,,,,,,,,1,,,,,,,,,,2026-05-11,2026-05-11
"BOOK0_APP_MAY26_ADR_MST_V1 [Android]",120243254910040003,C2_APB_TOP_1865_ADR_BOOK0_V2,120243254910060003,C2B_STC_APP_BOOK0_T2,120243254910110003,2026-06-04,"Facebook Stories",android_tablet,facebook,android_tablet,,,,2026-05-02,Ongoing,"1-day click, 1-day view, or 1-day engaged-view",,,,,,,,,,,,,,,,,,,,,,1,,,,,,,,,,,,1,,,1,,1,,1,,,,,,2026-06-04,2026-06-04
"BOOK0_APP_MAY26_ADR_MST_V1 [Android]",120243254910040003,C2_APB_TOP_1865_ADR_BOOK0_V2,120243254910060003,C2B_STC_APP_BOOK0_T2,120243254910110003,2026-06-04,"In-stream reels",android_smartphone,facebook,0,,,,2026-05-02,Ongoing,"1-day click, 1-day view, or 1-day engaged-view",,,,,,,,,,,,,,,,,,,,,,,,,,,,,,,1,,,,,,,,,,,,,,,,2026-06-04,2026-06-04
"BOOK0_APP_MAY26_ADR_MST_V1 [Android]",120243254910040003,C2_APB_TOP_1865_ADR_BOOK0_V2,120243254910060003,C2B_STC_APP_BOOK0_T2,120243254910110003,2026-06-04,"In-stream reels",android_smartphone,facebook,android_smartphone,,,,2026-05-02,Ongoing,"1-day click, 1-day view, or 1-day engaged-view",,,,,,,,,,,,,,,,,,,,,,1,,,,,,,,,,,,,,,1,,,,,,,,,,2026-06-04,2026-06-04
"BOOK0_APP_MAY26_ADR_MST_V1 [Android]",120243254910040003,C2_APB_TOP_1865_ADR_BOOK0_V2,120243254910060003,C2B_STC_APP_BOOK0_T2,120243254910110003,2026-06-04,Feed,android_smartphone,instagram,0,,,,2026-05-02,Ongoing,"1-day click, 1-day view, or 1-day engaged-view",,,,,,,,,,,,,,,,,,,,,,,,,,,,,,,1,,,,,,,,,,,,,,,,2026-06-04,2026-06-04
"BOOK0_APP_MAY26_ADR_MST_V1 [Android]",120243254910040003,C2_APB_TOP_1865_ADR_BOOK0_V2,120243254910060003,C2B_STC_APP_BOOK0_T2,120243254910110003,2026-06-04,Feed,android_smartphone,instagram,android_smartphone,,,,2026-05-02,Ongoing,"1-day click, 1-day view, or 1-day engaged-view",,,,,,,,,,,,,,,,,,,,,,1,,,,,,,,,,,,,,,1,,,,1,,,,,,2026-06-04,2026-06-04
"BOOK0_APP_MAY26_ADR_MST_V1 [Android]",120243254910040003,C2_APB_TOP_1865_ADR_BOOK0_V2,120243254910060003,C2B_STC_APP_BOOK0_T2,120243254910110003,2026-06-04,"Instagram Reels",android_smartphone,instagram,android_smartphone,,,,2026-05-02,Ongoing,"1-day click, 1-day view, or 1-day engaged-view",,,,,,,,,,,,,,,,,,,,,,2,,,,,,,,,,,,,,,,,,,,,,,,,2026-06-04,2026-06-04
"BOOK0_APP_MAY26_ADR_MST_V1 [Android]",120243254910040003,C2_APB_TOP_1865_ADR_BOOK0_V2,120243254910060003,C2B_STC_APP_BOOK0_T2,120243254910110003,2026-06-04,Feed,android_smartphone,facebook,android_smartphone,,,,2026-05-02,Ongoing,"1-day click, 1-day view, or 1-day engaged-view",,,,,,,,,,,,,,,,,,,,,,1,,,,,,,,,,,,,,,,,,,,,,,,,2026-06-04,2026-06-04
"BOOK0_APP_MAY26_ADR_MST_V1 [Android]",120243254910040003,C4_APB_TOP_1865_ADR_BOOK0_V2,120243254910200003,C4C_STC_APP_BOOK0_T2,120243254910120003,2026-05-11,"Facebook Reels",android_smartphone,facebook,0,,,,2026-05-02,Ongoing,"1-day click, 1-day view, or 1-day engaged-view",,,,,,,,,,,,,,,,,,,,,,,,,,,,,,,1,,,,,,,,,,,,,,,,2026-05-11,2026-05-11
"BOOK0_APP_MAY26_ADR_MST_V1 [Android]",120243254910040003,C4_APB_TOP_1865_ADR_BOOK0_V2,120243254910200003,C4C_STC_APP_BOOK0_T2,120243254910120003,2026-05-11,"Instagram Reels",android_smartphone,instagram,0,,,,2026-05-02,Ongoing,"1-day click, 1-day view, or 1-day engaged-view",,,,,,,,,,,,,,,,,,,,,,,,,,,,,,,2,,,,,,,,,,,,,,,,2026-05-11,2026-05-11
"BOOK0_APP_MAY26_ADR_MST_V1 [Android]",120243254910040003,C1_APB_TOP_1865_ADR_BOOK0_V2,120243254910070003,C1A_STC_APP_BOOK0_T2,120243254910160003,2026-05-11,Feed,android_smartphone,facebook,android_smartphone,,,,2026-05-02,Ongoing,"1-day click, 1-day view, or 1-day engaged-view",,,,,,,,,,,,,,,,,,,,,,2,,,,,,,,,,,,,,,,,,,,,,,,,2026-05-11,2026-05-11
"BOOK0_APP_MAY26_ADR_MST_V1 [Android]",120243254910040003,C2_APB_TOP_1865_ADR_BOOK0_V2,120243254910060003,C2B_STC_APP_BOOK0_T2,120243254910110003,2026-05-11,"Instagram Reels",android_smartphone,instagram,0,,,,2026-05-02,Ongoing,"1-day click, 1-day view, or 1-day engaged-view",,,,,,,,,,,,,,,,,,,,,,,,,,,,,,,1,,,,,,,,,,,,,,,,2026-05-11,2026-05-11
"BOOK0_APP_MAY26_ADR_MST_V1 [Android]",120243254910040003,C1_APB_TOP_1865_ADR_BOOK0_V2,120243254910070003,C1D_STC_APP_BOOK0_T2,120243254910190003,2026-05-11,"Facebook Reels",android_smartphone,facebook,android_smartphone,,,,2026-05-02,Ongoing,"1-day click, 1-day view, or 1-day engaged-view",,,,,,,,,,,,,,,,,,,,,,2,,,,,,,,,,,,,,,2,,,,,,,,,,2026-05-11,2026-05-11
"BOOK0_APP_MAY26_ADR_MST_V1 [Android]",120243254910040003,C1_APB_TOP_1865_ADR_BOOK0_V2,120243254910070003,C1D_STC_APP_BOOK0_T2,120243254910190003,2026-05-11,"Facebook Reels",android_smartphone,facebook,0,,,,2026-05-02,Ongoing,"1-day click, 1-day view, or 1-day engaged-view",,,,,,,,,,,,,,,,,,,,,,,,,,,,,,,2,,,,,,,,,,,,,,,,2026-05-11,2026-05-11
"BOOK0_APP_MAY26_ADR_MST_V1 [Android]",120243254910040003,C1_APB_TOP_1865_ADR_BOOK0_V2,120243254910070003,C1D_STC_APP_BOOK0_T2,120243254910190003,2026-05-11,"In-stream reels",android_smartphone,facebook,android_smartphone,,,,2026-05-02,Ongoing,"1-day click, 1-day view, or 1-day engaged-view",,,,,,,,,,,,,,,,,,,,,,1,,,,,,,,,,,,,,,,,,,,,,,,,2026-05-11,2026-05-11
"BOOK0_APP_MAY26_ADR_MST_V1 [Android]",120243254910040003,C2_APB_TOP_1865_ADR_BOOK0_V2,120243254910060003,C2B_STC_APP_BOOK0_T2,120243254910110003,2026-05-11,Unknown,other,unknown,android_smartphone,,,,2026-05-02,Ongoing,"1-day click, 1-day view, or 1-day engaged-view",,,,,,,,,,,,,,,,,,,,,,,,,,,,,,,,,,,,,1,,,,,,,,,,2026-05-11,2026-05-11
"BOOK0_APP_MAY26_ADR_MST_V1 [Android]",120243254910040003,C2_APB_TOP_1865_ADR_BOOK0_V2,120243254910060003,C2B_STC_APP_BOOK0_T2,120243254910110003,2026-05-11,Unknown,other,unknown,0,,,,2026-05-02,Ongoing,"1-day click, 1-day view, or 1-day engaged-view",,,,,,,,,,,,,,,,,,,,,,,,,,,,,,,1,,,,,,,,,,,,,,,,2026-05-11,2026-05-11
"BOOK0_APP_MAY26_ADR_MST_V1 [Android]",120243254910040003,C2_APB_TOP_1865_ADR_BOOK0_V2,120243254910060003,C2B_STC_APP_BOOK0_T2,120243254910110003,2026-05-11,"Instagram Reels",android_smartphone,instagram,android_smartphone,,,,2026-05-02,Ongoing,"1-day click, 1-day view, or 1-day engaged-view",,,,,,,,,,,,,,,,,,,,,,2,,,,,,,,,,,,,,,1,,,,,,,,,,2026-05-11,2026-05-11
"BOOK0_APP_MAY26_ADR_MST_V1 [Android]",120243254910040003,C2_APB_TOP_1865_ADR_BOOK0_V2,120243254910060003,C2B_STC_APP_BOOK0_T2,120243254910110003,2026-05-11,"Facebook Reels",android_smartphone,facebook,android_smartphone,,,,2026-05-02,Ongoing,"1-day click, 1-day view, or 1-day engaged-view",,,,,,,,,,,,,,,,,,,,,,12,,,,,,,,,,,,,,,3,,,,1,,,,,,2026-05-11,2026-05-11
"BOOK0_APP_MAY26_ADR_MST_V1 [Android]",120243254910040003,C4_APB_TOP_1865_ADR_BOOK0_V2,120243254910200003,C4C_STC_APP_BOOK0_T2,120243254910120003,2026-05-11,"Instagram Reels",android_smartphone,instagram,android_smartphone,,,,2026-05-02,Ongoing,"1-day click, 1-day view, or 1-day engaged-view",,,,,,,,,,,,,,,,,,,,,,2,,,,,,,,,,,,,,,2,,,,,,,,,,2026-05-11,2026-05-11
"BOOK0_APP_MAY26_ADR_MST_V1 [Android]",120243254910040003,C2_APB_TOP_1865_ADR_BOOK0_V2,120243254910060003,C2B_STC_APP_BOOK0_T2,120243254910110003,2026-05-11,"Facebook Reels",android_smartphone,facebook,0,,,,2026-05-02,Ongoing,"1-day click, 1-day view, or 1-day engaged-view",,,,,,,,,,,,,,,,,,,,,,,,,,,,,,,3,,,,,,,,,,,,,,,,2026-05-11,2026-05-11
"BOOK0_APP_MAY26_ADR_MST_V1 [Android]",120243254910040003,C2_APB_TOP_1865_ADR_BOOK0_V2,120243254910060003,C2B_STC_APP_BOOK0_T2,120243254910110003,2026-05-11,Feed,android_smartphone,facebook,android_smartphone,,,,2026-05-02,Ongoing,"1-day click, 1-day view, or 1-day engaged-view",,,,,,,,,,,,,,,,,,,,,,29,,,,,,,,,,,,1,,,9,,1,,,,,,,,2026-05-11,2026-05-11
"BOOK0_APP_MAY26_ADR_MST_V1 [Android]",120243254910040003,C2_APB_TOP_1865_ADR_BOOK0_V2,120243254910060003,C2B_STC_APP_BOOK0_T2,120243254910110003,2026-05-11,Feed,android_smartphone,facebook,0,,,,2026-05-02,Ongoing,"1-day click, 1-day view, or 1-day engaged-view",,,,,,,,,,,,,,,,,,,,,,,,,,,,,,,9,,,,,,,,,,,,,,,,2026-05-11,2026-05-11
"BOOK0_APP_MAY26_ADR_MST_V1 [Android]",120243254910040003,C2_APB_TOP_1865_ADR_BOOK0_V2,120243254910060003,C2B_STC_APP_BOOK0_T2,120243254910110003,2026-05-11,Feed,android_smartphone,instagram,android_smartphone,,,,2026-05-02,Ongoing,"1-day click, 1-day view, or 1-day engaged-view",,,,,,,,,,,,,,,,,,,,,,4,,,,,,,,,,,,1,,,,,1,,1,,,,,,2026-05-11,2026-05-11
"BOOK0_APP_MAY26_ADR_MST_V1 [Android]",120243254910040003,C2_APB_TOP_1865_ADR_BOOK0_V2,120243254910060003,C2B_STC_APP_BOOK0_T2,120243254910110003,2026-05-11,Feed,android_tablet,facebook,android_tablet,,,,2026-05-02,Ongoing,"1-day click, 1-day view, or 1-day engaged-view",,,,,,,,,,,,,,,,,,,,,,,,,,,,,,,,,,,,,,,,,,,,,,,2026-05-11,2026-05-11
"BOOK0_APP_MAY26_ADR_MST_V1 [Android]",120243254910040003,C4_APB_TOP_1865_ADR_BOOK0_V2,120243254910200003,C4C_STC_APP_BOOK0_T2,120243254910120003,2026-05-11,Feed,android_tablet,facebook,android_tablet,,,,2026-05-02,Ongoing,"1-day click, 1-day view, or 1-day engaged-view",,,,,,,,,,,,,,,,,,,,,,1,,,,,,,,,,,,,,,1,,,,1,,,,,,2026-05-11,2026-05-11
"BOOK0_APP_MAY26_ADR_MST_V1 [Android]",120243254910040003,C4_APB_TOP_1865_ADR_BOOK0_V2,120243254910200003,C4C_STC_APP_BOOK0_T2,120243254910120003,2026-05-11,Feed,android_tablet,facebook,0,,,,2026-05-02,Ongoing,"1-day click, 1-day view, or 1-day engaged-view",,,,,,,,,,,,,,,,,,,,,,,,,,,,,,,1,,,,,,,,,,,,,,,,2026-05-11,2026-05-11
"BOOK0_APP_MAY26_ADR_MST_V1 [Android]",120243254910040003,C1_APB_TOP_1865_ADR_BOOK0_V2,120243254910070003,C1A_STC_APP_BOOK0_T2,120243254910160003,2026-05-11,Feed,android_smartphone,instagram,android_smartphone,,,,2026-05-02,Ongoing,"1-day click, 1-day view, or 1-day engaged-view",,,,,,,,,,,,,,,,,,,,,,2,,,,,,,,,,,,,,,,,,,,,,,,,2026-05-11,2026-05-11
"BOOK0_APP_MAY26_ADR_MST_V1 [Android]",120243254910040003,C4_APB_TOP_1865_ADR_BOOK0_V2,120243254910200003,C4B_STC_APP_BOOK0_T2,120243254910230003,2026-05-11,"Instagram Stories",android_smartphone,instagram,android_smartphone,,,,2026-05-02,Ongoing,"1-day click, 1-day view, or 1-day engaged-view",,,,,,,,,,,,,,,,,,,,,,1,,,,,,,,,,,,,,,,,,,,,,,,,2026-05-11,2026-05-11
"BOOK0_APP_MAY26_ADR_MST_V1 [Android]",120243254910040003,C2_APB_TOP_1865_ADR_BOOK0_V2,120243254910060003,C2B_STC_APP_BOOK0_T2,120243254910110003,2026-06-03,"Facebook Reels",android_smartphone,facebook,android_smartphone,,,,2026-05-02,Ongoing,"1-day click, 1-day view, or 1-day engaged-view",,,,,,,,,,,,,,,,,,,,,,9,,,,,,,,,,,,,,,2,,,,,,,,,,2026-06-03,2026-06-03
"BOOK0_APP_MAY26_ADR_MST_V1 [Android]",120243254910040003,C2_APB_TOP_1865_ADR_BOOK0_V2,120243254910060003,C2B_STC_APP_BOOK0_T2,120243254910110003,2026-06-03,"Threads feed",android_smartphone,threads,android_smartphone,,,,2026-05-02,Ongoing,"1-day click, 1-day view, or 1-day engaged-view",,,,,,,,,,,,,,,,,,,,,,1,,,,,,,,,,,,,,,,,,,,,,,,,2026-06-03,2026-06-03
"BOOK0_APP_MAY26_ADR_MST_V1 [Android]",120243254910040003,C1_APB_TOP_1865_ADR_BOOK0_V2,120243254910070003,C1D_STC_APP_BOOK0_T2,120243254910190003,2026-05-12,"Instagram Reels",android_smartphone,instagram,android_smartphone,,,,2026-05-02,Ongoing,"1-day click, 1-day view, or 1-day engaged-view",,,,,,,,,,,,,,,,,,,,,,4,,,,,,,,,,,,1,,,1,,1,,,,,,,,2026-05-12,2026-05-12
"BOOK0_APP_MAY26_ADR_MST_V1 [Android]",120243254910040003,C1_APB_TOP_1865_ADR_BOOK0_V2,120243254910070003,C1D_STC_APP_BOOK0_T2,120243254910190003,2026-05-12,"Instagram Reels",android_smartphone,instagram,0,,,,2026-05-02,Ongoing,"1-day click, 1-day view, or 1-day engaged-view",,,,,,,,,,,,,,,,,,,,,,,,,,,,,,,1,,,,,,,,,,,,,,,,2026-05-12,2026-05-12
"BOOK0_APP_MAY26_ADR_MST_V1 [Android]",120243254910040003,C1_APB_TOP_1865_ADR_BOOK0_V2,120243254910070003,C1D_STC_APP_BOOK0_T2,120243254910190003,2026-05-12,"Native, banner & interstitial",android_smartphone,audience_network,android_smartphone,,,,2026-05-02,Ongoing,"1-day click, 1-day view, or 1-day engaged-view",,,,,,,,,,,,,,,,,,,,,,2,,,,,,,,,,,,,,,,,,,,,,,,,2026-05-12,2026-05-12
"BOOK0_APP_MAY26_ADR_MST_V1 [Android]",120243254910040003,C1_APB_TOP_1865_ADR_BOOK0_V2,120243254910070003,C1D_STC_APP_BOOK0_T2,120243254910190003,2026-05-12,Feed,android_smartphone,facebook,android_smartphone,,,,2026-05-02,Ongoing,"1-day click, 1-day view, or 1-day engaged-view",,,,,,,,,,,,,,,,,,,,,,7,,,,,,,,,,,,,,,2,,,,,,,,,,2026-05-12,2026-05-12
"BOOK0_APP_MAY26_ADR_MST_V1 [Android]",120243254910040003,C1_APB_TOP_1865_ADR_BOOK0_V2,120243254910070003,C1D_STC_APP_BOOK0_T2,120243254910190003,2026-05-12,Feed,android_smartphone,facebook,0,,,,2026-05-02,Ongoing,"1-day click, 1-day view, or 1-day engaged-view",,,,,,,,,,,,,,,,,,,,,,,,,,,,,,,2,,,,,,,,,,,,,,,,2026-05-12,2026-05-12
"BOOK0_APP_MAY26_ADR_MST_V1 [Android]",120243254910040003,C1_APB_TOP_1865_ADR_BOOK0_V2,120243254910070003,C1D_STC_APP_BOOK0_T2,120243254910190003,2026-05-12,Feed,android_tablet,facebook,android_tablet,,,,2026-05-02,Ongoing,"1-day click, 1-day view, or 1-day engaged-view",,,,,,,,,,,,,,,,,,,,,,1,,,,,,,,,,,,,,,1,,,,,,,,,,2026-05-12,2026-05-12
"BOOK0_APP_MAY26_ADR_MST_V1 [Android]",120243254910040003,C2_APB_TOP_1865_ADR_BOOK0_V2,120243254910060003,C2B_STC_APP_BOOK0_T2,120243254910110003,2026-06-03,"Instagram Reels",android_smartphone,instagram,android_smartphone,,,,2026-05-02,Ongoing,"1-day click, 1-day view, or 1-day engaged-view",,,,,,,,,,,,,,,,,,,,,,2,,,,,,,,,,,,,,,,,,,,,,,,,2026-06-03,2026-06-03
"BOOK0_APP_MAY26_ADR_MST_V1 [Android]",120243254910040003,C1_APB_TOP_1865_ADR_BOOK0_V2,120243254910070003,C1D_STC_APP_BOOK0_T2,120243254910190003,2026-05-12,"Facebook Reels",android_smartphone,facebook,0,,,,2026-05-02,Ongoing,"1-day click, 1-day view, or 1-day engaged-view",,,,,,,,,,,,,,,,,,,,,,,,,,,,,,,3,,,,,,,,,,,,,,,,2026-05-12,2026-05-12
"BOOK0_APP_MAY26_ADR_MST_V1 [Android]",120243254910040003,C2_APB_TOP_1865_ADR_BOOK0_V2,120243254910060003,C2B_STC_APP_BOOK0_T2,120243254910110003,2026-06-03,"Instagram Stories",android_smartphone,instagram,android_smartphone,,,,2026-05-02,Ongoing,"1-day click, 1-day view, or 1-day engaged-view",,,,,,,,,,,,,,,,,,,,,,1,,,,,,,,,,,,,,,,,,,,,,,,,2026-06-03,2026-06-03
"BOOK0_APP_MAY26_ADR_MST_V1 [Android]",120243254910040003,C2_APB_TOP_1865_ADR_BOOK0_V2,120243254910060003,C2B_STC_APP_BOOK0_T2,120243254910110003,2026-06-03,"Native, banner & interstitial",android_smartphone,audience_network,android_smartphone,,,,2026-05-02,Ongoing,"1-day click, 1-day view, or 1-day engaged-view",,,,,,,,,,,,,,,,,,,,,,29,,,,,,,,,,,,,,,,,,,,,,,,,2026-06-03,2026-06-03
"BOOK0_APP_MAY26_ADR_MST_V1 [Android]",120243254910040003,C2_APB_TOP_1865_ADR_BOOK0_V2,120243254910060003,C2B_STC_APP_BOOK0_T2,120243254910110003,2026-06-03,Feed,android_smartphone,instagram,0,,,,2026-05-02,Ongoing,"1-day click, 1-day view, or 1-day engaged-view",,,,,,,,,,,,,,,,,,,,,,,,,,,,,,,4,,,,,,,,,,,,,,,,2026-06-03,2026-06-03
"BOOK0_APP_MAY26_ADR_MST_V1 [Android]",120243254910040003,C2_APB_TOP_1865_ADR_BOOK0_V2,120243254910060003,C2B_STC_APP_BOOK0_T2,120243254910110003,2026-06-03,Feed,android_smartphone,instagram,android_smartphone,,,,2026-05-02,Ongoing,"1-day click, 1-day view, or 1-day engaged-view",,,,,,,,,,,,,,,,,,,,,,6,,,,,,,,,,,,1,,,4,,1,,1,,,,,,2026-06-03,2026-06-03
"BOOK0_APP_MAY26_ADR_MST_V1 [Android]",120243254910040003,C2_APB_TOP_1865_ADR_BOOK0_V2,120243254910060003,C2B_STC_APP_BOOK0_T2,120243254910110003,2026-06-03,Feed,android_smartphone,facebook,0,,,,2026-05-02,Ongoing,"1-day click, 1-day view, or 1-day engaged-view",,,,,,,,,,,,,,,,,,,,,,,,,,,,,,,1,,,,,,,,,,,,,,,,2026-06-03,2026-06-03
"BOOK0_APP_MAY26_ADR_MST_V1 [Android]",120243254910040003,C2_APB_TOP_1865_ADR_BOOK0_V2,120243254910060003,C2B_STC_APP_BOOK0_T2,120243254910110003,2026-06-03,Feed,android_smartphone,facebook,android_smartphone,,,,2026-05-02,Ongoing,"1-day click, 1-day view, or 1-day engaged-view",,,,,,,,,,,,,,,,,,,,,,5,,,,,,,,,,,,3,,,1,,3,,,,,,,,2026-06-03,2026-06-03
"BOOK0_APP_MAY26_ADR_MST_V1 [Android]",120243254910040003,C2_APB_TOP_1865_ADR_BOOK0_V2,120243254910060003,C2B_STC_APP_BOOK0_T2,120243254910110003,2026-06-03,"Facebook Reels",android_smartphone,facebook,0,,,,2026-05-02,Ongoing,"1-day click, 1-day view, or 1-day engaged-view",,,,,,,,,,,,,,,,,,,,,,,,,,,,,,,2,,,,,,,,,,,,,,,,2026-06-03,2026-06-03
"BOOK0_APP_MAY26_ADR_MST_V1 [Android]",120243254910040003,C1_APB_TOP_1865_ADR_BOOK0_V2,120243254910070003,C1D_STC_APP_BOOK0_T2,120243254910190003,2026-05-12,"Instagram Stories",android_smartphone,instagram,android_smartphone,,,,2026-05-02,Ongoing,"1-day click, 1-day view, or 1-day engaged-view",,,,,,,,,,,,,,,,,,,,,,1,,,,,,,,,,,,,,,,,,,,,,,,,2026-05-12,2026-05-12
"BOOK0_APP_MAY26_ADR_MST_V1 [Android]",120243254910040003,C1_APB_TOP_1865_ADR_BOOK0_V2,120243254910070003,C1D_STC_APP_BOOK0_T2,120243254910190003,2026-05-12,"Facebook Reels",android_smartphone,facebook,android_smartphone,,,,2026-05-02,Ongoing,"1-day click, 1-day view, or 1-day engaged-view",,,,,,,,,,,,,,,,,,,,,,4,,,,,,,,,,,,,,,3,,,,1,,,,,,2026-05-12,2026-05-12
"BOOK0_APP_MAY26_ADR_MST_V1 [Android]",120243254910040003,C4_APB_TOP_1865_ADR_BOOK0_V2,120243254910200003,C4B_STC_APP_BOOK0_T2,120243254910230003,2026-05-11,Unknown,other,unknown,android_smartphone,,,,2026-05-02,Ongoing,"1-day click, 1-day view, or 1-day engaged-view",,,,,,,,,,,,,,,,,,,,,,1,,,,,,,,,,,,,,,,,,,,,,,,,2026-05-11,2026-05-11
"BOOK0_APP_MAY26_ADR_MST_V1 [Android]",120243254910040003,C4_APB_TOP_1865_ADR_BOOK0_V2,120243254910200003,C4B_STC_APP_BOOK0_T2,120243254910230003,2026-05-11,"Facebook Reels",android_smartphone,facebook,android_smartphone,,,,2026-05-02,Ongoing,"1-day click, 1-day view, or 1-day engaged-view",,,,,,,,,,,,,,,,,,,,,,3,,,,,,,,,,,,,,,,,,,,,,,,,2026-05-11,2026-05-11
"BOOK0_APP_MAY26_ADR_MST_V1 [Android]",120243254910040003,C4_APB_TOP_1865_ADR_BOOK0_V2,120243254910200003,C4B_STC_APP_BOOK0_T2,120243254910230003,2026-05-11,Feed,android_smartphone,instagram,android_smartphone,,,,2026-05-02,Ongoing,"1-day click, 1-day view, or 1-day engaged-view",,,,,,,,,,,,,,,,,,,,,,3,,,,,,,,,,,,,,,1,,,,,,,,,,2026-05-11,2026-05-11
"BOOK0_APP_MAY26_ADR_MST_V1 [Android]",120243254910040003,C4_APB_TOP_1865_ADR_BOOK0_V2,120243254910200003,C4B_STC_APP_BOOK0_T2,120243254910230003,2026-05-11,Feed,android_smartphone,instagram,0,,,,2026-05-02,Ongoing,"1-day click, 1-day view, or 1-day engaged-view",,,,,,,,,,,,,,,,,,,,,,,,,,,,,,,1,,,,,,,,,,,,,,,,2026-05-11,2026-05-11
"BOOK0_APP_MAY26_ADR_MST_V1 [Android]",120243254910040003,C4_APB_TOP_1865_ADR_BOOK0_V2,120243254910200003,C4B_STC_APP_BOOK0_T2,120243254910230003,2026-05-11,Feed,android_smartphone,facebook,android_smartphone,,,,2026-05-02,Ongoing,"1-day click, 1-day view, or 1-day engaged-view",,,,,,,,,,,,,,,,,,,,,,7,,,,,,,,,,,,,,,1,,,,,,,,,,2026-05-11,2026-05-11
"BOOK0_APP_MAY26_ADR_MST_V1 [Android]",120243254910040003,C4_APB_TOP_1865_ADR_BOOK0_V2,120243254910200003,C4B_STC_APP_BOOK0_T2,120243254910230003,2026-05-11,Feed,android_smartphone,facebook,0,,,,2026-05-02,Ongoing,"1-day click, 1-day view, or 1-day engaged-view",,,,,,,,,,,,,,,,,,,,,,,,,,,,,,,1,,,,,,,,,,,,,,,,2026-05-11,2026-05-11
"BOOK0_APP_MAY26_ADR_MST_V1 [Android]",120243254910040003,C4_APB_TOP_1865_ADR_BOOK0_V2,120243254910200003,C4D_STC_APP_BOOK0_T2,120243254910140003,2026-05-16,"Facebook Reels",android_smartphone,facebook,android_smartphone,,,,2026-05-02,Ongoing,"1-day click, 1-day view, or 1-day engaged-view",,,,,,,,,,,,,,,,,,,,,,3,,,,,,,,,,,,,,,,,,,,,,,,,2026-05-16,2026-05-16
"BOOK0_APP_MAY26_ADR_MST_V1 [Android]",120243254910040003,C4_APB_TOP_1865_ADR_BOOK0_V2,120243254910200003,C4B_STC_APP_BOOK0_T2,120243254910230003,2026-05-11,"Instagram Reels",android_smartphone,instagram,0,,,,2026-05-02,Ongoing,"1-day click, 1-day view, or 1-day engaged-view",,,,,,,,,,,,,,,,,,,,,,,,,,,,,,,1,,,,,,,,,,,,,,,,2026-05-11,2026-05-11
"BOOK0_APP_MAY26_ADR_MST_V1 [Android]",120243254910040003,C4_APB_TOP_1865_ADR_BOOK0_V2,120243254910200003,C4B_STC_APP_BOOK0_T2,120243254910230003,2026-05-11,"Threads feed",android_smartphone,threads,android_smartphone,,,,2026-05-02,Ongoing,"1-day click, 1-day view, or 1-day engaged-view",,,,,,,,,,,,,,,,,,,,,,1,,,,,,,,,,,,,,,,,,,,,,,,,2026-05-11,2026-05-11
"BOOK0_APP_MAY26_ADR_MST_V1 [Android]",120243254910040003,C1_APB_TOP_1865_ADR_BOOK0_V2,120243254910070003,C1D_STC_APP_BOOK0_T2,120243254910190003,2026-05-12,Feed,android_smartphone,instagram,android_smartphone,,,,2026-05-02,Ongoing,"1-day click, 1-day view, or 1-day engaged-view",,,,,,,,,,,,,,,,,,,,,,1,,,,,,,,,,,,,,,,,,,,,,,,,2026-05-12,2026-05-12
"BOOK0_APP_MAY26_ADR_MST_V1 [Android]",120243254910040003,C4_APB_TOP_1865_ADR_BOOK0_V2,120243254910200003,C4B_STC_APP_BOOK0_T2,120243254910230003,2026-05-11,"In-stream reels",android_smartphone,facebook,android_smartphone,,,,2026-05-02,Ongoing,"1-day click, 1-day view, or 1-day engaged-view",,,,,,,,,,,,,,,,,,,,,,1,,,,,,,,,,,,,,,,,,,,,,,,,2026-05-11,2026-05-11
"BOOK0_APP_MAY26_ADR_MST_V1 [Android]",120243254910040003,C4_APB_TOP_1865_ADR_BOOK0_V2,120243254910200003,C4B_STC_APP_BOOK0_T2,120243254910230003,2026-05-11,"Native, banner & interstitial",android_smartphone,audience_network,android_smartphone,,,,2026-05-02,Ongoing,"1-day click, 1-day view, or 1-day engaged-view",,,,,,,,,,,,,,,,,,,,,,1,,,,,,,,,,,,,,,,,,,,,,,,,2026-05-11,2026-05-11
"BOOK0_APP_MAY26_ADR_MST_V1 [Android]",120243254910040003,TEST_APB_TOF_1865_ADR_BOOK0,120244850332940003,C6A_STC_APP_BOOK0_T2,120244850332910003,2026-06-04,"Instagram Stories",android_smartphone,instagram,android_smartphone,,,,2026-05-25,Ongoing,"1-day click, 1-day view, or 1-day engaged-view",,,,,,,,,,,,,,,,,,,,,,1,,,,,,,,,,,,,,,,,,,,,,,,,2026-06-04,2026-06-04
"BOOK0_APP_MAY26_ADR_MST_V1 [Android]",120243254910040003,C4_APB_TOP_1865_ADR_BOOK0_V2,120243254910200003,C4D_STC_APP_BOOK0_T2,120243254910140003,2026-05-11,Feed,android_smartphone,instagram,android_smartphone,,,,2026-05-02,Ongoing,"1-day click, 1-day view, or 1-day engaged-view",,,,,,,,,,,,,,,,,,,,,,1,,,,,,,,,,,,1,,,1,,1,,1,,,,,,2026-05-11,2026-05-11
"BOOK0_APP_MAY26_ADR_MST_V1 [Android]",120243254910040003,C4_APB_TOP_1865_ADR_BOOK0_V2,120243254910200003,C4D_STC_APP_BOOK0_T2,120243254910140003,2026-05-11,Feed,android_smartphone,instagram,0,,,,2026-05-02,Ongoing,"1-day click, 1-day view, or 1-day engaged-view",,,,,,,,,,,,,,,,,,,,,,,,,,,,,,,1,,,,,,,,,,,,,,,,2026-05-11,2026-05-11
"BOOK0_APP_MAY26_ADR_MST_V1 [Android]",120243254910040003,C4_APB_TOP_1865_ADR_BOOK0_V2,120243254910200003,C4D_STC_APP_BOOK0_T2,120243254910140003,2026-05-11,Feed,android_smartphone,facebook,android_smartphone,,,,2026-05-02,Ongoing,"1-day click, 1-day view, or 1-day engaged-view",,,,,,,,,,,,,,,,,,,,,,1,,,,,,,,,,,,,,,,,,,,,,,,,2026-05-11,2026-05-11
"BOOK0_APP_MAY26_ADR_MST_V1 [Android]",120243254910040003,C4_APB_TOP_1865_ADR_BOOK0_V2,120243254910200003,C4D_STC_APP_BOOK0_T2,120243254910140003,2026-05-11,"In-stream reels",android_smartphone,facebook,android_smartphone,,,,2026-05-02,Ongoing,"1-day click, 1-day view, or 1-day engaged-view",,,,,,,,,,,,,,,,,,,,,,1,,,,,,,,,,,,,,,,,,,,,,,,,2026-05-11,2026-05-11
"BOOK0_APP_MAY26_ADR_MST_V1 [Android]",120243254910040003,TEST_APB_TOF_1865_ADR_BOOK0,120244850332940003,C6A_STC_APP_BOOK0_T2,120244850332910003,2026-06-01,"In-stream reels",android_smartphone,facebook,0,,,,2026-05-25,Ongoing,"1-day click, 1-day view, or 1-day engaged-view",,,,,,,,,,,,,,,,,,,,,,,,,,,,,,,1,,,,,,,,,,,,,,,,2026-06-01,2026-06-01
"BOOK0_APP_MAY26_ADR_MST_V1 [Android]",120243254910040003,TEST_APB_TOF_1865_ADR_BOOK0,120244850332940003,C6A_STC_APP_BOOK0_T2,120244850332910003,2026-06-01,Feed,android_smartphone,instagram,android_smartphone,,,,2026-05-25,Ongoing,"1-day click, 1-day view, or 1-day engaged-view",,,,,,,,,,,,,,,,,,,,,,2,,,,,,,,,,,,,,,,,,,,,,,,,2026-06-01,2026-06-01
"BOOK0_APP_MAY26_ADR_MST_V1 [Android]",120243254910040003,TEST_APB_TOF_1865_ADR_BOOK0,120244850332940003,C6A_STC_APP_BOOK0_T2,120244850332910003,2026-05-27,"Instagram Stories",android_smartphone,instagram,android_smartphone,,,,2026-05-25,Ongoing,"1-day click, 1-day view, or 1-day engaged-view",,,,,,,,,,,,,,,,,,,,,,4,,,,,,,,,,,,,,,1,,,,,,,,,,2026-05-27,2026-05-27
"BOOK0_APP_MAY26_ADR_MST_V1 [Android]",120243254910040003,C2_APB_TOP_1865_ADR_BOOK0_V2,120243254910060003,C2B_STC_APP_BOOK0_T2,120243254910110003,2026-05-28,"Facebook Reels",android_smartphone,facebook,0,,,,2026-05-02,Ongoing,"1-day click, 1-day view, or 1-day engaged-view",,,,,,,,,,,,,,,,,,,,,,,,,,,,,,,1,,,,,,,,,,,,,,,,2026-05-28,2026-05-28
"BOOK0_APP_MAY26_ADR_MST_V1 [Android]",120243254910040003,C2_APB_TOP_1865_ADR_BOOK0_V2,120243254910060003,C2B_STC_APP_BOOK0_T2,120243254910110003,2026-05-13,"Facebook Reels",android_smartphone,facebook,android_smartphone,,,,2026-05-02,Ongoing,"1-day click, 1-day view, or 1-day engaged-view",,,,,,,,,,,,,,,,,,,,,,6,,,,,,,,,,,,2,,,5,,2,,1,,,,,,2026-05-13,2026-05-13
"BOOK0_APP_MAY26_ADR_MST_V1 [Android]",120243254910040003,TEST_APB_TOF_1865_ADR_BOOK0,120244850332940003,C6B_STC_APP_BOOK0_T2,120244850332960003,2026-05-28,Feed,android_smartphone,facebook,android_smartphone,,,,2026-05-25,Ongoing,"1-day click, 1-day view, or 1-day engaged-view",,,,,,,,,,,,,,,,,,,,,,1,,,,,,,,,,,,,,,,,,,,,,,,,2026-05-28,2026-05-28
"BOOK0_APP_MAY26_ADR_MST_V1 [Android]",120243254910040003,TEST_APB_TOF_1865_ADR_BOOK0,120244850332940003,C6B_STC_APP_BOOK0_T2,120244850332960003,2026-05-28,"Native, banner & interstitial",android_smartphone,audience_network,android_smartphone,,,,2026-05-25,Ongoing,"1-day click, 1-day view, or 1-day engaged-view",,,,,,,,,,,,,,,,,,,,,,4,,,,,,,,,,,,,,,,,,,,,,,,,2026-05-28,2026-05-28
"BOOK0_APP_MAY26_ADR_MST_V1 [Android]",120243254910040003,C2_APB_TOP_1865_ADR_BOOK0_V2,120243254910060003,C2B_STC_APP_BOOK0_T2,120243254910110003,2026-05-28,"Native, banner & interstitial",android_tablet,audience_network,android_tablet,,,,2026-05-02,Ongoing,"1-day click, 1-day view, or 1-day engaged-view",,,,,,,,,,,,,,,,,,,,,,1,,,,,,,,,,,,,,,,,,,,,,,,,2026-05-28,2026-05-28
"BOOK0_APP_MAY26_ADR_MST_V1 [Android]",120243254910040003,C2_APB_TOP_1865_ADR_BOOK0_V2,120243254910060003,C2B_STC_APP_BOOK0_T2,120243254910110003,2026-05-28,"Native, banner & interstitial",android_smartphone,audience_network,android_smartphone,,,,2026-05-02,Ongoing,"1-day click, 1-day view, or 1-day engaged-view",,,,,,,,,,,,,,,,,,,,,,30,,,,,,,,,,,,,,,,,,,,,,,,,2026-05-28,2026-05-28
"BOOK0_APP_MAY26_ADR_MST_V1 [Android]",120243254910040003,C2_APB_TOP_1865_ADR_BOOK0_V2,120243254910060003,C2B_STC_APP_BOOK0_T2,120243254910110003,2026-05-28,Feed,android_smartphone,instagram,android_smartphone,,,,2026-05-02,Ongoing,"1-day click, 1-day view, or 1-day engaged-view",,,,,,,,,,,,,,,,,,,,,,2,,,,,,,,,,,,,,,,,,,,,,,,,2026-05-28,2026-05-28
"BOOK0_APP_MAY26_ADR_MST_V1 [Android]",120243254910040003,C2_APB_TOP_1865_ADR_BOOK0_V2,120243254910060003,C2B_STC_APP_BOOK0_T2,120243254910110003,2026-05-28,"Facebook Reels",android_smartphone,facebook,android_smartphone,,,,2026-05-02,Ongoing,"1-day click, 1-day view, or 1-day engaged-view",,,,,,,,,,,,,,,,,,,,,,5,,,,,,,,,,,,,,,1,,,,1,,,,,,2026-05-28,2026-05-28
"BOOK0_APP_MAY26_ADR_MST_V1 [Android]",120243254910040003,C2_APB_TOP_1865_ADR_BOOK0_V2,120243254910060003,C2B_STC_APP_BOOK0_T2,120243254910110003,2026-05-13,Feed,android_smartphone,instagram,android_smartphone,,,,2026-05-02,Ongoing,"1-day click, 1-day view, or 1-day engaged-view",,,,,,,,,,,,,,,,,,,,,,6,,,,,,,,,,,,,,,3,,,,,,,,,,2026-05-13,2026-05-13
"BOOK0_APP_MAY26_ADR_MST_V1 [Android]",120243254910040003,C2_APB_TOP_1865_ADR_BOOK0_V2,120243254910060003,C2B_STC_APP_BOOK0_T2,120243254910110003,2026-05-28,Feed,android_smartphone,facebook,0,,,,2026-05-02,Ongoing,"1-day click, 1-day view, or 1-day engaged-view",,,,,,,,,,,,,,,,,,,,,,,,,,,,,,,5,,,,,,,,,,,,,,,,2026-05-28,2026-05-28
"BOOK0_APP_MAY26_ADR_MST_V1 [Android]",120243254910040003,C2_APB_TOP_1865_ADR_BOOK0_V2,120243254910060003,C2B_STC_APP_BOOK0_T2,120243254910110003,2026-05-28,Feed,android_smartphone,facebook,android_smartphone,,,,2026-05-02,Ongoing,"1-day click, 1-day view, or 1-day engaged-view",,,,,,,,,,,,,,,,,,,,,,21,,,,,,,,,,,,1,,,5,,1,,1,,,,,,2026-05-28,2026-05-28
"BOOK0_APP_MAY26_ADR_MST_V1 [Android]",120243254910040003,TEST_APB_TOF_1865_ADR_BOOK0,120244850332940003,C5D_STC_APP_BOOK0_T2,120244850332930003,2026-05-28,Feed,android_smartphone,facebook,android_smartphone,,,,2026-05-25,Ongoing,"1-day click, 1-day view, or 1-day engaged-view",,,,,,,,,,,,,,,,,,,,,,4,,,,,,,,,,,,,,,,,,,,,,,,,2026-05-28,2026-05-28
"BOOK0_APP_MAY26_ADR_MST_V1 [Android]",120243254910040003,TEST_APB_TOF_1865_ADR_BOOK0,120244850332940003,C5D_STC_APP_BOOK0_T2,120244850332930003,2026-05-28,"Native, banner & interstitial",android_smartphone,audience_network,android_smartphone,,,,2026-05-25,Ongoing,"1-day click, 1-day view, or 1-day engaged-view",,,,,,,,,,,,,,,,,,,,,,2,,,,,,,,,,,,,,,,,,,,,,,,,2026-05-28,2026-05-28
"BOOK0_APP_MAY26_ADR_MST_V1 [Android]",120243254910040003,TEST_APB_TOF_1865_ADR_BOOK0,120244850332940003,C5D_STC_APP_BOOK0_T2,120244850332930003,2026-05-28,"Instagram Stories",android_smartphone,instagram,android_smartphone,,,,2026-05-25,Ongoing,"1-day click, 1-day view, or 1-day engaged-view",,,,,,,,,,,,,,,,,,,,,,1,,,,,,,,,,,,,,,,,,,,,,,,,2026-05-28,2026-05-28
"BOOK0_APP_MAY26_ADR_MST_V1 [Android]",120243254910040003,TEST_APB_TOF_1865_ADR_BOOK0,120244850332940003,C6A_STC_APP_BOOK0_T2,120244850332910003,2026-05-28,Feed,android_tablet,facebook,0,,,,2026-05-25,Ongoing,"1-day click, 1-day view, or 1-day engaged-view",,,,,,,,,,,,,,,,,,,,,,,,,,,,,,,1,,,,,,,,,,,,,,,,2026-05-28,2026-05-28
"BOOK0_APP_MAY26_ADR_MST_V1 [Android]",120243254910040003,TEST_APB_TOF_1865_ADR_BOOK0,120244850332940003,C6A_STC_APP_BOOK0_T2,120244850332910003,2026-05-28,Feed,android_tablet,facebook,android_tablet,,,,2026-05-25,Ongoing,"1-day click, 1-day view, or 1-day engaged-view",,,,,,,,,,,,,,,,,,,,,,1,,,,,,,,,,,,,,,1,,,,,,,,,,2026-05-28,2026-05-28
"BOOK0_APP_MAY26_ADR_MST_V1 [Android]",120243254910040003,C2_APB_TOP_1865_ADR_BOOK0_V2,120243254910060003,C2B_STC_APP_BOOK0_T2,120243254910110003,2026-05-13,Feed,android_smartphone,instagram,0,,,,2026-05-02,Ongoing,"1-day click, 1-day view, or 1-day engaged-view",,,,,,,,,,,,,,,,,,,,,,,,,,,,,,,3,,,,,,,,,,,,,,,,2026-05-13,2026-05-13
"BOOK0_APP_MAY26_ADR_MST_V1 [Android]",120243254910040003,C2_APB_TOP_1865_ADR_BOOK0_V2,120243254910060003,C2B_STC_APP_BOOK0_T2,120243254910110003,2026-05-13,"Instagram Reels",android_smartphone,instagram,android_smartphone,,,,2026-05-02,Ongoing,"1-day click, 1-day view, or 1-day engaged-view",,,,,,,,,,,,,,,,,,,,,,1,,,,,,,,,,,,,,,,,,,,,,,,,2026-05-13,2026-05-13
"BOOK0_APP_MAY26_ADR_MST_V1 [Android]",120243254910040003,TEST_APB_TOF_1865_ADR_BOOK0,120244850332940003,C6A_STC_APP_BOOK0_T2,120244850332910003,2026-05-28,"Native, banner & interstitial",android_smartphone,audience_network,android_smartphone,,,,2026-05-25,Ongoing,"1-day click, 1-day view, or 1-day engaged-view",,,,,,,,,,,,,,,,,,,,,,4,,,,,,,,,,,,,,,,,,,,,,,,,2026-05-28,2026-05-28
"BOOK0_APP_MAY26_ADR_MST_V1 [Android]",120243254910040003,TEST_APB_TOF_1865_ADR_BOOK0,120244850332940003,C6A_STC_APP_BOOK0_T2,120244850332910003,2026-05-29,"Native, banner & interstitial",android_smartphone,audience_network,android_smartphone,,,,2026-05-25,Ongoing,"1-day click, 1-day view, or 1-day engaged-view",,,,,,,,,,,,,,,,,,,,,,32,,,,,,,,,,,,,,,,,,,,,,,,,2026-05-29,2026-05-29
"BOOK0_APP_MAY26_ADR_MST_V1 [Android]",120243254910040003,C2_APB_TOP_1865_ADR_BOOK0_V2,120243254910060003,C2B_STC_APP_BOOK0_T2,120243254910110003,2026-05-29,"Instagram Reels",android_smartphone,instagram,0,,,,2026-05-02,Ongoing,"1-day click, 1-day view, or 1-day engaged-view",,,,,,,,,,,,,,,,,,,,,,,,,,,,,,,1,,,,,,,,,,,,,,,,2026-05-29,2026-05-29
"BOOK0_APP_MAY26_ADR_MST_V1 [Android]",120243254910040003,C2_APB_TOP_1865_ADR_BOOK0_V2,120243254910060003,C2B_STC_APP_BOOK0_T2,120243254910110003,2026-05-29,"Instagram Reels",android_smartphone,instagram,android_smartphone,,,,2026-05-02,Ongoing,"1-day click, 1-day view, or 1-day engaged-view",,,,,,,,,,,,,,,,,,,,,,2,,,,,,,,,,,,,,,1,,,,,,,,,,2026-05-29,2026-05-29
"BOOK0_APP_MAY26_ADR_MST_V1 [Android]",120243254910040003,TEST_APB_TOF_1865_ADR_BOOK0,120244850332940003,C5B_STC_APP_BOOK0_T2,120244850332920003,2026-05-29,Feed,android_smartphone,facebook,android_smartphone,,,,2026-05-25,Ongoing,"1-day click, 1-day view, or 1-day engaged-view",,,,,,,,,,,,,,,,,,,,,,1,,,,,,,,,,,,,,,,,,,,,,,,,2026-05-29,2026-05-29
"BOOK0_APP_MAY26_ADR_MST_V1 [Android]",120243254910040003,TEST_APB_TOF_1865_ADR_BOOK0,120244850332940003,C5D_STC_APP_BOOK0_T2,120244850332930003,2026-05-29,"Instagram Stories",android_smartphone,instagram,android_smartphone,,,,2026-05-25,Ongoing,"1-day click, 1-day view, or 1-day engaged-view",,,,,,,,,,,,,,,,,,,,,,1,,,,,,,,,,,,,,,,,,,,,,,,,2026-05-29,2026-05-29
"BOOK0_APP_MAY26_ADR_MST_V1 [Android]",120243254910040003,TEST_APB_TOF_1865_ADR_BOOK0,120244850332940003,C6A_STC_APP_BOOK0_T2,120244850332910003,2026-05-29,"Native, banner & interstitial",android_tablet,audience_network,android_tablet,,,,2026-05-25,Ongoing,"1-day click, 1-day view, or 1-day engaged-view",,,,,,,,,,,,,,,,,,,,,,5,,,,,,,,,,,,,,,,,,,,,,,,,2026-05-29,2026-05-29
"BOOK0_APP_MAY26_ADR_MST_V1 [Android]",120243254910040003,TEST_APB_TOF_1865_ADR_BOOK0,120244850332940003,C6A_STC_APP_BOOK0_T2,120244850332910003,2026-05-29,"Instagram Stories",android_smartphone,instagram,android_smartphone,,,,2026-05-25,Ongoing,"1-day click, 1-day view, or 1-day engaged-view",,,,,,,,,,,,,,,,,,,,,,4,,,,,,,,,,,,,,,,,,,,,,,,,2026-05-29,2026-05-29
"BOOK0_APP_MAY26_ADR_MST_V1 [Android]",120243254910040003,TEST_APB_TOF_1865_ADR_BOOK0,120244850332940003,C6A_STC_APP_BOOK0_T2,120244850332910003,2026-05-29,"Instagram Reels",android_smartphone,instagram,android_smartphone,,,,2026-05-25,Ongoing,"1-day click, 1-day view, or 1-day engaged-view",,,,,,,,,,,,,,,,,,,,,,1,,,,,,,,,,,,,,,,,,,,,,,,,2026-05-29,2026-05-29
"BOOK0_APP_MAY26_ADR_MST_V1 [Android]",120243254910040003,C2_APB_TOP_1865_ADR_BOOK0_V2,120243254910060003,C2B_STC_APP_BOOK0_T2,120243254910110003,2026-05-13,"Threads feed",android_smartphone,threads,android_smartphone,,,,2026-05-02,Ongoing,"1-day click, 1-day view, or 1-day engaged-view",,,,,,,,,,,,,,,,,,,,,,1,,,,,,,,,,,,,,,,,,,,,,,,,2026-05-13,2026-05-13
"BOOK0_APP_MAY26_ADR_MST_V1 [Android]",120243254910040003,TEST_APB_TOF_1865_ADR_BOOK0,120244850332940003,C6A_STC_APP_BOOK0_T2,120244850332910003,2026-05-29,Feed,android_smartphone,facebook,0,,,,2026-05-25,Ongoing,"1-day click, 1-day view, or 1-day engaged-view",,,,,,,,,,,,,,,,,,,,,,,,,,,,,,,3,,,,,,,,,,,,,,,,2026-05-29,2026-05-29
"BOOK0_APP_MAY26_ADR_MST_V1 [Android]",120243254910040003,TEST_APB_TOF_1865_ADR_BOOK0,120244850332940003,C6A_STC_APP_BOOK0_T2,120244850332910003,2026-05-29,Feed,android_smartphone,facebook,android_smartphone,,,,2026-05-25,Ongoing,"1-day click, 1-day view, or 1-day engaged-view",,,,,,,,,,,,,,,,,,,,,,21,,,,,,,,,,,,,,,3,,,,1,,,,,,2026-05-29,2026-05-29
"BOOK0_APP_MAY26_ADR_MST_V1 [Android]",120243254910040003,C2_APB_TOP_1865_ADR_BOOK0_V2,120243254910060003,C2B_STC_APP_BOOK0_T2,120243254910110003,2026-05-13,Feed,android_smartphone,facebook,android_smartphone,,,,2026-05-02,Ongoing,"1-day click, 1-day view, or 1-day engaged-view",,,,,,,,,,,,,,,,,,,,,,16,,,,,,,,,,,,2,,,6,,2,,1,,,,,,2026-05-13,2026-05-13
"BOOK0_APP_MAY26_ADR_MST_V1 [Android]",120243254910040003,C2_APB_TOP_1865_ADR_BOOK0_V2,120243254910060003,C2B_STC_APP_BOOK0_T2,120243254910110003,2026-05-13,Feed,android_smartphone,facebook,0,,,,2026-05-02,Ongoing,"1-day click, 1-day view, or 1-day engaged-view",,,,,,,,,,,,,,,,,,,,,,,,,,,,,,,6,,,,,,,,,,,,,,,,2026-05-13,2026-05-13
"BOOK0_APP_MAY26_ADR_MST_V1 [Android]",120243254910040003,C2_APB_TOP_1865_ADR_BOOK0_V2,120243254910060003,C2B_STC_APP_BOOK0_T2,120243254910110003,2026-05-13,Feed,android_tablet,facebook,android_tablet,,,,2026-05-02,Ongoing,"1-day click, 1-day view, or 1-day engaged-view",,,,,,,,,,,,,,,,,,,,,,1,,,,,,,,,,,,,,,,,,,,,,,,,2026-05-13,2026-05-13
"BOOK0_APP_MAY26_ADR_MST_V1 [Android]",120243254910040003,C2_APB_TOP_1865_ADR_BOOK0_V2,120243254910060003,C2B_STC_APP_BOOK0_T2,120243254910110003,2026-05-13,"Instagram Stories",android_smartphone,instagram,android_smartphone,,,,2026-05-02,Ongoing,"1-day click, 1-day view, or 1-day engaged-view",,,,,,,,,,,,,,,,,,,,,,2,,,,,,,,,,,,,,,1,,,,,,,,,,2026-05-13,2026-05-13
"BOOK0_APP_MAY26_ADR_MST_V1 [Android]",120243254910040003,C2_APB_TOP_1865_ADR_BOOK0_V2,120243254910060003,C2B_STC_APP_BOOK0_T2,120243254910110003,2026-05-13,"Instagram Stories",android_smartphone,instagram,0,,,,2026-05-02,Ongoing,"1-day click, 1-day view, or 1-day engaged-view",,,,,,,,,,,,,,,,,,,,,,,,,,,,,,,1,,,,,,,,,,,,,,,,2026-05-13,2026-05-13
"BOOK0_APP_MAY26_ADR_MST_V1 [Android]",120243254910040003,TEST_APB_TOF_1865_ADR_BOOK0,120244850332940003,C6A_STC_APP_BOOK0_T2,120244850332910003,2026-05-28,Feed,android_smartphone,instagram,android_smartphone,,,,2026-05-25,Ongoing,"1-day click, 1-day view, or 1-day engaged-view",,,,,,,,,,,,,,,,,,,,,,1,,,,,,,,,,,,,,,,,,,,,,,,,2026-05-28,2026-05-28
"BOOK0_APP_MAY26_ADR_MST_V1 [Android]",120243254910040003,TEST_APB_TOF_1865_ADR_BOOK0,120244850332940003,C6A_STC_APP_BOOK0_T2,120244850332910003,2026-05-28,Feed,android_smartphone,facebook,0,,,,2026-05-25,Ongoing,"1-day click, 1-day view, or 1-day engaged-view",,,,,,,,,,,,,,,,,,,,,,,,,,,,,,,1,,,,,,,,,,,,,,,,2026-05-28,2026-05-28
"BOOK0_APP_MAY26_ADR_MST_V1 [Android]",120243254910040003,C2_APB_TOP_1865_ADR_BOOK0_V2,120243254910060003,C2B_STC_APP_BOOK0_T2,120243254910110003,2026-05-29,"Facebook profile feed",android_smartphone,facebook,android_smartphone,,,,2026-05-02,Ongoing,"1-day click, 1-day view, or 1-day engaged-view",,,,,,,,,,,,,,,,,,,,,,1,,,,,,,,,,,,,,,,,,,,,,,,,2026-05-29,2026-05-29
"BOOK0_APP_MAY26_ADR_MST_V1 [Android]",120243254910040003,C4_APB_TOP_1865_ADR_BOOK0_V2,120243254910200003,C4C_STC_APP_BOOK0_T2,120243254910120003,2026-05-13,Feed,android_smartphone,facebook,android_smartphone,,,,2026-05-02,Ongoing,"1-day click, 1-day view, or 1-day engaged-view",,,,,,,,,,,,,,,,,,,,,,4,,,,,,,,,,,,,,,2,,,,1,,,,,,2026-05-13,2026-05-13
"BOOK0_APP_MAY26_ADR_MST_V1 [Android]",120243254910040003,C2_APB_TOP_1865_ADR_BOOK0_V2,120243254910060003,C2B_STC_APP_BOOK0_T2,120243254910110003,2026-05-27,Feed,android_smartphone,facebook,android_smartphone,,,,2026-05-02,Ongoing,"1-day click, 1-day view, or 1-day engaged-view",,,,,,,,,,,,,,,,,,,,,,11,,,,,,,,,,,,1,,,1,,1,,,,,,,,2026-05-27,2026-05-27
"BOOK0_APP_MAY26_ADR_MST_V1 [Android]",120243254910040003,TEST_APB_TOF_1865_ADR_BOOK0,120244850332940003,C5B_STC_APP_BOOK0_T2,120244850332920003,2026-05-27,"Instagram Reels",android_smartphone,instagram,android_smartphone,,,,2026-05-25,Ongoing,"1-day click, 1-day view, or 1-day engaged-view",,,,,,,,,,,,,,,,,,,,,,1,,,,,,,,,,,,,,,,,,,,,,,,,2026-05-27,2026-05-27
"BOOK0_APP_MAY26_ADR_MST_V1 [Android]",120243254910040003,TEST_APB_TOF_1865_ADR_BOOK0,120244850332940003,C5B_STC_APP_BOOK0_T2,120244850332920003,2026-05-27,Feed,android_smartphone,facebook,0,,,,2026-05-25,Ongoing,"1-day click, 1-day view, or 1-day engaged-view",,,,,,,,,,,,,,,,,,,,,,,,,,,,,,,1,,,,,,,,,,,,,,,,2026-05-27,2026-05-27
"BOOK0_APP_MAY26_ADR_MST_V1 [Android]",120243254910040003,TEST_APB_TOF_1865_ADR_BOOK0,120244850332940003,C5B_STC_APP_BOOK0_T2,120244850332920003,2026-05-27,Feed,android_smartphone,facebook,android_smartphone,,,,2026-05-25,Ongoing,"1-day click, 1-day view, or 1-day engaged-view",,,,,,,,,,,,,,,,,,,,,,,,,,,,,,,,,,,,,1,,,,,,,,,,2026-05-27,2026-05-27
"BOOK0_APP_MAY26_ADR_MST_V1 [Android]",120243254910040003,C4_APB_TOP_1865_ADR_BOOK0_V2,120243254910200003,C4C_STC_APP_BOOK0_T2,120243254910120003,2026-05-13,"In-stream reels",android_smartphone,facebook,android_smartphone,,,,2026-05-02,Ongoing,"1-day click, 1-day view, or 1-day engaged-view",,,,,,,,,,,,,,,,,,,,,,1,,,,,,,,,,,,,,,,,,,,,,,,,2026-05-13,2026-05-13
"BOOK0_APP_MAY26_ADR_MST_V1 [Android]",120243254910040003,C4_APB_TOP_1865_ADR_BOOK0_V2,120243254910200003,C4C_STC_APP_BOOK0_T2,120243254910120003,2026-05-13,Feed,android_tablet,facebook,android_tablet,,,,2026-05-02,Ongoing,"1-day click, 1-day view, or 1-day engaged-view",,,,,,,,,,,,,,,,,,,,,,1,,,,,,,,,,,,,,,,,,,,,,,,,2026-05-13,2026-05-13
"BOOK0_APP_MAY26_ADR_MST_V1 [Android]",120243254910040003,C4_APB_TOP_1865_ADR_BOOK0_V2,120243254910200003,C4C_STC_APP_BOOK0_T2,120243254910120003,2026-05-13,Feed,android_smartphone,facebook,0,,,,2026-05-02,Ongoing,"1-day click, 1-day view, or 1-day engaged-view",,,,,,,,,,,,,,,,,,,,,,,,,,,,,,,2,,,,,,,,,,,,,,,,2026-05-13,2026-05-13
"BOOK0_APP_MAY26_ADR_MST_V1 [Android]",120243254910040003,C2_APB_TOP_1865_ADR_BOOK0_V2,120243254910060003,C2B_STC_APP_BOOK0_T2,120243254910110003,2026-05-27,Feed,android_tablet,facebook,android_tablet,,,,2026-05-02,Ongoing,"1-day click, 1-day view, or 1-day engaged-view",,,,,,,,,,,,,,,,,,,,,,2,,,,,,,,,,,,,,,,,,,,,,,,,2026-05-27,2026-05-27
"BOOK0_APP_MAY26_ADR_MST_V1 [Android]",120243254910040003,C4_APB_TOP_1865_ADR_BOOK0_V2,120243254910200003,C4C_STC_APP_BOOK0_T2,120243254910120003,2026-05-13,"Instagram Reels",android_smartphone,instagram,android_smartphone,,,,2026-05-02,Ongoing,"1-day click, 1-day view, or 1-day engaged-view",,,,,,,,,,,,,,,,,,,,,,1,,,,,,,,,,,,,,,,,,,,,,,,,2026-05-13,2026-05-13
"BOOK0_APP_MAY26_ADR_MST_V1 [Android]",120243254910040003,TEST_APB_TOF_1865_ADR_BOOK0,120244850332940003,C6A_STC_APP_BOOK0_T2,120244850332910003,2026-05-27,"Native, banner & interstitial",android_tablet,audience_network,android_tablet,,,,2026-05-25,Ongoing,"1-day click, 1-day view, or 1-day engaged-view",,,,,,,,,,,,,,,,,,,,,,1,,,,,,,,,,,,,,,,,,,,,,,,,2026-05-27,2026-05-27
"BOOK0_APP_MAY26_ADR_MST_V1 [Android]",120243254910040003,TEST_APB_TOF_1865_ADR_BOOK0,120244850332940003,C6A_STC_APP_BOOK0_T2,120244850332910003,2026-05-27,Feed,android_smartphone,instagram,0,,,,2026-05-25,Ongoing,"1-day click, 1-day view, or 1-day engaged-view",,,,,,,,,,,,,,,,,,,,,,,,,,,,,,,2,,,,,,,,,,,,,,,,2026-05-27,2026-05-27
"BOOK0_APP_MAY26_ADR_MST_V1 [Android]",120243254910040003,TEST_APB_TOF_1865_ADR_BOOK0,120244850332940003,C6A_STC_APP_BOOK0_T2,120244850332910003,2026-05-27,Feed,android_smartphone,instagram,android_smartphone,,,,2026-05-25,Ongoing,"1-day click, 1-day view, or 1-day engaged-view",,,,,,,,,,,,,,,,,,,,,,6,,,,,,,,,,,,,,,2,,,,1,,,,,,2026-05-27,2026-05-27
"BOOK0_APP_MAY26_ADR_MST_V1 [Android]",120243254910040003,TEST_APB_TOF_1865_ADR_BOOK0,120244850332940003,C6A_STC_APP_BOOK0_T2,120244850332910003,2026-05-27,Feed,android_smartphone,facebook,0,,,,2026-05-25,Ongoing,"1-day click, 1-day view, or 1-day engaged-view",,,,,,,,,,,,,,,,,,,,,,,,,,,,,,,4,,,,,,,,,,,,,,,,2026-05-27,2026-05-27
"BOOK0_APP_MAY26_ADR_MST_V1 [Android]",120243254910040003,TEST_APB_TOF_1865_ADR_BOOK0,120244850332940003,C6A_STC_APP_BOOK0_T2,120244850332910003,2026-05-27,Feed,android_smartphone,facebook,android_smartphone,,,,2026-05-25,Ongoing,"1-day click, 1-day view, or 1-day engaged-view",,,,,,,,,,,,,,,,,,,,,,27,,,,,,,,,,,,,,,4,,,,,,,,,,2026-05-27,2026-05-27
"BOOK0_APP_MAY26_ADR_MST_V1 [Android]",120243254910040003,TEST_APB_TOF_1865_ADR_BOOK0,120244850332940003,C6A_STC_APP_BOOK0_T2,120244850332910003,2026-05-27,"Instagram Stories",android_smartphone,instagram,0,,,,2026-05-25,Ongoing,"1-day click, 1-day view, or 1-day engaged-view",,,,,,,,,,,,,,,,,,,,,,,,,,,,,,,1,,,,,,,,,,,,,,,,2026-05-27,2026-05-27
"BOOK0_APP_MAY26_ADR_MST_V1 [Android]",120243254910040003,C2_APB_TOP_1865_ADR_BOOK0_V2,120243254910060003,C2B_STC_APP_BOOK0_T2,120243254910110003,2026-05-27,Feed,android_smartphone,facebook,0,,,,2026-05-02,Ongoing,"1-day click, 1-day view, or 1-day engaged-view",,,,,,,,,,,,,,,,,,,,,,,,,,,,,,,1,,,,,,,,,,,,,,,,2026-05-27,2026-05-27
"BOOK0_APP_MAY26_ADR_MST_V1 [Android]",120243254910040003,C2_APB_TOP_1865_ADR_BOOK0_V2,120243254910060003,C2B_STC_APP_BOOK0_T2,120243254910110003,2026-05-27,"Instagram Stories",android_smartphone,instagram,android_smartphone,,,,2026-05-02,Ongoing,"1-day click, 1-day view, or 1-day engaged-view",,,,,,,,,,,,,,,,,,,,,,1,,,,,,,,,,,,,,,,,,,,,,,,,2026-05-27,2026-05-27
"BOOK0_APP_MAY26_ADR_MST_V1 [Android]",120243254910040003,TEST_APB_TOF_1865_ADR_BOOK0,120244850332940003,C6A_STC_APP_BOOK0_T2,120244850332910003,2026-05-28,Feed,android_smartphone,facebook,android_smartphone,,,,2026-05-25,Ongoing,"1-day click, 1-day view, or 1-day engaged-view",,,,,,,,,,,,,,,,,,,,,,5,,,,,,,,,,,,1,,,1,,1,,,,,,,,2026-05-28,2026-05-28
"BOOK0_APP_MAY26_ADR_MST_V1 [Android]",120243254910040003,C4_APB_TOP_1865_ADR_BOOK0_V2,120243254910200003,C4C_STC_APP_BOOK0_T2,120243254910120003,2026-05-13,"Native, banner & interstitial",android_smartphone,audience_network,android_smartphone,,,,2026-05-02,Ongoing,"1-day click, 1-day view, or 1-day engaged-view",,,,,,,,,,,,,,,,,,,,,,1,,,,,,,,,,,,,,,,,,,,,,,,,2026-05-13,2026-05-13
"BOOK0_APP_MAY26_ADR_MST_V1 [Android]",120243254910040003,C2_APB_TOP_1865_ADR_BOOK0_V2,120243254910060003,C2B_STC_APP_BOOK0_T2,120243254910110003,2026-05-13,"Facebook Reels",android_smartphone,facebook,0,,,,2026-05-02,Ongoing,"1-day click, 1-day view, or 1-day engaged-view",,,,,,,,,,,,,,,,,,,,,,,,,,,,,,,5,,,,,,,,,,,,,,,,2026-05-13,2026-05-13
"BOOK0_APP_MAY26_ADR_MST_V1 [Android]",120243254910040003,C2_APB_TOP_1865_ADR_BOOK0_V2,120243254910060003,C2B_STC_APP_BOOK0_T2,120243254910110003,2026-05-13,"Native, banner & interstitial",android_smartphone,audience_network,android_smartphone,,,,2026-05-02,Ongoing,"1-day click, 1-day view, or 1-day engaged-view",,,,,,,,,,,,,,,,,,,,,,1,,,,,,,,,,,,,,,,,,,,,,,,,2026-05-13,2026-05-13
"BOOK0_APP_MAY26_ADR_MST_V1 [Android]",120243254910040003,C2_APB_TOP_1865_ADR_BOOK0_V2,120243254910060003,C2B_STC_APP_BOOK0_T2,120243254910110003,2026-05-13,"Facebook profile feed",android_smartphone,facebook,android_smartphone,,,,2026-05-02,Ongoing,"1-day click, 1-day view, or 1-day engaged-view",,,,,,,,,,,,,,,,,,,,,,1,,,,,,,,,,,,,,,,,,,,,,,,,2026-05-13,2026-05-13
"BOOK0_APP_MAY26_ADR_MST_V1 [Android]",120243254910040003,C4_APB_TOP_1865_ADR_BOOK0_V2,120243254910200003,C4C_STC_APP_BOOK0_T2,120243254910120003,2026-05-13,"Facebook Reels",android_smartphone,facebook,android_smartphone,,,,2026-05-02,Ongoing,"1-day click, 1-day view, or 1-day engaged-view",,,,,,,,,,,,,,,,,,,,,,7,,,,,,,,,,,,1,,,2,,1,,2,,,,,,2026-05-13,2026-05-13
"BOOK0_APP_MAY26_ADR_MST_V1 [Android]",120243254910040003,C4_APB_TOP_1865_ADR_BOOK0_V2,120243254910200003,C4C_STC_APP_BOOK0_T2,120243254910120003,2026-05-13,"Facebook Reels",android_smartphone,facebook,0,,,,2026-05-02,Ongoing,"1-day click, 1-day view, or 1-day engaged-view",,,,,,,,,,,,,,,,,,,,,,,,,,,,,,,2,,,,,,,,,,,,,,,,2026-05-13,2026-05-13
"BOOK0_APP_MAY26_ADR_MST_V1 [Android]",120243254910040003,C4_APB_TOP_1865_ADR_BOOK0_V2,120243254910200003,C4C_STC_APP_BOOK0_T2,120243254910120003,2026-05-13,Feed,android_smartphone,instagram,android_smartphone,,,,2026-05-02,Ongoing,"1-day click, 1-day view, or 1-day engaged-view",,,,,,,,,,,,,,,,,,,,,,1,,,,,,,,,,,,,,,,,,,,,,,,,2026-05-13,2026-05-13
"BOOK0_APP_MAY26_ADR_MST_V1 [Android]",120243254910040003,C2_APB_TOP_1865_ADR_BOOK0_V2,120243254910060003,C2B_STC_APP_BOOK0_T2,120243254910110003,2026-05-27,"Native, banner & interstitial",android_tablet,audience_network,android_tablet,,,,2026-05-02,Ongoing,"1-day click, 1-day view, or 1-day engaged-view",,,,,,,,,,,,,,,,,,,,,,2,,,,,,,,,,,,,,,,,,,,,,,,,2026-05-27,2026-05-27
"BOOK0_APP_MAY26_ADR_MST_V1 [Android]",120243254910040003,C2_APB_TOP_1865_ADR_BOOK0_V2,120243254910060003,C2B_STC_APP_BOOK0_T2,120243254910110003,2026-05-27,Feed,android_smartphone,instagram,android_smartphone,,,,2026-05-02,Ongoing,"1-day click, 1-day view, or 1-day engaged-view",,,,,,,,,,,,,,,,,,,,,,4,,,,,,,,,,,,,,,2,,,,1,,,,,,2026-05-27,2026-05-27
"BOOK0_APP_MAY26_ADR_MST_V1 [Android]",120243254910040003,C2_APB_TOP_1865_ADR_BOOK0_V2,120243254910060003,C2B_STC_APP_BOOK0_T2,120243254910110003,2026-05-27,"Native, banner & interstitial",android_smartphone,audience_network,android_smartphone,,,,2026-05-02,Ongoing,"1-day click, 1-day view, or 1-day engaged-view",,,,,,,,,,,,,,,,,,,,,,3,,,,,,,,,,,,,,,,,,,,,,,,,2026-05-27,2026-05-27
"BOOK0_APP_MAY26_ADR_MST_V1 [Android]",120243254910040003,C2_APB_TOP_1865_ADR_BOOK0_V2,120243254910060003,C2B_STC_APP_BOOK0_T2,120243254910110003,2026-05-27,"Threads feed",android_smartphone,threads,android_smartphone,,,,2026-05-02,Ongoing,"1-day click, 1-day view, or 1-day engaged-view",,,,,,,,,,,,,,,,,,,,,,2,,,,,,,,,,,,,,,,,,,,,,,,,2026-05-27,2026-05-27
"BOOK0_APP_MAY26_ADR_MST_V1 [Android]",120243254910040003,C2_APB_TOP_1865_ADR_BOOK0_V2,120243254910060003,C2B_STC_APP_BOOK0_T2,120243254910110003,2026-05-27,"Instagram Reels",android_smartphone,instagram,android_smartphone,,,,2026-05-02,Ongoing,"1-day click, 1-day view, or 1-day engaged-view",,,,,,,,,,,,,,,,,,,,,,4,,,,,,,,,,,,,,,,,,,,,,,,,2026-05-27,2026-05-27
"BOOK0_APP_MAY26_ADR_MST_V1 [Android]",120243254910040003,C2_APB_TOP_1865_ADR_BOOK0_V2,120243254910060003,C2B_STC_APP_BOOK0_T2,120243254910110003,2026-05-27,"In-stream reels",android_smartphone,facebook,android_smartphone,,,,2026-05-02,Ongoing,"1-day click, 1-day view, or 1-day engaged-view",,,,,,,,,,,,,,,,,,,,,,1,,,,,,,,,,,,,,,,,,,,,,,,,2026-05-27,2026-05-27
"BOOK0_APP_MAY26_ADR_MST_V1 [Android]",120243254910040003,C2_APB_TOP_1865_ADR_BOOK0_V2,120243254910060003,C2B_STC_APP_BOOK0_T2,120243254910110003,2026-05-27,"Facebook Reels",android_smartphone,facebook,0,,,,2026-05-02,Ongoing,"1-day click, 1-day view, or 1-day engaged-view",,,,,,,,,,,,,,,,,,,,,,,,,,,,,,,3,,,,,,,,,,,,,,,,2026-05-27,2026-05-27
"BOOK0_APP_MAY26_ADR_MST_V1 [Android]",120243254910040003,C2_APB_TOP_1865_ADR_BOOK0_V2,120243254910060003,C2B_STC_APP_BOOK0_T2,120243254910110003,2026-05-27,"Facebook Reels",android_smartphone,facebook,android_smartphone,,,,2026-05-02,Ongoing,"1-day click, 1-day view, or 1-day engaged-view",,,,,,,,,,,,,,,,,,,,,,4,,,,,,,,,,,,1,,,3,,1,,1,,,,,,2026-05-27,2026-05-27
"BOOK0_APP_MAY26_ADR_MST_V1 [Android]",120243254910040003,C2_APB_TOP_1865_ADR_BOOK0_V2,120243254910060003,C2B_STC_APP_BOOK0_T2,120243254910110003,2026-05-27,Feed,android_smartphone,instagram,0,,,,2026-05-02,Ongoing,"1-day click, 1-day view, or 1-day engaged-view",,,,,,,,,,,,,,,,,,,,,,,,,,,,,,,2,,,,,,,,,,,,,,,,2026-05-27,2026-05-27
"BOOK0_APP_MAY26_ADR_MST_V1 [Android]",120243254910040003,C2_APB_TOP_1865_ADR_BOOK0_V2,120243254910060003,C2B_STC_APP_BOOK0_T2,120243254910110003,2026-05-29,"In-stream reels",android_smartphone,facebook,android_smartphone,,,,2026-05-02,Ongoing,"1-day click, 1-day view, or 1-day engaged-view",,,,,,,,,,,,,,,,,,,,,,1,,,,,,,,,,,,,,,,,,,,,,,,,2026-05-29,2026-05-29
"BOOK0_APP_MAY26_ADR_MST_V1 [Android]",120243254910040003,C2_APB_TOP_1865_ADR_BOOK0_V2,120243254910060003,C2B_STC_APP_BOOK0_T2,120243254910110003,2026-05-29,Feed,android_smartphone,instagram,android_smartphone,,,,2026-05-02,Ongoing,"1-day click, 1-day view, or 1-day engaged-view",,,,,,,,,,,,,,,,,,,,,,2,,,,,,,,,,,,,,,,,,,,,,,,,2026-05-29,2026-05-29
"BOOK0_APP_MAY26_ADR_MST_V1 [Android]",120243254910040003,TEST_APB_TOF_1865_ADR_BOOK0,120244850332940003,C6A_STC_APP_BOOK0_T2,120244850332910003,2026-06-01,Feed,android_smartphone,facebook,0,,,,2026-05-25,Ongoing,"1-day click, 1-day view, or 1-day engaged-view",,,,,,,,,,,,,,,,,,,,,,,,,,,,,,,2,,,,,,,,,,,,,,,,2026-06-01,2026-06-01
"BOOK0_APP_MAY26_ADR_MST_V1 [Android]",120243254910040003,C2_APB_TOP_1865_ADR_BOOK0_V2,120243254910060003,C2B_STC_APP_BOOK0_T2,120243254910110003,2026-05-31,Feed,android_smartphone,facebook,0,,,,2026-05-02,Ongoing,"1-day click, 1-day view, or 1-day engaged-view",,,,,,,,,,,,,,,,,,,,,,,,,,,,,,,4,,,,,,,,,,,,,,,,2026-05-31,2026-05-31
"BOOK0_APP_MAY26_ADR_MST_V1 [Android]",120243254910040003,C2_APB_TOP_1865_ADR_BOOK0_V2,120243254910060003,C2B_STC_APP_BOOK0_T2,120243254910110003,2026-05-31,"Native, banner & interstitial",android_smartphone,audience_network,android_smartphone,,,,2026-05-02,Ongoing,"1-day click, 1-day view, or 1-day engaged-view",,,,,,,,,,,,,,,,,,,,,,29,,,,,,,,,,,,,,,,,,,,,,,,,2026-05-31,2026-05-31
"BOOK0_APP_MAY26_ADR_MST_V1 [Android]",120243254910040003,C2_APB_TOP_1865_ADR_BOOK0_V2,120243254910060003,C2B_STC_APP_BOOK0_T2,120243254910110003,2026-05-31,"Instagram Reels",android_smartphone,instagram,0,,,,2026-05-02,Ongoing,"1-day click, 1-day view, or 1-day engaged-view",,,,,,,,,,,,,,,,,,,,,,,,,,,,,,,1,,,,,,,,,,,,,,,,2026-05-31,2026-05-31
"BOOK0_APP_MAY26_ADR_MST_V1 [Android]",120243254910040003,C2_APB_TOP_1865_ADR_BOOK0_V2,120243254910060003,C2B_STC_APP_BOOK0_T2,120243254910110003,2026-05-31,"Instagram Reels",android_smartphone,instagram,android_smartphone,,,,2026-05-02,Ongoing,"1-day click, 1-day view, or 1-day engaged-view",,,,,,,,,,,,,,,,,,,,,,3,,,,,,,,,,,,,,,1,,,,,,,,,,2026-05-31,2026-05-31
"BOOK0_APP_MAY26_ADR_MST_V1 [Android]",120243254910040003,C2_APB_TOP_1865_ADR_BOOK0_V2,120243254910060003,C2B_STC_APP_BOOK0_T2,120243254910110003,2026-05-31,"Facebook Reels",android_smartphone,facebook,0,,,,2026-05-02,Ongoing,"1-day click, 1-day view, or 1-day engaged-view",,,,,,,,,,,,,,,,,,,,,,,,,,,,,,,1,,,,,,,,,,,,,,,,2026-05-31,2026-05-31
"BOOK0_APP_MAY26_ADR_MST_V1 [Android]",120243254910040003,C2_APB_TOP_1865_ADR_BOOK0_V2,120243254910060003,C2B_STC_APP_BOOK0_T2,120243254910110003,2026-05-31,"Facebook Reels",android_smartphone,facebook,android_smartphone,,,,2026-05-02,Ongoing,"1-day click, 1-day view, or 1-day engaged-view",,,,,,,,,,,,,,,,,,,,,,5,,,,,,,,,,,,,,,1,,,,,,,,,,2026-05-31,2026-05-31
"BOOK0_APP_MAY26_ADR_MST_V1 [Android]",120243254910040003,C2_APB_TOP_1865_ADR_BOOK0_V2,120243254910060003,C2B_STC_APP_BOOK0_T2,120243254910110003,2026-05-31,"In-stream reels",android_smartphone,facebook,android_smartphone,,,,2026-05-02,Ongoing,"1-day click, 1-day view, or 1-day engaged-view",,,,,,,,,,,,,,,,,,,,,,1,,,,,,,,,,,,,,,,,,,,,,,,,2026-05-31,2026-05-31
"BOOK0_APP_MAY26_ADR_MST_V1 [Android]",120243254910040003,C2_APB_TOP_1865_ADR_BOOK0_V2,120243254910060003,C2B_STC_APP_BOOK0_T2,120243254910110003,2026-05-31,Feed,android_smartphone,facebook,android_smartphone,,,,2026-05-02,Ongoing,"1-day click, 1-day view, or 1-day engaged-view",,,,,,,,,,,,,,,,,,,,,,12,,,,,,,,,,,,2,,,4,,2,,1,,,,,,2026-05-31,2026-05-31
"BOOK0_APP_MAY26_ADR_MST_V1 [Android]",120243254910040003,C2_APB_TOP_1865_ADR_BOOK0_V2,120243254910060003,C2B_STC_APP_BOOK0_T2,120243254910110003,2026-05-31,Feed,android_tablet,instagram,android_tablet,,,,2026-05-02,Ongoing,"1-day click, 1-day view, or 1-day engaged-view",,,,,,,,,,,,,,,,,,,,,,1,,,,,,,,,,,,,,,,,,,,,,,,,2026-05-31,2026-05-31
"BOOK0_APP_MAY26_ADR_MST_V1 [Android]",120243254910040003,C2_APB_TOP_1865_ADR_BOOK0_V2,120243254910060003,C2B_STC_APP_BOOK0_T2,120243254910110003,2026-05-31,"Explore home",android_smartphone,instagram,android_smartphone,,,,2026-05-02,Ongoing,"1-day click, 1-day view, or 1-day engaged-view",,,,,,,,,,,,,,,,,,,,,,,,,,,,,,,,,,1,,,,,1,,,,,,,,2026-05-31,2026-05-31
"BOOK0_APP_MAY26_ADR_MST_V1 [Android]",120243254910040003,TEST_APB_TOF_1865_ADR_BOOK0,120244850332940003,C5B_STC_APP_BOOK0_T2,120244850332920003,2026-05-31,"Instagram Stories",android_smartphone,instagram,android_smartphone,,,,2026-05-25,Ongoing,"1-day click, 1-day view, or 1-day engaged-view",,,,,,,,,,,,,,,,,,,,,,1,,,,,,,,,,,,,,,,,,,,,,,,,2026-05-31,2026-05-31
"BOOK0_APP_MAY26_ADR_MST_V1 [Android]",120243254910040003,TEST_APB_TOF_1865_ADR_BOOK0,120244850332940003,C5B_STC_APP_BOOK0_T2,120244850332920003,2026-05-31,Feed,android_smartphone,facebook,android_smartphone,,,,2026-05-25,Ongoing,"1-day click, 1-day view, or 1-day engaged-view",,,,,,,,,,,,,,,,,,,,,,4,,,,,,,,,,,,,,,,,,,,,,,,,2026-05-31,2026-05-31
"BOOK0_APP_MAY26_ADR_MST_V1 [Android]",120243254910040003,TEST_APB_TOF_1865_ADR_BOOK0,120244850332940003,C6A_STC_APP_BOOK0_T2,120244850332910003,2026-05-31,Feed,android_smartphone,facebook,0,,,,2026-05-25,Ongoing,"1-day click, 1-day view, or 1-day engaged-view",,,,,,,,,,,,,,,,,,,,,,,,,,,,,,,2,,,,,,,,,,,,,,,,2026-05-31,2026-05-31
"BOOK0_APP_MAY26_ADR_MST_V1 [Android]",120243254910040003,TEST_APB_TOF_1865_ADR_BOOK0,120244850332940003,C6A_STC_APP_BOOK0_T2,120244850332910003,2026-05-31,Feed,android_smartphone,facebook,android_smartphone,,,,2026-05-25,Ongoing,"1-day click, 1-day view, or 1-day engaged-view",,,,,,,,,,,,,,,,,,,,,,24,,,,,,,,,,,,,,,2,,,,,,,,,,2026-05-31,2026-05-31
"BOOK0_APP_MAY26_ADR_MST_V1 [Android]",120243254910040003,TEST_APB_TOF_1865_ADR_BOOK0,120244850332940003,C6A_STC_APP_BOOK0_T2,120244850332910003,2026-05-31,"Native, banner & interstitial",android_smartphone,audience_network,android_smartphone,,,,2026-05-25,Ongoing,"1-day click, 1-day view, or 1-day engaged-view",,,,,,,,,,,,,,,,,,,,,,34,,,,,,,,,,,,,,,,,,,,,,,,,2026-05-31,2026-05-31
"BOOK0_APP_MAY26_ADR_MST_V1 [Android]",120243254910040003,TEST_APB_TOF_1865_ADR_BOOK0,120244850332940003,C6A_STC_APP_BOOK0_T2,120244850332910003,2026-05-31,"Instagram Stories",android_smartphone,instagram,android_smartphone,,,,2026-05-25,Ongoing,"1-day click, 1-day view, or 1-day engaged-view",,,,,,,,,,,,,,,,,,,,,,7,,,,,,,,,,,,,,,,,,,,,,,,,2026-05-31,2026-05-31
"BOOK0_APP_MAY26_ADR_MST_V1 [Android]",120243254910040003,C2_APB_TOP_1865_ADR_BOOK0_V2,120243254910060003,C2B_STC_APP_BOOK0_T2,120243254910110003,2026-05-31,Feed,android_smartphone,instagram,android_smartphone,,,,2026-05-02,Ongoing,"1-day click, 1-day view, or 1-day engaged-view",,,,,,,,,,,,,,,,,,,,,,1,,,,,,,,,,,,,,,,,,,,,,,,,2026-05-31,2026-05-31
"BOOK0_APP_MAY26_ADR_MST_V1 [Android]",120243254910040003,C4_APB_TOP_1865_ADR_BOOK0_V2,120243254910200003,C4B_STC_APP_BOOK0_T2,120243254910230003,2026-05-12,"Facebook Reels",android_smartphone,facebook,android_smartphone,,,,2026-05-02,Ongoing,"1-day click, 1-day view, or 1-day engaged-view",,,,,,,,,,,,,,,,,,,,,,2,,,,,,,,,,,,,,,,,,,,,,,,,2026-05-12,2026-05-12
"BOOK0_APP_MAY26_ADR_MST_V1 [Android]",120243254910040003,TEST_APB_TOF_1865_ADR_BOOK0,120244850332940003,C6A_STC_APP_BOOK0_T2,120244850332910003,2026-05-31,"Instagram Reels",android_smartphone,instagram,android_smartphone,,,,2026-05-25,Ongoing,"1-day click, 1-day view, or 1-day engaged-view",,,,,,,,,,,,,,,,,,,,,,1,,,,,,,,,,,,,,,,,,,,,,,,,2026-05-31,2026-05-31
"BOOK0_APP_MAY26_ADR_MST_V1 [Android]",120243254910040003,C4_APB_TOP_1865_ADR_BOOK0_V2,120243254910200003,C4C_STC_APP_BOOK0_T2,120243254910120003,2026-05-12,Feed,android_smartphone,facebook,android_smartphone,,,,2026-05-02,Ongoing,"1-day click, 1-day view, or 1-day engaged-view",,,,,,,,,,,,,,,,,,,,,,5,,,,,,,,,,,,1,,,1,,1,,,,,,,,2026-05-12,2026-05-12
"BOOK0_APP_MAY26_ADR_MST_V1 [Android]",120243254910040003,TEST_APB_TOF_1865_ADR_BOOK0,120244850332940003,C6A_STC_APP_BOOK0_T2,120244850332910003,2026-06-01,Feed,android_smartphone,facebook,android_smartphone,,,,2026-05-25,Ongoing,"1-day click, 1-day view, or 1-day engaged-view",,,,,,,,,,,,,,,,,,,,,,14,,,,,,,,,,,,1,,,2,,1,,2,,,,,,2026-06-01,2026-06-01
"BOOK0_APP_MAY26_ADR_MST_V1 [Android]",120243254910040003,TEST_APB_TOF_1865_ADR_BOOK0,120244850332940003,C6A_STC_APP_BOOK0_T2,120244850332910003,2026-06-01,"Instagram Stories",android_smartphone,instagram,android_smartphone,,,,2026-05-25,Ongoing,"1-day click, 1-day view, or 1-day engaged-view",,,,,,,,,,,,,,,,,,,,,,5,,,,,,,,,,,,,,,,,,,,,,,,,2026-06-01,2026-06-01
"BOOK0_APP_MAY26_ADR_MST_V1 [Android]",120243254910040003,TEST_APB_TOF_1865_ADR_BOOK0,120244850332940003,C6A_STC_APP_BOOK0_T2,120244850332910003,2026-06-01,"Native, banner & interstitial",android_smartphone,audience_network,0,,,,2026-05-25,Ongoing,"1-day click, 1-day view, or 1-day engaged-view",,,,,,,,,,,,,,,,,,,,,,,,,,,,,,,1,,,,,,,,,,,,,,,,2026-06-01,2026-06-01
"BOOK0_APP_MAY26_ADR_MST_V1 [Android]",120243254910040003,TEST_APB_TOF_1865_ADR_BOOK0,120244850332940003,C6A_STC_APP_BOOK0_T2,120244850332910003,2026-06-01,"Native, banner & interstitial",android_smartphone,audience_network,android_smartphone,,,,2026-05-25,Ongoing,"1-day click, 1-day view, or 1-day engaged-view",,,,,,,,,,,,,,,,,,,,,,28,,,,,,,,,,,,,,,1,,,,,,,,,,2026-06-01,2026-06-01
"BOOK0_APP_MAY26_ADR_MST_V1 [Android]",120243254910040003,TEST_APB_TOF_1865_ADR_BOOK0,120244850332940003,C6A_STC_APP_BOOK0_T2,120244850332910003,2026-06-01,"Native, banner & interstitial",android_tablet,audience_network,android_tablet,,,,2026-05-25,Ongoing,"1-day click, 1-day view, or 1-day engaged-view",,,,,,,,,,,,,,,,,,,,,,2,,,,,,,,,,,,,,,,,,,,,,,,,2026-06-01,2026-06-01
"BOOK0_APP_MAY26_ADR_MST_V1 [Android]",120243254910040003,TEST_APB_TOF_1865_ADR_BOOK0,120244850332940003,C6A_STC_APP_BOOK0_T2,120244850332910003,2026-06-01,"Instagram Stories",android_tablet,instagram,android_tablet,,,,2026-05-25,Ongoing,"1-day click, 1-day view, or 1-day engaged-view",,,,,,,,,,,,,,,,,,,,,,1,,,,,,,,,,,,,,,,,,,,,,,,,2026-06-01,2026-06-01
"BOOK0_APP_MAY26_ADR_MST_V1 [Android]",120243254910040003,C4_APB_TOP_1865_ADR_BOOK0_V2,120243254910200003,C4C_STC_APP_BOOK0_T2,120243254910120003,2026-05-12,Feed,android_smartphone,facebook,0,,,,2026-05-02,Ongoing,"1-day click, 1-day view, or 1-day engaged-view",,,,,,,,,,,,,,,,,,,,,,,,,,,,,,,1,,,,,,,,,,,,,,,,2026-05-12,2026-05-12
"BOOK0_APP_MAY26_ADR_MST_V1 [Android]",120243254910040003,C4_APB_TOP_1865_ADR_BOOK0_V2,120243254910200003,C4B_STC_APP_BOOK0_T2,120243254910230003,2026-05-12,"Instagram Stories",android_smartphone,instagram,android_smartphone,,,,2026-05-02,Ongoing,"1-day click, 1-day view, or 1-day engaged-view",,,,,,,,,,,,,,,,,,,,,,2,,,,,,,,,,,,,,,,,,,,,,,,,2026-05-12,2026-05-12
"BOOK0_APP_MAY26_ADR_MST_V1 [Android]",120243254910040003,C4_APB_TOP_1865_ADR_BOOK0_V2,120243254910200003,C4C_STC_APP_BOOK0_T2,120243254910120003,2026-05-12,"Facebook profile feed",android_smartphone,facebook,android_smartphone,,,,2026-05-02,Ongoing,"1-day click, 1-day view, or 1-day engaged-view",,,,,,,,,,,,,,,,,,,,,,2,,,,,,,,,,,,,,,,,,,,,,,,,2026-05-12,2026-05-12
"BOOK0_APP_MAY26_ADR_MST_V1 [Android]",120243254910040003,C1_APB_TOP_1865_ADR_BOOK0_V2,120243254910070003,C1A_STC_APP_BOOK0_T2,120243254910160003,2026-05-12,"In-stream reels",android_smartphone,facebook,android_smartphone,,,,2026-05-02,Ongoing,"1-day click, 1-day view, or 1-day engaged-view",,,,,,,,,,,,,,,,,,,,,,1,,,,,,,,,,,,,,,,,,,,,,,,,2026-05-12,2026-05-12
"BOOK0_APP_MAY26_ADR_MST_V1 [Android]",120243254910040003,C1_APB_TOP_1865_ADR_BOOK0_V2,120243254910070003,C1A_STC_APP_BOOK0_T2,120243254910160003,2026-05-12,"Facebook Reels",android_smartphone,facebook,android_smartphone,,,,2026-05-02,Ongoing,"1-day click, 1-day view, or 1-day engaged-view",,,,,,,,,,,,,,,,,,,,,,1,,,,,,,,,,,,,,,,,,,,,,,,,2026-05-12,2026-05-12
"BOOK0_APP_MAY26_ADR_MST_V1 [Android]",120243254910040003,C4_APB_TOP_1865_ADR_BOOK0_V2,120243254910200003,C4B_STC_APP_BOOK0_T2,120243254910230003,2026-05-12,"Native, banner & interstitial",android_smartphone,audience_network,android_smartphone,,,,2026-05-02,Ongoing,"1-day click, 1-day view, or 1-day engaged-view",,,,,,,,,,,,,,,,,,,,,,,,,,,,,,,,,,1,,,1,,1,,,,,,,,2026-05-12,2026-05-12
"BOOK0_APP_MAY26_ADR_MST_V1 [Android]",120243254910040003,C4_APB_TOP_1865_ADR_BOOK0_V2,120243254910200003,C4B_STC_APP_BOOK0_T2,120243254910230003,2026-05-12,"Native, banner & interstitial",android_smartphone,audience_network,0,,,,2026-05-02,Ongoing,"1-day click, 1-day view, or 1-day engaged-view",,,,,,,,,,,,,,,,,,,,,,,,,,,,,,,1,,,,,,,,,,,,,,,,2026-05-12,2026-05-12
"BOOK0_APP_MAY26_ADR_MST_V1 [Android]",120243254910040003,C4_APB_TOP_1865_ADR_BOOK0_V2,120243254910200003,C4B_STC_APP_BOOK0_T2,120243254910230003,2026-05-12,Feed,android_smartphone,facebook,android_smartphone,,,,2026-05-02,Ongoing,"1-day click, 1-day view, or 1-day engaged-view",,,,,,,,,,,,,,,,,,,,,,1,,,,,,,,,,,,,,,,,,,,,,,,,2026-05-12,2026-05-12
"BOOK0_APP_MAY26_ADR_MST_V1 [Android]",120243254910040003,C4_APB_TOP_1865_ADR_BOOK0_V2,120243254910200003,C4B_STC_APP_BOOK0_T2,120243254910230003,2026-05-12,"Instagram Reels",android_smartphone,instagram,android_smartphone,,,,2026-05-02,Ongoing,"1-day click, 1-day view, or 1-day engaged-view",,,,,,,,,,,,,,,,,,,,,,1,,,,,,,,,,,,,,,,,,,,,,,,,2026-05-12,2026-05-12
"BOOK0_APP_MAY26_ADR_MST_V1 [Android]",120243254910040003,TEST_APB_TOF_1865_ADR_BOOK0,120244850332940003,C6A_STC_APP_BOOK0_T2,120244850332910003,2026-05-31,"Native, banner & interstitial",android_tablet,audience_network,android_tablet,,,,2026-05-25,Ongoing,"1-day click, 1-day view, or 1-day engaged-view",,,,,,,,,,,,,,,,,,,,,,2,,,,,,,,,,,,,,,,,,,,,,,,,2026-05-31,2026-05-31
"BOOK0_APP_MAY26_ADR_MST_V1 [Android]",120243254910040003,C4_APB_TOP_1865_ADR_BOOK0_V2,120243254910200003,C4D_STC_APP_BOOK0_T2,120243254910140003,2026-05-12,"Facebook Reels",android_smartphone,facebook,android_smartphone,,,,2026-05-02,Ongoing,"1-day click, 1-day view, or 1-day engaged-view",,,,,,,,,,,,,,,,,,,,,,,,,,,,,,,,,,,,,,,,,,,,,,,2026-05-12,2026-05-12
"BOOK0_APP_MAY26_ADR_MST_V1 [Android]",120243254910040003,C2_APB_TOP_1865_ADR_BOOK0_V2,120243254910060003,C2B_STC_APP_BOOK0_T2,120243254910110003,2026-05-29,"Native, banner & interstitial",android_smartphone,audience_network,android_smartphone,,,,2026-05-02,Ongoing,"1-day click, 1-day view, or 1-day engaged-view",,,,,,,,,,,,,,,,,,,,,,15,,,,,,,,,,,,,,,,,,,,,,,,,2026-05-29,2026-05-29
"BOOK0_APP_MAY26_ADR_MST_V1 [Android]",120243254910040003,C1_APB_TOP_1865_ADR_BOOK0_V2,120243254910070003,C1D_STC_APP_BOOK0_T2,120243254910190003,2026-05-13,"Instagram Stories",android_smartphone,instagram,android_smartphone,,,,2026-05-02,Ongoing,"1-day click, 1-day view, or 1-day engaged-view",,,,,,,,,,,,,,,,,,,,,,1,,,,,,,,,,,,,,,,,,,,,,,,,2026-05-13,2026-05-13
"BOOK0_APP_MAY26_ADR_MST_V1 [Android]",120243254910040003,TEST_APB_TOF_1865_ADR_BOOK0,120244850332940003,C6A_STC_APP_BOOK0_T2,120244850332910003,2026-05-30,Feed,android_smartphone,facebook,android_smartphone,,,,2026-05-25,Ongoing,"1-day click, 1-day view, or 1-day engaged-view",,,,,,,,,,,,,,,,,,,,,,20,,,,,,,,,,,,,,,,,,,,,,,,,2026-05-30,2026-05-30
"BOOK0_APP_MAY26_ADR_MST_V1 [Android]",120243254910040003,C1_APB_TOP_1865_ADR_BOOK0_V2,120243254910070003,C1D_STC_APP_BOOK0_T2,120243254910190003,2026-05-13,"Facebook Reels",android_smartphone,facebook,android_smartphone,,,,2026-05-02,Ongoing,"1-day click, 1-day view, or 1-day engaged-view",,,,,,,,,,,,,,,,,,,,,,,,,,,,,,,,,,,,,,,,,,,,,,,2026-05-13,2026-05-13
"BOOK0_APP_MAY26_ADR_MST_V1 [Android]",120243254910040003,C1_APB_TOP_1865_ADR_BOOK0_V2,120243254910070003,C1D_STC_APP_BOOK0_T2,120243254910190003,2026-05-13,"Instagram Reels",android_smartphone,instagram,android_smartphone,,,,2026-05-02,Ongoing,"1-day click, 1-day view, or 1-day engaged-view",,,,,,,,,,,,,,,,,,,,,,7,,,,,,,,,,,,,,,4,,,,,,,,,,2026-05-13,2026-05-13
"BOOK0_APP_MAY26_ADR_MST_V1 [Android]",120243254910040003,C1_APB_TOP_1865_ADR_BOOK0_V2,120243254910070003,C1D_STC_APP_BOOK0_T2,120243254910190003,2026-05-13,"Instagram Reels",android_smartphone,instagram,0,,,,2026-05-02,Ongoing,"1-day click, 1-day view, or 1-day engaged-view",,,,,,,,,,,,,,,,,,,,,,,,,,,,,,,4,,,,,,,,,,,,,,,,2026-05-13,2026-05-13
"BOOK0_APP_MAY26_ADR_MST_V1 [Android]",120243254910040003,C1_APB_TOP_1865_ADR_BOOK0_V2,120243254910070003,C1D_STC_APP_BOOK0_T2,120243254910190003,2026-05-13,Feed,android_smartphone,facebook,android_smartphone,,,,2026-05-02,Ongoing,"1-day click, 1-day view, or 1-day engaged-view",,,,,,,,,,,,,,,,,,,,,,4,,,,,,,,,,,,,,,1,,,,,,,,,,2026-05-13,2026-05-13
"BOOK0_APP_MAY26_ADR_MST_V1 [Android]",120243254910040003,C1_APB_TOP_1865_ADR_BOOK0_V2,120243254910070003,C1D_STC_APP_BOOK0_T2,120243254910190003,2026-05-13,Feed,android_smartphone,facebook,0,,,,2026-05-02,Ongoing,"1-day click, 1-day view, or 1-day engaged-view",,,,,,,,,,,,,,,,,,,,,,,,,,,,,,,1,,,,,,,,,,,,,,,,2026-05-13,2026-05-13
"BOOK0_APP_MAY26_ADR_MST_V1 [Android]",120243254910040003,C1_APB_TOP_1865_ADR_BOOK0_V2,120243254910070003,C1D_STC_APP_BOOK0_T2,120243254910190003,2026-05-13,"Facebook Stories",android_smartphone,facebook,android_smartphone,,,,2026-05-02,Ongoing,"1-day click, 1-day view, or 1-day engaged-view",,,,,,,,,,,,,,,,,,,,,,1,,,,,,,,,,,,,,,1,,,,,,,,,,2026-05-13,2026-05-13
"BOOK0_APP_MAY26_ADR_MST_V1 [Android]",120243254910040003,TEST_APB_TOF_1865_ADR_BOOK0,120244850332940003,C6A_STC_APP_BOOK0_T2,120244850332910003,2026-05-30,"Native, banner & interstitial",android_tablet,audience_network,android_tablet,,,,2026-05-25,Ongoing,"1-day click, 1-day view, or 1-day engaged-view",,,,,,,,,,,,,,,,,,,,,,1,,,,,,,,,,,,,,,,,,,,,,,,,2026-05-30,2026-05-30
"BOOK0_APP_MAY26_ADR_MST_V1 [Android]",120243254910040003,C1_APB_TOP_1865_ADR_BOOK0_V2,120243254910070003,C1D_STC_APP_BOOK0_T2,120243254910190003,2026-05-13,"Facebook Stories",android_smartphone,facebook,0,,,,2026-05-02,Ongoing,"1-day click, 1-day view, or 1-day engaged-view",,,,,,,,,,,,,,,,,,,,,,,,,,,,,,,1,,,,,,,,,,,,,,,,2026-05-13,2026-05-13
"BOOK0_APP_MAY26_ADR_MST_V1 [Android]",120243254910040003,C1_APB_TOP_1865_ADR_BOOK0_V2,120243254910070003,C1D_STC_APP_BOOK0_T2,120243254910190003,2026-05-13,"Native, banner & interstitial",android_smartphone,audience_network,android_smartphone,,,,2026-05-02,Ongoing,"1-day click, 1-day view, or 1-day engaged-view",,,,,,,,,,,,,,,,,,,,,,4,,,,,,,,,,,,,,,,,,,,,,,,,2026-05-13,2026-05-13
"BOOK0_APP_MAY26_ADR_MST_V1 [Android]",120243254910040003,C1_APB_TOP_1865_ADR_BOOK0_V2,120243254910070003,C1D_STC_APP_BOOK0_T2,120243254910190003,2026-05-13,Feed,android_smartphone,instagram,android_smartphone,,,,2026-05-02,Ongoing,"1-day click, 1-day view, or 1-day engaged-view",,,,,,,,,,,,,,,,,,,,,,,,,,,,,,,,,,,,,,,,,,,,,,,2026-05-13,2026-05-13
"BOOK0_APP_MAY26_ADR_MST_V1 [Android]",120243254910040003,C2_APB_TOP_1865_ADR_BOOK0_V2,120243254910060003,C2B_STC_APP_BOOK0_T2,120243254910110003,2026-05-13,"Instagram Reels",android_tablet,instagram,android_tablet,,,,2026-05-02,Ongoing,"1-day click, 1-day view, or 1-day engaged-view",,,,,,,,,,,,,,,,,,,,,,,,,,,,,,,,,,,,,,,,,,,,,,,2026-05-13,2026-05-13
"BOOK0_APP_MAY26_ADR_MST_V1 [Android]",120243254910040003,C2_APB_TOP_1865_ADR_BOOK0_V2,120243254910060003,C2B_STC_APP_BOOK0_T2,120243254910110003,2026-05-29,Feed,android_smartphone,facebook,0,,,,2026-05-02,Ongoing,"1-day click, 1-day view, or 1-day engaged-view",,,,,,,,,,,,,,,,,,,,,,,,,,,,,,,5,,,,,,,,,,,,,,,,2026-05-29,2026-05-29
"BOOK0_APP_MAY26_ADR_MST_V1 [Android]",120243254910040003,C2_APB_TOP_1865_ADR_BOOK0_V2,120243254910060003,C2B_STC_APP_BOOK0_T2,120243254910110003,2026-05-29,Feed,android_smartphone,facebook,android_smartphone,,,,2026-05-02,Ongoing,"1-day click, 1-day view, or 1-day engaged-view",,,,,,,,,,,,,,,,,,,,,,18,,,,,,,,,,,,2,,,5,,2,,2,,,,,,2026-05-29,2026-05-29
"BOOK0_APP_MAY26_ADR_MST_V1 [Android]",120243254910040003,C2_APB_TOP_1865_ADR_BOOK0_V2,120243254910060003,C2B_STC_APP_BOOK0_T2,120243254910110003,2026-05-29,"Facebook Reels",android_smartphone,facebook,android_smartphone,,,,2026-05-02,Ongoing,"1-day click, 1-day view, or 1-day engaged-view",,,,,,,,,,,,,,,,,,,,,,3,,,,,,,,,,,,,,,,,,,,,,,,,2026-05-29,2026-05-29
"BOOK0_APP_MAY26_ADR_MST_V1 [Android]",120243254910040003,TEST_APB_TOF_1865_ADR_BOOK0,120244850332940003,C6A_STC_APP_BOOK0_T2,120244850332910003,2026-05-30,"Threads feed",android_smartphone,threads,android_smartphone,,,,2026-05-25,Ongoing,"1-day click, 1-day view, or 1-day engaged-view",,,,,,,,,,,,,,,,,,,,,,1,,,,,,,,,,,,,,,,,,,,,,,,,2026-05-30,2026-05-30
"BOOK0_APP_MAY26_ADR_MST_V1 [Android]",120243254910040003,TEST_APB_TOF_1865_ADR_BOOK0,120244850332940003,C6A_STC_APP_BOOK0_T2,120244850332910003,2026-05-30,"Native, banner & interstitial",android_smartphone,audience_network,android_smartphone,,,,2026-05-25,Ongoing,"1-day click, 1-day view, or 1-day engaged-view",,,,,,,,,,,,,,,,,,,,,,13,,,,,,,,,,,,,,,,,,,,,,,,,2026-05-30,2026-05-30
"BOOK0_APP_MAY26_ADR_MST_V1 [Android]",120243254910040003,C4_APB_TOP_1865_ADR_BOOK0_V2,120243254910200003,C4D_STC_APP_BOOK0_T2,120243254910140003,2026-05-12,Feed,android_smartphone,instagram,android_smartphone,,,,2026-05-02,Ongoing,"1-day click, 1-day view, or 1-day engaged-view",,,,,,,,,,,,,,,,,,,,,,1,,,,,,,,,,,,,,,,,,,,,,,,,2026-05-12,2026-05-12
"BOOK0_APP_MAY26_ADR_MST_V1 [Android]",120243254910040003,C2_APB_TOP_1865_ADR_BOOK0_V2,120243254910060003,C2B_STC_APP_BOOK0_T2,120243254910110003,2026-05-30,"Native, banner & interstitial",android_smartphone,audience_network,android_smartphone,,,,2026-05-02,Ongoing,"1-day click, 1-day view, or 1-day engaged-view",,,,,,,,,,,,,,,,,,,,,,19,,,,,,,,,,,,,,,,,,,,,,,,,2026-05-30,2026-05-30
"BOOK0_APP_MAY26_ADR_MST_V1 [Android]",120243254910040003,C4_APB_TOP_1865_ADR_BOOK0_V2,120243254910200003,C4D_STC_APP_BOOK0_T2,120243254910140003,2026-05-12,Feed,android_smartphone,facebook,android_smartphone,,,,2026-05-02,Ongoing,"1-day click, 1-day view, or 1-day engaged-view",,,,,,,,,,,,,,,,,,,,,,1,,,,,,,,,,,,,,,,,,,,,,,,,2026-05-12,2026-05-12
"BOOK0_APP_MAY26_ADR_MST_V1 [Android]",120243254910040003,C1_APB_TOP_1865_ADR_BOOK0_V2,120243254910070003,C1D_STC_APP_BOOK0_T2,120243254910190003,2026-05-13,Feed,android_tablet,facebook,android_tablet,,,,2026-05-02,Ongoing,"1-day click, 1-day view, or 1-day engaged-view",,,,,,,,,,,,,,,,,,,,,,,,,,,,,,,,,,1,,,,,1,,1,,,,,,2026-05-13,2026-05-13
"BOOK0_APP_MAY26_ADR_MST_V1 [Android]",120243254910040003,C2_APB_TOP_1865_ADR_BOOK0_V2,120243254910060003,C2B_STC_APP_BOOK0_T2,120243254910110003,2026-05-30,"Native, banner & interstitial",android_tablet,audience_network,android_tablet,,,,2026-05-02,Ongoing,"1-day click, 1-day view, or 1-day engaged-view",,,,,,,,,,,,,,,,,,,,,,1,,,,,,,,,,,,,,,,,,,,,,,,,2026-05-30,2026-05-30
"BOOK0_APP_MAY26_ADR_MST_V1 [Android]",120243254910040003,C2_APB_TOP_1865_ADR_BOOK0_V2,120243254910060003,C2B_STC_APP_BOOK0_T2,120243254910110003,2026-05-30,Feed,android_tablet,facebook,0,,,,2026-05-02,Ongoing,"1-day click, 1-day view, or 1-day engaged-view",,,,,,,,,,,,,,,,,,,,,,,,,,,,,,,2,,,,,,,,,,,,,,,,2026-05-30,2026-05-30
"BOOK0_APP_MAY26_ADR_MST_V1 [Android]",120243254910040003,C2_APB_TOP_1865_ADR_BOOK0_V2,120243254910060003,C2B_STC_APP_BOOK0_T2,120243254910110003,2026-05-30,Feed,android_tablet,facebook,android_tablet,,,,2026-05-02,Ongoing,"1-day click, 1-day view, or 1-day engaged-view",,,,,,,,,,,,,,,,,,,,,,2,,,,,,,,,,,,,,,2,,,,1,,,,,,2026-05-30,2026-05-30
"BOOK0_APP_MAY26_ADR_MST_V1 [Android]",120243254910040003,C2_APB_TOP_1865_ADR_BOOK0_V2,120243254910060003,C2B_STC_APP_BOOK0_T2,120243254910110003,2026-05-30,"Explore home",android_smartphone,instagram,0,,,,2026-05-02,Ongoing,"1-day click, 1-day view, or 1-day engaged-view",,,,,,,,,,,,,,,,,,,,,,,,,,,,,,,1,,,,,,,,,,,,,,,,2026-05-30,2026-05-30
"BOOK0_APP_MAY26_ADR_MST_V1 [Android]",120243254910040003,C2_APB_TOP_1865_ADR_BOOK0_V2,120243254910060003,C2B_STC_APP_BOOK0_T2,120243254910110003,2026-05-30,"Explore home",android_smartphone,instagram,android_smartphone,,,,2026-05-02,Ongoing,"1-day click, 1-day view, or 1-day engaged-view",,,,,,,,,,,,,,,,,,,,,,2,,,,,,,,,,,,,,,1,,,,,,,,,,2026-05-30,2026-05-30
"BOOK0_APP_MAY26_ADR_MST_V1 [Android]",120243254910040003,C2_APB_TOP_1865_ADR_BOOK0_V2,120243254910060003,C2B_STC_APP_BOOK0_T2,120243254910110003,2026-05-30,"Instagram Reels",android_smartphone,instagram,0,,,,2026-05-02,Ongoing,"1-day click, 1-day view, or 1-day engaged-view",,,,,,,,,,,,,,,,,,,,,,,,,,,,,,,2,,,,,,,,,,,,,,,,2026-05-30,2026-05-30
"BOOK0_APP_MAY26_ADR_MST_V1 [Android]",120243254910040003,TEST_APB_TOF_1865_ADR_BOOK0,120244850332940003,C6A_STC_APP_BOOK0_T2,120244850332910003,2026-05-30,"Instagram Stories",android_smartphone,instagram,android_smartphone,,,,2026-05-25,Ongoing,"1-day click, 1-day view, or 1-day engaged-view",,,,,,,,,,,,,,,,,,,,,,1,,,,,,,,,,,,,,,,,,,,,,,,,2026-05-30,2026-05-30
"BOOK0_APP_MAY26_ADR_MST_V1 [Android]",120243254910040003,C2_APB_TOP_1865_ADR_BOOK0_V2,120243254910060003,C2B_STC_APP_BOOK0_T2,120243254910110003,2026-05-30,"Instagram Reels",android_smartphone,instagram,android_smartphone,,,,2026-05-02,Ongoing,"1-day click, 1-day view, or 1-day engaged-view",,,,,,,,,,,,,,,,,,,,,,4,,,,,,,,,,,,,,,2,,,,,,,,,,2026-05-30,2026-05-30
"BOOK0_APP_MAY26_ADR_MST_V1 [Android]",120243254910040003,C2_APB_TOP_1865_ADR_BOOK0_V2,120243254910060003,C2B_STC_APP_BOOK0_T2,120243254910110003,2026-05-30,"Facebook Reels",android_smartphone,facebook,0,,,,2026-05-02,Ongoing,"1-day click, 1-day view, or 1-day engaged-view",,,,,,,,,,,,,,,,,,,,,,,,,,,,,,,1,,,,,,,,,,,,,,,,2026-05-30,2026-05-30
"BOOK0_APP_MAY26_ADR_MST_V1 [Android]",120243254910040003,C2_APB_TOP_1865_ADR_BOOK0_V2,120243254910060003,C2B_STC_APP_BOOK0_T2,120243254910110003,2026-05-30,"Facebook Reels",android_smartphone,facebook,android_smartphone,,,,2026-05-02,Ongoing,"1-day click, 1-day view, or 1-day engaged-view",,,,,,,,,,,,,,,,,,,,,,2,,,,,,,,,,,,,,,1,,,,,,,,,,2026-05-30,2026-05-30
"BOOK0_APP_MAY26_ADR_MST_V1 [Android]",120243254910040003,C2_APB_TOP_1865_ADR_BOOK0_V2,120243254910060003,C2B_STC_APP_BOOK0_T2,120243254910110003,2026-05-30,Feed,android_smartphone,instagram,android_smartphone,,,,2026-05-02,Ongoing,"1-day click, 1-day view, or 1-day engaged-view",,,,,,,,,,,,,,,,,,,,,,1,,,,,,,,,,,,,,,,,,,,,,,,,2026-05-30,2026-05-30
"BOOK0_APP_MAY26_ADR_MST_V1 [Android]",120243254910040003,C2_APB_TOP_1865_ADR_BOOK0_V2,120243254910060003,C2B_STC_APP_BOOK0_T2,120243254910110003,2026-05-30,Feed,android_smartphone,facebook,0,,,,2026-05-02,Ongoing,"1-day click, 1-day view, or 1-day engaged-view",,,,,,,,,,,,,,,,,,,,,,,,,,,,,,,5,,,,,,,,,,,,,,,,2026-05-30,2026-05-30
"BOOK0_APP_MAY26_ADR_MST_V1 [Android]",120243254910040003,C2_APB_TOP_1865_ADR_BOOK0_V2,120243254910060003,C2B_STC_APP_BOOK0_T2,120243254910110003,2026-05-30,Feed,android_smartphone,facebook,android_smartphone,,,,2026-05-02,Ongoing,"1-day click, 1-day view, or 1-day engaged-view",,,,,,,,,,,,,,,,,,,,,,16,,,,,,,,,,,,2,,,5,,2,,,,,,,,2026-05-30,2026-05-30
"BOOK0_APP_MAY26_ADR_MST_V1 [Android]",120243254910040003,TEST_APB_TOF_1865_ADR_BOOK0,120244850332940003,C6A_STC_APP_BOOK0_T2,120244850332910003,2026-05-30,Feed,android_smartphone,instagram,android_smartphone,,,,2026-05-25,Ongoing,"1-day click, 1-day view, or 1-day engaged-view",,,,,,,,,,,,,,,,,,,,,,1,,,,,,,,,,,,,,,,,,,,,,,,,2026-05-30,2026-05-30
"BOOK0_APP_MAY26_ADR_MST_V1 [Android]",120243254910040003,C2_APB_TOP_1865_ADR_BOOK0_V2,120243254910060003,C2B_STC_APP_BOOK0_T2,120243254910110003,2026-05-23,"Instagram Reels",android_smartphone,instagram,android_smartphone,,,,2026-05-02,Ongoing,"1-day click, 1-day view, or 1-day engaged-view",,,,,,,,,,,,,,,,,,,,,,2,,,,,,,,,,,,,,,,,,,,,,,,,2026-05-23,2026-05-23
