"Campaign name","Campaign ID","Ad set name","Ad set ID","Ad name","Ad ID",Placement,"Conversion device",Platform,Day,"Delivery status","Delivery level",Reach,Impressions,Frequency,"Attribution setting","Result type",Results,"Amount spent (USD)","Cost per result",Starts,Ends,"Reporting starts","Reporting ends"
"LittleData - Prospecting CBO Duplicate",120247312792380327,"Concept 2 - Best Gift",120247312792440327,"1 Print Static",120247312792570327,Feed,0,facebook,2026-06-27,not_delivering,ad,,,,"7-day click, 1-day view, or 1-day engaged-view",,,,,2026-06-18,Ongoing,2026-06-27,2026-06-27
"LittleData - Retargeting Duplicate",120247312851600327,"Retargeting Testing",120247312851610327,"Free Shipping Ad",120247312851620327,Feed,0,facebook,2026-06-27,not_delivering,ad,,,,Incremental,,,,,2026-06-18,Ongoing,2026-06-27,2026-06-27
"LittleData - Retargeting Duplicate",120247312851600327,"Retargeting Testing",120247312851610327,"Free Shipping Ad",120247312851620327,Feed,0,facebook,2026-06-26,not_delivering,ad,,,,Incremental,,,,,2026-06-18,Ongoing,2026-06-26,2026-06-26
"LittleData - Prospecting CBO Duplicate",120247312792380327,"Concept 4 - Where we met",120247312792460327,"2 Print Static",120247312792610327,Feed,0,instagram,2026-06-26,not_delivering,ad,,,,Incremental,,,,,2026-06-18,Ongoing,2026-06-26,2026-06-26
"LittleData - Prospecting CBO Duplicate",120247312792380327,"Concept 3 - First Apartment",120247312792450327,"3 Prints on bed",120247312792580327,Feed,iphone,facebook,2026-06-26,not_delivering,ad,,,,Incremental,,,,,2026-06-18,Ongoing,2026-06-26,2026-06-26
"LittleData - Prospecting CBO Duplicate",120247312792380327,"Concept 6 - Founders Letter",120247312792480327,"Letter 3",120247312792560327,"Instagram Stories",0,instagram,2026-06-26,not_delivering,ad,,,,"7-day click, 1-day view, or 1-day engaged-view",,,,,2026-06-18,Ongoing,2026-06-26,2026-06-26
"LittleData - Prospecting CBO Duplicate",120247312792380327,"Concept 6 - Founders Letter",120247312792480327,"Letter 3",120247312792560327,"Instagram Stories",iphone,instagram,2026-06-26,not_delivering,ad,,,,"7-day click, 1-day view, or 1-day engaged-view",,,,,2026-06-18,Ongoing,2026-06-26,2026-06-26
"LittleData - Retargeting Duplicate",120247312851600327,"Retargeting Testing",120247312851610327,"Good quality ad",120247312851590327,"Facebook Reels",ipad,facebook,2026-06-26,not_delivering,ad,,,,Incremental,,,,,2026-06-18,Ongoing,2026-06-26,2026-06-26
"LittleData - Retargeting Duplicate",120247312851600327,"Retargeting Testing",120247312851610327,"Good quality ad",120247312851590327,"Facebook Reels",0,facebook,2026-06-26,not_delivering,ad,,,,Incremental,,,,,2026-06-18,Ongoing,2026-06-26,2026-06-26
"LittleData - Prospecting CBO Duplicate",120247312792380327,"Concept 2 - Best Gift",120247312792440327,"1 Print Static",120247312792570327,Feed,iphone,facebook,2026-06-26,not_delivering,ad,,,,"7-day click, 1-day view, or 1-day engaged-view",,,,,2026-06-18,Ongoing,2026-06-26,2026-06-26
"LittleData - Prospecting CBO Duplicate",120247312792380327,"Concept 2 - Best Gift",120247312792440327,"1 Print Static",120247312792570327,Feed,0,facebook,2026-06-26,not_delivering,ad,,,,"7-day click, 1-day view, or 1-day engaged-view",,,,,2026-06-18,Ongoing,2026-06-26,2026-06-26
"LittleData - Prospecting CBO Duplicate",120247312792380327,"Concept 3 - First Apartment",120247312792450327,"4 Print Static",120247312792420327,Feed,android_smartphone,instagram,2026-06-25,not_delivering,ad,,,,Incremental,,,,,2026-06-18,Ongoing,2026-06-25,2026-06-25
"LittleData - Prospecting CBO Duplicate",120247312792380327,"Concept 6 - Founders Letter",120247312792480327,"Letter 3",120247312792560327,"Instagram Stories",0,instagram,2026-06-25,not_delivering,ad,,,,"7-day click, 1-day view, or 1-day engaged-view",,,,,2026-06-18,Ongoing,2026-06-25,2026-06-25
"LittleData - Prospecting CBO Duplicate",120247312792380327,"Concept 6 - Founders Letter",120247312792480327,"Letter 3",120247312792560327,"Instagram Stories",ipad,instagram,2026-06-25,not_delivering,ad,,,,"7-day click, 1-day view, or 1-day engaged-view",,,,,2026-06-18,Ongoing,2026-06-25,2026-06-25
"LittleData - Prospecting CBO Duplicate",120247312792380327,"Concept 6 - Founders Letter",120247312792480327,"Letter 3",120247312792560327,"Instagram Stories",iphone,instagram,2026-06-25,not_delivering,ad,,,,"7-day click, 1-day view, or 1-day engaged-view",,,,,2026-06-18,Ongoing,2026-06-25,2026-06-25
"LittleData - Prospecting CBO Duplicate",120247312792380327,"Concept 6 - Founders Letter",120247312792480327,"Letter 3",120247312792560327,Feed,0,facebook,2026-06-25,not_delivering,ad,,,,"7-day click, 1-day view, or 1-day engaged-view",,,,,2026-06-18,Ongoing,2026-06-25,2026-06-25
"LittleData - Prospecting CBO Duplicate",120247312792380327,"Concept 6 - Founders Letter",120247312792480327,"Letter 3",120247312792560327,Feed,ipad,facebook,2026-06-25,not_delivering,ad,,,,"7-day click, 1-day view, or 1-day engaged-view",,,,,2026-06-18,Ongoing,2026-06-25,2026-06-25
"LittleData - Prospecting CBO Duplicate",120247312792380327,"Concept 6 - Founders Letter",120247312792480327,"Letter 3",120247312792560327,Feed,iphone,facebook,2026-06-25,not_delivering,ad,,,,"7-day click, 1-day view, or 1-day engaged-view",,,,,2026-06-18,Ongoing,2026-06-25,2026-06-25
"LittleData - Prospecting CBO Duplicate",120247312792380327,"Concept 4 - Where we met",120247312792460327,"3 Print Static",120247312792600327,Feed,0,instagram,2026-06-25,not_delivering,ad,,,,Incremental,,,,,2026-06-18,Ongoing,2026-06-25,2026-06-25
"LittleData - Prospecting CBO Duplicate",120247312792380327,"Concept 3 - First Apartment",120247312792450327,"3 Prints on bed",120247312792580327,"Instagram Stories",0,instagram,2026-06-25,not_delivering,ad,,,,Incremental,,,,,2026-06-18,Ongoing,2026-06-25,2026-06-25
"LittleData - Prospecting CBO Duplicate",120247312792380327,"Concept 3 - First Apartment",120247312792450327,"3 Prints on bed",120247312792580327,"Instagram Stories",iphone,instagram,2026-06-25,not_delivering,ad,,,,Incremental,,,,,2026-06-18,Ongoing,2026-06-25,2026-06-25
"LittleData - Prospecting CBO Duplicate",120247312792380327,"Concept 3 - First Apartment",120247312792450327,"3 Prints on bed",120247312792580327,Feed,0,facebook,2026-06-25,not_delivering,ad,,,,Incremental,,,,,2026-06-18,Ongoing,2026-06-25,2026-06-25
"LittleData - Prospecting CBO Duplicate",120247312792380327,"Concept 3 - First Apartment",120247312792450327,"3 Prints on bed",120247312792580327,Feed,desktop,facebook,2026-06-25,not_delivering,ad,,,,Incremental,,,,,2026-06-18,Ongoing,2026-06-25,2026-06-25
"LittleData - Prospecting CBO Duplicate",120247312792380327,"Concept 3 - First Apartment",120247312792450327,"3 Prints on bed",120247312792580327,Feed,iphone,facebook,2026-06-25,not_delivering,ad,,,,Incremental,,,,,2026-06-18,Ongoing,2026-06-25,2026-06-25
"LittleData - Retargeting Duplicate",120247312851600327,"Retargeting Testing",120247312851610327,"Good quality ad",120247312851590327,Feed,iphone,facebook,2026-06-25,not_delivering,ad,,,,Incremental,,,,,2026-06-18,Ongoing,2026-06-25,2026-06-25
"LittleData - Prospecting CBO Duplicate",120247312792380327,"Concept 4 - Where we met",120247312792460327,"3 Print Static",120247312792600327,Feed,android_smartphone,instagram,2026-06-25,not_delivering,ad,,,,Incremental,,,,,2026-06-18,Ongoing,2026-06-25,2026-06-25
"LittleData - Retargeting Duplicate",120247312851600327,"Retargeting Testing",120247312851610327,"Good quality ad",120247312851590327,"Facebook Reels",0,facebook,2026-06-25,not_delivering,ad,,,,Incremental,,,,,2026-06-18,Ongoing,2026-06-25,2026-06-25
"LittleData - Retargeting Duplicate",120247312851600327,"Retargeting Testing",120247312851610327,"Good quality ad",120247312851590327,"Facebook Reels",iphone,facebook,2026-06-25,not_delivering,ad,,,,Incremental,,,,,2026-06-18,Ongoing,2026-06-25,2026-06-25
"LittleData - Retargeting Duplicate",120247312851600327,"Retargeting Testing",120247312851610327,"Good quality ad",120247312851590327,Feed,ipad,facebook,2026-06-25,not_delivering,ad,,,,Incremental,,,,,2026-06-18,Ongoing,2026-06-25,2026-06-25
"LittleData - Prospecting CBO Duplicate",120247312792380327,"Concept 2 - Best Gift",120247312792440327,"1 Print Static",120247312792570327,Feed,android_smartphone,facebook,2026-06-25,not_delivering,ad,,,,"7-day click, 1-day view, or 1-day engaged-view",,,,,2026-06-18,Ongoing,2026-06-25,2026-06-25
"LittleData - Retargeting Duplicate",120247312851600327,"Retargeting Testing",120247312851610327,"Good quality ad",120247312851590327,Feed,0,facebook,2026-06-25,not_delivering,ad,,,,Incremental,,,,,2026-06-18,Ongoing,2026-06-25,2026-06-25
"LittleData - Prospecting CBO Duplicate",120247312792380327,"Concept 2 - Best Gift",120247312792440327,"1 Print Static",120247312792570327,"Instagram Stories",android_smartphone,instagram,2026-06-25,not_delivering,ad,,,,"7-day click, 1-day view, or 1-day engaged-view",,,,,2026-06-18,Ongoing,2026-06-25,2026-06-25
"LittleData - Prospecting CBO Duplicate",120247312792380327,"Concept 2 - Best Gift",120247312792440327,"1 Print Static",120247312792570327,"Instagram Stories",iphone,instagram,2026-06-25,not_delivering,ad,,,,"7-day click, 1-day view, or 1-day engaged-view",,,,,2026-06-18,Ongoing,2026-06-25,2026-06-25
"LittleData - Prospecting CBO Duplicate",120247312792380327,"Concept 2 - Best Gift",120247312792440327,"1 Print Static",120247312792570327,"Search results",0,facebook,2026-06-25,not_delivering,ad,,,,"7-day click, 1-day view, or 1-day engaged-view",,,,,2026-06-18,Ongoing,2026-06-25,2026-06-25
"LittleData - Prospecting CBO Duplicate",120247312792380327,"Concept 2 - Best Gift",120247312792440327,"1 Print Static",120247312792570327,"Search results",iphone,facebook,2026-06-25,not_delivering,ad,,,,"7-day click, 1-day view, or 1-day engaged-view",,,,,2026-06-18,Ongoing,2026-06-25,2026-06-25
"LittleData - Prospecting CBO Duplicate",120247312792380327,"Concept 2 - Best Gift",120247312792440327,"1 Print Static",120247312792570327,Feed,0,facebook,2026-06-25,not_delivering,ad,,,,"7-day click, 1-day view, or 1-day engaged-view",,,,,2026-06-18,Ongoing,2026-06-25,2026-06-25
"LittleData - Prospecting CBO Duplicate",120247312792380327,"Concept 2 - Best Gift",120247312792440327,"1 Print Static",120247312792570327,Feed,ipad,facebook,2026-06-25,not_delivering,ad,,,,"7-day click, 1-day view, or 1-day engaged-view",,,,,2026-06-18,Ongoing,2026-06-25,2026-06-25
"LittleData - Prospecting CBO Duplicate",120247312792380327,"Concept 2 - Best Gift",120247312792440327,"1 Print Static",120247312792570327,"Instagram Stories",0,instagram,2026-06-25,not_delivering,ad,,,,"7-day click, 1-day view, or 1-day engaged-view",,,,,2026-06-18,Ongoing,2026-06-25,2026-06-25
"LittleData - Prospecting CBO Duplicate",120247312792380327,"Concept 2 - Best Gift",120247312792440327,"1 Print Static",120247312792570327,Feed,desktop,facebook,2026-06-25,not_delivering,ad,,,,"7-day click, 1-day view, or 1-day engaged-view",,,,,2026-06-18,Ongoing,2026-06-25,2026-06-25
"LittleData - Prospecting CBO Duplicate",120247312792380327,"Concept 2 - Best Gift",120247312792440327,"1 Print Static",120247312792570327,Feed,0,instagram,2026-06-25,not_delivering,ad,,,,"7-day click, 1-day view, or 1-day engaged-view",,,,,2026-06-18,Ongoing,2026-06-25,2026-06-25
"LittleData - Prospecting CBO Duplicate",120247312792380327,"Concept 2 - Best Gift",120247312792440327,"1 Print Static",120247312792570327,Feed,ipad,instagram,2026-06-25,not_delivering,ad,,,,"7-day click, 1-day view, or 1-day engaged-view",,,,,2026-06-18,Ongoing,2026-06-25,2026-06-25
"LittleData - Prospecting CBO Duplicate",120247312792380327,"Concept 2 - Best Gift",120247312792440327,"1 Print Static",120247312792570327,Feed,iphone,instagram,2026-06-25,not_delivering,ad,,,,"7-day click, 1-day view, or 1-day engaged-view",,,,,2026-06-18,Ongoing,2026-06-25,2026-06-25
"LittleData - Prospecting CBO Duplicate",120247312792380327,"Concept 2 - Best Gift",120247312792440327,"2 Print + Dads Gift",120247312792540327,Feed,0,instagram,2026-06-25,not_delivering,ad,,,,"7-day click, 1-day view, or 1-day engaged-view",,,,,2026-06-18,Ongoing,2026-06-25,2026-06-25
"LittleData - Prospecting CBO Duplicate",120247312792380327,"Concept 2 - Best Gift",120247312792440327,"2 Print + Dads Gift",120247312792540327,Feed,iphone,instagram,2026-06-25,not_delivering,ad,,,,"7-day click, 1-day view, or 1-day engaged-view",,,,,2026-06-18,Ongoing,2026-06-25,2026-06-25
"LittleData - Prospecting CBO Duplicate",120247312792380327,"Concept 2 - Best Gift",120247312792440327,"1 Print Static",120247312792570327,Feed,iphone,facebook,2026-06-25,not_delivering,ad,,,,"7-day click, 1-day view, or 1-day engaged-view",,,,,2026-06-18,Ongoing,2026-06-25,2026-06-25
"LittleData - Retargeting Duplicate",120247312851600327,"Retargeting Testing",120247312851610327,"Free Shipping Ad",120247312851620327,Feed,iphone,instagram,2026-06-24,not_delivering,ad,,,,Incremental,,,,,2026-06-18,Ongoing,2026-06-24,2026-06-24
"LittleData - Retargeting Duplicate",120247312851600327,"Retargeting Testing",120247312851610327,"Good quality ad",120247312851590327,"Facebook Reels",android_smartphone,facebook,2026-06-24,not_delivering,ad,,,,Incremental,,,,,2026-06-18,Ongoing,2026-06-24,2026-06-24
"LittleData - Retargeting Duplicate",120247312851600327,"Retargeting Testing",120247312851610327,"Good quality ad",120247312851590327,"Facebook Reels",iphone,facebook,2026-06-24,not_delivering,ad,,,,Incremental,,,,,2026-06-18,Ongoing,2026-06-24,2026-06-24
"LittleData - Retargeting Duplicate",120247312851600327,"Retargeting Testing",120247312851610327,"Free Shipping Ad",120247312851620327,"Instagram Stories",0,instagram,2026-06-24,not_delivering,ad,,,,Incremental,,,,,2026-06-18,Ongoing,2026-06-24,2026-06-24
"LittleData - Retargeting Duplicate",120247312851600327,"Retargeting Testing",120247312851610327,"Free Shipping Ad",120247312851620327,"Instagram Stories",iphone,instagram,2026-06-24,not_delivering,ad,,,,Incremental,,,,,2026-06-18,Ongoing,2026-06-24,2026-06-24
"LittleData - Retargeting Duplicate",120247312851600327,"Retargeting Testing",120247312851610327,"Free Shipping Ad",120247312851620327,Feed,0,facebook,2026-06-24,not_delivering,ad,,,,Incremental,,,,,2026-06-18,Ongoing,2026-06-24,2026-06-24
"LittleData - Retargeting Duplicate",120247312851600327,"Retargeting Testing",120247312851610327,"Free Shipping Ad",120247312851620327,Feed,iphone,facebook,2026-06-24,not_delivering,ad,,,,Incremental,,,,,2026-06-18,Ongoing,2026-06-24,2026-06-24
"LittleData - Retargeting Duplicate",120247312851600327,"Retargeting Testing",120247312851610327,"Free Shipping Ad",120247312851620327,Feed,0,instagram,2026-06-24,not_delivering,ad,,,,Incremental,,,,,2026-06-18,Ongoing,2026-06-24,2026-06-24
"LittleData - Prospecting CBO Duplicate",120247312792380327,"Concept 6 - Founders Letter",120247312792480327,"Letter 3",120247312792560327,Feed,iphone,facebook,2026-06-24,not_delivering,ad,,,,"7-day click, 1-day view, or 1-day engaged-view",,,,,2026-06-18,Ongoing,2026-06-24,2026-06-24
"LittleData - Prospecting CBO Duplicate",120247312792380327,"Concept 6 - Founders Letter",120247312792480327,"Letter 3",120247312792560327,"Instagram Stories",0,instagram,2026-06-24,not_delivering,ad,,,,"7-day click, 1-day view, or 1-day engaged-view",,,,,2026-06-18,Ongoing,2026-06-24,2026-06-24
"LittleData - Prospecting CBO Duplicate",120247312792380327,"Concept 6 - Founders Letter",120247312792480327,"Letter 3",120247312792560327,"Instagram Stories",iphone,instagram,2026-06-24,not_delivering,ad,,,,"7-day click, 1-day view, or 1-day engaged-view",,,,,2026-06-18,Ongoing,2026-06-24,2026-06-24
"LittleData - Prospecting CBO Duplicate",120247312792380327,"Concept 6 - Founders Letter",120247312792480327,"Letter 3",120247312792560327,Feed,0,facebook,2026-06-24,not_delivering,ad,,,,"7-day click, 1-day view, or 1-day engaged-view",,,,,2026-06-18,Ongoing,2026-06-24,2026-06-24
"LittleData - Prospecting CBO Duplicate",120247312792380327,"Concept 3 - First Apartment",120247312792450327,"3 Prints on bed",120247312792580327,Feed,0,facebook,2026-06-24,not_delivering,ad,,,,Incremental,,,,,2026-06-18,Ongoing,2026-06-24,2026-06-24
"LittleData - Prospecting CBO Duplicate",120247312792380327,"Concept 3 - First Apartment",120247312792450327,"3 Prints on bed",120247312792580327,Feed,android_tablet,facebook,2026-06-24,not_delivering,ad,,,,Incremental,,,,,2026-06-18,Ongoing,2026-06-24,2026-06-24
"LittleData - Prospecting CBO Duplicate",120247312792380327,"Concept 3 - First Apartment",120247312792450327,"3 Prints on bed",120247312792580327,Feed,iphone,facebook,2026-06-24,not_delivering,ad,,,,Incremental,,,,,2026-06-18,Ongoing,2026-06-24,2026-06-24
"LittleData - Prospecting CBO Duplicate",120247312792380327,"Concept 3 - First Apartment",120247312792450327,"3 Prints on bed",120247312792580327,Feed,desktop,facebook,2026-06-24,not_delivering,ad,,,,Incremental,,,,,2026-06-18,Ongoing,2026-06-24,2026-06-24
"LittleData - Retargeting Duplicate",120247312851600327,"Retargeting Testing",120247312851610327,"Good quality ad",120247312851590327,Feed,iphone,facebook,2026-06-24,not_delivering,ad,,,,Incremental,,,,,2026-06-18,Ongoing,2026-06-24,2026-06-24
"LittleData - Retargeting Duplicate",120247312851600327,"Retargeting Testing",120247312851610327,"Good quality ad",120247312851590327,"Facebook Reels",0,facebook,2026-06-24,not_delivering,ad,,,,Incremental,,,,,2026-06-18,Ongoing,2026-06-24,2026-06-24
"LittleData - Retargeting Duplicate",120247312851600327,"Retargeting Testing",120247312851610327,"Good quality ad",120247312851590327,Feed,ipad,facebook,2026-06-24,not_delivering,ad,,,,Incremental,,,,,2026-06-18,Ongoing,2026-06-24,2026-06-24
"LittleData - Prospecting CBO Duplicate",120247312792380327,"Concept 2 - Best Gift",120247312792440327,"1 Print Static",120247312792570327,"Instagram Stories",iphone,instagram,2026-06-24,not_delivering,ad,,,,"7-day click, 1-day view, or 1-day engaged-view",,,,,2026-06-18,Ongoing,2026-06-24,2026-06-24
"LittleData - Prospecting CBO Duplicate",120247312792380327,"Concept 2 - Best Gift",120247312792440327,"1 Print Static",120247312792570327,Feed,ipad,facebook,2026-06-24,not_delivering,ad,,,,"7-day click, 1-day view, or 1-day engaged-view",,,,,2026-06-18,Ongoing,2026-06-24,2026-06-24
"LittleData - Prospecting CBO Duplicate",120247312792380327,"Concept 2 - Best Gift",120247312792440327,"1 Print Static",120247312792570327,"Instagram Stories",0,instagram,2026-06-24,not_delivering,ad,,,,"7-day click, 1-day view, or 1-day engaged-view",,,,,2026-06-18,Ongoing,2026-06-24,2026-06-24
"LittleData - Prospecting CBO Duplicate",120247312792380327,"Concept 2 - Best Gift",120247312792440327,"1 Print Static",120247312792570327,"Instagram Stories",android_smartphone,instagram,2026-06-24,not_delivering,ad,,,,"7-day click, 1-day view, or 1-day engaged-view",,,,,2026-06-18,Ongoing,2026-06-24,2026-06-24
"LittleData - Prospecting CBO Duplicate",120247312792380327,"Concept 2 - Best Gift",120247312792440327,"1 Print Static",120247312792570327,Marketplace,0,facebook,2026-06-24,not_delivering,ad,,,,"7-day click, 1-day view, or 1-day engaged-view",,,,,2026-06-18,Ongoing,2026-06-24,2026-06-24
"LittleData - Prospecting CBO Duplicate",120247312792380327,"Concept 2 - Best Gift",120247312792440327,"1 Print Static",120247312792570327,Marketplace,iphone,facebook,2026-06-24,not_delivering,ad,,,,"7-day click, 1-day view, or 1-day engaged-view",,,,,2026-06-18,Ongoing,2026-06-24,2026-06-24
"LittleData - Prospecting CBO Duplicate",120247312792380327,"Concept 2 - Best Gift",120247312792440327,"1 Print Static",120247312792570327,"Search results",0,facebook,2026-06-24,not_delivering,ad,,,,"7-day click, 1-day view, or 1-day engaged-view",,,,,2026-06-18,Ongoing,2026-06-24,2026-06-24
"LittleData - Prospecting CBO Duplicate",120247312792380327,"Concept 2 - Best Gift",120247312792440327,"1 Print Static",120247312792570327,"Search results",iphone,facebook,2026-06-24,not_delivering,ad,,,,"7-day click, 1-day view, or 1-day engaged-view",,,,,2026-06-18,Ongoing,2026-06-24,2026-06-24
"LittleData - Prospecting CBO Duplicate",120247312792380327,"Concept 2 - Best Gift",120247312792440327,"1 Print Static",120247312792570327,Feed,0,facebook,2026-06-24,not_delivering,ad,,,,"7-day click, 1-day view, or 1-day engaged-view",,,,,2026-06-18,Ongoing,2026-06-24,2026-06-24
"LittleData - Retargeting Duplicate",120247312851600327,"Retargeting Testing",120247312851610327,"Good quality ad",120247312851590327,Feed,android_smartphone,facebook,2026-06-24,not_delivering,ad,,,,Incremental,,,,,2026-06-18,Ongoing,2026-06-24,2026-06-24
"LittleData - Prospecting CBO Duplicate",120247312792380327,"Concept 2 - Best Gift",120247312792440327,"1 Print Static",120247312792570327,Feed,android_smartphone,facebook,2026-06-24,not_delivering,ad,,,,"7-day click, 1-day view, or 1-day engaged-view",,,,,2026-06-18,Ongoing,2026-06-24,2026-06-24
"LittleData - Prospecting CBO Duplicate",120247312792380327,"Concept 2 - Best Gift",120247312792440327,"1 Print Static",120247312792570327,Feed,iphone,facebook,2026-06-24,not_delivering,ad,,,,"7-day click, 1-day view, or 1-day engaged-view",,,,,2026-06-18,Ongoing,2026-06-24,2026-06-24
"LittleData - Prospecting CBO Duplicate",120247312792380327,"Concept 2 - Best Gift",120247312792440327,"1 Print Static",120247312792570327,Feed,0,instagram,2026-06-24,not_delivering,ad,,,,"7-day click, 1-day view, or 1-day engaged-view",,,,,2026-06-18,Ongoing,2026-06-24,2026-06-24
"LittleData - Prospecting CBO Duplicate",120247312792380327,"Concept 2 - Best Gift",120247312792440327,"1 Print Static",120247312792570327,Feed,android_smartphone,instagram,2026-06-24,not_delivering,ad,,,,"7-day click, 1-day view, or 1-day engaged-view",,,,,2026-06-18,Ongoing,2026-06-24,2026-06-24
"LittleData - Prospecting CBO Duplicate",120247312792380327,"Concept 2 - Best Gift",120247312792440327,"1 Print Static",120247312792570327,Feed,iphone,instagram,2026-06-24,not_delivering,ad,,,,"7-day click, 1-day view, or 1-day engaged-view",,,,,2026-06-18,Ongoing,2026-06-24,2026-06-24
"LittleData - Retargeting Duplicate",120247312851600327,"Retargeting Testing",120247312851610327,"Good quality ad",120247312851590327,Feed,0,facebook,2026-06-24,not_delivering,ad,,,,Incremental,,,,,2026-06-18,Ongoing,2026-06-24,2026-06-24
"LittleData - Retargeting Duplicate",120247312851600327,"Retargeting Testing",120247312851610327,"Good quality ad",120247312851590327,Feed,desktop,facebook,2026-06-24,not_delivering,ad,,,,Incremental,,,,,2026-06-18,Ongoing,2026-06-24,2026-06-24
"LittleData - Prospecting CBO Duplicate",120247312792380327,"Concept 2 - Best Gift",120247312792440327,"1 Print Static",120247312792570327,Feed,desktop,facebook,2026-06-24,not_delivering,ad,,,,"7-day click, 1-day view, or 1-day engaged-view",,,,,2026-06-18,Ongoing,2026-06-24,2026-06-24
"LittleData - Prospecting CBO Duplicate",120247312792380327,"Concept 6 - Founders Letter",120247312792480327,"Letter 3",120247312792560327,Feed,0,facebook,2026-06-23,not_delivering,ad,,,,"7-day click, 1-day view, or 1-day engaged-view",,,,,2026-06-18,Ongoing,2026-06-23,2026-06-23
"LittleData - Retargeting Duplicate",120247312851600327,"Retargeting Testing",120247312851610327,"Free Shipping Ad",120247312851620327,Feed,0,facebook,2026-06-23,not_delivering,ad,,,,Incremental,,,,,2026-06-18,Ongoing,2026-06-23,2026-06-23
"LittleData - Retargeting Duplicate",120247312851600327,"Retargeting Testing",120247312851610327,"Free Shipping Ad",120247312851620327,Feed,iphone,facebook,2026-06-23,not_delivering,ad,,,,Incremental,,,,,2026-06-18,Ongoing,2026-06-23,2026-06-23
"LittleData - Retargeting Duplicate",120247312851600327,"Retargeting Testing",120247312851610327,"Free Shipping Ad",120247312851620327,Feed,android_smartphone,facebook,2026-06-23,not_delivering,ad,,,,Incremental,,,,,2026-06-18,Ongoing,2026-06-23,2026-06-23
"LittleData - Prospecting CBO Duplicate",120247312792380327,"Concept 6 - Founders Letter",120247312792480327,"Letter 3",120247312792560327,"Instagram Stories",0,instagram,2026-06-23,not_delivering,ad,,,,"7-day click, 1-day view, or 1-day engaged-view",,,,,2026-06-18,Ongoing,2026-06-23,2026-06-23
"LittleData - Prospecting CBO Duplicate",120247312792380327,"Concept 6 - Founders Letter",120247312792480327,"Letter 3",120247312792560327,"Instagram Stories",iphone,instagram,2026-06-23,not_delivering,ad,,,,"7-day click, 1-day view, or 1-day engaged-view",,,,,2026-06-18,Ongoing,2026-06-23,2026-06-23
"LittleData - Prospecting CBO Duplicate",120247312792380327,"Concept 3 - First Apartment",120247312792450327,"3 Prints on bed",120247312792580327,Feed,desktop,facebook,2026-06-23,not_delivering,ad,,,,Incremental,,,,,2026-06-18,Ongoing,2026-06-23,2026-06-23
"LittleData - Prospecting CBO Duplicate",120247312792380327,"Concept 6 - Founders Letter",120247312792480327,"Letter 3",120247312792560327,Feed,desktop,facebook,2026-06-23,not_delivering,ad,,,,"7-day click, 1-day view, or 1-day engaged-view",,,,,2026-06-18,Ongoing,2026-06-23,2026-06-23
"LittleData - Prospecting CBO Duplicate",120247312792380327,"Concept 6 - Founders Letter",120247312792480327,"Letter 3",120247312792560327,Feed,iphone,facebook,2026-06-23,not_delivering,ad,,,,"7-day click, 1-day view, or 1-day engaged-view",,,,,2026-06-18,Ongoing,2026-06-23,2026-06-23
"LittleData - Prospecting CBO Duplicate",120247312792380327,"Concept 3 - First Apartment",120247312792450327,"3 Prints on bed",120247312792580327,Feed,0,facebook,2026-06-23,not_delivering,ad,,,,Incremental,,,,,2026-06-18,Ongoing,2026-06-23,2026-06-23
"LittleData - Prospecting CBO Duplicate",120247312792380327,"Concept 3 - First Apartment",120247312792450327,"3 Prints on bed",120247312792580327,Feed,iphone,facebook,2026-06-23,not_delivering,ad,,,,Incremental,,,,,2026-06-18,Ongoing,2026-06-23,2026-06-23
"LittleData - Prospecting CBO Duplicate",120247312792380327,"Concept 4 - Where we met",120247312792460327,"2 Print Static",120247312792610327,Feed,0,instagram,2026-06-23,not_delivering,ad,,,,Incremental,,,,,2026-06-18,Ongoing,2026-06-23,2026-06-23
"LittleData - Prospecting CBO Duplicate",120247312792380327,"Concept 4 - Where we met",120247312792460327,"2 Print Static",120247312792610327,Feed,iphone,instagram,2026-06-23,not_delivering,ad,,,,Incremental,,,,,2026-06-18,Ongoing,2026-06-23,2026-06-23
"LittleData - Prospecting CBO Duplicate",120247312792380327,"Concept 5 - Parents Gift",120247312792470327,"1 Print Static + Grandma",120247312792640327,Feed,iphone,facebook,2026-06-23,not_delivering,ad,,,,"7-day click, 1-day view, or 1-day engaged-view",,,,,2026-06-18,Ongoing,2026-06-23,2026-06-23
"LittleData - Retargeting Duplicate",120247312851600327,"Retargeting Testing",120247312851610327,"Good quality ad",120247312851590327,"Facebook Reels",0,facebook,2026-06-23,not_delivering,ad,,,,Incremental,,,,,2026-06-18,Ongoing,2026-06-23,2026-06-23
"LittleData - Prospecting CBO Duplicate",120247312792380327,"Concept 2 - Best Gift",120247312792440327,"2 Print + Dads Gift",120247312792540327,Feed,0,facebook,2026-06-23,not_delivering,ad,,,,"7-day click, 1-day view, or 1-day engaged-view",,,,,2026-06-18,Ongoing,2026-06-23,2026-06-23
"LittleData - Prospecting CBO Duplicate",120247312792380327,"Concept 5 - Parents Gift",120247312792470327,"1 Print Static + Grandma",120247312792640327,Feed,0,facebook,2026-06-23,not_delivering,ad,,,,"7-day click, 1-day view, or 1-day engaged-view",,,,,2026-06-18,Ongoing,2026-06-23,2026-06-23
"LittleData - Prospecting CBO Duplicate",120247312792380327,"Concept 2 - Best Gift",120247312792440327,"1 Print Static",120247312792570327,"Right column",desktop,facebook,2026-06-23,not_delivering,ad,,,,"7-day click, 1-day view, or 1-day engaged-view",,,,,2026-06-18,Ongoing,2026-06-23,2026-06-23
"LittleData - Prospecting CBO Duplicate",120247312792380327,"Concept 2 - Best Gift",120247312792440327,"1 Print Static",120247312792570327,"Instagram Stories",0,instagram,2026-06-23,not_delivering,ad,,,,"7-day click, 1-day view, or 1-day engaged-view",,,,,2026-06-18,Ongoing,2026-06-23,2026-06-23
"LittleData - Prospecting CBO Duplicate",120247312792380327,"Concept 2 - Best Gift",120247312792440327,"1 Print Static",120247312792570327,"Instagram Stories",android_smartphone,instagram,2026-06-23,not_delivering,ad,,,,"7-day click, 1-day view, or 1-day engaged-view",,,,,2026-06-18,Ongoing,2026-06-23,2026-06-23
"LittleData - Prospecting CBO Duplicate",120247312792380327,"Concept 2 - Best Gift",120247312792440327,"1 Print Static",120247312792570327,"Instagram Stories",iphone,instagram,2026-06-23,not_delivering,ad,,,,"7-day click, 1-day view, or 1-day engaged-view",,,,,2026-06-18,Ongoing,2026-06-23,2026-06-23
"LittleData - Prospecting CBO Duplicate",120247312792380327,"Concept 2 - Best Gift",120247312792440327,"1 Print Static",120247312792570327,Feed,0,facebook,2026-06-23,not_delivering,ad,,,,"7-day click, 1-day view, or 1-day engaged-view",,,,,2026-06-18,Ongoing,2026-06-23,2026-06-23
"LittleData - Retargeting Duplicate",120247312851600327,"Retargeting Testing",120247312851610327,"Good quality ad",120247312851590327,"Facebook Reels",iphone,facebook,2026-06-23,not_delivering,ad,,,,Incremental,,,,,2026-06-18,Ongoing,2026-06-23,2026-06-23
"LittleData - Prospecting CBO Duplicate",120247312792380327,"Concept 2 - Best Gift",120247312792440327,"1 Print Static",120247312792570327,Feed,iphone,facebook,2026-06-23,not_delivering,ad,,,,"7-day click, 1-day view, or 1-day engaged-view",,,,,2026-06-18,Ongoing,2026-06-23,2026-06-23
"LittleData - Prospecting CBO Duplicate",120247312792380327,"Concept 2 - Best Gift",120247312792440327,"1 Print Static",120247312792570327,Feed,0,instagram,2026-06-23,not_delivering,ad,,,,"7-day click, 1-day view, or 1-day engaged-view",,,,,2026-06-18,Ongoing,2026-06-23,2026-06-23
"LittleData - Prospecting CBO Duplicate",120247312792380327,"Concept 2 - Best Gift",120247312792440327,"1 Print Static",120247312792570327,Feed,iphone,instagram,2026-06-23,not_delivering,ad,,,,"7-day click, 1-day view, or 1-day engaged-view",,,,,2026-06-18,Ongoing,2026-06-23,2026-06-23
"LittleData - Prospecting CBO Duplicate",120247312792380327,"Concept 2 - Best Gift",120247312792440327,"2 Print + Dads Gift",120247312792540327,Feed,iphone,facebook,2026-06-23,not_delivering,ad,,,,"7-day click, 1-day view, or 1-day engaged-view",,,,,2026-06-18,Ongoing,2026-06-23,2026-06-23
"LittleData - Retargeting Duplicate",120247312851600327,"Retargeting Testing",120247312851610327,"Good quality ad",120247312851590327,Feed,0,facebook,2026-06-23,not_delivering,ad,,,,Incremental,,,,,2026-06-18,Ongoing,2026-06-23,2026-06-23
"LittleData - Retargeting Duplicate",120247312851600327,"Retargeting Testing",120247312851610327,"Good quality ad",120247312851590327,Feed,desktop,facebook,2026-06-23,not_delivering,ad,,,,Incremental,,,,,2026-06-18,Ongoing,2026-06-23,2026-06-23
"LittleData - Retargeting Duplicate",120247312851600327,"Retargeting Testing",120247312851610327,"Good quality ad",120247312851590327,Feed,iphone,facebook,2026-06-23,not_delivering,ad,,,,Incremental,,,,,2026-06-18,Ongoing,2026-06-23,2026-06-23
"LittleData - Prospecting CBO Duplicate",120247312792380327,"Concept 6 - Founders Letter",120247312792480327,"Letter 3",120247312792560327,Feed,0,facebook,2026-06-22,not_delivering,ad,,,,"7-day click, 1-day view, or 1-day engaged-view",,,,,2026-06-18,Ongoing,2026-06-22,2026-06-22
"LittleData - Retargeting Duplicate",120247312851600327,"Retargeting Testing",120247312851610327,"Good quality ad",120247312851590327,"Facebook Reels",iphone,facebook,2026-06-22,not_delivering,ad,,,,Incremental,,,,,2026-06-18,Ongoing,2026-06-22,2026-06-22
"LittleData - Retargeting Duplicate",120247312851600327,"Retargeting Testing",120247312851610327,"Free Shipping Ad",120247312851620327,Feed,android_smartphone,facebook,2026-06-22,not_delivering,ad,,,,Incremental,,,,,2026-06-18,Ongoing,2026-06-22,2026-06-22
"LittleData - Retargeting Duplicate",120247312851600327,"Retargeting Testing",120247312851610327,"Free Shipping Ad",120247312851620327,Feed,0,facebook,2026-06-22,not_delivering,ad,,,,Incremental,,,,,2026-06-18,Ongoing,2026-06-22,2026-06-22
"LittleData - Retargeting Duplicate",120247312851600327,"Retargeting Testing",120247312851610327,"Free Shipping Ad",120247312851620327,Feed,iphone,facebook,2026-06-22,not_delivering,ad,,,,Incremental,,,,,2026-06-18,Ongoing,2026-06-22,2026-06-22
"LittleData - Prospecting CBO Duplicate",120247312792380327,"Concept 6 - Founders Letter",120247312792480327,"Letter 3",120247312792560327,"Instagram Stories",0,instagram,2026-06-22,not_delivering,ad,,,,"7-day click, 1-day view, or 1-day engaged-view",,,,,2026-06-18,Ongoing,2026-06-22,2026-06-22
"LittleData - Prospecting CBO Duplicate",120247312792380327,"Concept 6 - Founders Letter",120247312792480327,"Letter 3",120247312792560327,"Instagram Stories",iphone,instagram,2026-06-22,not_delivering,ad,,,,"7-day click, 1-day view, or 1-day engaged-view",,,,,2026-06-18,Ongoing,2026-06-22,2026-06-22
"LittleData - Retargeting Duplicate",120247312851600327,"Retargeting Testing",120247312851610327,"Good quality ad",120247312851590327,"Facebook Reels",android_smartphone,facebook,2026-06-22,not_delivering,ad,,,,Incremental,,,,,2026-06-18,Ongoing,2026-06-22,2026-06-22
"LittleData - Prospecting CBO Duplicate",120247312792380327,"Concept 6 - Founders Letter",120247312792480327,"Letter 3",120247312792560327,Feed,desktop,facebook,2026-06-22,not_delivering,ad,,,,"7-day click, 1-day view, or 1-day engaged-view",,,,,2026-06-18,Ongoing,2026-06-22,2026-06-22
"LittleData - Prospecting CBO Duplicate",120247312792380327,"Concept 6 - Founders Letter",120247312792480327,"Letter 3",120247312792560327,Feed,iphone,facebook,2026-06-22,not_delivering,ad,,,,"7-day click, 1-day view, or 1-day engaged-view",,,,,2026-06-18,Ongoing,2026-06-22,2026-06-22
"LittleData - Prospecting CBO Duplicate",120247312792380327,"Concept 3 - First Apartment",120247312792450327,"3 Prints on bed",120247312792580327,Feed,0,facebook,2026-06-22,not_delivering,ad,,,,Incremental,,,,,2026-06-18,Ongoing,2026-06-22,2026-06-22
"LittleData - Prospecting CBO Duplicate",120247312792380327,"Concept 3 - First Apartment",120247312792450327,"3 Prints on bed",120247312792580327,Feed,android_smartphone,facebook,2026-06-22,not_delivering,ad,,,,Incremental,,,,,2026-06-18,Ongoing,2026-06-22,2026-06-22
"LittleData - Prospecting CBO Duplicate",120247312792380327,"Concept 3 - First Apartment",120247312792450327,"3 Prints on bed",120247312792580327,Feed,ipad,facebook,2026-06-22,not_delivering,ad,,,,Incremental,,,,,2026-06-18,Ongoing,2026-06-22,2026-06-22
"LittleData - Prospecting CBO Duplicate",120247312792380327,"Concept 3 - First Apartment",120247312792450327,"3 Prints on bed",120247312792580327,Feed,iphone,facebook,2026-06-22,not_delivering,ad,,,,Incremental,,,,,2026-06-18,Ongoing,2026-06-22,2026-06-22
"LittleData - Prospecting CBO Duplicate",120247312792380327,"Concept 3 - First Apartment",120247312792450327,"3 Prints on bed",120247312792580327,Feed,desktop,facebook,2026-06-22,not_delivering,ad,,,,Incremental,,,,,2026-06-18,Ongoing,2026-06-22,2026-06-22
"LittleData - Retargeting Duplicate",120247312851600327,"Retargeting Testing",120247312851610327,"Good quality ad",120247312851590327,"Facebook Reels",ipad,facebook,2026-06-22,not_delivering,ad,,,,Incremental,,,,,2026-06-18,Ongoing,2026-06-22,2026-06-22
"LittleData - Prospecting CBO Duplicate",120247312792380327,"Concept 4 - Where we met",120247312792460327,"2 Print Static",120247312792610327,Feed,desktop,facebook,2026-06-22,not_delivering,ad,,,,Incremental,,,,,2026-06-18,Ongoing,2026-06-22,2026-06-22
"LittleData - Retargeting Duplicate",120247312851600327,"Retargeting Testing",120247312851610327,"Good quality ad",120247312851590327,"Facebook Reels",0,facebook,2026-06-22,not_delivering,ad,,,,Incremental,,,,,2026-06-18,Ongoing,2026-06-22,2026-06-22
"LittleData - Prospecting CBO Duplicate",120247312792380327,"Concept 2 - Best Gift",120247312792440327,"1 Print Static",120247312792570327,Feed,ipad,facebook,2026-06-22,not_delivering,ad,,,,"7-day click, 1-day view, or 1-day engaged-view",,,,,2026-06-18,Ongoing,2026-06-22,2026-06-22
"LittleData - Retargeting Duplicate",120247312851600327,"Retargeting Testing",120247312851610327,"Good quality ad",120247312851590327,Feed,iphone,facebook,2026-06-22,not_delivering,ad,,,,Incremental,,,,,2026-06-18,Ongoing,2026-06-22,2026-06-22
"LittleData - Prospecting CBO Duplicate",120247312792380327,"Concept 2 - Best Gift",120247312792440327,"1 Print Static",120247312792570327,"Instagram Stories",0,instagram,2026-06-22,not_delivering,ad,,,,"7-day click, 1-day view, or 1-day engaged-view",,,,,2026-06-18,Ongoing,2026-06-22,2026-06-22
"LittleData - Prospecting CBO Duplicate",120247312792380327,"Concept 2 - Best Gift",120247312792440327,"1 Print Static",120247312792570327,"Instagram Stories",ipad,instagram,2026-06-22,not_delivering,ad,,,,"7-day click, 1-day view, or 1-day engaged-view",,,,,2026-06-18,Ongoing,2026-06-22,2026-06-22
"LittleData - Prospecting CBO Duplicate",120247312792380327,"Concept 2 - Best Gift",120247312792440327,"1 Print Static",120247312792570327,"Instagram Stories",iphone,instagram,2026-06-22,not_delivering,ad,,,,"7-day click, 1-day view, or 1-day engaged-view",,,,,2026-06-18,Ongoing,2026-06-22,2026-06-22
"LittleData - Prospecting CBO Duplicate",120247312792380327,"Concept 2 - Best Gift",120247312792440327,"1 Print Static",120247312792570327,"Search results",iphone,facebook,2026-06-22,not_delivering,ad,,,,"7-day click, 1-day view, or 1-day engaged-view",,,,,2026-06-18,Ongoing,2026-06-22,2026-06-22
"LittleData - Prospecting CBO Duplicate",120247312792380327,"Concept 2 - Best Gift",120247312792440327,"1 Print Static",120247312792570327,Feed,0,facebook,2026-06-22,not_delivering,ad,,,,"7-day click, 1-day view, or 1-day engaged-view",,,,,2026-06-18,Ongoing,2026-06-22,2026-06-22
"LittleData - Prospecting CBO Duplicate",120247312792380327,"Concept 2 - Best Gift",120247312792440327,"1 Print Static",120247312792570327,"Search results",0,facebook,2026-06-22,not_delivering,ad,,,,"7-day click, 1-day view, or 1-day engaged-view",,,,,2026-06-18,Ongoing,2026-06-22,2026-06-22
"LittleData - Prospecting CBO Duplicate",120247312792380327,"Concept 2 - Best Gift",120247312792440327,"1 Print Static",120247312792570327,Feed,iphone,facebook,2026-06-22,not_delivering,ad,,,,"7-day click, 1-day view, or 1-day engaged-view",,,,,2026-06-18,Ongoing,2026-06-22,2026-06-22
"LittleData - Prospecting CBO Duplicate",120247312792380327,"Concept 2 - Best Gift",120247312792440327,"1 Print Static",120247312792570327,Feed,0,instagram,2026-06-22,not_delivering,ad,,,,"7-day click, 1-day view, or 1-day engaged-view",,,,,2026-06-18,Ongoing,2026-06-22,2026-06-22
"LittleData - Prospecting CBO Duplicate",120247312792380327,"Concept 2 - Best Gift",120247312792440327,"1 Print Static",120247312792570327,Feed,ipad,instagram,2026-06-22,not_delivering,ad,,,,"7-day click, 1-day view, or 1-day engaged-view",,,,,2026-06-18,Ongoing,2026-06-22,2026-06-22
"LittleData - Prospecting CBO Duplicate",120247312792380327,"Concept 2 - Best Gift",120247312792440327,"1 Print Static",120247312792570327,Feed,iphone,instagram,2026-06-22,not_delivering,ad,,,,"7-day click, 1-day view, or 1-day engaged-view",,,,,2026-06-18,Ongoing,2026-06-22,2026-06-22
"LittleData - Retargeting Duplicate",120247312851600327,"Retargeting Testing",120247312851610327,"Good quality ad",120247312851590327,Feed,0,facebook,2026-06-22,not_delivering,ad,,,,Incremental,,,,,2026-06-18,Ongoing,2026-06-22,2026-06-22
"LittleData - Retargeting Duplicate",120247312851600327,"Retargeting Testing",120247312851610327,"Good quality ad",120247312851590327,Feed,desktop,facebook,2026-06-22,not_delivering,ad,,,,Incremental,,,,,2026-06-18,Ongoing,2026-06-22,2026-06-22
"LittleData - Retargeting Duplicate",120247312851600327,"Retargeting Testing",120247312851610327,"Good quality ad",120247312851590327,Feed,android_smartphone,facebook,2026-06-22,not_delivering,ad,,,,Incremental,,,,,2026-06-18,Ongoing,2026-06-22,2026-06-22
"LittleData - Retargeting Duplicate",120247312851600327,"Retargeting Testing",120247312851610327,"Good quality ad",120247312851590327,"Facebook Stories",iphone,facebook,2026-06-21,not_delivering,ad,,,,Incremental,,,,,2026-06-18,Ongoing,2026-06-21,2026-06-21
"LittleData - Prospecting CBO Duplicate",120247312792380327,"Concept 4 - Where we met",120247312792460327,"2 Print Static",120247312792610327,Feed,android_smartphone,instagram,2026-06-21,not_delivering,ad,,,,Incremental,,,,,2026-06-18,Ongoing,2026-06-21,2026-06-21
"LittleData - Prospecting CBO Duplicate",120247312792380327,"Concept 4 - Where we met",120247312792460327,"2 Print Static",120247312792610327,Feed,0,instagram,2026-06-21,not_delivering,ad,,,,Incremental,,,,,2026-06-18,Ongoing,2026-06-21,2026-06-21
"LittleData - Prospecting CBO Duplicate",120247312792380327,"Concept 7 - fathers day",120247312792490327,"1 Image Static",120247312792410327,Feed,iphone,facebook,2026-06-21,not_delivering,ad,,,,Incremental,,,,,2026-06-18,Ongoing,2026-06-21,2026-06-21
"LittleData - Retargeting Duplicate",120247312851600327,"Retargeting Testing",120247312851610327,"Good quality ad",120247312851590327,"Facebook Reels",0,facebook,2026-06-21,not_delivering,ad,,,,Incremental,,,,,2026-06-18,Ongoing,2026-06-21,2026-06-21
"LittleData - Retargeting Duplicate",120247312851600327,"Retargeting Testing",120247312851610327,"Good quality ad",120247312851590327,Feed,iphone,facebook,2026-06-21,not_delivering,ad,,,,Incremental,,,,,2026-06-18,Ongoing,2026-06-21,2026-06-21
"LittleData - Retargeting Duplicate",120247312851600327,"Retargeting Testing",120247312851610327,"Good quality ad",120247312851590327,Feed,ipad,facebook,2026-06-21,not_delivering,ad,,,,Incremental,,,,,2026-06-18,Ongoing,2026-06-21,2026-06-21
"LittleData - Retargeting Duplicate",120247312851600327,"Retargeting Testing",120247312851610327,"Good quality ad",120247312851590327,Feed,android_smartphone,facebook,2026-06-21,not_delivering,ad,,,,Incremental,,,,,2026-06-18,Ongoing,2026-06-21,2026-06-21
"LittleData - Retargeting Duplicate",120247312851600327,"Retargeting Testing",120247312851610327,"Good quality ad",120247312851590327,Feed,0,facebook,2026-06-21,not_delivering,ad,,,,Incremental,,,,,2026-06-18,Ongoing,2026-06-21,2026-06-21
"LittleData - Retargeting Duplicate",120247312851600327,"Retargeting Testing",120247312851610327,"Good quality ad",120247312851590327,"Facebook Reels",iphone,facebook,2026-06-21,not_delivering,ad,,,,Incremental,,,,,2026-06-18,Ongoing,2026-06-21,2026-06-21
"LittleData - Retargeting Duplicate",120247312851600327,"Retargeting Testing",120247312851610327,"Good quality ad",120247312851590327,"Facebook Stories",0,facebook,2026-06-21,not_delivering,ad,,,,Incremental,,,,,2026-06-18,Ongoing,2026-06-21,2026-06-21
"LittleData - Prospecting CBO Duplicate",120247312792380327,"Concept 2 - Best Gift",120247312792440327,"1 Print Static",120247312792570327,Feed,iphone,instagram,2026-06-21,not_delivering,ad,,,,"7-day click, 1-day view, or 1-day engaged-view",,,,,2026-06-18,Ongoing,2026-06-21,2026-06-21
"LittleData - Prospecting CBO Duplicate",120247312792380327,"Concept 2 - Best Gift",120247312792440327,"1 Print Static",120247312792570327,Feed,0,instagram,2026-06-21,not_delivering,ad,,,,"7-day click, 1-day view, or 1-day engaged-view",,,,,2026-06-18,Ongoing,2026-06-21,2026-06-21
"LittleData - Prospecting CBO Duplicate",120247312792380327,"Concept 2 - Best Gift",120247312792440327,"1 Print Static",120247312792570327,Feed,iphone,facebook,2026-06-21,not_delivering,ad,,,,"7-day click, 1-day view, or 1-day engaged-view",,,,,2026-06-18,Ongoing,2026-06-21,2026-06-21
"LittleData - Prospecting CBO Duplicate",120247312792380327,"Concept 2 - Best Gift",120247312792440327,"1 Print Static",120247312792570327,Feed,android_smartphone,facebook,2026-06-21,not_delivering,ad,,,,"7-day click, 1-day view, or 1-day engaged-view",,,,,2026-06-18,Ongoing,2026-06-21,2026-06-21
"LittleData - Prospecting CBO Duplicate",120247312792380327,"Concept 2 - Best Gift",120247312792440327,"1 Print Static",120247312792570327,Feed,0,facebook,2026-06-21,not_delivering,ad,,,,"7-day click, 1-day view, or 1-day engaged-view",,,,,2026-06-18,Ongoing,2026-06-21,2026-06-21
"LittleData - Prospecting CBO Duplicate",120247312792380327,"Concept 2 - Best Gift",120247312792440327,"1 Print Static",120247312792570327,"Instagram Stories",0,instagram,2026-06-21,not_delivering,ad,,,,"7-day click, 1-day view, or 1-day engaged-view",,,,,2026-06-18,Ongoing,2026-06-21,2026-06-21
"LittleData - Prospecting CBO Duplicate",120247312792380327,"Concept 2 - Best Gift",120247312792440327,"1 Print Static",120247312792570327,"Instagram Stories",iphone,instagram,2026-06-21,not_delivering,ad,,,,"7-day click, 1-day view, or 1-day engaged-view",,,,,2026-06-18,Ongoing,2026-06-21,2026-06-21
"LittleData - Prospecting CBO Duplicate",120247312792380327,"Concept 4 - Where we met",120247312792460327,"3 Print Static Ad",120247312792630327,Feed,0,facebook,2026-06-21,not_delivering,ad,,,,Incremental,,,,,2026-06-18,Ongoing,2026-06-21,2026-06-21
"LittleData - Retargeting Duplicate",120247312851600327,"Retargeting Testing",120247312851610327,"Good quality ad",120247312851590327,Feed,android_smartphone,facebook,2026-06-20,not_delivering,ad,,,,Incremental,,,,,2026-06-18,Ongoing,2026-06-20,2026-06-20
"LittleData - Prospecting CBO Duplicate",120247312792380327,"Concept 6 - Founders Letter",120247312792480327,"Letter 3",120247312792560327,Feed,android_smartphone,facebook,2026-06-20,not_delivering,ad,,,,"7-day click, 1-day view, or 1-day engaged-view",,,,,2026-06-18,Ongoing,2026-06-20,2026-06-20
"LittleData - Prospecting CBO Duplicate",120247312792380327,"Concept 6 - Founders Letter",120247312792480327,"Letter 3",120247312792560327,Feed,ipad,facebook,2026-06-20,not_delivering,ad,,,,"7-day click, 1-day view, or 1-day engaged-view",,,,,2026-06-18,Ongoing,2026-06-20,2026-06-20
"LittleData - Prospecting CBO Duplicate",120247312792380327,"Concept 6 - Founders Letter",120247312792480327,"Letter 3",120247312792560327,Feed,0,facebook,2026-06-20,not_delivering,ad,,,,"7-day click, 1-day view, or 1-day engaged-view",,,,,2026-06-18,Ongoing,2026-06-20,2026-06-20
"LittleData - Retargeting Duplicate",120247312851600327,"Retargeting Testing",120247312851610327,"Free Shipping Ad",120247312851620327,Feed,0,facebook,2026-06-20,not_delivering,ad,,,,Incremental,,,,,2026-06-18,Ongoing,2026-06-20,2026-06-20
"LittleData - Retargeting Duplicate",120247312851600327,"Retargeting Testing",120247312851610327,"Good quality ad",120247312851590327,"Facebook Reels",android_smartphone,facebook,2026-06-20,not_delivering,ad,,,,Incremental,,,,,2026-06-18,Ongoing,2026-06-20,2026-06-20
"LittleData - Retargeting Duplicate",120247312851600327,"Retargeting Testing",120247312851610327,"Free Shipping Ad",120247312851620327,Feed,iphone,facebook,2026-06-20,not_delivering,ad,,,,Incremental,,,,,2026-06-18,Ongoing,2026-06-20,2026-06-20
"LittleData - Prospecting CBO Duplicate",120247312792380327,"Concept 2 - Best Gift",120247312792440327,"1 Print Static",120247312792570327,Feed,iphone,instagram,2026-06-20,not_delivering,ad,,,,"7-day click, 1-day view, or 1-day engaged-view",,,,,2026-06-18,Ongoing,2026-06-20,2026-06-20
"LittleData - Prospecting CBO Duplicate",120247312792380327,"Concept 2 - Best Gift",120247312792440327,"1 Print Static",120247312792570327,Feed,iphone,facebook,2026-06-20,not_delivering,ad,,,,"7-day click, 1-day view, or 1-day engaged-view",,,,,2026-06-18,Ongoing,2026-06-20,2026-06-20
"LittleData - Prospecting CBO Duplicate",120247312792380327,"Concept 2 - Best Gift",120247312792440327,"1 Print Static",120247312792570327,Feed,desktop,facebook,2026-06-20,not_delivering,ad,,,,"7-day click, 1-day view, or 1-day engaged-view",,,,,2026-06-18,Ongoing,2026-06-20,2026-06-20
"LittleData - Prospecting CBO Duplicate",120247312792380327,"Concept 2 - Best Gift",120247312792440327,"1 Print Static",120247312792570327,Feed,android_smartphone,facebook,2026-06-20,not_delivering,ad,,,,"7-day click, 1-day view, or 1-day engaged-view",,,,,2026-06-18,Ongoing,2026-06-20,2026-06-20
"LittleData - Prospecting CBO Duplicate",120247312792380327,"Concept 2 - Best Gift",120247312792440327,"1 Print Static",120247312792570327,Feed,0,facebook,2026-06-20,not_delivering,ad,,,,"7-day click, 1-day view, or 1-day engaged-view",,,,,2026-06-18,Ongoing,2026-06-20,2026-06-20
"LittleData - Prospecting CBO Duplicate",120247312792380327,"Concept 2 - Best Gift",120247312792440327,"1 Print Static",120247312792570327,Feed,0,instagram,2026-06-20,not_delivering,ad,,,,"7-day click, 1-day view, or 1-day engaged-view",,,,,2026-06-18,Ongoing,2026-06-20,2026-06-20
"LittleData - Retargeting Duplicate",120247312851600327,"Retargeting Testing",120247312851610327,"Free Shipping Ad",120247312851620327,Feed,iphone,instagram,2026-06-19,not_delivering,ad,,,,Incremental,,,,,2026-06-18,Ongoing,2026-06-19,2026-06-19
"LittleData - Retargeting Duplicate",120247312851600327,"Retargeting Testing",120247312851610327,"Good quality ad",120247312851590327,"Facebook Reels",android_smartphone,facebook,2026-06-19,not_delivering,ad,,,,Incremental,,,,,2026-06-18,Ongoing,2026-06-19,2026-06-19
"LittleData - Retargeting Duplicate",120247312851600327,"Retargeting Testing",120247312851610327,"Good quality ad",120247312851590327,"Facebook Reels",iphone,facebook,2026-06-19,not_delivering,ad,,,,Incremental,,,,,2026-06-18,Ongoing,2026-06-19,2026-06-19
"LittleData - Retargeting Duplicate",120247312851600327,"Retargeting Testing",120247312851610327,"Free Shipping Ad",120247312851620327,"Instagram Stories",0,instagram,2026-06-19,not_delivering,ad,,,,Incremental,,,,,2026-06-18,Ongoing,2026-06-19,2026-06-19
"LittleData - Retargeting Duplicate",120247312851600327,"Retargeting Testing",120247312851610327,"Free Shipping Ad",120247312851620327,"Instagram Stories",iphone,instagram,2026-06-19,not_delivering,ad,,,,Incremental,,,,,2026-06-18,Ongoing,2026-06-19,2026-06-19
"LittleData - Retargeting Duplicate",120247312851600327,"Retargeting Testing",120247312851610327,"Free Shipping Ad",120247312851620327,Feed,0,facebook,2026-06-19,not_delivering,ad,,,,Incremental,,,,,2026-06-18,Ongoing,2026-06-19,2026-06-19
"LittleData - Retargeting Duplicate",120247312851600327,"Retargeting Testing",120247312851610327,"Free Shipping Ad",120247312851620327,Feed,desktop,facebook,2026-06-19,not_delivering,ad,,,,Incremental,,,,,2026-06-18,Ongoing,2026-06-19,2026-06-19
"LittleData - Prospecting CBO Duplicate",120247312792380327,"Concept 6 - Founders Letter",120247312792480327,"Letter 2",120247312792390327,Feed,0,instagram,2026-06-19,not_delivering,ad,,,,"7-day click, 1-day view, or 1-day engaged-view",,,,,2026-06-18,Ongoing,2026-06-19,2026-06-19
"LittleData - Prospecting CBO Duplicate",120247312792380327,"Concept 6 - Founders Letter",120247312792480327,"Letter 3",120247312792560327,Feed,android_smartphone,facebook,2026-06-19,not_delivering,ad,,,,"7-day click, 1-day view, or 1-day engaged-view",,,,,2026-06-18,Ongoing,2026-06-19,2026-06-19
"LittleData - Prospecting CBO Duplicate",120247312792380327,"Concept 3 - First Apartment",120247312792450327,"3 Prints on bed",120247312792580327,Feed,iphone,facebook,2026-06-19,not_delivering,ad,,,,Incremental,,,,,2026-06-18,Ongoing,2026-06-19,2026-06-19
"LittleData - Prospecting CBO Duplicate",120247312792380327,"Concept 3 - First Apartment",120247312792450327,"3 Prints on bed",120247312792580327,Feed,desktop,facebook,2026-06-19,not_delivering,ad,,,,Incremental,,,,,2026-06-18,Ongoing,2026-06-19,2026-06-19
"LittleData - Prospecting CBO Duplicate",120247312792380327,"Concept 6 - Founders Letter",120247312792480327,"Letter 2",120247312792390327,Feed,iphone,instagram,2026-06-19,not_delivering,ad,,,,"7-day click, 1-day view, or 1-day engaged-view",,,,,2026-06-18,Ongoing,2026-06-19,2026-06-19
"LittleData - Prospecting CBO Duplicate",120247312792380327,"Concept 4 - Where we met",120247312792460327,"2 Print Static",120247312792610327,Feed,iphone,instagram,2026-06-19,not_delivering,ad,,,,Incremental,,,,,2026-06-18,Ongoing,2026-06-19,2026-06-19
"LittleData - Prospecting CBO Duplicate",120247312792380327,"Concept 4 - Where we met",120247312792460327,"2 Print Static",120247312792610327,Feed,iphone,facebook,2026-06-19,not_delivering,ad,,,,Incremental,,,,,2026-06-18,Ongoing,2026-06-19,2026-06-19
"LittleData - Prospecting CBO Duplicate",120247312792380327,"Concept 4 - Where we met",120247312792460327,"2 Print Static",120247312792610327,Feed,0,instagram,2026-06-19,not_delivering,ad,,,,Incremental,,,,,2026-06-18,Ongoing,2026-06-19,2026-06-19
"LittleData - Retargeting Duplicate",120247312851600327,"Retargeting Testing",120247312851610327,"Good quality ad",120247312851590327,Feed,iphone,facebook,2026-06-19,not_delivering,ad,,,,Incremental,,,,,2026-06-18,Ongoing,2026-06-19,2026-06-19
"LittleData - Retargeting Duplicate",120247312851600327,"Retargeting Testing",120247312851610327,"Good quality ad",120247312851590327,"Facebook Reels",0,facebook,2026-06-19,not_delivering,ad,,,,Incremental,,,,,2026-06-18,Ongoing,2026-06-19,2026-06-19
"LittleData - Prospecting CBO Duplicate",120247312792380327,"Concept 4 - Where we met",120247312792460327,"2 Print Static",120247312792610327,Feed,0,facebook,2026-06-19,not_delivering,ad,,,,Incremental,,,,,2026-06-18,Ongoing,2026-06-19,2026-06-19
"LittleData - Retargeting Duplicate",120247312851600327,"Retargeting Testing",120247312851610327,"Good quality ad",120247312851590327,Feed,ipad,facebook,2026-06-19,not_delivering,ad,,,,Incremental,,,,,2026-06-18,Ongoing,2026-06-19,2026-06-19
"LittleData - Prospecting CBO Duplicate",120247312792380327,"Concept 2 - Best Gift",120247312792440327,"1 Print Static",120247312792570327,Feed,0,instagram,2026-06-19,not_delivering,ad,,,,"7-day click, 1-day view, or 1-day engaged-view",,,,,2026-06-18,Ongoing,2026-06-19,2026-06-19
"LittleData - Retargeting Duplicate",120247312851600327,"Retargeting Testing",120247312851610327,"Good quality ad",120247312851590327,Feed,android_smartphone,facebook,2026-06-19,not_delivering,ad,,,,Incremental,,,,,2026-06-18,Ongoing,2026-06-19,2026-06-19
"LittleData - Prospecting CBO Duplicate",120247312792380327,"Concept 2 - Best Gift",120247312792440327,"1 Print Static",120247312792570327,Unknown,0,unknown,2026-06-19,not_delivering,ad,,,,"7-day click, 1-day view, or 1-day engaged-view",,,,,2026-06-18,Ongoing,2026-06-19,2026-06-19
"LittleData - Prospecting CBO Duplicate",120247312792380327,"Concept 2 - Best Gift",120247312792440327,"1 Print Static",120247312792570327,"Instagram Stories",0,instagram,2026-06-19,not_delivering,ad,,,,"7-day click, 1-day view, or 1-day engaged-view",,,,,2026-06-18,Ongoing,2026-06-19,2026-06-19
"LittleData - Prospecting CBO Duplicate",120247312792380327,"Concept 2 - Best Gift",120247312792440327,"1 Print Static",120247312792570327,"Instagram Stories",iphone,instagram,2026-06-19,not_delivering,ad,,,,"7-day click, 1-day view, or 1-day engaged-view",,,,,2026-06-18,Ongoing,2026-06-19,2026-06-19
"LittleData - Prospecting CBO Duplicate",120247312792380327,"Concept 2 - Best Gift",120247312792440327,"1 Print Static",120247312792570327,Feed,android_smartphone,facebook,2026-06-19,not_delivering,ad,,,,"7-day click, 1-day view, or 1-day engaged-view",,,,,2026-06-18,Ongoing,2026-06-19,2026-06-19
"LittleData - Prospecting CBO Duplicate",120247312792380327,"Concept 2 - Best Gift",120247312792440327,"1 Print Static",120247312792570327,Feed,desktop,facebook,2026-06-19,not_delivering,ad,,,,"7-day click, 1-day view, or 1-day engaged-view",,,,,2026-06-18,Ongoing,2026-06-19,2026-06-19
"LittleData - Prospecting CBO Duplicate",120247312792380327,"Concept 2 - Best Gift",120247312792440327,"1 Print Static",120247312792570327,Feed,iphone,facebook,2026-06-19,not_delivering,ad,,,,"7-day click, 1-day view, or 1-day engaged-view",,,,,2026-06-18,Ongoing,2026-06-19,2026-06-19
"LittleData - Prospecting CBO Duplicate",120247312792380327,"Concept 2 - Best Gift",120247312792440327,"1 Print Static",120247312792570327,Feed,0,facebook,2026-06-19,not_delivering,ad,,,,"7-day click, 1-day view, or 1-day engaged-view",,,,,2026-06-18,Ongoing,2026-06-19,2026-06-19
"LittleData - Prospecting CBO Duplicate",120247312792380327,"Concept 2 - Best Gift",120247312792440327,"1 Print Static",120247312792570327,Feed,iphone,instagram,2026-06-19,not_delivering,ad,,,,"7-day click, 1-day view, or 1-day engaged-view",,,,,2026-06-18,Ongoing,2026-06-19,2026-06-19
"LittleData - Prospecting CBO Duplicate",120247312792380327,"Concept 2 - Best Gift",120247312792440327,"2 Print + Dads Gift",120247312792540327,Feed,iphone,facebook,2026-06-19,not_delivering,ad,,,,"7-day click, 1-day view, or 1-day engaged-view",,,,,2026-06-18,Ongoing,2026-06-19,2026-06-19
"LittleData - Prospecting CBO Duplicate",120247312792380327,"Concept 4 - Where we met",120247312792460327,"3 Print Static Ad",120247312792630327,Feed,0,facebook,2026-06-19,not_delivering,ad,,,,Incremental,,,,,2026-06-18,Ongoing,2026-06-19,2026-06-19
"LittleData - Prospecting CBO Duplicate",120247312792380327,"Concept 4 - Where we met",120247312792460327,"3 Print Static Ad",120247312792630327,Feed,iphone,facebook,2026-06-19,not_delivering,ad,,,,Incremental,,,,,2026-06-18,Ongoing,2026-06-19,2026-06-19
"LittleData - Prospecting CBO Duplicate",120247312792380327,"Concept 4 - Where we met",120247312792460327,"3 Print Static Ad",120247312792630327,Feed,ipad,facebook,2026-06-19,not_delivering,ad,,,,Incremental,,,,,2026-06-18,Ongoing,2026-06-19,2026-06-19
"LittleData - Retargeting Duplicate",120247312851600327,"Retargeting Testing",120247312851610327,"Good quality ad",120247312851590327,Feed,0,facebook,2026-06-19,not_delivering,ad,,,,Incremental,,,,,2026-06-18,Ongoing,2026-06-19,2026-06-19
"LittleData - Prospecting CBO Duplicate",120247312792380327,"Concept 2 - Best Gift",120247312792440327,"2 Print + Dads Gift",120247312792540327,Feed,0,facebook,2026-06-19,not_delivering,ad,,,,"7-day click, 1-day view, or 1-day engaged-view",,,,,2026-06-18,Ongoing,2026-06-19,2026-06-19
"LittleData - Retargeting Duplicate",120247312851600327,"Retargeting Testing",120247312851610327,"Good quality ad",120247312851590327,Feed,desktop,facebook,2026-06-19,not_delivering,ad,,,,Incremental,,,,,2026-06-18,Ongoing,2026-06-19,2026-06-19
"LittleData - Retargeting Duplicate",120247312851600327,"Retargeting Testing",120247312851610327,"Free Shipping Ad",120247312851620327,Feed,android_smartphone,facebook,2026-06-18,not_delivering,ad,,,,Incremental,,,,,2026-06-18,Ongoing,2026-06-18,2026-06-18
"LittleData - Retargeting Duplicate",120247312851600327,"Retargeting Testing",120247312851610327,"Free Shipping Ad",120247312851620327,Feed,0,facebook,2026-06-18,not_delivering,ad,,,,Incremental,,,,,2026-06-18,Ongoing,2026-06-18,2026-06-18
"LittleData - Retargeting Duplicate",120247312851600327,"Retargeting Testing",120247312851610327,"Free Shipping Ad",120247312851620327,Feed,iphone,facebook,2026-06-18,not_delivering,ad,,,,Incremental,,,,,2026-06-18,Ongoing,2026-06-18,2026-06-18
"LittleData - Prospecting CBO Duplicate",120247312792380327,"Concept 6 - Founders Letter",120247312792480327,"Letter 2",120247312792390327,Feed,desktop,facebook,2026-06-18,not_delivering,ad,,,,"7-day click, 1-day view, or 1-day engaged-view",,,,,2026-06-18,Ongoing,2026-06-18,2026-06-18
"LittleData - Retargeting Duplicate",120247312851600327,"Retargeting Testing",120247312851610327,"Free Shipping Ad",120247312851620327,Feed,iphone,instagram,2026-06-18,not_delivering,ad,,,,Incremental,,,,,2026-06-18,Ongoing,2026-06-18,2026-06-18
"LittleData - Prospecting CBO Duplicate",120247312792380327,"Concept 6 - Founders Letter",120247312792480327,"Letter 3",120247312792560327,"Instagram Stories",iphone,instagram,2026-06-18,not_delivering,ad,,,,"7-day click, 1-day view, or 1-day engaged-view",,,,,2026-06-18,Ongoing,2026-06-18,2026-06-18
"LittleData - Prospecting CBO Duplicate",120247312792380327,"Concept 6 - Founders Letter",120247312792480327,"Letter 2",120247312792390327,Feed,0,facebook,2026-06-18,not_delivering,ad,,,,"7-day click, 1-day view, or 1-day engaged-view",,,,,2026-06-18,Ongoing,2026-06-18,2026-06-18
"LittleData - Prospecting CBO Duplicate",120247312792380327,"Concept 6 - Founders Letter",120247312792480327,"Letter 2",120247312792390327,Feed,ipad,facebook,2026-06-18,not_delivering,ad,,,,"7-day click, 1-day view, or 1-day engaged-view",,,,,2026-06-18,Ongoing,2026-06-18,2026-06-18
"LittleData - Prospecting CBO Duplicate",120247312792380327,"Concept 5 - Parents Gift",120247312792470327,"1 Print Static + Grandma",120247312792640327,Feed,android_smartphone,facebook,2026-06-18,not_delivering,ad,,,,"7-day click, 1-day view, or 1-day engaged-view",,,,,2026-06-18,Ongoing,2026-06-18,2026-06-18
"LittleData - Prospecting CBO Duplicate",120247312792380327,"Concept 5 - Parents Gift",120247312792470327,"1 Print Static + Grandma",120247312792640327,Feed,iphone,facebook,2026-06-18,not_delivering,ad,,,,"7-day click, 1-day view, or 1-day engaged-view",,,,,2026-06-18,Ongoing,2026-06-18,2026-06-18
"LittleData - Retargeting Duplicate",120247312851600327,"Retargeting Testing",120247312851610327,"Good quality ad",120247312851590327,Feed,0,facebook,2026-06-18,not_delivering,ad,,,,Incremental,,,,,2026-06-18,Ongoing,2026-06-18,2026-06-18
"LittleData - Prospecting CBO Duplicate",120247312792380327,"Concept 5 - Parents Gift",120247312792470327,"1 Print Static + Grandma",120247312792640327,Feed,0,facebook,2026-06-18,not_delivering,ad,,,,"7-day click, 1-day view, or 1-day engaged-view",,,,,2026-06-18,Ongoing,2026-06-18,2026-06-18
"LittleData - Prospecting CBO Duplicate",120247312792380327,"Concept 2 - Best Gift",120247312792440327,"2 Static + Dad Gift",120247312792550327,Feed,iphone,facebook,2026-06-18,not_delivering,ad,,,,"7-day click, 1-day view, or 1-day engaged-view",,,,,2026-06-18,Ongoing,2026-06-18,2026-06-18
"LittleData - Retargeting Duplicate",120247312851600327,"Retargeting Testing",120247312851610327,"Good quality ad",120247312851590327,"Facebook Reels",iphone,facebook,2026-06-18,not_delivering,ad,,,,Incremental,,,,,2026-06-18,Ongoing,2026-06-18,2026-06-18
"LittleData - Prospecting CBO Duplicate",120247312792380327,"Concept 4 - Where we met",120247312792460327,"3 Print Static Ad",120247312792630327,Feed,iphone,facebook,2026-06-18,not_delivering,ad,,,,Incremental,,,,,2026-06-18,Ongoing,2026-06-18,2026-06-18
"LittleData - Prospecting CBO Duplicate",120247312792380327,"Concept 2 - Best Gift",120247312792440327,"2 Static + Dad Gift",120247312792550327,Feed,0,facebook,2026-06-18,not_delivering,ad,,,,"7-day click, 1-day view, or 1-day engaged-view",,,,,2026-06-18,Ongoing,2026-06-18,2026-06-18
"LittleData - Prospecting CBO Duplicate",120247312792380327,"Concept 4 - Where we met",120247312792460327,"3 Print Static Ad",120247312792630327,Feed,0,facebook,2026-06-18,not_delivering,ad,,,,Incremental,,,,,2026-06-18,Ongoing,2026-06-18,2026-06-18
"LittleData - Prospecting CBO Duplicate",120247312792380327,"Concept 2 - Best Gift",120247312792440327,"2 Static + Dad Gift",120247312792550327,Feed,ipad,facebook,2026-06-18,not_delivering,ad,,,,"7-day click, 1-day view, or 1-day engaged-view",,,,,2026-06-18,Ongoing,2026-06-18,2026-06-18
"LittleData - Retargeting Duplicate",120247312851600327,"Retargeting Testing",120247312851610327,"Good quality ad",120247312851590327,Feed,android_smartphone,facebook,2026-06-18,not_delivering,ad,,,,Incremental,,,,,2026-06-18,Ongoing,2026-06-18,2026-06-18
"LittleData - Retargeting Duplicate",120247312851600327,"Retargeting Testing",120247312851610327,"Good quality ad",120247312851590327,Feed,iphone,facebook,2026-06-18,not_delivering,ad,,,,Incremental,,,,,2026-06-18,Ongoing,2026-06-18,2026-06-18
"LittleData - Retargeting Duplicate",120247312851600327,"Retargeting Testing",120247312851610327,"Good quality ad",120247312851590327,"Facebook Reels",0,facebook,2026-06-18,not_delivering,ad,,,,Incremental,,,,,2026-06-18,Ongoing,2026-06-18,2026-06-18
"LittleData - Retargeting",120246576715270327,"Retargeting Testing",120246576715280327,"Good quality ad",120246577486410327,Feed,0,instagram,2026-06-17,not_delivering,ad,,,,Incremental,,,,,2026-06-06,Ongoing,2026-06-17,2026-06-17
"LittleData - Retargeting",120246576715270327,"Retargeting Testing",120246576715280327,"Good quality ad",120246577486410327,Feed,desktop,facebook,2026-06-17,not_delivering,ad,,,,Incremental,,,,,2026-06-06,Ongoing,2026-06-17,2026-06-17
"LittleData - Retargeting",120246576715270327,"Retargeting Testing",120246576715280327,"Good quality ad",120246577486410327,Feed,ipad,facebook,2026-06-17,not_delivering,ad,,,,Incremental,,,,,2026-06-06,Ongoing,2026-06-17,2026-06-17
"LittleData - Retargeting",120246576715270327,"Retargeting Testing",120246576715280327,"Good quality ad",120246577486410327,Feed,iphone,facebook,2026-06-17,not_delivering,ad,,,,Incremental,,,,,2026-06-06,Ongoing,2026-06-17,2026-06-17
"LittleData - Retargeting",120246576715270327,"Retargeting Testing",120246576715280327,"Good quality ad",120246577486410327,Feed,0,facebook,2026-06-17,not_delivering,ad,,,,Incremental,,,,,2026-06-06,Ongoing,2026-06-17,2026-06-17
"LittleData - Prospecting CBO",120246244099810327,"Concept 2 - Best Gift",120246251203520327,"2 Print + Dads Gift",120246251203530327,Feed,iphone,instagram,2026-06-17,not_delivering,ad,,,,"7-day click, 1-day view, or 1-day engaged-view",,,,,2026-06-02,Ongoing,2026-06-17,2026-06-17
"LittleData - Prospecting CBO",120246244099810327,"Concept 2 - Best Gift",120246251203520327,"2 Print + Dads Gift",120246251203530327,Feed,0,instagram,2026-06-17,not_delivering,ad,,,,"7-day click, 1-day view, or 1-day engaged-view",,,,,2026-06-02,Ongoing,2026-06-17,2026-06-17
"LittleData - Prospecting CBO",120246244099810327,"Concept 2 - Best Gift",120246251203520327,"2 Print + Dads Gift",120246251203530327,Feed,iphone,facebook,2026-06-17,not_delivering,ad,,,,"7-day click, 1-day view, or 1-day engaged-view",,,,,2026-06-02,Ongoing,2026-06-17,2026-06-17
"LittleData - Prospecting CBO",120246244099810327,"Concept 2 - Best Gift",120246251203520327,"2 Print + Dads Gift",120246251203530327,Feed,0,facebook,2026-06-17,not_delivering,ad,,,,"7-day click, 1-day view, or 1-day engaged-view",,,,,2026-06-02,Ongoing,2026-06-17,2026-06-17
"LittleData - Prospecting CBO",120246244099810327,"Concept 1 - Travel Wall",120246244099820327,"3 Static Post",120246245836880327,Feed,0,instagram,2026-06-17,not_delivering,ad,,,,Incremental,,,,,2026-06-02,Ongoing,2026-06-17,2026-06-17
"LittleData - Prospecting CBO",120246244099810327,"Concept 1 - Travel Wall",120246244099820327,"3 Static Post",120246245836880327,Feed,iphone,instagram,2026-06-17,not_delivering,ad,,,,Incremental,,,,,2026-06-02,Ongoing,2026-06-17,2026-06-17
"LittleData - Prospecting CBO",120246244099810327,"Concept 1 - Travel Wall",120246244099820327,"3 Prints Static",120246244099800327,Feed,0,instagram,2026-06-17,not_delivering,ad,,,,Incremental,,,,,2026-06-02,Ongoing,2026-06-17,2026-06-17
"LittleData - Prospecting CBO",120246244099810327,"Concept 1 - Travel Wall",120246244099820327,"3 Prints Static",120246244099800327,"Instagram Stories",0,instagram,2026-06-17,not_delivering,ad,,,,Incremental,,,,,2026-06-02,Ongoing,2026-06-17,2026-06-17
"LittleData - Prospecting CBO",120246244099810327,"Concept 1 - Travel Wall",120246244099820327,"3 Prints Static",120246244099800327,"Instagram Stories",iphone,instagram,2026-06-17,not_delivering,ad,,,,Incremental,,,,,2026-06-02,Ongoing,2026-06-17,2026-06-17
"LittleData - Retargeting",120246576715270327,"Retargeting Testing",120246576715280327,"Free Shipping Ad",120246577245270327,Feed,iphone,instagram,2026-06-17,not_delivering,ad,,,,Incremental,,,,,2026-06-06,Ongoing,2026-06-17,2026-06-17
"LittleData - Prospecting CBO",120246244099810327,"Concept 1 - Travel Wall",120246244099820327,"3 Prints Static",120246244099800327,Feed,android_smartphone,instagram,2026-06-17,not_delivering,ad,,,,Incremental,,,,,2026-06-02,Ongoing,2026-06-17,2026-06-17
"LittleData - Prospecting CBO",120246244099810327,"Concept 1 - Travel Wall",120246244099820327,"3 Prints Static",120246244099800327,Feed,iphone,instagram,2026-06-17,not_delivering,ad,,,,Incremental,,,,,2026-06-02,Ongoing,2026-06-17,2026-06-17
"LittleData - Retargeting",120246576715270327,"Retargeting Testing",120246576715280327,"Free Shipping Ad",120246577245270327,Feed,android_smartphone,facebook,2026-06-17,not_delivering,ad,,,,Incremental,,,,,2026-06-06,Ongoing,2026-06-17,2026-06-17
"LittleData - Retargeting",120246576715270327,"Retargeting Testing",120246576715280327,"Free Shipping Ad",120246577245270327,Feed,iphone,facebook,2026-06-17,not_delivering,ad,,,,Incremental,,,,,2026-06-06,Ongoing,2026-06-17,2026-06-17
"LittleData - Retargeting",120246576715270327,"Retargeting Testing",120246576715280327,"Good quality ad",120246577486410327,"Threads feed",android_tablet,threads,2026-06-16,not_delivering,ad,,,,Incremental,,,,,2026-06-06,Ongoing,2026-06-16,2026-06-16
"LittleData - Prospecting CBO",120246244099810327,"Concept 2 - Best Gift",120246251203520327,"2 Print + Dads Gift",120246251203530327,"Instagram Reels",0,instagram,2026-06-16,not_delivering,ad,,,,"7-day click, 1-day view, or 1-day engaged-view",,,,,2026-06-02,Ongoing,2026-06-16,2026-06-16
"LittleData - Retargeting",120246576715270327,"Retargeting Testing",120246576715280327,"Good quality ad",120246577486410327,"Facebook Reels",iphone,facebook,2026-06-16,not_delivering,ad,,,,Incremental,,,,,2026-06-06,Ongoing,2026-06-16,2026-06-16
"LittleData - Retargeting",120246576715270327,"Retargeting Testing",120246576715280327,"Good quality ad",120246577486410327,Feed,desktop,facebook,2026-06-16,not_delivering,ad,,,,Incremental,,,,,2026-06-06,Ongoing,2026-06-16,2026-06-16
"LittleData - Retargeting",120246576715270327,"Retargeting Testing",120246576715280327,"Good quality ad",120246577486410327,Feed,android_smartphone,facebook,2026-06-16,not_delivering,ad,,,,Incremental,,,,,2026-06-06,Ongoing,2026-06-16,2026-06-16
"LittleData - Retargeting",120246576715270327,"Retargeting Testing",120246576715280327,"Good quality ad",120246577486410327,"Search results",desktop,facebook,2026-06-16,not_delivering,ad,,,,Incremental,,,,,2026-06-06,Ongoing,2026-06-16,2026-06-16
"LittleData - Retargeting",120246576715270327,"Retargeting Testing",120246576715280327,"Good quality ad",120246577486410327,"Search results",0,facebook,2026-06-16,not_delivering,ad,,,,Incremental,,,,,2026-06-06,Ongoing,2026-06-16,2026-06-16
"LittleData - Prospecting CBO",120246244099810327,"Concept 2 - Best Gift",120246251203520327,"2 Print + Dads Gift",120246251203530327,Feed,iphone,instagram,2026-06-16,not_delivering,ad,,,,"7-day click, 1-day view, or 1-day engaged-view",,,,,2026-06-02,Ongoing,2026-06-16,2026-06-16
"LittleData - Prospecting CBO",120246244099810327,"Concept 2 - Best Gift",120246251203520327,"2 Print + Dads Gift",120246251203530327,Feed,0,instagram,2026-06-16,not_delivering,ad,,,,"7-day click, 1-day view, or 1-day engaged-view",,,,,2026-06-02,Ongoing,2026-06-16,2026-06-16
"LittleData - Prospecting CBO",120246244099810327,"Concept 2 - Best Gift",120246251203520327,"2 Print + Dads Gift",120246251203530327,Feed,android_smartphone,instagram,2026-06-16,not_delivering,ad,,,,"7-day click, 1-day view, or 1-day engaged-view",,,,,2026-06-02,Ongoing,2026-06-16,2026-06-16
"LittleData - Prospecting CBO",120246244099810327,"Concept 2 - Best Gift",120246251203520327,"2 Print + Dads Gift",120246251203530327,"Instagram Reels",iphone,instagram,2026-06-16,not_delivering,ad,,,,"7-day click, 1-day view, or 1-day engaged-view",,,,,2026-06-02,Ongoing,2026-06-16,2026-06-16
"LittleData - Retargeting",120246576715270327,"Retargeting Testing",120246576715280327,"Good quality ad",120246577486410327,"Threads feed",0,threads,2026-06-16,not_delivering,ad,,,,Incremental,,,,,2026-06-06,Ongoing,2026-06-16,2026-06-16
"LittleData - Prospecting CBO",120246244099810327,"Concept 2 - Best Gift",120246251203520327,"2 Print + Dads Gift",120246251203530327,"Instagram Reels",android_smartphone,instagram,2026-06-16,not_delivering,ad,,,,"7-day click, 1-day view, or 1-day engaged-view",,,,,2026-06-02,Ongoing,2026-06-16,2026-06-16
"LittleData - Prospecting CBO",120246244099810327,"Concept 2 - Best Gift",120246251203520327,"2 Print + Dads Gift",120246251203530327,Feed,iphone,facebook,2026-06-16,not_delivering,ad,,,,"7-day click, 1-day view, or 1-day engaged-view",,,,,2026-06-02,Ongoing,2026-06-16,2026-06-16
"LittleData - Prospecting CBO",120246244099810327,"Concept 4 - Where we met",120246477935430327,"2 Print Static",120246478490010327,Feed,0,instagram,2026-06-16,not_delivering,ad,,,,Incremental,,,,,2026-06-05,Ongoing,2026-06-16,2026-06-16
"LittleData - Prospecting CBO",120246244099810327,"Concept 2 - Best Gift",120246251203520327,"2 Print + Dads Gift",120246251203530327,Feed,0,facebook,2026-06-16,not_delivering,ad,,,,"7-day click, 1-day view, or 1-day engaged-view",,,,,2026-06-02,Ongoing,2026-06-16,2026-06-16
"LittleData - Retargeting",120246576715270327,"Retargeting Testing",120246576715280327,"Free Shipping Ad",120246577245270327,Feed,0,instagram,2026-06-16,not_delivering,ad,,,,Incremental,,,,,2026-06-06,Ongoing,2026-06-16,2026-06-16
"LittleData - Retargeting",120246576715270327,"Retargeting Testing",120246576715280327,"Free Shipping Ad",120246577245270327,Feed,iphone,instagram,2026-06-16,not_delivering,ad,,,,Incremental,,,,,2026-06-06,Ongoing,2026-06-16,2026-06-16
"LittleData - Prospecting CBO",120246244099810327,"Concept 4 - Where we met",120246477935430327,"2 Print Static",120246478490010327,"Instagram Stories",0,instagram,2026-06-16,not_delivering,ad,,,,Incremental,,,,,2026-06-05,Ongoing,2026-06-16,2026-06-16
"LittleData - Prospecting CBO",120246244099810327,"Concept 4 - Where we met",120246477935430327,"2 Print Static",120246478490010327,"Instagram Stories",iphone,instagram,2026-06-16,not_delivering,ad,,,,Incremental,,,,,2026-06-05,Ongoing,2026-06-16,2026-06-16
"LittleData - Prospecting CBO",120246244099810327,"Concept 4 - Where we met",120246477935430327,"2 Print Static",120246478490010327,Feed,iphone,instagram,2026-06-16,not_delivering,ad,,,,Incremental,,,,,2026-06-05,Ongoing,2026-06-16,2026-06-16
"LittleData - Prospecting CBO",120246244099810327,"Concept 1 - Travel Wall",120246244099820327,"3 Static Post",120246245836880327,"Rewarded video",android_smartphone,audience_network,2026-06-16,not_delivering,ad,,,,Incremental,,,,,2026-06-02,Ongoing,2026-06-16,2026-06-16
"LittleData - Prospecting CBO",120246244099810327,"Concept 2 - Best Gift",120246251203520327,"2 Print + Dads Gift",120246251203530327,"Instagram Stories",0,instagram,2026-06-16,not_delivering,ad,,,,"7-day click, 1-day view, or 1-day engaged-view",,,,,2026-06-02,Ongoing,2026-06-16,2026-06-16
"LittleData - Prospecting CBO",120246244099810327,"Concept 2 - Best Gift",120246251203520327,"2 Print + Dads Gift",120246251203530327,"Instagram Stories",ipad,instagram,2026-06-16,not_delivering,ad,,,,"7-day click, 1-day view, or 1-day engaged-view",,,,,2026-06-02,Ongoing,2026-06-16,2026-06-16
"LittleData - Prospecting CBO",120246244099810327,"Concept 2 - Best Gift",120246251203520327,"2 Print + Dads Gift",120246251203530327,"Instagram Stories",iphone,instagram,2026-06-16,not_delivering,ad,,,,"7-day click, 1-day view, or 1-day engaged-view",,,,,2026-06-02,Ongoing,2026-06-16,2026-06-16
"LittleData - Prospecting CBO",120246244099810327,"Concept 2 - Best Gift",120246251203520327,"2 Print + Dads Gift",120246251203530327,Feed,android_smartphone,instagram,2026-06-15,not_delivering,ad,,,,"7-day click, 1-day view, or 1-day engaged-view",,,,,2026-06-02,Ongoing,2026-06-15,2026-06-15
"LittleData - Prospecting CBO",120246244099810327,"Concept 2 - Best Gift",120246251203520327,"2 Print + Dads Gift",120246251203530327,Feed,desktop,facebook,2026-06-15,not_delivering,ad,,,,"7-day click, 1-day view, or 1-day engaged-view",,,,,2026-06-02,Ongoing,2026-06-15,2026-06-15
"LittleData - Prospecting CBO",120246244099810327,"Concept 2 - Best Gift",120246251203520327,"2 Print + Dads Gift",120246251203530327,"Facebook Reels",0,facebook,2026-06-15,not_delivering,ad,,,,"7-day click, 1-day view, or 1-day engaged-view",,,,,2026-06-02,Ongoing,2026-06-15,2026-06-15
"LittleData - Prospecting CBO",120246244099810327,"Concept 2 - Best Gift",120246251203520327,"2 Print + Dads Gift",120246251203530327,"Facebook Reels",iphone,facebook,2026-06-15,not_delivering,ad,,,,"7-day click, 1-day view, or 1-day engaged-view",,,,,2026-06-02,Ongoing,2026-06-15,2026-06-15
"LittleData - Prospecting CBO",120246244099810327,"Concept 2 - Best Gift",120246251203520327,"2 Print + Dads Gift",120246251203530327,Feed,0,instagram,2026-06-15,not_delivering,ad,,,,"7-day click, 1-day view, or 1-day engaged-view",,,,,2026-06-02,Ongoing,2026-06-15,2026-06-15
"LittleData - Retargeting",120246576715270327,"Retargeting Testing",120246576715280327,"Good quality ad",120246577486410327,Feed,iphone,instagram,2026-06-15,not_delivering,ad,,,,Incremental,,,,,2026-06-06,Ongoing,2026-06-15,2026-06-15
"LittleData - Prospecting CBO",120246244099810327,"Concept 2 - Best Gift",120246251203520327,"2 Print + Dads Gift",120246251203530327,Feed,iphone,instagram,2026-06-15,not_delivering,ad,,,,"7-day click, 1-day view, or 1-day engaged-view",,,,,2026-06-02,Ongoing,2026-06-15,2026-06-15
"LittleData - Retargeting",120246576715270327,"Retargeting Testing",120246576715280327,"Good quality ad",120246577486410327,Feed,0,facebook,2026-06-15,not_delivering,ad,,,,Incremental,,,,,2026-06-06,Ongoing,2026-06-15,2026-06-15
"LittleData - Retargeting",120246576715270327,"Retargeting Testing",120246576715280327,"Good quality ad",120246577486410327,Feed,ipad,facebook,2026-06-15,not_delivering,ad,,,,Incremental,,,,,2026-06-06,Ongoing,2026-06-15,2026-06-15
"LittleData - Retargeting",120246576715270327,"Retargeting Testing",120246576715280327,"Good quality ad",120246577486410327,Feed,0,instagram,2026-06-15,not_delivering,ad,,,,Incremental,,,,,2026-06-06,Ongoing,2026-06-15,2026-06-15
"LittleData - Retargeting",120246576715270327,"Retargeting Testing",120246576715280327,"Good quality ad",120246577486410327,Feed,android_smartphone,instagram,2026-06-15,not_delivering,ad,,,,Incremental,,,,,2026-06-06,Ongoing,2026-06-15,2026-06-15
"LittleData - Prospecting CBO",120246244099810327,"Concept 2 - Best Gift",120246251203520327,"2 Print + Dads Gift",120246251203530327,"Instagram Stories",iphone,instagram,2026-06-15,not_delivering,ad,,,,"7-day click, 1-day view, or 1-day engaged-view",,,,,2026-06-02,Ongoing,2026-06-15,2026-06-15
"LittleData - Prospecting CBO",120246244099810327,"Concept 2 - Best Gift",120246251203520327,"2 Print + Dads Gift",120246251203530327,Feed,0,facebook,2026-06-15,not_delivering,ad,,,,"7-day click, 1-day view, or 1-day engaged-view",,,,,2026-06-02,Ongoing,2026-06-15,2026-06-15
"LittleData - Prospecting CBO",120246244099810327,"Concept 1 - Travel Wall",120246244099820327,"3 Prints +Mom/Daughter Static",120246245479220327,Feed,iphone,facebook,2026-06-15,not_delivering,ad,,,,Incremental,,,,,2026-06-02,Ongoing,2026-06-15,2026-06-15
"LittleData - Prospecting CBO",120246244099810327,"Concept 2 - Best Gift",120246251203520327,"2 Print + Dads Gift",120246251203530327,"Instagram Stories",0,instagram,2026-06-15,not_delivering,ad,,,,"7-day click, 1-day view, or 1-day engaged-view",,,,,2026-06-02,Ongoing,2026-06-15,2026-06-15
"LittleData - Prospecting CBO",120246244099810327,"Concept 6 - Founders Letter",120246568953080327,"Letter 2",120246569912570327,"Instagram Reels",iphone,instagram,2026-06-15,not_delivering,ad,,,,"7-day click, 1-day view, or 1-day engaged-view",,,,,2026-06-06,Ongoing,2026-06-15,2026-06-15
"LittleData - Prospecting CBO",120246244099810327,"Concept 6 - Founders Letter",120246568953080327,"Letter 2",120246569912570327,"Instagram Reels",0,instagram,2026-06-15,not_delivering,ad,,,,"7-day click, 1-day view, or 1-day engaged-view",,,,,2026-06-06,Ongoing,2026-06-15,2026-06-15
"LittleData - Prospecting CBO",120246244099810327,"Concept 6 - Founders Letter",120246568953080327,"Letter 2",120246569912570327,Feed,android_smartphone,facebook,2026-06-15,not_delivering,ad,,,,"7-day click, 1-day view, or 1-day engaged-view",,,,,2026-06-06,Ongoing,2026-06-15,2026-06-15
"LittleData - Prospecting CBO",120246244099810327,"Concept 6 - Founders Letter",120246568953080327,"Letter 2",120246569912570327,"Instagram Stories",iphone,instagram,2026-06-15,not_delivering,ad,,,,"7-day click, 1-day view, or 1-day engaged-view",,,,,2026-06-06,Ongoing,2026-06-15,2026-06-15
"LittleData - Prospecting CBO",120246244099810327,"Concept 6 - Founders Letter",120246568953080327,"Letter 2",120246569912570327,"Instagram Stories",0,instagram,2026-06-15,not_delivering,ad,,,,"7-day click, 1-day view, or 1-day engaged-view",,,,,2026-06-06,Ongoing,2026-06-15,2026-06-15
"LittleData - Prospecting CBO",120246244099810327,"Concept 1 - Travel Wall",120246244099820327,"3 Static Post",120246245836880327,Feed,iphone,instagram,2026-06-15,not_delivering,ad,,,,Incremental,,,,,2026-06-02,Ongoing,2026-06-15,2026-06-15
"LittleData - Prospecting CBO",120246244099810327,"Concept 1 - Travel Wall",120246244099820327,"3 Static Post",120246245836880327,Feed,0,instagram,2026-06-15,not_delivering,ad,,,,Incremental,,,,,2026-06-02,Ongoing,2026-06-15,2026-06-15
"LittleData - Prospecting CBO",120246244099810327,"Concept 7 - fathers day",120246792964980327,"father/son ad",120246792964970327,Feed,iphone,instagram,2026-06-15,not_delivering,ad,,,,Incremental,,,,,2026-06-10,Ongoing,2026-06-15,2026-06-15
"LittleData - Prospecting CBO",120246244099810327,"Concept 7 - fathers day",120246792964980327,"father/son ad",120246792964970327,Feed,0,instagram,2026-06-15,not_delivering,ad,,,,Incremental,,,,,2026-06-10,Ongoing,2026-06-15,2026-06-15
"LittleData - Prospecting CBO",120246244099810327,"Concept 1 - Travel Wall",120246244099820327,"3 Prints Static",120246244099800327,"Instagram Stories",iphone,instagram,2026-06-15,not_delivering,ad,,,,Incremental,,,,,2026-06-02,Ongoing,2026-06-15,2026-06-15
"LittleData - Prospecting CBO",120246244099810327,"Concept 1 - Travel Wall",120246244099820327,"3 Prints Static",120246244099800327,"Instagram Stories",0,instagram,2026-06-15,not_delivering,ad,,,,Incremental,,,,,2026-06-02,Ongoing,2026-06-15,2026-06-15
"LittleData - Prospecting CBO",120246244099810327,"Concept 1 - Travel Wall",120246244099820327,"3 Prints +Mom/Daughter Static",120246245479220327,Feed,0,facebook,2026-06-15,not_delivering,ad,,,,Incremental,,,,,2026-06-02,Ongoing,2026-06-15,2026-06-15
"Prospecting Static CBO",120244285703060327,"Broad_Pack3 - May 9",120244619377280327,"9 Image + Discount",120244629176600327,Feed,0,facebook,2026-05-27,not_delivering,ad,,,,Incremental,,,,,2026-05-09,Ongoing,2026-05-27,2026-05-27
"Prospecting Static CBO",120244285703060327,Broad_Pack1,120244285703070327,"1 Image Static - Best Sellers",120244289062370327,"Instagram Stories",0,instagram,2026-05-26,not_delivering,ad,,,,"7-day click, 1-day view, or 1-day engaged-view",,,,,2026-05-03,Ongoing,2026-05-26,2026-05-26
"Prospecting Static CBO",120244285703060327,"Broad_Pack3 - May 9",120244619377280327,"9 Image + Discount",120244629176600327,Feed,android_smartphone,facebook,2026-05-25,not_delivering,ad,,,,Incremental,,,,,2026-05-09,Ongoing,2026-05-25,2026-05-25
"Prospecting Static CBO",120244285703060327,"Broad_Pack3 - May 9",120244619377280327,"Customer Success Ad",120244677830690327,Feed,iphone,facebook,2026-05-25,not_delivering,ad,,,,Incremental,,,,,2026-05-09,Ongoing,2026-05-25,2026-05-25
"Prospecting Static CBO",120244285703060327,"Broad_Pack3 - May 9",120244619377280327,"Customer Success Ad",120244677830690327,Feed,0,facebook,2026-05-25,not_delivering,ad,,,,Incremental,,,,,2026-05-09,Ongoing,2026-05-25,2026-05-25
"Prospecting Static CBO",120244285703060327,"Broad_Pack3 - May 9",120244619377280327,"5 Images + Copy",120244628572270327,"Instagram Reels",0,instagram,2026-05-25,not_delivering,ad,,,,Incremental,,,,,2026-05-09,Ongoing,2026-05-25,2026-05-25
"Prospecting Static CBO",120244285703060327,"Broad_Pack3 - May 9",120244619377280327,"5 Images + Copy",120244628572270327,"Instagram Reels",iphone,instagram,2026-05-25,not_delivering,ad,,,,Incremental,,,,,2026-05-09,Ongoing,2026-05-25,2026-05-25
"Prospecting Static CBO",120244285703060327,"Broad_Pack5 - May 18",120245126176160327,"40 Year Old Women - Hometown Pride",120245127209450327,Feed,0,instagram,2026-05-25,not_delivering,ad,,,,"7-day click, 1-day view, or 1-day engaged-view",,,,,2026-05-18,Ongoing,2026-05-25,2026-05-25
"Prospecting Static CBO",120244285703060327,"Broad_Pack3 - May 9",120244619377280327,"9 Image + Discount",120244629176600327,Feed,ipad,instagram,2026-05-25,not_delivering,ad,,,,Incremental,,,,,2026-05-09,Ongoing,2026-05-25,2026-05-25
"Prospecting Static CBO",120244285703060327,"Broad_Pack3 - May 9",120244619377280327,"9 Image + Discount",120244629176600327,Feed,iphone,instagram,2026-05-25,not_delivering,ad,,,,Incremental,,,,,2026-05-09,Ongoing,2026-05-25,2026-05-25
"Prospecting Static CBO",120244285703060327,"Broad_Pack3 - May 9",120244619377280327,"9 Image + Discount",120244629176600327,"Facebook Reels",iphone,facebook,2026-05-25,not_delivering,ad,,,,Incremental,,,,,2026-05-09,Ongoing,2026-05-25,2026-05-25
"Prospecting Static CBO",120244285703060327,"Broad_Pack3 - May 9",120244619377280327,"9 Image + Discount",120244629176600327,"Facebook Reels",0,facebook,2026-05-25,not_delivering,ad,,,,Incremental,,,,,2026-05-09,Ongoing,2026-05-25,2026-05-25
"Prospecting Static CBO",120244285703060327,"Broad_Pack3 - May 9",120244619377280327,"9 Image + Discount",120244629176600327,"Instagram Reels",0,instagram,2026-05-25,not_delivering,ad,,,,Incremental,,,,,2026-05-09,Ongoing,2026-05-25,2026-05-25
"Prospecting Static CBO",120244285703060327,"Broad_Pack3 - May 9",120244619377280327,"9 Image + Discount",120244629176600327,"Instagram Reels",iphone,instagram,2026-05-25,not_delivering,ad,,,,Incremental,,,,,2026-05-09,Ongoing,2026-05-25,2026-05-25
"Prospecting Static CBO",120244285703060327,"Broad_Pack3 - May 9",120244619377280327,"9 Image + Discount",120244629176600327,Feed,0,facebook,2026-05-25,not_delivering,ad,,,,Incremental,,,,,2026-05-09,Ongoing,2026-05-25,2026-05-25
"Prospecting Static CBO",120244285703060327,"Broad_Pack3 - May 9",120244619377280327,"9 Image + Discount",120244629176600327,Feed,iphone,facebook,2026-05-25,not_delivering,ad,,,,Incremental,,,,,2026-05-09,Ongoing,2026-05-25,2026-05-25
"Prospecting Static CBO",120244285703060327,"Broad_Pack3 - May 9",120244619377280327,"9 Image + Discount",120244629176600327,"Instagram Stories",0,instagram,2026-05-25,not_delivering,ad,,,,Incremental,,,,,2026-05-09,Ongoing,2026-05-25,2026-05-25
"Prospecting Static CBO",120244285703060327,"Broad_Pack3 - May 9",120244619377280327,"9 Image + Discount",120244629176600327,Feed,ipad,facebook,2026-05-25,not_delivering,ad,,,,Incremental,,,,,2026-05-09,Ongoing,2026-05-25,2026-05-25
"Prospecting Static CBO",120244285703060327,Broad_Pack1,120244285703070327,"1 Image Static - Best Sellers",120244289062370327,"Native, banner & interstitial",0,audience_network,2026-05-25,not_delivering,ad,,,,"7-day click, 1-day view, or 1-day engaged-view",,,,,2026-05-03,Ongoing,2026-05-25,2026-05-25
"Prospecting Static CBO",120244285703060327,Broad_Pack1,120244285703070327,"1 Image Static - Best Sellers",120244289062370327,"Instagram Stories",0,instagram,2026-05-25,not_delivering,ad,,,,"7-day click, 1-day view, or 1-day engaged-view",,,,,2026-05-03,Ongoing,2026-05-25,2026-05-25
"Prospecting Static CBO",120244285703060327,Broad_Pack1,120244285703070327,"1 Image Static - Best Sellers",120244289062370327,Feed,0,facebook,2026-05-25,not_delivering,ad,,,,"7-day click, 1-day view, or 1-day engaged-view",,,,,2026-05-03,Ongoing,2026-05-25,2026-05-25
"Prospecting Static CBO",120244285703060327,Broad_Pack1,120244285703070327,"1 Image Static - Best Sellers",120244289062370327,Feed,ipad,facebook,2026-05-25,not_delivering,ad,,,,"7-day click, 1-day view, or 1-day engaged-view",,,,,2026-05-03,Ongoing,2026-05-25,2026-05-25
"Prospecting Static CBO",120244285703060327,Broad_Pack1,120244285703070327,"1 Image Static - Best Sellers",120244289062370327,Feed,desktop,facebook,2026-05-25,not_delivering,ad,,,,"7-day click, 1-day view, or 1-day engaged-view",,,,,2026-05-03,Ongoing,2026-05-25,2026-05-25
"Prospecting Static CBO",120244285703060327,Broad_Pack1,120244285703070327,"1 Image Static - Best Sellers",120244289062370327,Feed,iphone,facebook,2026-05-25,not_delivering,ad,,,,"7-day click, 1-day view, or 1-day engaged-view",,,,,2026-05-03,Ongoing,2026-05-25,2026-05-25
"Prospecting Static CBO",120244285703060327,Broad_Pack1,120244285703070327,"1 Image Static - Best Sellers",120244289062370327,"Instagram Stories",android_smartphone,instagram,2026-05-25,not_delivering,ad,,,,"7-day click, 1-day view, or 1-day engaged-view",,,,,2026-05-03,Ongoing,2026-05-25,2026-05-25
"Prospecting Static CBO",120244285703060327,Broad_Pack1,120244285703070327,"1 Image Static - Best Sellers",120244289062370327,"Native, banner & interstitial",android_smartphone,audience_network,2026-05-25,not_delivering,ad,,,,"7-day click, 1-day view, or 1-day engaged-view",,,,,2026-05-03,Ongoing,2026-05-25,2026-05-25
"Prospecting Static CBO",120244285703060327,Broad_Pack1,120244285703070327,"1 Image Static - Best Sellers",120244289062370327,"Threads feed",0,threads,2026-05-25,not_delivering,ad,,,,"7-day click, 1-day view, or 1-day engaged-view",,,,,2026-05-03,Ongoing,2026-05-25,2026-05-25
"Prospecting Static CBO",120244285703060327,Broad_Pack1,120244285703070327,"1 Image Static - Best Sellers",120244289062370327,"Threads feed",iphone,threads,2026-05-25,not_delivering,ad,,,,"7-day click, 1-day view, or 1-day engaged-view",,,,,2026-05-03,Ongoing,2026-05-25,2026-05-25
"Prospecting Static CBO",120244285703060327,Broad_Pack1,120244285703070327,"1 Image Static - Best Sellers",120244289062370327,Feed,0,instagram,2026-05-25,not_delivering,ad,,,,"7-day click, 1-day view, or 1-day engaged-view",,,,,2026-05-03,Ongoing,2026-05-25,2026-05-25
"Prospecting Static CBO",120244285703060327,"Broad_Pack3 - May 9",120244619377280327,"9 Image + Discount",120244629176600327,"Instagram Stories",iphone,instagram,2026-05-25,not_delivering,ad,,,,Incremental,,,,,2026-05-09,Ongoing,2026-05-25,2026-05-25
"Prospecting Static CBO",120244285703060327,Broad_Pack1,120244285703070327,"1 Image Static - Best Sellers",120244289062370327,"Ads on Facebook Reels",0,facebook,2026-05-25,not_delivering,ad,,,,"7-day click, 1-day view, or 1-day engaged-view",,,,,2026-05-03,Ongoing,2026-05-25,2026-05-25
"Prospecting Static CBO",120244285703060327,"Broad_Pack3 - May 9",120244619377280327,"9 Image + Discount",120244629176600327,Feed,0,facebook,2026-05-24,not_delivering,ad,,,,Incremental,,,,,2026-05-09,Ongoing,2026-05-24,2026-05-24
"Prospecting Static CBO",120244285703060327,Broad_Pack1,120244285703070327,"1 Image Static - Best Sellers",120244289062370327,Feed,0,instagram,2026-05-24,not_delivering,ad,,,,"7-day click, 1-day view, or 1-day engaged-view",,,,,2026-05-03,Ongoing,2026-05-24,2026-05-24
"Prospecting Static CBO",120244285703060327,Broad_Pack1,120244285703070327,"1 Image Static - Best Sellers",120244289062370327,Feed,iphone,instagram,2026-05-24,not_delivering,ad,,,,"7-day click, 1-day view, or 1-day engaged-view",,,,,2026-05-03,Ongoing,2026-05-24,2026-05-24
"Prospecting Static CBO",120244285703060327,Broad_Pack1,120244285703070327,"1 Image Static - Best Sellers",120244289062370327,Feed,android_smartphone,instagram,2026-05-24,not_delivering,ad,,,,"7-day click, 1-day view, or 1-day engaged-view",,,,,2026-05-03,Ongoing,2026-05-24,2026-05-24
"Prospecting Static CBO",120244285703060327,"Broad_Pack3 - May 9",120244619377280327,"9 Image + Discount",120244629176600327,"Instagram Stories",0,instagram,2026-05-24,not_delivering,ad,,,,Incremental,,,,,2026-05-09,Ongoing,2026-05-24,2026-05-24
"Prospecting Static CBO",120244285703060327,"Broad_Pack3 - May 9",120244619377280327,"9 Image + Discount",120244629176600327,"Instagram Stories",iphone,instagram,2026-05-24,not_delivering,ad,,,,Incremental,,,,,2026-05-09,Ongoing,2026-05-24,2026-05-24
"Prospecting Static CBO",120244285703060327,"Broad_Pack3 - May 9",120244619377280327,"9 Image + Discount",120244629176600327,"Instagram Reels",iphone,instagram,2026-05-24,not_delivering,ad,,,,Incremental,,,,,2026-05-09,Ongoing,2026-05-24,2026-05-24
"Prospecting Static CBO",120244285703060327,"Broad_Pack3 - May 9",120244619377280327,"9 Image + Discount",120244629176600327,Feed,iphone,facebook,2026-05-24,not_delivering,ad,,,,Incremental,,,,,2026-05-09,Ongoing,2026-05-24,2026-05-24
"Prospecting Static CBO",120244285703060327,"Broad_Pack3 - May 9",120244619377280327,"9 Image + Discount",120244629176600327,"Instagram Reels",0,instagram,2026-05-24,not_delivering,ad,,,,Incremental,,,,,2026-05-09,Ongoing,2026-05-24,2026-05-24
"Prospecting Static CBO",120244285703060327,"Broad_Pack3 - May 9",120244619377280327,"9 Image + Discount",120244629176600327,Feed,iphone,instagram,2026-05-24,not_delivering,ad,,,,Incremental,,,,,2026-05-09,Ongoing,2026-05-24,2026-05-24
"Prospecting Static CBO",120244285703060327,"Broad_Pack3 - May 9",120244619377280327,"5 Images + Copy",120244628572270327,"Instagram Stories",0,instagram,2026-05-24,not_delivering,ad,,,,Incremental,,,,,2026-05-09,Ongoing,2026-05-24,2026-05-24
"Prospecting Static CBO",120244285703060327,"Broad_Pack3 - May 9",120244619377280327,"5 Images + Copy",120244628572270327,"Instagram Stories",iphone,instagram,2026-05-24,not_delivering,ad,,,,Incremental,,,,,2026-05-09,Ongoing,2026-05-24,2026-05-24
"Prospecting Static CBO",120244285703060327,Broad_Pack1,120244285703070327,"1 Image Static - Best Sellers",120244289062370327,"Threads feed",0,threads,2026-05-24,not_delivering,ad,,,,"7-day click, 1-day view, or 1-day engaged-view",,,,,2026-05-03,Ongoing,2026-05-24,2026-05-24
"Prospecting Static CBO",120244285703060327,Broad_Pack1,120244285703070327,"1 Image Static - Best Sellers",120244289062370327,"Threads feed",iphone,threads,2026-05-24,not_delivering,ad,,,,"7-day click, 1-day view, or 1-day engaged-view",,,,,2026-05-03,Ongoing,2026-05-24,2026-05-24
"Prospecting Static CBO",120244285703060327,"Broad_Pack3 - May 9",120244619377280327,"9 Image + Discount",120244629176600327,Feed,0,instagram,2026-05-24,not_delivering,ad,,,,Incremental,,,,,2026-05-09,Ongoing,2026-05-24,2026-05-24
"Prospecting Static CBO",120244285703060327,Broad_Pack1,120244285703070327,"1 Image Static - Best Sellers",120244289062370327,"Facebook profile feed",0,facebook,2026-05-24,not_delivering,ad,,,,"7-day click, 1-day view, or 1-day engaged-view",,,,,2026-05-03,Ongoing,2026-05-24,2026-05-24
"Prospecting Static CBO",120244285703060327,Broad_Pack1,120244285703070327,"1 Image Static - Best Sellers",120244289062370327,Feed,android_smartphone,facebook,2026-05-24,not_delivering,ad,,,,"7-day click, 1-day view, or 1-day engaged-view",,,,,2026-05-03,Ongoing,2026-05-24,2026-05-24
"Prospecting Static CBO",120244285703060327,Broad_Pack1,120244285703070327,"1 Image Static - Best Sellers",120244289062370327,"Instagram Stories",iphone,instagram,2026-05-24,not_delivering,ad,,,,"7-day click, 1-day view, or 1-day engaged-view",,,,,2026-05-03,Ongoing,2026-05-24,2026-05-24
"Prospecting Static CBO",120244285703060327,Broad_Pack1,120244285703070327,"1 Image Static - Best Sellers",120244289062370327,"Instagram Stories",0,instagram,2026-05-24,not_delivering,ad,,,,"7-day click, 1-day view, or 1-day engaged-view",,,,,2026-05-03,Ongoing,2026-05-24,2026-05-24
"Prospecting Static CBO",120244285703060327,Broad_Pack1,120244285703070327,"1 Image Static - Best Sellers",120244289062370327,"Facebook profile feed",iphone,facebook,2026-05-24,not_delivering,ad,,,,"7-day click, 1-day view, or 1-day engaged-view",,,,,2026-05-03,Ongoing,2026-05-24,2026-05-24
"Prospecting Static CBO",120244285703060327,Broad_Pack1,120244285703070327,"1 Image Static - Best Sellers",120244289062370327,Feed,desktop,facebook,2026-05-24,not_delivering,ad,,,,"7-day click, 1-day view, or 1-day engaged-view",,,,,2026-05-03,Ongoing,2026-05-24,2026-05-24
"Prospecting Static CBO",120244285703060327,Broad_Pack1,120244285703070327,"1 Image Static - Best Sellers",120244289062370327,Feed,iphone,facebook,2026-05-24,not_delivering,ad,,,,"7-day click, 1-day view, or 1-day engaged-view",,,,,2026-05-03,Ongoing,2026-05-24,2026-05-24
"Prospecting Static CBO",120244285703060327,Broad_Pack1,120244285703070327,"1 Image Static - Best Sellers",120244289062370327,Feed,ipad,facebook,2026-05-24,not_delivering,ad,,,,"7-day click, 1-day view, or 1-day engaged-view",,,,,2026-05-03,Ongoing,2026-05-24,2026-05-24
"Prospecting Static CBO",120244285703060327,Broad_Pack1,120244285703070327,"1 Image Static - Best Sellers",120244289062370327,Feed,0,facebook,2026-05-24,not_delivering,ad,,,,"7-day click, 1-day view, or 1-day engaged-view",,,,,2026-05-03,Ongoing,2026-05-24,2026-05-24
"Prospecting Static CBO",120244285703060327,Broad_Pack1,120244285703070327,"1 Image Static - Best Sellers",120244289062370327,"Instagram Reels",iphone,instagram,2026-05-24,not_delivering,ad,,,,"7-day click, 1-day view, or 1-day engaged-view",,,,,2026-05-03,Ongoing,2026-05-24,2026-05-24
"Prospecting Static CBO",120244285703060327,Broad_Pack1,120244285703070327,"1 Image Static - Best Sellers",120244289062370327,"Facebook Reels",0,facebook,2026-05-24,not_delivering,ad,,,,"7-day click, 1-day view, or 1-day engaged-view",,,,,2026-05-03,Ongoing,2026-05-24,2026-05-24
"Prospecting Static CBO",120244285703060327,Broad_Pack1,120244285703070327,"1 Image Static - Best Sellers",120244289062370327,"Facebook Reels",iphone,facebook,2026-05-24,not_delivering,ad,,,,"7-day click, 1-day view, or 1-day engaged-view",,,,,2026-05-03,Ongoing,2026-05-24,2026-05-24
"Prospecting Static CBO",120244285703060327,Broad_Pack1,120244285703070327,"1 Image Static - Best Sellers",120244289062370327,"Native, banner & interstitial",0,audience_network,2026-05-24,not_delivering,ad,,,,"7-day click, 1-day view, or 1-day engaged-view",,,,,2026-05-03,Ongoing,2026-05-24,2026-05-24
"Prospecting Static CBO",120244285703060327,Broad_Pack1,120244285703070327,"1 Image Static - Best Sellers",120244289062370327,"Native, banner & interstitial",android_smartphone,audience_network,2026-05-24,not_delivering,ad,,,,"7-day click, 1-day view, or 1-day engaged-view",,,,,2026-05-03,Ongoing,2026-05-24,2026-05-24
"Prospecting Static CBO",120244285703060327,Broad_Pack1,120244285703070327,"1 Image Static - Best Sellers",120244289062370327,"Instagram Reels",0,instagram,2026-05-24,not_delivering,ad,,,,"7-day click, 1-day view, or 1-day engaged-view",,,,,2026-05-03,Ongoing,2026-05-24,2026-05-24
"Prospecting Static CBO",120244285703060327,Broad_Pack1,120244285703070327,"1 Image Static - Best Sellers",120244289062370327,Feed,iphone,instagram,2026-05-23,not_delivering,ad,,,,"7-day click, 1-day view, or 1-day engaged-view",,,,,2026-05-03,Ongoing,2026-05-23,2026-05-23
"Prospecting Static CBO",120244285703060327,Broad_Pack1,120244285703070327,"1 Image Static - Best Sellers",120244289062370327,"Threads feed",iphone,threads,2026-05-23,not_delivering,ad,,,,"7-day click, 1-day view, or 1-day engaged-view",,,,,2026-05-03,Ongoing,2026-05-23,2026-05-23
"Prospecting Static CBO",120244285703060327,Broad_Pack1,120244285703070327,"1 Image Static - Best Sellers",120244289062370327,"Threads feed",0,threads,2026-05-23,not_delivering,ad,,,,"7-day click, 1-day view, or 1-day engaged-view",,,,,2026-05-03,Ongoing,2026-05-23,2026-05-23
"Prospecting Static CBO",120244285703060327,Broad_Pack1,120244285703070327,"1 Image Static - Best Sellers",120244289062370327,Feed,0,instagram,2026-05-23,not_delivering,ad,,,,"7-day click, 1-day view, or 1-day engaged-view",,,,,2026-05-03,Ongoing,2026-05-23,2026-05-23
"Prospecting Static CBO",120244285703060327,Broad_Pack1,120244285703070327,"1 Image Static - Best Sellers",120244289062370327,Feed,ipad,instagram,2026-05-23,not_delivering,ad,,,,"7-day click, 1-day view, or 1-day engaged-view",,,,,2026-05-03,Ongoing,2026-05-23,2026-05-23
"Prospecting Static CBO",120244285703060327,"Broad_Pack3 - May 9",120244619377280327,"5 Images + Copy",120244628572270327,"Facebook Reels",0,facebook,2026-05-23,not_delivering,ad,,,,Incremental,,,,,2026-05-09,Ongoing,2026-05-23,2026-05-23
"Prospecting Static CBO",120244285703060327,Broad_Pack1,120244285703070327,"1 Image Static - Best Sellers",120244289062370327,Feed,android_smartphone,instagram,2026-05-23,not_delivering,ad,,,,"7-day click, 1-day view, or 1-day engaged-view",,,,,2026-05-03,Ongoing,2026-05-23,2026-05-23
"Prospecting Static CBO",120244285703060327,"Broad_Pack3 - May 9",120244619377280327,"9 Image + Discount",120244629176600327,Feed,iphone,instagram,2026-05-23,not_delivering,ad,,,,Incremental,,,,,2026-05-09,Ongoing,2026-05-23,2026-05-23
"Prospecting Static CBO",120244285703060327,"Broad_Pack3 - May 9",120244619377280327,"5 Images + Copy",120244628572270327,"Instagram Stories",iphone,instagram,2026-05-23,not_delivering,ad,,,,Incremental,,,,,2026-05-09,Ongoing,2026-05-23,2026-05-23
"Prospecting Static CBO",120244285703060327,"Broad_Pack3 - May 9",120244619377280327,"5 Images + Copy",120244628572270327,"Facebook Reels",ipad,facebook,2026-05-23,not_delivering,ad,,,,Incremental,,,,,2026-05-09,Ongoing,2026-05-23,2026-05-23
"Prospecting Static CBO",120244285703060327,Broad_Pack1,120244285703070327,"1 Image Static - Best Sellers",120244289062370327,"Native, banner & interstitial",android_smartphone,audience_network,2026-05-23,not_delivering,ad,,,,"7-day click, 1-day view, or 1-day engaged-view",,,,,2026-05-03,Ongoing,2026-05-23,2026-05-23
"Prospecting Static CBO",120244285703060327,Broad_Pack1,120244285703070327,"1 Image Static - Best Sellers",120244289062370327,"Threads feed",ipad,threads,2026-05-23,not_delivering,ad,,,,"7-day click, 1-day view, or 1-day engaged-view",,,,,2026-05-03,Ongoing,2026-05-23,2026-05-23
"Prospecting Static CBO",120244285703060327,"Broad_Pack3 - May 9",120244619377280327,"5 Images + Copy",120244628572270327,"Facebook Reels",android_smartphone,facebook,2026-05-23,not_delivering,ad,,,,Incremental,,,,,2026-05-09,Ongoing,2026-05-23,2026-05-23
"Prospecting Static CBO",120244285703060327,Broad_Pack1,120244285703070327,"1 Image Static - Best Sellers",120244289062370327,"Native, banner & interstitial",0,audience_network,2026-05-23,not_delivering,ad,,,,"7-day click, 1-day view, or 1-day engaged-view",,,,,2026-05-03,Ongoing,2026-05-23,2026-05-23
"Prospecting Static CBO",120244285703060327,Broad_Pack1,120244285703070327,"1 Image Static - Best Sellers",120244289062370327,Feed,desktop,facebook,2026-05-23,not_delivering,ad,,,,"7-day click, 1-day view, or 1-day engaged-view",,,,,2026-05-03,Ongoing,2026-05-23,2026-05-23
"Prospecting Static CBO",120244285703060327,Broad_Pack1,120244285703070327,"1 Image Static - Best Sellers",120244289062370327,"Facebook Reels",0,facebook,2026-05-23,not_delivering,ad,,,,"7-day click, 1-day view, or 1-day engaged-view",,,,,2026-05-03,Ongoing,2026-05-23,2026-05-23
"Prospecting Static CBO",120244285703060327,Broad_Pack1,120244285703070327,"1 Image Static - Best Sellers",120244289062370327,"Instagram Stories",0,instagram,2026-05-23,not_delivering,ad,,,,"7-day click, 1-day view, or 1-day engaged-view",,,,,2026-05-03,Ongoing,2026-05-23,2026-05-23
"Prospecting Static CBO",120244285703060327,Broad_Pack1,120244285703070327,"1 Image Static - Best Sellers",120244289062370327,"Instagram Stories",iphone,instagram,2026-05-23,not_delivering,ad,,,,"7-day click, 1-day view, or 1-day engaged-view",,,,,2026-05-03,Ongoing,2026-05-23,2026-05-23
"Prospecting Static CBO",120244285703060327,Broad_Pack1,120244285703070327,"1 Image Static - Best Sellers",120244289062370327,"Instagram Stories",android_smartphone,instagram,2026-05-23,not_delivering,ad,,,,"7-day click, 1-day view, or 1-day engaged-view",,,,,2026-05-03,Ongoing,2026-05-23,2026-05-23
"Prospecting Static CBO",120244285703060327,Broad_Pack1,120244285703070327,"1 Image Static - Best Sellers",120244289062370327,Feed,ipad,facebook,2026-05-23,not_delivering,ad,,,,"7-day click, 1-day view, or 1-day engaged-view",,,,,2026-05-03,Ongoing,2026-05-23,2026-05-23
"Prospecting Static CBO",120244285703060327,Broad_Pack1,120244285703070327,"1 Image Static - Best Sellers",120244289062370327,Feed,iphone,facebook,2026-05-23,not_delivering,ad,,,,"7-day click, 1-day view, or 1-day engaged-view",,,,,2026-05-03,Ongoing,2026-05-23,2026-05-23
"Prospecting Static CBO",120244285703060327,Broad_Pack1,120244285703070327,"1 Image Static - Best Sellers",120244289062370327,Feed,0,facebook,2026-05-23,not_delivering,ad,,,,"7-day click, 1-day view, or 1-day engaged-view",,,,,2026-05-03,Ongoing,2026-05-23,2026-05-23
"Prospecting Static CBO",120244285703060327,Broad_Pack1,120244285703070327,"1 Image Static - Best Sellers",120244289062370327,"Instagram Reels",0,instagram,2026-05-23,not_delivering,ad,,,,"7-day click, 1-day view, or 1-day engaged-view",,,,,2026-05-03,Ongoing,2026-05-23,2026-05-23
"Prospecting Static CBO",120244285703060327,Broad_Pack1,120244285703070327,"1 Image Static - Best Sellers",120244289062370327,"Instagram Reels",iphone,instagram,2026-05-23,not_delivering,ad,,,,"7-day click, 1-day view, or 1-day engaged-view",,,,,2026-05-03,Ongoing,2026-05-23,2026-05-23
"Prospecting Static CBO",120244285703060327,Broad_Pack1,120244285703070327,"1 Image Static - Best Sellers",120244289062370327,"Facebook Reels",iphone,facebook,2026-05-23,not_delivering,ad,,,,"7-day click, 1-day view, or 1-day engaged-view",,,,,2026-05-03,Ongoing,2026-05-23,2026-05-23
"Prospecting Static CBO",120244285703060327,Broad_Pack1,120244285703070327,"1 Image Static - Best Sellers",120244289062370327,"Facebook Reels",android_smartphone,facebook,2026-05-23,not_delivering,ad,,,,"7-day click, 1-day view, or 1-day engaged-view",,,,,2026-05-03,Ongoing,2026-05-23,2026-05-23
"Prospecting Static CBO",120244285703060327,"Broad_Pack3 - May 9",120244619377280327,"9 Image + Discount",120244629176600327,"Facebook Reels",0,facebook,2026-05-22,not_delivering,ad,,,,Incremental,,,,,2026-05-09,Ongoing,2026-05-22,2026-05-22
"Prospecting Static CBO",120244285703060327,"Broad_Pack3 - May 9",120244619377280327,"9 Image + Discount",120244629176600327,"Instagram Stories",iphone,instagram,2026-05-22,not_delivering,ad,,,,Incremental,,,,,2026-05-09,Ongoing,2026-05-22,2026-05-22
"Prospecting Static CBO",120244285703060327,"Broad_Pack3 - May 9",120244619377280327,"9 Image + Discount",120244629176600327,Feed,ipad,facebook,2026-05-22,not_delivering,ad,,,,Incremental,,,,,2026-05-09,Ongoing,2026-05-22,2026-05-22
"Prospecting Static CBO",120244285703060327,"Broad_Pack3 - May 9",120244619377280327,"9 Image + Discount",120244629176600327,Feed,iphone,facebook,2026-05-22,not_delivering,ad,,,,Incremental,,,,,2026-05-09,Ongoing,2026-05-22,2026-05-22
"Prospecting Static CBO",120244285703060327,"Broad_Pack3 - May 9",120244619377280327,"9 Image + Discount",120244629176600327,Feed,0,facebook,2026-05-22,not_delivering,ad,,,,Incremental,,,,,2026-05-09,Ongoing,2026-05-22,2026-05-22
"Prospecting Static CBO",120244285703060327,"Broad_Pack3 - May 9",120244619377280327,"5 Images + Copy",120244628572270327,"Instagram Reels",iphone,instagram,2026-05-22,not_delivering,ad,,,,Incremental,,,,,2026-05-09,Ongoing,2026-05-22,2026-05-22
"Prospecting Static CBO",120244285703060327,"Broad_Pack3 - May 9",120244619377280327,"9 Image + Discount",120244629176600327,"Facebook Reels",iphone,facebook,2026-05-22,not_delivering,ad,,,,Incremental,,,,,2026-05-09,Ongoing,2026-05-22,2026-05-22
"Prospecting Static CBO",120244285703060327,"Broad_Pack5 - May 18",120245126176160327,"40 Year Old Women - Hometown Pride",120245127209450327,Feed,iphone,facebook,2026-05-22,not_delivering,ad,,,,"7-day click, 1-day view, or 1-day engaged-view",,,,,2026-05-18,Ongoing,2026-05-22,2026-05-22
"Prospecting Static CBO",120244285703060327,"Broad_Pack5 - May 18",120245126176160327,"40 Year Old Women - Hometown Pride",120245127209450327,Feed,0,facebook,2026-05-22,not_delivering,ad,,,,"7-day click, 1-day view, or 1-day engaged-view",,,,,2026-05-18,Ongoing,2026-05-22,2026-05-22
"Prospecting Static CBO",120244285703060327,"Broad_Pack5 - May 18",120245126176160327,"40 Year Old Women - Hometown Pride",120245127209450327,Feed,0,instagram,2026-05-22,not_delivering,ad,,,,"7-day click, 1-day view, or 1-day engaged-view",,,,,2026-05-18,Ongoing,2026-05-22,2026-05-22
"Prospecting Static CBO",120244285703060327,"Broad_Pack3 - May 9",120244619377280327,"5 Images + Copy",120244628572270327,"Instagram Stories",0,instagram,2026-05-22,not_delivering,ad,,,,Incremental,,,,,2026-05-09,Ongoing,2026-05-22,2026-05-22
"Prospecting Static CBO",120244285703060327,"Broad_Pack3 - May 9",120244619377280327,"5 Images + Copy",120244628572270327,"Instagram Stories",iphone,instagram,2026-05-22,not_delivering,ad,,,,Incremental,,,,,2026-05-09,Ongoing,2026-05-22,2026-05-22
"Prospecting Static CBO",120244285703060327,"Broad_Pack3 - May 9",120244619377280327,"9 Image + Discount",120244629176600327,"Instagram Stories",0,instagram,2026-05-22,not_delivering,ad,,,,Incremental,,,,,2026-05-09,Ongoing,2026-05-22,2026-05-22
"Prospecting Static CBO",120244285703060327,Broad_Pack1,120244285703070327,"1 Image Static - Best Sellers",120244289062370327,Feed,iphone,instagram,2026-05-22,not_delivering,ad,,,,"7-day click, 1-day view, or 1-day engaged-view",,,,,2026-05-03,Ongoing,2026-05-22,2026-05-22
"Prospecting Static CBO",120244285703060327,Broad_Pack1,120244285703070327,"1 Image Static - Best Sellers",120244289062370327,Feed,0,instagram,2026-05-22,not_delivering,ad,,,,"7-day click, 1-day view, or 1-day engaged-view",,,,,2026-05-03,Ongoing,2026-05-22,2026-05-22
"Prospecting Static CBO",120244285703060327,Broad_Pack1,120244285703070327,"1 Image Static - Best Sellers",120244289062370327,Feed,desktop,facebook,2026-05-22,not_delivering,ad,,,,"7-day click, 1-day view, or 1-day engaged-view",,,,,2026-05-03,Ongoing,2026-05-22,2026-05-22
"Prospecting Static CBO",120244285703060327,Broad_Pack1,120244285703070327,"1 Image Static - Best Sellers",120244289062370327,"Native, banner & interstitial",android_smartphone,audience_network,2026-05-22,not_delivering,ad,,,,"7-day click, 1-day view, or 1-day engaged-view",,,,,2026-05-03,Ongoing,2026-05-22,2026-05-22
"Prospecting Static CBO",120244285703060327,Broad_Pack1,120244285703070327,"1 Image Static - Best Sellers",120244289062370327,"Instagram Stories",0,instagram,2026-05-22,not_delivering,ad,,,,"7-day click, 1-day view, or 1-day engaged-view",,,,,2026-05-03,Ongoing,2026-05-22,2026-05-22
"Prospecting Static CBO",120244285703060327,Broad_Pack1,120244285703070327,"1 Image Static - Best Sellers",120244289062370327,"Instagram Stories",iphone,instagram,2026-05-22,not_delivering,ad,,,,"7-day click, 1-day view, or 1-day engaged-view",,,,,2026-05-03,Ongoing,2026-05-22,2026-05-22
"Prospecting Static CBO",120244285703060327,Broad_Pack1,120244285703070327,"1 Image Static - Best Sellers",120244289062370327,"Instagram Stories",android_smartphone,instagram,2026-05-22,not_delivering,ad,,,,"7-day click, 1-day view, or 1-day engaged-view",,,,,2026-05-03,Ongoing,2026-05-22,2026-05-22
"Prospecting Static CBO",120244285703060327,Broad_Pack1,120244285703070327,"1 Image Static - Best Sellers",120244289062370327,Feed,0,facebook,2026-05-22,not_delivering,ad,,,,"7-day click, 1-day view, or 1-day engaged-view",,,,,2026-05-03,Ongoing,2026-05-22,2026-05-22
"Prospecting Static CBO",120244285703060327,Broad_Pack1,120244285703070327,"1 Image Static - Best Sellers",120244289062370327,Feed,iphone,facebook,2026-05-22,not_delivering,ad,,,,"7-day click, 1-day view, or 1-day engaged-view",,,,,2026-05-03,Ongoing,2026-05-22,2026-05-22
"Prospecting Static CBO",120244285703060327,Broad_Pack1,120244285703070327,"1 Image Static - Best Sellers",120244289062370327,"Instagram Reels",0,instagram,2026-05-22,not_delivering,ad,,,,"7-day click, 1-day view, or 1-day engaged-view",,,,,2026-05-03,Ongoing,2026-05-22,2026-05-22
"Prospecting Static CBO",120244285703060327,Broad_Pack1,120244285703070327,"1 Image Static - Best Sellers",120244289062370327,"Instagram Reels",iphone,instagram,2026-05-22,not_delivering,ad,,,,"7-day click, 1-day view, or 1-day engaged-view",,,,,2026-05-03,Ongoing,2026-05-22,2026-05-22
"Prospecting Static CBO",120244285703060327,Broad_Pack1,120244285703070327,"1 Image Static - Best Sellers",120244289062370327,"Facebook Reels",0,facebook,2026-05-22,not_delivering,ad,,,,"7-day click, 1-day view, or 1-day engaged-view",,,,,2026-05-03,Ongoing,2026-05-22,2026-05-22
"Prospecting Static CBO",120244285703060327,Broad_Pack1,120244285703070327,"1 Image Static - Best Sellers",120244289062370327,"Facebook Reels",ipad,facebook,2026-05-22,not_delivering,ad,,,,"7-day click, 1-day view, or 1-day engaged-view",,,,,2026-05-03,Ongoing,2026-05-22,2026-05-22
"Prospecting Static CBO",120244285703060327,Broad_Pack1,120244285703070327,"1 Image Static - Best Sellers",120244289062370327,"Native, banner & interstitial",0,audience_network,2026-05-22,not_delivering,ad,,,,"7-day click, 1-day view, or 1-day engaged-view",,,,,2026-05-03,Ongoing,2026-05-22,2026-05-22
"Prospecting Static CBO",120244285703060327,"Broad_Pack3 - May 9",120244619377280327,"9 Image + Discount",120244629176600327,"Instagram Reels",iphone,instagram,2026-05-21,not_delivering,ad,,,,Incremental,,,,,2026-05-09,Ongoing,2026-05-21,2026-05-21
"Prospecting Static CBO",120244285703060327,"Broad_Pack3 - May 9",120244619377280327,"9 Image + Discount",120244629176600327,Feed,android_tablet,facebook,2026-05-21,not_delivering,ad,,,,Incremental,,,,,2026-05-09,Ongoing,2026-05-21,2026-05-21
"Prospecting Static CBO",120244285703060327,"Broad_Pack3 - May 9",120244619377280327,"9 Image + Discount",120244629176600327,Feed,android_smartphone,facebook,2026-05-21,not_delivering,ad,,,,Incremental,,,,,2026-05-09,Ongoing,2026-05-21,2026-05-21
"Prospecting Static CBO",120244285703060327,"Broad_Pack3 - May 9",120244619377280327,"9 Image + Discount",120244629176600327,Feed,desktop,facebook,2026-05-21,not_delivering,ad,,,,Incremental,,,,,2026-05-09,Ongoing,2026-05-21,2026-05-21
"Prospecting Static CBO",120244285703060327,"Broad_Pack3 - May 9",120244619377280327,"9 Image + Discount",120244629176600327,Feed,iphone,facebook,2026-05-21,not_delivering,ad,,,,Incremental,,,,,2026-05-09,Ongoing,2026-05-21,2026-05-21
"Prospecting Static CBO",120244285703060327,"Broad_Pack3 - May 9",120244619377280327,"9 Image + Discount",120244629176600327,Feed,0,facebook,2026-05-21,not_delivering,ad,,,,Incremental,,,,,2026-05-09,Ongoing,2026-05-21,2026-05-21
"Prospecting Static CBO",120244285703060327,"Broad_Pack3 - May 9",120244619377280327,"5 Images + Copy",120244628572270327,"Facebook Reels",0,facebook,2026-05-21,not_delivering,ad,,,,Incremental,,,,,2026-05-09,Ongoing,2026-05-21,2026-05-21
"Prospecting Static CBO",120244285703060327,"Broad_Pack3 - May 9",120244619377280327,"9 Image + Discount",120244629176600327,"Instagram Reels",0,instagram,2026-05-21,not_delivering,ad,,,,Incremental,,,,,2026-05-09,Ongoing,2026-05-21,2026-05-21
"Prospecting Static CBO",120244285703060327,"Broad_Pack3 - May 9",120244619377280327,"9 Image + Discount",120244629176600327,"Facebook Reels",0,facebook,2026-05-21,not_delivering,ad,,,,Incremental,,,,,2026-05-09,Ongoing,2026-05-21,2026-05-21
"Prospecting Static CBO",120244285703060327,"Broad_Pack3 - May 9",120244619377280327,"5 Images + Copy",120244628572270327,"Facebook Reels",android_smartphone,facebook,2026-05-21,not_delivering,ad,,,,Incremental,,,,,2026-05-09,Ongoing,2026-05-21,2026-05-21
"Prospecting Static CBO",120244285703060327,"Broad_Pack3 - May 9",120244619377280327,"9 Image + Discount",120244629176600327,"Facebook Reels",iphone,facebook,2026-05-21,not_delivering,ad,,,,Incremental,,,,,2026-05-09,Ongoing,2026-05-21,2026-05-21
"Prospecting Static CBO",120244285703060327,"Broad_Pack3 - May 9",120244619377280327,"9 Image + Discount",120244629176600327,Feed,iphone,instagram,2026-05-21,not_delivering,ad,,,,Incremental,,,,,2026-05-09,Ongoing,2026-05-21,2026-05-21
"Prospecting Static CBO",120244285703060327,"Broad_Pack3 - May 9",120244619377280327,"9 Image + Discount",120244629176600327,Feed,0,instagram,2026-05-21,not_delivering,ad,,,,Incremental,,,,,2026-05-09,Ongoing,2026-05-21,2026-05-21
"Prospecting Static CBO",120244285703060327,"Broad_Pack3 - May 9",120244619377280327,"9 Image + Discount",120244629176600327,Marketplace,0,facebook,2026-05-21,not_delivering,ad,,,,Incremental,,,,,2026-05-09,Ongoing,2026-05-21,2026-05-21
"Prospecting Static CBO",120244285703060327,"Broad_Pack3 - May 9",120244619377280327,"9 Image + Discount",120244629176600327,Marketplace,iphone,facebook,2026-05-21,not_delivering,ad,,,,Incremental,,,,,2026-05-09,Ongoing,2026-05-21,2026-05-21
"Prospecting Static CBO",120244285703060327,Broad_Pack1,120244285703070327,"1 Image Static - Best Sellers",120244289062370327,"Search results",iphone,facebook,2026-05-21,not_delivering,ad,,,,"7-day click, 1-day view, or 1-day engaged-view",,,,,2026-05-03,Ongoing,2026-05-21,2026-05-21
"Prospecting Static CBO",120244285703060327,"Broad_Pack3 - May 9",120244619377280327,"9 Image + Discount",120244629176600327,"Instagram Stories",0,instagram,2026-05-21,not_delivering,ad,,,,Incremental,,,,,2026-05-09,Ongoing,2026-05-21,2026-05-21
"Prospecting Static CBO",120244285703060327,Broad_Pack1,120244285703070327,"1 Image Static - Best Sellers",120244289062370327,Feed,iphone,facebook,2026-05-21,not_delivering,ad,,,,"7-day click, 1-day view, or 1-day engaged-view",,,,,2026-05-03,Ongoing,2026-05-21,2026-05-21
"Prospecting Static CBO",120244285703060327,"Broad_Pack3 - May 9",120244619377280327,"9 Image + Discount",120244629176600327,"Instagram Stories",iphone,instagram,2026-05-21,not_delivering,ad,,,,Incremental,,,,,2026-05-09,Ongoing,2026-05-21,2026-05-21
"Prospecting Static CBO",120244285703060327,Broad_Pack1,120244285703070327,"1 Image Static - Best Sellers",120244289062370327,"In-stream reels",0,facebook,2026-05-21,not_delivering,ad,,,,"7-day click, 1-day view, or 1-day engaged-view",,,,,2026-05-03,Ongoing,2026-05-21,2026-05-21
"Prospecting Static CBO",120244285703060327,Broad_Pack1,120244285703070327,"1 Image Static - Best Sellers",120244289062370327,"In-stream reels",iphone,facebook,2026-05-21,not_delivering,ad,,,,"7-day click, 1-day view, or 1-day engaged-view",,,,,2026-05-03,Ongoing,2026-05-21,2026-05-21
"Prospecting Static CBO",120244285703060327,Broad_Pack1,120244285703070327,"1 Image Static - Best Sellers",120244289062370327,"Instagram Stories",0,instagram,2026-05-21,not_delivering,ad,,,,"7-day click, 1-day view, or 1-day engaged-view",,,,,2026-05-03,Ongoing,2026-05-21,2026-05-21
"Prospecting Static CBO",120244285703060327,Broad_Pack1,120244285703070327,"1 Image Static - Best Sellers",120244289062370327,Feed,0,facebook,2026-05-21,not_delivering,ad,,,,"7-day click, 1-day view, or 1-day engaged-view",,,,,2026-05-03,Ongoing,2026-05-21,2026-05-21
"Prospecting Static CBO",120244285703060327,Broad_Pack1,120244285703070327,"1 Image Static - Best Sellers",120244289062370327,"Instagram Stories",iphone,instagram,2026-05-21,not_delivering,ad,,,,"7-day click, 1-day view, or 1-day engaged-view",,,,,2026-05-03,Ongoing,2026-05-21,2026-05-21
"Prospecting Static CBO",120244285703060327,Broad_Pack1,120244285703070327,"1 Image Static - Best Sellers",120244289062370327,"Instagram Reels",0,instagram,2026-05-21,not_delivering,ad,,,,"7-day click, 1-day view, or 1-day engaged-view",,,,,2026-05-03,Ongoing,2026-05-21,2026-05-21
"Prospecting Static CBO",120244285703060327,Broad_Pack1,120244285703070327,"1 Image Static - Best Sellers",120244289062370327,"Instagram Reels",iphone,instagram,2026-05-21,not_delivering,ad,,,,"7-day click, 1-day view, or 1-day engaged-view",,,,,2026-05-03,Ongoing,2026-05-21,2026-05-21
"Prospecting Static CBO",120244285703060327,Broad_Pack1,120244285703070327,"1 Image Static - Best Sellers",120244289062370327,"Native, banner & interstitial",0,audience_network,2026-05-21,not_delivering,ad,,,,"7-day click, 1-day view, or 1-day engaged-view",,,,,2026-05-03,Ongoing,2026-05-21,2026-05-21
"Prospecting Static CBO",120244285703060327,Broad_Pack1,120244285703070327,"1 Image Static - Best Sellers",120244289062370327,"Native, banner & interstitial",android_smartphone,audience_network,2026-05-21,not_delivering,ad,,,,"7-day click, 1-day view, or 1-day engaged-view",,,,,2026-05-03,Ongoing,2026-05-21,2026-05-21
"Prospecting Static CBO",120244285703060327,Broad_Pack1,120244285703070327,"1 Image Static - Best Sellers",120244289062370327,Feed,0,instagram,2026-05-21,not_delivering,ad,,,,"7-day click, 1-day view, or 1-day engaged-view",,,,,2026-05-03,Ongoing,2026-05-21,2026-05-21
"Prospecting Static CBO",120244285703060327,Broad_Pack1,120244285703070327,"1 Image Static - Best Sellers",120244289062370327,Feed,iphone,instagram,2026-05-21,not_delivering,ad,,,,"7-day click, 1-day view, or 1-day engaged-view",,,,,2026-05-03,Ongoing,2026-05-21,2026-05-21
"Prospecting Static CBO",120244285703060327,"Broad_Pack3 - May 9",120244619377280327,"9 Image + Discount",120244629176600327,Feed,0,instagram,2026-05-20,not_delivering,ad,,,,Incremental,,,,,2026-05-09,Ongoing,2026-05-20,2026-05-20
"Prospecting Static CBO",120244285703060327,"Broad_Pack3 - May 9",120244619377280327,"9 Image + Discount",120244629176600327,"Native, banner & interstitial",0,audience_network,2026-05-20,not_delivering,ad,,,,Incremental,,,,,2026-05-09,Ongoing,2026-05-20,2026-05-20
"Prospecting Static CBO",120244285703060327,"Broad_Pack3 - May 9",120244619377280327,"9 Image + Discount",120244629176600327,"Native, banner & interstitial",android_smartphone,audience_network,2026-05-20,not_delivering,ad,,,,Incremental,,,,,2026-05-09,Ongoing,2026-05-20,2026-05-20
"Prospecting Static CBO",120244285703060327,"Broad_Pack3 - May 9",120244619377280327,"9 Image + Discount",120244629176600327,"Threads feed",0,threads,2026-05-20,not_delivering,ad,,,,Incremental,,,,,2026-05-09,Ongoing,2026-05-20,2026-05-20
"Prospecting Static CBO",120244285703060327,"Broad_Pack3 - May 9",120244619377280327,"9 Image + Discount",120244629176600327,"Threads feed",ipad,threads,2026-05-20,not_delivering,ad,,,,Incremental,,,,,2026-05-09,Ongoing,2026-05-20,2026-05-20
"Prospecting Static CBO",120244285703060327,"Broad_Pack3 - May 9",120244619377280327,"9 Image + Discount",120244629176600327,Feed,android_smartphone,instagram,2026-05-20,not_delivering,ad,,,,Incremental,,,,,2026-05-09,Ongoing,2026-05-20,2026-05-20
"Prospecting Static CBO",120244285703060327,"Broad_Pack3 - May 9",120244619377280327,"9 Image + Discount",120244629176600327,Feed,iphone,instagram,2026-05-20,not_delivering,ad,,,,Incremental,,,,,2026-05-09,Ongoing,2026-05-20,2026-05-20
"Prospecting Static CBO",120244285703060327,"Broad_Pack5 - May 18",120245126176160327,"40 Year Old Women - Hometown Pride",120245127209450327,Feed,iphone,instagram,2026-05-20,not_delivering,ad,,,,"7-day click, 1-day view, or 1-day engaged-view",,,,,2026-05-18,Ongoing,2026-05-20,2026-05-20
"Prospecting Static CBO",120244285703060327,"Broad_Pack3 - May 9",120244619377280327,"9 Image + Discount",120244629176600327,Unknown,0,unknown,2026-05-20,not_delivering,ad,,,,Incremental,,,,,2026-05-09,Ongoing,2026-05-20,2026-05-20
"Prospecting Static CBO",120244285703060327,"Broad_Pack4 - May 14",120244860329750327,"Avatar - Gift 3",120244920753240327,Feed,0,facebook,2026-05-20,not_delivering,ad,,,,Incremental,,,,,2026-05-14,Ongoing,2026-05-20,2026-05-20
"Prospecting Static CBO",120244285703060327,"Broad_Pack4 - May 14",120244860329750327,"Avatar - Gift 3",120244920753240327,Feed,iphone,facebook,2026-05-20,not_delivering,ad,,,,Incremental,,,,,2026-05-14,Ongoing,2026-05-20,2026-05-20
"Prospecting Static CBO",120244285703060327,"Broad_Pack5 - May 18",120245126176160327,"40 Year Old Women - Hometown Pride",120245127209450327,Feed,0,facebook,2026-05-20,not_delivering,ad,,,,"7-day click, 1-day view, or 1-day engaged-view",,,,,2026-05-18,Ongoing,2026-05-20,2026-05-20
"Prospecting Static CBO",120244285703060327,"Broad_Pack5 - May 18",120245126176160327,"40 Year Old Women - Hometown Pride",120245127209450327,Feed,iphone,facebook,2026-05-20,not_delivering,ad,,,,"7-day click, 1-day view, or 1-day engaged-view",,,,,2026-05-18,Ongoing,2026-05-20,2026-05-20
"Prospecting Static CBO",120244285703060327,"Broad_Pack5 - May 18",120245126176160327,"40 Year Old Women - Hometown Pride",120245127209450327,Feed,0,instagram,2026-05-20,not_delivering,ad,,,,"7-day click, 1-day view, or 1-day engaged-view",,,,,2026-05-18,Ongoing,2026-05-20,2026-05-20
"Prospecting Static CBO",120244285703060327,"Broad_Pack3 - May 9",120244619377280327,"9 Image + Discount",120244629176600327,"Facebook Reels",0,facebook,2026-05-20,not_delivering,ad,,,,Incremental,,,,,2026-05-09,Ongoing,2026-05-20,2026-05-20
"Prospecting Static CBO",120244285703060327,Broad_Pack1,120244285703070327,"Multiple Pieces",120244294666470327,Feed,0,instagram,2026-05-20,inactive,ad,,,,"7-day click, 1-day view, or 1-day engaged-view",,,,,2026-05-03,Ongoing,2026-05-20,2026-05-20
"Prospecting Static CBO",120244285703060327,"Broad_Pack3 - May 9",120244619377280327,"9 Image + Discount",120244629176600327,"Facebook Reels",iphone,facebook,2026-05-20,not_delivering,ad,,,,Incremental,,,,,2026-05-09,Ongoing,2026-05-20,2026-05-20
"Prospecting Static CBO",120244285703060327,"Broad_Pack3 - May 9",120244619377280327,"9 Image + Discount",120244629176600327,Feed,0,facebook,2026-05-20,not_delivering,ad,,,,Incremental,,,,,2026-05-09,Ongoing,2026-05-20,2026-05-20
"Prospecting Static CBO",120244285703060327,"Broad_Pack3 - May 9",120244619377280327,"9 Image + Discount",120244629176600327,"Instagram Reels",iphone,instagram,2026-05-20,not_delivering,ad,,,,Incremental,,,,,2026-05-09,Ongoing,2026-05-20,2026-05-20
"Prospecting Static CBO",120244285703060327,Broad_Pack1,120244285703070327,"1 Image Static - Best Sellers",120244289062370327,Feed,iphone,instagram,2026-05-20,not_delivering,ad,,,,"7-day click, 1-day view, or 1-day engaged-view",,,,,2026-05-03,Ongoing,2026-05-20,2026-05-20
"Prospecting Static CBO",120244285703060327,"Broad_Pack5 - May 18",120245126176160327,"Early Father - Father's Day Sale",120245126176150327,Feed,0,facebook,2026-05-20,not_delivering,ad,,,,"7-day click, 1-day view, or 1-day engaged-view",,,,,2026-05-18,Ongoing,2026-05-20,2026-05-20
"Prospecting Static CBO",120244285703060327,Broad_Pack1,120244285703070327,"1 Image Static - Best Sellers",120244289062370327,"Instagram Stories",0,instagram,2026-05-20,not_delivering,ad,,,,"7-day click, 1-day view, or 1-day engaged-view",,,,,2026-05-03,Ongoing,2026-05-20,2026-05-20
"Prospecting Static CBO",120244285703060327,Broad_Pack1,120244285703070327,"1 Image Static - Best Sellers",120244289062370327,"Instagram Stories",iphone,instagram,2026-05-20,not_delivering,ad,,,,"7-day click, 1-day view, or 1-day engaged-view",,,,,2026-05-03,Ongoing,2026-05-20,2026-05-20
"Prospecting Static CBO",120244285703060327,"Broad_Pack3 - May 9",120244619377280327,"9 Image + Discount",120244629176600327,"Instagram Reels",android_smartphone,instagram,2026-05-20,not_delivering,ad,,,,Incremental,,,,,2026-05-09,Ongoing,2026-05-20,2026-05-20
"Prospecting Static CBO",120244285703060327,Broad_Pack1,120244285703070327,"1 Image Static - Best Sellers",120244289062370327,Feed,iphone,facebook,2026-05-20,not_delivering,ad,,,,"7-day click, 1-day view, or 1-day engaged-view",,,,,2026-05-03,Ongoing,2026-05-20,2026-05-20
"Prospecting Static CBO",120244285703060327,Broad_Pack1,120244285703070327,"1 Image Static - Best Sellers",120244289062370327,Feed,0,instagram,2026-05-20,not_delivering,ad,,,,"7-day click, 1-day view, or 1-day engaged-view",,,,,2026-05-03,Ongoing,2026-05-20,2026-05-20
"Prospecting Static CBO",120244285703060327,Broad_Pack1,120244285703070327,"1 Image Static - Best Sellers",120244289062370327,Feed,0,facebook,2026-05-20,not_delivering,ad,,,,"7-day click, 1-day view, or 1-day engaged-view",,,,,2026-05-03,Ongoing,2026-05-20,2026-05-20
"Prospecting Static CBO",120244285703060327,"Broad_Pack3 - May 9",120244619377280327,"9 Image + Discount",120244629176600327,"Search results",0,facebook,2026-05-20,not_delivering,ad,,,,Incremental,,,,,2026-05-09,Ongoing,2026-05-20,2026-05-20
"Prospecting Static CBO",120244285703060327,"Broad_Pack3 - May 9",120244619377280327,"9 Image + Discount",120244629176600327,"Search results",iphone,facebook,2026-05-20,not_delivering,ad,,,,Incremental,,,,,2026-05-09,Ongoing,2026-05-20,2026-05-20
"Prospecting Static CBO",120244285703060327,"Broad_Pack3 - May 9",120244619377280327,"9 Image + Discount",120244629176600327,Feed,android_tablet,facebook,2026-05-20,not_delivering,ad,,,,Incremental,,,,,2026-05-09,Ongoing,2026-05-20,2026-05-20
"Prospecting Static CBO",120244285703060327,"Broad_Pack3 - May 9",120244619377280327,"9 Image + Discount",120244629176600327,Feed,android_smartphone,facebook,2026-05-20,not_delivering,ad,,,,Incremental,,,,,2026-05-09,Ongoing,2026-05-20,2026-05-20
"Prospecting Static CBO",120244285703060327,"Broad_Pack3 - May 9",120244619377280327,"9 Image + Discount",120244629176600327,Feed,desktop,facebook,2026-05-20,not_delivering,ad,,,,Incremental,,,,,2026-05-09,Ongoing,2026-05-20,2026-05-20
"Prospecting Static CBO",120244285703060327,"Broad_Pack3 - May 9",120244619377280327,"9 Image + Discount",120244629176600327,Feed,iphone,facebook,2026-05-20,not_delivering,ad,,,,Incremental,,,,,2026-05-09,Ongoing,2026-05-20,2026-05-20
"Prospecting Static CBO",120244285703060327,"Broad_Pack3 - May 9",120244619377280327,"9 Image + Discount",120244629176600327,"Instagram Reels",0,instagram,2026-05-20,not_delivering,ad,,,,Incremental,,,,,2026-05-09,Ongoing,2026-05-20,2026-05-20
"Prospecting Static CBO",120244285703060327,"Broad_Pack3 - May 9",120244619377280327,"9 Image + Discount",120244629176600327,"Search results",android_smartphone,facebook,2026-05-20,not_delivering,ad,,,,Incremental,,,,,2026-05-09,Ongoing,2026-05-20,2026-05-20
"Prospecting Static CBO",120244285703060327,"Broad_Pack3 - May 9",120244619377280327,"9 Image + Discount",120244629176600327,Feed,0,instagram,2026-05-19,not_delivering,ad,,,,Incremental,,,,,2026-05-09,Ongoing,2026-05-19,2026-05-19
"Prospecting Static CBO",120244285703060327,"Broad_Pack3 - May 9",120244619377280327,"9 Image + Discount",120244629176600327,"Facebook Reels",iphone,facebook,2026-05-19,not_delivering,ad,,,,Incremental,,,,,2026-05-09,Ongoing,2026-05-19,2026-05-19
"Prospecting Static CBO",120244285703060327,"Broad_Pack3 - May 9",120244619377280327,"9 Image + Discount",120244629176600327,"Native, banner & interstitial",android_smartphone,audience_network,2026-05-19,not_delivering,ad,,,,Incremental,,,,,2026-05-09,Ongoing,2026-05-19,2026-05-19
"Prospecting Static CBO",120244285703060327,"Broad_Pack3 - May 9",120244619377280327,"9 Image + Discount",120244629176600327,"Native, banner & interstitial",0,audience_network,2026-05-19,not_delivering,ad,,,,Incremental,,,,,2026-05-09,Ongoing,2026-05-19,2026-05-19
"Prospecting Static CBO",120244285703060327,"Broad_Pack5 - May 18",120245126176160327,"40 Year Old Women - Hometown Pride",120245127209450327,Feed,desktop,facebook,2026-05-19,not_delivering,ad,,,,"7-day click, 1-day view, or 1-day engaged-view",,,,,2026-05-18,Ongoing,2026-05-19,2026-05-19
"Prospecting Static CBO",120244285703060327,"Broad_Pack4 - May 14",120244860329750327,"Avatar - Gift 3",120244920753240327,Feed,ipad,facebook,2026-05-19,not_delivering,ad,,,,Incremental,,,,,2026-05-14,Ongoing,2026-05-19,2026-05-19
"Prospecting Static CBO",120244285703060327,"Broad_Pack4 - May 14",120244860329750327,"Avatar - Gift 3",120244920753240327,Feed,iphone,facebook,2026-05-19,not_delivering,ad,,,,Incremental,,,,,2026-05-14,Ongoing,2026-05-19,2026-05-19
"Prospecting Static CBO",120244285703060327,"Broad_Pack4 - May 14",120244860329750327,"Avatar - Gift 3",120244920753240327,Feed,0,facebook,2026-05-19,not_delivering,ad,,,,Incremental,,,,,2026-05-14,Ongoing,2026-05-19,2026-05-19
"Prospecting Static CBO",120244285703060327,"Broad_Pack5 - May 18",120245126176160327,"40 Year Old Women - Hometown Pride",120245127209450327,Feed,0,facebook,2026-05-19,not_delivering,ad,,,,"7-day click, 1-day view, or 1-day engaged-view",,,,,2026-05-18,Ongoing,2026-05-19,2026-05-19
"Prospecting Static CBO",120244285703060327,"Broad_Pack3 - May 9",120244619377280327,"9 Image + Discount",120244629176600327,"Facebook Reels",android_smartphone,facebook,2026-05-19,not_delivering,ad,,,,Incremental,,,,,2026-05-09,Ongoing,2026-05-19,2026-05-19
"Prospecting Static CBO",120244285703060327,"Broad_Pack3 - May 9",120244619377280327,"9 Image + Discount",120244629176600327,"Facebook Reels",0,facebook,2026-05-19,not_delivering,ad,,,,Incremental,,,,,2026-05-09,Ongoing,2026-05-19,2026-05-19
"Prospecting Static CBO",120244285703060327,"Broad_Pack3 - May 9",120244619377280327,"9 Image + Discount",120244629176600327,"Instagram Reels",iphone,instagram,2026-05-19,not_delivering,ad,,,,Incremental,,,,,2026-05-09,Ongoing,2026-05-19,2026-05-19
"Prospecting Static CBO",120244285703060327,"Broad_Pack3 - May 9",120244619377280327,"9 Image + Discount",120244629176600327,Feed,0,facebook,2026-05-19,not_delivering,ad,,,,Incremental,,,,,2026-05-09,Ongoing,2026-05-19,2026-05-19
"Prospecting Static CBO",120244285703060327,"Broad_Pack3 - May 9",120244619377280327,"9 Image + Discount",120244629176600327,Feed,iphone,facebook,2026-05-19,not_delivering,ad,,,,Incremental,,,,,2026-05-09,Ongoing,2026-05-19,2026-05-19
"Prospecting Static CBO",120244285703060327,"Broad_Pack3 - May 9",120244619377280327,"9 Image + Discount",120244629176600327,Feed,desktop,facebook,2026-05-19,not_delivering,ad,,,,Incremental,,,,,2026-05-09,Ongoing,2026-05-19,2026-05-19
"Prospecting Static CBO",120244285703060327,"Broad_Pack3 - May 9",120244619377280327,"9 Image + Discount",120244629176600327,Feed,android_smartphone,facebook,2026-05-19,not_delivering,ad,,,,Incremental,,,,,2026-05-09,Ongoing,2026-05-19,2026-05-19
"Prospecting Static CBO",120244285703060327,"Broad_Pack3 - May 9",120244619377280327,"9 Image + Discount",120244629176600327,"Search results",iphone,facebook,2026-05-19,not_delivering,ad,,,,Incremental,,,,,2026-05-09,Ongoing,2026-05-19,2026-05-19
"Prospecting Static CBO",120244285703060327,"Broad_Pack3 - May 9",120244619377280327,"9 Image + Discount",120244629176600327,"Search results",0,facebook,2026-05-19,not_delivering,ad,,,,Incremental,,,,,2026-05-09,Ongoing,2026-05-19,2026-05-19
"Prospecting Static CBO",120244285703060327,"Broad_Pack3 - May 9",120244619377280327,"9 Image + Discount",120244629176600327,"Instagram Stories",iphone,instagram,2026-05-19,not_delivering,ad,,,,Incremental,,,,,2026-05-09,Ongoing,2026-05-19,2026-05-19
"Prospecting Static CBO",120244285703060327,"Broad_Pack3 - May 9",120244619377280327,"9 Image + Discount",120244629176600327,"Instagram Stories",0,instagram,2026-05-19,not_delivering,ad,,,,Incremental,,,,,2026-05-09,Ongoing,2026-05-19,2026-05-19
"Prospecting Static CBO",120244285703060327,"Broad_Pack5 - May 18",120245126176160327,"Early Father - Father's Day Sale",120245126176150327,Feed,0,facebook,2026-05-19,not_delivering,ad,,,,"7-day click, 1-day view, or 1-day engaged-view",,,,,2026-05-18,Ongoing,2026-05-19,2026-05-19
"Prospecting Static CBO",120244285703060327,"Broad_Pack5 - May 18",120245126176160327,"Early Father - Father's Day Sale",120245126176150327,Feed,iphone,facebook,2026-05-19,not_delivering,ad,,,,"7-day click, 1-day view, or 1-day engaged-view",,,,,2026-05-18,Ongoing,2026-05-19,2026-05-19
"Prospecting Static CBO",120244285703060327,"Broad_Pack3 - May 9",120244619377280327,"9 Image + Discount",120244629176600327,Feed,other,instagram,2026-05-18,not_delivering,ad,,,,Incremental,,,,,2026-05-09,Ongoing,2026-05-18,2026-05-18
"Prospecting Static CBO",120244285703060327,"Broad_Pack3 - May 9",120244619377280327,"9 Image + Discount",120244629176600327,Feed,iphone,instagram,2026-05-18,not_delivering,ad,,,,Incremental,,,,,2026-05-09,Ongoing,2026-05-18,2026-05-18
"Prospecting Static CBO",120244285703060327,"Broad_Pack4 - May 14",120244860329750327,"Avatar - Gift 3",120244920753240327,Feed,android_smartphone,facebook,2026-05-18,not_delivering,ad,,,,Incremental,,,,,2026-05-14,Ongoing,2026-05-18,2026-05-18
"Prospecting Static CBO",120244285703060327,"Broad_Pack4 - May 14",120244860329750327,"Avatar - Gift 3",120244920753240327,Feed,iphone,facebook,2026-05-18,not_delivering,ad,,,,Incremental,,,,,2026-05-14,Ongoing,2026-05-18,2026-05-18
"Prospecting Static CBO",120244285703060327,Broad_Pack1,120244285703070327,"Multiple Pieces",120244294666470327,Feed,0,facebook,2026-05-18,inactive,ad,,,,"7-day click, 1-day view, or 1-day engaged-view",,,,,2026-05-03,Ongoing,2026-05-18,2026-05-18
"Prospecting Static CBO",120244285703060327,"Broad_Pack4 - May 14",120244860329750327,"Avatar - Gift 3",120244920753240327,Feed,0,instagram,2026-05-18,not_delivering,ad,,,,Incremental,,,,,2026-05-14,Ongoing,2026-05-18,2026-05-18
"Prospecting Static CBO",120244285703060327,"Broad_Pack4 - May 14",120244860329750327,"Avatar - Gift 3",120244920753240327,Feed,iphone,instagram,2026-05-18,not_delivering,ad,,,,Incremental,,,,,2026-05-14,Ongoing,2026-05-18,2026-05-18
"Prospecting Static CBO",120244285703060327,"Broad_Pack5 - May 18",120245126176160327,"Middle Aged Women -  Gifting",120245127498590327,Feed,desktop,facebook,2026-05-18,not_delivering,ad,,,,"7-day click, 1-day view, or 1-day engaged-view",,,,,2026-05-18,Ongoing,2026-05-18,2026-05-18
"Prospecting Static CBO",120244285703060327,"Broad_Pack5 - May 18",120245126176160327,"40 Year Old Women - Hometown Pride",120245127209450327,Feed,0,instagram,2026-05-18,not_delivering,ad,,,,"7-day click, 1-day view, or 1-day engaged-view",,,,,2026-05-18,Ongoing,2026-05-18,2026-05-18
"Prospecting Static CBO",120244285703060327,"Broad_Pack5 - May 18",120245126176160327,"40 Year Old Women - Hometown Pride",120245127209450327,Feed,iphone,instagram,2026-05-18,not_delivering,ad,,,,"7-day click, 1-day view, or 1-day engaged-view",,,,,2026-05-18,Ongoing,2026-05-18,2026-05-18
"Prospecting Static CBO",120244285703060327,"Broad_Pack3 - May 9",120244619377280327,"9 Image + Discount",120244629176600327,"Instagram Reels",0,instagram,2026-05-18,not_delivering,ad,,,,Incremental,,,,,2026-05-09,Ongoing,2026-05-18,2026-05-18
"Prospecting Static CBO",120244285703060327,"Broad_Pack3 - May 9",120244619377280327,"9 Image + Discount",120244629176600327,Feed,0,instagram,2026-05-18,not_delivering,ad,,,,Incremental,,,,,2026-05-09,Ongoing,2026-05-18,2026-05-18
"Prospecting Static CBO",120244285703060327,"Broad_Pack4 - May 14",120244860329750327,"Avatar - Gift 3",120244920753240327,Feed,0,facebook,2026-05-18,not_delivering,ad,,,,Incremental,,,,,2026-05-14,Ongoing,2026-05-18,2026-05-18
"Prospecting Static CBO",120244285703060327,"Broad_Pack3 - May 9",120244619377280327,"9 Image + Discount",120244629176600327,"Instagram Reels",ipad,instagram,2026-05-18,not_delivering,ad,,,,Incremental,,,,,2026-05-09,Ongoing,2026-05-18,2026-05-18
"Prospecting Static CBO",120244285703060327,"Broad_Pack5 - May 18",120245126176160327,"Early Father - Father's Day Sale",120245126176150327,Feed,0,facebook,2026-05-18,not_delivering,ad,,,,"7-day click, 1-day view, or 1-day engaged-view",,,,,2026-05-18,Ongoing,2026-05-18,2026-05-18
"Prospecting Static CBO",120244285703060327,"Broad_Pack3 - May 9",120244619377280327,"9 Image + Discount",120244629176600327,Feed,0,facebook,2026-05-18,not_delivering,ad,,,,Incremental,,,,,2026-05-09,Ongoing,2026-05-18,2026-05-18
"Music Row Single PDP Test",120244718915920327,"New Sales Ad Set",120244718915930327,"Music Row Static - Pride",120244723901460327,Feed,iphone,facebook,2026-05-18,not_delivering,ad,,,,Incremental,,,,,2026-05-11,Ongoing,2026-05-18,2026-05-18
"Music Row Single PDP Test",120244718915920327,"New Sales Ad Set",120244718915930327,"Music Row Static - Pride",120244723901460327,Feed,0,instagram,2026-05-18,not_delivering,ad,,,,Incremental,,,,,2026-05-11,Ongoing,2026-05-18,2026-05-18
"Music Row Single PDP Test",120244718915920327,"New Sales Ad Set",120244718915930327,"Music Row Static - Pride",120244723901460327,Feed,iphone,instagram,2026-05-18,not_delivering,ad,,,,Incremental,,,,,2026-05-11,Ongoing,2026-05-18,2026-05-18
"Music Row Single PDP Test",120244718915920327,"New Sales Ad Set",120244718915930327,"Music Row Static - Pride",120244723901460327,Feed,0,facebook,2026-05-18,not_delivering,ad,,,,Incremental,,,,,2026-05-11,Ongoing,2026-05-18,2026-05-18
"Prospecting Static CBO",120244285703060327,"Broad_Pack5 - May 18",120245126176160327,"Early Father - Father's Day Sale",120245126176150327,Feed,iphone,facebook,2026-05-18,not_delivering,ad,,,,"7-day click, 1-day view, or 1-day engaged-view",,,,,2026-05-18,Ongoing,2026-05-18,2026-05-18
"Prospecting Static CBO",120244285703060327,"Broad_Pack3 - May 9",120244619377280327,"9 Image + Discount",120244629176600327,"Search results",iphone,facebook,2026-05-18,not_delivering,ad,,,,Incremental,,,,,2026-05-09,Ongoing,2026-05-18,2026-05-18
"Prospecting Static CBO",120244285703060327,"Broad_Pack3 - May 9",120244619377280327,"9 Image + Discount",120244629176600327,Feed,android_smartphone,facebook,2026-05-18,not_delivering,ad,,,,Incremental,,,,,2026-05-09,Ongoing,2026-05-18,2026-05-18
"Prospecting Static CBO",120244285703060327,"Broad_Pack3 - May 9",120244619377280327,"9 Image + Discount",120244629176600327,Feed,desktop,facebook,2026-05-18,not_delivering,ad,,,,Incremental,,,,,2026-05-09,Ongoing,2026-05-18,2026-05-18
"Prospecting Static CBO",120244285703060327,"Broad_Pack3 - May 9",120244619377280327,"9 Image + Discount",120244629176600327,"Search results",0,facebook,2026-05-18,not_delivering,ad,,,,Incremental,,,,,2026-05-09,Ongoing,2026-05-18,2026-05-18
"Prospecting Static CBO",120244285703060327,"Broad_Pack3 - May 9",120244619377280327,"9 Image + Discount",120244629176600327,Feed,iphone,facebook,2026-05-18,not_delivering,ad,,,,Incremental,,,,,2026-05-09,Ongoing,2026-05-18,2026-05-18
"Prospecting Static CBO",120244285703060327,"Broad_Pack3 - May 9",120244619377280327,"9 Image + Discount",120244629176600327,Feed,0,facebook,2026-05-17,not_delivering,ad,,,,Incremental,,,,,2026-05-09,Ongoing,2026-05-17,2026-05-17
"Prospecting Static CBO",120244285703060327,"Broad_Pack3 - May 9",120244619377280327,"9 Image + Discount",120244629176600327,Feed,android_smartphone,facebook,2026-05-17,not_delivering,ad,,,,Incremental,,,,,2026-05-09,Ongoing,2026-05-17,2026-05-17
"Prospecting Static CBO",120244285703060327,"Broad_Pack3 - May 9",120244619377280327,"9 Image + Discount",120244629176600327,Feed,desktop,facebook,2026-05-17,not_delivering,ad,,,,Incremental,,,,,2026-05-09,Ongoing,2026-05-17,2026-05-17
"Prospecting Static CBO",120244285703060327,"Broad_Pack3 - May 9",120244619377280327,"9 Image + Discount",120244629176600327,Feed,iphone,facebook,2026-05-17,not_delivering,ad,,,,Incremental,,,,,2026-05-09,Ongoing,2026-05-17,2026-05-17
"Prospecting Static CBO",120244285703060327,"Broad_Pack3 - May 9",120244619377280327,"9 Image + Discount",120244629176600327,Feed,iphone,instagram,2026-05-17,not_delivering,ad,,,,Incremental,,,,,2026-05-09,Ongoing,2026-05-17,2026-05-17
"Prospecting Static CBO",120244285703060327,"Broad_Pack3 - May 9",120244619377280327,"9 Image + Discount",120244629176600327,"Instagram Reels",0,instagram,2026-05-17,not_delivering,ad,,,,Incremental,,,,,2026-05-09,Ongoing,2026-05-17,2026-05-17
"Prospecting Static CBO",120244285703060327,"Broad_Pack3 - May 9",120244619377280327,"9 Image + Discount",120244629176600327,"Instagram Reels",ipad,instagram,2026-05-17,not_delivering,ad,,,,Incremental,,,,,2026-05-09,Ongoing,2026-05-17,2026-05-17
"Prospecting Static CBO",120244285703060327,"Broad_Pack3 - May 9",120244619377280327,"9 Image + Discount",120244629176600327,Feed,0,instagram,2026-05-17,not_delivering,ad,,,,Incremental,,,,,2026-05-09,Ongoing,2026-05-17,2026-05-17
"Prospecting Static CBO",120244285703060327,"Broad_Pack3 - May 9",120244619377280327,"9 Image + Discount",120244629176600327,"Threads feed",0,threads,2026-05-17,not_delivering,ad,,,,Incremental,,,,,2026-05-09,Ongoing,2026-05-17,2026-05-17
"Prospecting Static CBO",120244285703060327,Broad_Pack1,120244285703070327,"1 Image Static - Best Sellers",120244289062370327,"Instagram Stories",iphone,instagram,2026-05-17,not_delivering,ad,,,,"7-day click, 1-day view, or 1-day engaged-view",,,,,2026-05-03,Ongoing,2026-05-17,2026-05-17
"Prospecting Static CBO",120244285703060327,"Broad_Pack3 - May 9",120244619377280327,"9 Image + Discount",120244629176600327,Feed,ipad,facebook,2026-05-17,not_delivering,ad,,,,Incremental,,,,,2026-05-09,Ongoing,2026-05-17,2026-05-17
"Music Row Single PDP Test",120244718915920327,"New Sales Ad Set",120244718915930327,"Music Row Static - Pride",120244723901460327,Feed,android_smartphone,facebook,2026-05-17,not_delivering,ad,,,,Incremental,,,,,2026-05-11,Ongoing,2026-05-17,2026-05-17
"Prospecting Static CBO",120244285703060327,Broad_Pack1,120244285703070327,"1 Image Static - Best Sellers",120244289062370327,"Instagram Stories",0,instagram,2026-05-17,not_delivering,ad,,,,"7-day click, 1-day view, or 1-day engaged-view",,,,,2026-05-03,Ongoing,2026-05-17,2026-05-17
"Music Row Single PDP Test",120244718915920327,"New Sales Ad Set",120244718915930327,"Music Row Static - Pride",120244723901460327,Feed,0,instagram,2026-05-17,not_delivering,ad,,,,Incremental,,,,,2026-05-11,Ongoing,2026-05-17,2026-05-17
"Music Row Single PDP Test",120244718915920327,"New Sales Ad Set",120244718915930327,"Music Row Static - Pride",120244723901460327,Feed,android_smartphone,instagram,2026-05-17,not_delivering,ad,,,,Incremental,,,,,2026-05-11,Ongoing,2026-05-17,2026-05-17
"Music Row Single PDP Test",120244718915920327,"New Sales Ad Set",120244718915930327,"Music Row Static - Pride",120244723901460327,Feed,iphone,instagram,2026-05-17,not_delivering,ad,,,,Incremental,,,,,2026-05-11,Ongoing,2026-05-17,2026-05-17
"Music Row Single PDP Test",120244718915920327,"New Sales Ad Set",120244718915930327,"Music Row Static - Pride",120244723901460327,"Facebook Reels",iphone,facebook,2026-05-17,not_delivering,ad,,,,Incremental,,,,,2026-05-11,Ongoing,2026-05-17,2026-05-17
"Music Row Single PDP Test",120244718915920327,"New Sales Ad Set",120244718915930327,"Music Row Static - Pride",120244723901460327,"Instagram Reels",iphone,instagram,2026-05-17,not_delivering,ad,,,,Incremental,,,,,2026-05-11,Ongoing,2026-05-17,2026-05-17
"Music Row Single PDP Test",120244718915920327,"New Sales Ad Set",120244718915930327,"Music Row Static - Pride",120244723901460327,Feed,iphone,facebook,2026-05-17,not_delivering,ad,,,,Incremental,,,,,2026-05-11,Ongoing,2026-05-17,2026-05-17
"Music Row Single PDP Test",120244718915920327,"New Sales Ad Set",120244718915930327,"Music Row Static - Pride",120244723901460327,Feed,ipad,facebook,2026-05-17,not_delivering,ad,,,,Incremental,,,,,2026-05-11,Ongoing,2026-05-17,2026-05-17
"Music Row Single PDP Test",120244718915920327,"New Sales Ad Set",120244718915930327,"Music Row Static - Pride",120244723901460327,Feed,0,facebook,2026-05-17,not_delivering,ad,,,,Incremental,,,,,2026-05-11,Ongoing,2026-05-17,2026-05-17
"Music Row Single PDP Test",120244718915920327,"New Sales Ad Set",120244718915930327,"Music Row Static - Pride",120244723901460327,"Instagram Stories",iphone,instagram,2026-05-17,not_delivering,ad,,,,Incremental,,,,,2026-05-11,Ongoing,2026-05-17,2026-05-17
"Music Row Single PDP Test",120244718915920327,"New Sales Ad Set",120244718915930327,"Music Row Static - Pride",120244723901460327,"Instagram Stories",0,instagram,2026-05-17,not_delivering,ad,,,,Incremental,,,,,2026-05-11,Ongoing,2026-05-17,2026-05-17
"Prospecting Static CBO",120244285703060327,"Broad_Pack4 - May 14",120244860329750327,"Avatar - Gift 3",120244920753240327,Feed,android_smartphone,facebook,2026-05-17,not_delivering,ad,,,,Incremental,,,,,2026-05-14,Ongoing,2026-05-17,2026-05-17
"Prospecting Static CBO",120244285703060327,"Broad_Pack3 - May 9",120244619377280327,"9 Image + Discount",120244629176600327,"Threads feed",iphone,threads,2026-05-17,not_delivering,ad,,,,Incremental,,,,,2026-05-09,Ongoing,2026-05-17,2026-05-17
"Prospecting Static CBO",120244285703060327,"Broad_Pack4 - May 14",120244860329750327,"Avatar - Gift 3",120244920753240327,Feed,0,facebook,2026-05-17,not_delivering,ad,,,,Incremental,,,,,2026-05-14,Ongoing,2026-05-17,2026-05-17
"Prospecting Static CBO",120244285703060327,Broad_Pack1,120244285703070327,"Multiple Pieces",120244294666470327,"Facebook Reels",0,facebook,2026-05-17,inactive,ad,,,,"7-day click, 1-day view, or 1-day engaged-view",,,,,2026-05-03,Ongoing,2026-05-17,2026-05-17
"Prospecting Static CBO",120244285703060327,Broad_Pack2,120244380430020327,"6 Images",120244439296070327,Feed,iphone,instagram,2026-05-17,inactive,ad,,,,"7-day click, 1-day view, or 1-day engaged-view",,,,,2026-05-05,Ongoing,2026-05-17,2026-05-17
"Prospecting Static CBO",120244285703060327,"Broad_Pack4 - May 14",120244860329750327,"Avatar - Gift 3",120244920753240327,Feed,iphone,instagram,2026-05-17,not_delivering,ad,,,,Incremental,,,,,2026-05-14,Ongoing,2026-05-17,2026-05-17
"Prospecting Static CBO",120244285703060327,Broad_Pack1,120244285703070327,"Multiple Pieces",120244294666470327,"Search results",0,facebook,2026-05-17,inactive,ad,,,,"7-day click, 1-day view, or 1-day engaged-view",,,,,2026-05-03,Ongoing,2026-05-17,2026-05-17
"Prospecting Static CBO",120244285703060327,Broad_Pack1,120244285703070327,"Multiple Pieces",120244294666470327,Feed,iphone,instagram,2026-05-17,inactive,ad,,,,"7-day click, 1-day view, or 1-day engaged-view",,,,,2026-05-03,Ongoing,2026-05-17,2026-05-17
"Prospecting Static CBO",120244285703060327,Broad_Pack1,120244285703070327,"Multiple Pieces",120244294666470327,Feed,0,instagram,2026-05-17,inactive,ad,,,,"7-day click, 1-day view, or 1-day engaged-view",,,,,2026-05-03,Ongoing,2026-05-17,2026-05-17
"Prospecting Static CBO",120244285703060327,Broad_Pack1,120244285703070327,"Multiple Pieces",120244294666470327,Feed,iphone,facebook,2026-05-17,inactive,ad,,,,"7-day click, 1-day view, or 1-day engaged-view",,,,,2026-05-03,Ongoing,2026-05-17,2026-05-17
"Prospecting Static CBO",120244285703060327,Broad_Pack1,120244285703070327,"Multiple Pieces",120244294666470327,Feed,0,facebook,2026-05-17,inactive,ad,,,,"7-day click, 1-day view, or 1-day engaged-view",,,,,2026-05-03,Ongoing,2026-05-17,2026-05-17
"Prospecting Static CBO",120244285703060327,Broad_Pack1,120244285703070327,"Multiple Pieces",120244294666470327,Marketplace,0,facebook,2026-05-17,inactive,ad,,,,"7-day click, 1-day view, or 1-day engaged-view",,,,,2026-05-03,Ongoing,2026-05-17,2026-05-17
"Prospecting Static CBO",120244285703060327,Broad_Pack1,120244285703070327,"Multiple Pieces",120244294666470327,Marketplace,iphone,facebook,2026-05-17,inactive,ad,,,,"7-day click, 1-day view, or 1-day engaged-view",,,,,2026-05-03,Ongoing,2026-05-17,2026-05-17
"Prospecting Static CBO",120244285703060327,Broad_Pack2,120244380430020327,"6 Images",120244439296070327,Feed,0,instagram,2026-05-17,inactive,ad,,,,"7-day click, 1-day view, or 1-day engaged-view",,,,,2026-05-05,Ongoing,2026-05-17,2026-05-17
"Prospecting Static CBO",120244285703060327,Broad_Pack2,120244380430020327,"6 Images",120244439296070327,Feed,iphone,facebook,2026-05-17,inactive,ad,,,,"7-day click, 1-day view, or 1-day engaged-view",,,,,2026-05-05,Ongoing,2026-05-17,2026-05-17
"Prospecting Static CBO",120244285703060327,Broad_Pack2,120244380430020327,"6 Images",120244439296070327,Feed,android_smartphone,facebook,2026-05-17,inactive,ad,,,,"7-day click, 1-day view, or 1-day engaged-view",,,,,2026-05-05,Ongoing,2026-05-17,2026-05-17
"Prospecting Static CBO",120244285703060327,Broad_Pack2,120244380430020327,"6 Images",120244439296070327,Feed,desktop,facebook,2026-05-17,inactive,ad,,,,"7-day click, 1-day view, or 1-day engaged-view",,,,,2026-05-05,Ongoing,2026-05-17,2026-05-17
"Prospecting Static CBO",120244285703060327,Broad_Pack2,120244380430020327,"6 Images",120244439296070327,Marketplace,iphone,facebook,2026-05-17,inactive,ad,,,,"7-day click, 1-day view, or 1-day engaged-view",,,,,2026-05-05,Ongoing,2026-05-17,2026-05-17
"Prospecting Static CBO",120244285703060327,Broad_Pack2,120244380430020327,"6 Images",120244439296070327,Marketplace,0,facebook,2026-05-17,inactive,ad,,,,"7-day click, 1-day view, or 1-day engaged-view",,,,,2026-05-05,Ongoing,2026-05-17,2026-05-17
"Prospecting Static CBO",120244285703060327,Broad_Pack2,120244380430020327,"6 Images",120244439296070327,Feed,0,facebook,2026-05-17,inactive,ad,,,,"7-day click, 1-day view, or 1-day engaged-view",,,,,2026-05-05,Ongoing,2026-05-17,2026-05-17
"Prospecting Static CBO",120244285703060327,Broad_Pack2,120244380430020327,"6 Images",120244439296070327,"Instagram Stories",android_smartphone,instagram,2026-05-17,inactive,ad,,,,"7-day click, 1-day view, or 1-day engaged-view",,,,,2026-05-05,Ongoing,2026-05-17,2026-05-17
"Prospecting Static CBO",120244285703060327,"Broad_Pack4 - May 14",120244860329750327,"Avatar - Gift 3",120244920753240327,Feed,0,instagram,2026-05-17,not_delivering,ad,,,,Incremental,,,,,2026-05-14,Ongoing,2026-05-17,2026-05-17
"Prospecting Static CBO",120244285703060327,Broad_Pack2,120244380430020327,"6 Images",120244439296070327,Feed,desktop,facebook,2026-05-16,inactive,ad,,,,"7-day click, 1-day view, or 1-day engaged-view",,,,,2026-05-05,Ongoing,2026-05-16,2026-05-16
"Prospecting Static CBO",120244285703060327,Broad_Pack2,120244380430020327,"6 Images",120244439296070327,Feed,iphone,facebook,2026-05-16,inactive,ad,,,,"7-day click, 1-day view, or 1-day engaged-view",,,,,2026-05-05,Ongoing,2026-05-16,2026-05-16
"Prospecting Static CBO",120244285703060327,Broad_Pack2,120244380430020327,"6 Images",120244439296070327,Feed,ipad,facebook,2026-05-16,inactive,ad,,,,"7-day click, 1-day view, or 1-day engaged-view",,,,,2026-05-05,Ongoing,2026-05-16,2026-05-16
"Prospecting Static CBO",120244285703060327,"Broad_Pack4 - May 14",120244860329750327,"Avatar - Gift 3",120244920753240327,Feed,iphone,instagram,2026-05-16,not_delivering,ad,,,,Incremental,,,,,2026-05-14,Ongoing,2026-05-16,2026-05-16
"Prospecting Static CBO",120244285703060327,Broad_Pack2,120244380430020327,"6 Images",120244439296070327,"Search results",iphone,facebook,2026-05-16,inactive,ad,,,,"7-day click, 1-day view, or 1-day engaged-view",,,,,2026-05-05,Ongoing,2026-05-16,2026-05-16
"Prospecting Static CBO",120244285703060327,Broad_Pack2,120244380430020327,"6 Images",120244439296070327,"Search results",0,facebook,2026-05-16,inactive,ad,,,,"7-day click, 1-day view, or 1-day engaged-view",,,,,2026-05-05,Ongoing,2026-05-16,2026-05-16
"Prospecting Static CBO",120244285703060327,Broad_Pack2,120244380430020327,"6 Images",120244439296070327,"Facebook Reels",0,facebook,2026-05-16,inactive,ad,,,,"7-day click, 1-day view, or 1-day engaged-view",,,,,2026-05-05,Ongoing,2026-05-16,2026-05-16
"Prospecting Static CBO",120244285703060327,Broad_Pack2,120244380430020327,"6 Images",120244439296070327,Feed,0,facebook,2026-05-16,inactive,ad,,,,"7-day click, 1-day view, or 1-day engaged-view",,,,,2026-05-05,Ongoing,2026-05-16,2026-05-16
"Prospecting Static CBO",120244285703060327,"Broad_Pack4 - May 14",120244860329750327,"Avatar - Gift 3",120244920753240327,Feed,0,instagram,2026-05-16,not_delivering,ad,,,,Incremental,,,,,2026-05-14,Ongoing,2026-05-16,2026-05-16
"Prospecting Static CBO",120244285703060327,Broad_Pack2,120244380430020327,"6 Images",120244439296070327,"Facebook Reels",android_smartphone,facebook,2026-05-16,inactive,ad,,,,"7-day click, 1-day view, or 1-day engaged-view",,,,,2026-05-05,Ongoing,2026-05-16,2026-05-16
"Prospecting Static CBO",120244285703060327,Broad_Pack2,120244380430020327,"6 Images",120244439296070327,"Threads feed",0,threads,2026-05-16,inactive,ad,,,,"7-day click, 1-day view, or 1-day engaged-view",,,,,2026-05-05,Ongoing,2026-05-16,2026-05-16
"Prospecting Static CBO",120244285703060327,Broad_Pack2,120244380430020327,"6 Images",120244439296070327,"Threads feed",iphone,threads,2026-05-16,inactive,ad,,,,"7-day click, 1-day view, or 1-day engaged-view",,,,,2026-05-05,Ongoing,2026-05-16,2026-05-16
"Prospecting Static CBO",120244285703060327,Broad_Pack1,120244285703070327,"Multiple Pieces",120244294666470327,Feed,0,facebook,2026-05-16,inactive,ad,,,,"7-day click, 1-day view, or 1-day engaged-view",,,,,2026-05-03,Ongoing,2026-05-16,2026-05-16
"Prospecting Static CBO",120244285703060327,Broad_Pack1,120244285703070327,"Multiple Pieces",120244294666470327,Feed,iphone,facebook,2026-05-16,inactive,ad,,,,"7-day click, 1-day view, or 1-day engaged-view",,,,,2026-05-03,Ongoing,2026-05-16,2026-05-16
"Prospecting Static CBO",120244285703060327,Broad_Pack1,120244285703070327,"Multiple Pieces",120244294666470327,Feed,0,instagram,2026-05-16,inactive,ad,,,,"7-day click, 1-day view, or 1-day engaged-view",,,,,2026-05-03,Ongoing,2026-05-16,2026-05-16
"Prospecting Static CBO",120244285703060327,Broad_Pack1,120244285703070327,"Multiple Pieces",120244294666470327,Feed,iphone,instagram,2026-05-16,inactive,ad,,,,"7-day click, 1-day view, or 1-day engaged-view",,,,,2026-05-03,Ongoing,2026-05-16,2026-05-16
"Prospecting Static CBO",120244285703060327,"Broad_Pack3 - May 9",120244619377280327,"9 Image + Discount",120244629176600327,Feed,0,instagram,2026-05-16,not_delivering,ad,,,,Incremental,,,,,2026-05-09,Ongoing,2026-05-16,2026-05-16
"Prospecting Static CBO",120244285703060327,"Broad_Pack3 - May 9",120244619377280327,"9 Image + Discount",120244629176600327,Unknown,0,unknown,2026-05-16,not_delivering,ad,,,,Incremental,,,,,2026-05-09,Ongoing,2026-05-16,2026-05-16
"Prospecting Static CBO",120244285703060327,"Broad_Pack3 - May 9",120244619377280327,"9 Image + Discount",120244629176600327,Feed,0,facebook,2026-05-16,not_delivering,ad,,,,Incremental,,,,,2026-05-09,Ongoing,2026-05-16,2026-05-16
"Prospecting Static CBO",120244285703060327,"Broad_Pack3 - May 9",120244619377280327,"9 Image + Discount",120244629176600327,Feed,iphone,instagram,2026-05-16,not_delivering,ad,,,,Incremental,,,,,2026-05-09,Ongoing,2026-05-16,2026-05-16
"Music Row Single PDP Test",120244718915920327,"New Sales Ad Set",120244718915930327,"Music Row Static - Pride",120244723901460327,"Facebook profile feed",0,facebook,2026-05-16,not_delivering,ad,,,,Incremental,,,,,2026-05-11,Ongoing,2026-05-16,2026-05-16
"Music Row Single PDP Test",120244718915920327,"New Sales Ad Set",120244718915930327,"Music Row Static - Pride",120244723901460327,Feed,0,facebook,2026-05-16,not_delivering,ad,,,,Incremental,,,,,2026-05-11,Ongoing,2026-05-16,2026-05-16
"Music Row Single PDP Test",120244718915920327,"New Sales Ad Set",120244718915930327,"Music Row Static - Pride",120244723901460327,Feed,desktop,facebook,2026-05-16,not_delivering,ad,,,,Incremental,,,,,2026-05-11,Ongoing,2026-05-16,2026-05-16
"Music Row Single PDP Test",120244718915920327,"New Sales Ad Set",120244718915930327,"Music Row Static - Pride",120244723901460327,Feed,ipad,facebook,2026-05-16,not_delivering,ad,,,,Incremental,,,,,2026-05-11,Ongoing,2026-05-16,2026-05-16
"Music Row Single PDP Test",120244718915920327,"New Sales Ad Set",120244718915930327,"Music Row Static - Pride",120244723901460327,Feed,iphone,facebook,2026-05-16,not_delivering,ad,,,,Incremental,,,,,2026-05-11,Ongoing,2026-05-16,2026-05-16
"Prospecting Static CBO",120244285703060327,"Broad_Pack3 - May 9",120244619377280327,"9 Image + Discount",120244629176600327,Feed,android_smartphone,instagram,2026-05-16,not_delivering,ad,,,,Incremental,,,,,2026-05-09,Ongoing,2026-05-16,2026-05-16
"Music Row Single PDP Test",120244718915920327,"New Sales Ad Set",120244718915930327,"Music Row Static - Pride",120244723901460327,Feed,0,instagram,2026-05-16,not_delivering,ad,,,,Incremental,,,,,2026-05-11,Ongoing,2026-05-16,2026-05-16
"Music Row Single PDP Test",120244718915920327,"New Sales Ad Set",120244718915930327,"Music Row Static - Pride",120244723901460327,Feed,iphone,instagram,2026-05-16,not_delivering,ad,,,,Incremental,,,,,2026-05-11,Ongoing,2026-05-16,2026-05-16
"Music Row Single PDP Test",120244718915920327,"New Sales Ad Set",120244718915930327,"Music Row Static - Pride",120244723901460327,Feed,android_smartphone,facebook,2026-05-16,not_delivering,ad,,,,Incremental,,,,,2026-05-11,Ongoing,2026-05-16,2026-05-16
"Music Row Single PDP Test",120244718915920327,"New Sales Ad Set",120244718915930327,"Music Row Static - Pride",120244723901460327,"Facebook profile feed",iphone,facebook,2026-05-16,not_delivering,ad,,,,Incremental,,,,,2026-05-11,Ongoing,2026-05-16,2026-05-16
"Prospecting Static CBO",120244285703060327,"Broad_Pack3 - May 9",120244619377280327,"9 Image + Discount",120244629176600327,Feed,android_smartphone,facebook,2026-05-16,not_delivering,ad,,,,Incremental,,,,,2026-05-09,Ongoing,2026-05-16,2026-05-16
"Prospecting Static CBO",120244285703060327,"Broad_Pack3 - May 9",120244619377280327,"9 Image + Discount",120244629176600327,Feed,desktop,facebook,2026-05-16,not_delivering,ad,,,,Incremental,,,,,2026-05-09,Ongoing,2026-05-16,2026-05-16
"Prospecting Static CBO",120244285703060327,"Broad_Pack3 - May 9",120244619377280327,"9 Image + Discount",120244629176600327,Feed,iphone,facebook,2026-05-16,not_delivering,ad,,,,Incremental,,,,,2026-05-09,Ongoing,2026-05-16,2026-05-16
"Prospecting Static CBO",120244285703060327,"Broad_Pack3 - May 9",120244619377280327,"9 Image + Discount",120244629176600327,"Facebook Reels",iphone,facebook,2026-05-16,not_delivering,ad,,,,Incremental,,,,,2026-05-09,Ongoing,2026-05-16,2026-05-16
"Prospecting Static CBO",120244285703060327,"Broad_Pack3 - May 9",120244619377280327,"9 Image + Discount",120244629176600327,"Facebook Reels",0,facebook,2026-05-16,not_delivering,ad,,,,Incremental,,,,,2026-05-09,Ongoing,2026-05-16,2026-05-16
"Prospecting Static CBO",120244285703060327,"Broad_Pack3 - May 9",120244619377280327,"9 Image + Discount",120244629176600327,Feed,ipad,facebook,2026-05-16,not_delivering,ad,,,,Incremental,,,,,2026-05-09,Ongoing,2026-05-16,2026-05-16
"Video Ads",120244859763850327,"UGC Videos",120244859763860327,"Blue Shirt UGC",120244859763840327,"Facebook Reels",ipad,facebook,2026-05-15,not_delivering,ad,,,,Incremental,,,,,2026-05-13,Ongoing,2026-05-15,2026-05-15
"Video Ads",120244859763850327,"UGC Videos",120244859763860327,"Blue Shirt UGC",120244859763840327,Feed,iphone,instagram,2026-05-15,not_delivering,ad,,,,Incremental,,,,,2026-05-13,Ongoing,2026-05-15,2026-05-15
"Video Ads",120244859763850327,"UGC Videos",120244859763860327,"Blue Shirt UGC",120244859763840327,"Facebook Reels",iphone,facebook,2026-05-15,not_delivering,ad,,,,Incremental,,,,,2026-05-13,Ongoing,2026-05-15,2026-05-15
"Video Ads",120244859763850327,"UGC Videos",120244859763860327,"Blue Shirt UGC",120244859763840327,"Facebook Reels",android_smartphone,facebook,2026-05-15,not_delivering,ad,,,,Incremental,,,,,2026-05-13,Ongoing,2026-05-15,2026-05-15
"Video Ads",120244859763850327,"UGC Videos",120244859763860327,"Blue Shirt UGC",120244859763840327,Feed,iphone,facebook,2026-05-15,not_delivering,ad,,,,Incremental,,,,,2026-05-13,Ongoing,2026-05-15,2026-05-15
"Video Ads",120244859763850327,"UGC Videos",120244859763860327,"Blue Shirt UGC",120244859763840327,"Instagram Reels",iphone,instagram,2026-05-15,not_delivering,ad,,,,Incremental,,,,,2026-05-13,Ongoing,2026-05-15,2026-05-15
"Video Ads",120244859763850327,"UGC Videos",120244859763860327,"Blue Shirt UGC",120244859763840327,"Instagram Reels",android_smartphone,instagram,2026-05-15,not_delivering,ad,,,,Incremental,,,,,2026-05-13,Ongoing,2026-05-15,2026-05-15
"Video Ads",120244859763850327,"UGC Videos",120244859763860327,"Blue Shirt UGC",120244859763840327,"Instagram Reels",ipad,instagram,2026-05-15,not_delivering,ad,,,,Incremental,,,,,2026-05-13,Ongoing,2026-05-15,2026-05-15
"Video Ads",120244859763850327,"UGC Videos",120244859763860327,"Blue Shirt UGC",120244859763840327,Feed,0,facebook,2026-05-15,not_delivering,ad,,,,Incremental,,,,,2026-05-13,Ongoing,2026-05-15,2026-05-15
"Prospecting Static CBO",120244285703060327,Broad_Pack2,120244380430020327,"6 Images",120244439296070327,"Search results",iphone,facebook,2026-05-15,inactive,ad,,,,"7-day click, 1-day view, or 1-day engaged-view",,,,,2026-05-05,Ongoing,2026-05-15,2026-05-15
"Prospecting Static CBO",120244285703060327,Broad_Pack2,120244380430020327,"6 Images",120244439296070327,"Search results",0,facebook,2026-05-15,inactive,ad,,,,"7-day click, 1-day view, or 1-day engaged-view",,,,,2026-05-05,Ongoing,2026-05-15,2026-05-15
"Music Row Single PDP Test",120244718915920327,"New Sales Ad Set",120244718915930327,"Music Row Static - Pride",120244723901460327,Unknown,0,unknown,2026-05-15,not_delivering,ad,,,,Incremental,,,,,2026-05-11,Ongoing,2026-05-15,2026-05-15
"Prospecting Static CBO",120244285703060327,Broad_Pack2,120244380430020327,"6 Images",120244439296070327,Feed,desktop,facebook,2026-05-15,inactive,ad,,,,"7-day click, 1-day view, or 1-day engaged-view",,,,,2026-05-05,Ongoing,2026-05-15,2026-05-15
"Prospecting Static CBO",120244285703060327,Broad_Pack2,120244380430020327,"6 Images",120244439296070327,Feed,iphone,facebook,2026-05-15,inactive,ad,,,,"7-day click, 1-day view, or 1-day engaged-view",,,,,2026-05-05,Ongoing,2026-05-15,2026-05-15
"Prospecting Static CBO",120244285703060327,Broad_Pack2,120244380430020327,"6 Images",120244439296070327,Feed,0,facebook,2026-05-15,inactive,ad,,,,"7-day click, 1-day view, or 1-day engaged-view",,,,,2026-05-05,Ongoing,2026-05-15,2026-05-15
"Prospecting Static CBO",120244285703060327,Broad_Pack2,120244380430020327,"6 Images",120244439296070327,"Instagram Reels",0,instagram,2026-05-15,inactive,ad,,,,"7-day click, 1-day view, or 1-day engaged-view",,,,,2026-05-05,Ongoing,2026-05-15,2026-05-15
"Prospecting Static CBO",120244285703060327,Broad_Pack2,120244380430020327,"6 Images",120244439296070327,"Facebook Reels",iphone,facebook,2026-05-15,inactive,ad,,,,"7-day click, 1-day view, or 1-day engaged-view",,,,,2026-05-05,Ongoing,2026-05-15,2026-05-15
"Prospecting Static CBO",120244285703060327,Broad_Pack2,120244380430020327,"6 Images",120244439296070327,Feed,0,instagram,2026-05-15,inactive,ad,,,,"7-day click, 1-day view, or 1-day engaged-view",,,,,2026-05-05,Ongoing,2026-05-15,2026-05-15
"Prospecting Static CBO",120244285703060327,Broad_Pack2,120244380430020327,"6 Images",120244439296070327,Feed,iphone,instagram,2026-05-15,inactive,ad,,,,"7-day click, 1-day view, or 1-day engaged-view",,,,,2026-05-05,Ongoing,2026-05-15,2026-05-15
"Prospecting Static CBO",120244285703060327,Broad_Pack1,120244285703070327,"Multiple Pieces",120244294666470327,"Instagram Stories",0,instagram,2026-05-15,inactive,ad,,,,"7-day click, 1-day view, or 1-day engaged-view",,,,,2026-05-03,Ongoing,2026-05-15,2026-05-15
"Prospecting Static CBO",120244285703060327,Broad_Pack1,120244285703070327,"Multiple Pieces",120244294666470327,Feed,0,facebook,2026-05-15,inactive,ad,,,,"7-day click, 1-day view, or 1-day engaged-view",,,,,2026-05-03,Ongoing,2026-05-15,2026-05-15
"Prospecting Static CBO",120244285703060327,Broad_Pack1,120244285703070327,"Multiple Pieces",120244294666470327,Feed,iphone,instagram,2026-05-15,inactive,ad,,,,"7-day click, 1-day view, or 1-day engaged-view",,,,,2026-05-03,Ongoing,2026-05-15,2026-05-15
"Prospecting Static CBO",120244285703060327,Broad_Pack1,120244285703070327,"Multiple Pieces",120244294666470327,Feed,0,instagram,2026-05-15,inactive,ad,,,,"7-day click, 1-day view, or 1-day engaged-view",,,,,2026-05-03,Ongoing,2026-05-15,2026-05-15
"Video Ads",120244859763850327,"UGC Videos",120244859763860327,"Blue Shirt UGC",120244859763840327,"Instagram Stories",iphone,instagram,2026-05-15,not_delivering,ad,,,,Incremental,,,,,2026-05-13,Ongoing,2026-05-15,2026-05-15
"Video Ads",120244859763850327,"UGC Videos",120244859763860327,"Blue Shirt UGC",120244859763840327,Marketplace,iphone,facebook,2026-05-15,not_delivering,ad,,,,Incremental,,,,,2026-05-13,Ongoing,2026-05-15,2026-05-15
"Music Row Single PDP Test",120244718915920327,"New Sales Ad Set",120244718915930327,"Music Row Static - Pride",120244723901460327,Feed,iphone,facebook,2026-05-15,not_delivering,ad,,,,Incremental,,,,,2026-05-11,Ongoing,2026-05-15,2026-05-15
"Video Ads",120244859763850327,"UGC Videos",120244859763860327,"Blue Shirt UGC",120244859763840327,"Instagram Stories",ipad,instagram,2026-05-15,not_delivering,ad,,,,Incremental,,,,,2026-05-13,Ongoing,2026-05-15,2026-05-15
"Prospecting Static CBO",120244285703060327,"Broad_Pack3 - May 9",120244619377280327,"9 Image + Discount",120244629176600327,"Instagram Stories",iphone,instagram,2026-05-15,not_delivering,ad,,,,Incremental,,,,,2026-05-09,Ongoing,2026-05-15,2026-05-15
"Music Row Single PDP Test",120244718915920327,"New Sales Ad Set",120244718915930327,"Music Row Static - Pride",120244723901460327,Feed,0,facebook,2026-05-15,not_delivering,ad,,,,Incremental,,,,,2026-05-11,Ongoing,2026-05-15,2026-05-15
"Music Row Single PDP Test",120244718915920327,"New Sales Ad Set",120244718915930327,"Music Row Static - Pride",120244723901460327,Feed,android_tablet,facebook,2026-05-15,not_delivering,ad,,,,Incremental,,,,,2026-05-11,Ongoing,2026-05-15,2026-05-15
"Music Row Single PDP Test",120244718915920327,"New Sales Ad Set",120244718915930327,"Music Row Static - Pride",120244723901460327,Feed,android_smartphone,facebook,2026-05-15,not_delivering,ad,,,,Incremental,,,,,2026-05-11,Ongoing,2026-05-15,2026-05-15
"Music Row Single PDP Test",120244718915920327,"New Sales Ad Set",120244718915930327,"Music Row Static - Pride",120244723901460327,"Threads feed",iphone,threads,2026-05-15,not_delivering,ad,,,,Incremental,,,,,2026-05-11,Ongoing,2026-05-15,2026-05-15
"Music Row Single PDP Test",120244718915920327,"New Sales Ad Set",120244718915930327,"Music Row Static - Pride",120244723901460327,Feed,0,instagram,2026-05-15,not_delivering,ad,,,,Incremental,,,,,2026-05-11,Ongoing,2026-05-15,2026-05-15
"Music Row Single PDP Test",120244718915920327,"New Sales Ad Set",120244718915930327,"Music Row Static - Pride",120244723901460327,Feed,ipad,instagram,2026-05-15,not_delivering,ad,,,,Incremental,,,,,2026-05-11,Ongoing,2026-05-15,2026-05-15
"Prospecting Static CBO",120244285703060327,"Broad_Pack3 - May 9",120244619377280327,"3 Image + Copy",120244627624380327,Feed,0,facebook,2026-05-15,inactive,ad,,,,Incremental,,,,,2026-05-09,Ongoing,2026-05-15,2026-05-15
"Music Row Single PDP Test",120244718915920327,"New Sales Ad Set",120244718915930327,"Music Row Static - Pride",120244723901460327,Feed,android_smartphone,instagram,2026-05-15,not_delivering,ad,,,,Incremental,,,,,2026-05-11,Ongoing,2026-05-15,2026-05-15
"Prospecting Static CBO",120244285703060327,"Broad_Pack3 - May 9",120244619377280327,"9 Image + Discount",120244629176600327,"Instagram Stories",0,instagram,2026-05-15,not_delivering,ad,,,,Incremental,,,,,2026-05-09,Ongoing,2026-05-15,2026-05-15
"Music Row Single PDP Test",120244718915920327,"New Sales Ad Set",120244718915930327,"Music Row Static - Pride",120244723901460327,Feed,iphone,instagram,2026-05-15,not_delivering,ad,,,,Incremental,,,,,2026-05-11,Ongoing,2026-05-15,2026-05-15
"Prospecting Static CBO",120244285703060327,"Broad_Pack3 - May 9",120244619377280327,"9 Image + Discount",120244629176600327,"Search results",0,facebook,2026-05-15,not_delivering,ad,,,,Incremental,,,,,2026-05-09,Ongoing,2026-05-15,2026-05-15
"Prospecting Static CBO",120244285703060327,"Broad_Pack3 - May 9",120244619377280327,"9 Image + Discount",120244629176600327,"Instagram Reels",0,instagram,2026-05-15,not_delivering,ad,,,,Incremental,,,,,2026-05-09,Ongoing,2026-05-15,2026-05-15
"Prospecting Static CBO",120244285703060327,"Broad_Pack3 - May 9",120244619377280327,"9 Image + Discount",120244629176600327,Feed,0,instagram,2026-05-15,not_delivering,ad,,,,Incremental,,,,,2026-05-09,Ongoing,2026-05-15,2026-05-15
"Prospecting Static CBO",120244285703060327,"Broad_Pack3 - May 9",120244619377280327,"9 Image + Discount",120244629176600327,"Search results",iphone,facebook,2026-05-15,not_delivering,ad,,,,Incremental,,,,,2026-05-09,Ongoing,2026-05-15,2026-05-15
"Prospecting Static CBO",120244285703060327,"Broad_Pack3 - May 9",120244619377280327,"9 Image + Discount",120244629176600327,"Instagram Reels",iphone,instagram,2026-05-15,not_delivering,ad,,,,Incremental,,,,,2026-05-09,Ongoing,2026-05-15,2026-05-15
"Prospecting Static CBO",120244285703060327,"Broad_Pack3 - May 9",120244619377280327,"9 Image + Discount",120244629176600327,"Instagram Reels",ipad,instagram,2026-05-15,not_delivering,ad,,,,Incremental,,,,,2026-05-09,Ongoing,2026-05-15,2026-05-15
"Prospecting Static CBO",120244285703060327,"Broad_Pack3 - May 9",120244619377280327,"9 Image + Discount",120244629176600327,Feed,iphone,instagram,2026-05-15,not_delivering,ad,,,,Incremental,,,,,2026-05-09,Ongoing,2026-05-15,2026-05-15
"Prospecting Static CBO",120244285703060327,"Broad_Pack3 - May 9",120244619377280327,"9 Image + Discount",120244629176600327,Feed,0,facebook,2026-05-15,not_delivering,ad,,,,Incremental,,,,,2026-05-09,Ongoing,2026-05-15,2026-05-15
"Prospecting Static CBO",120244285703060327,"Broad_Pack3 - May 9",120244619377280327,"9 Image + Discount",120244629176600327,Feed,iphone,facebook,2026-05-15,not_delivering,ad,,,,Incremental,,,,,2026-05-09,Ongoing,2026-05-15,2026-05-15
"Prospecting Static CBO",120244285703060327,"Broad_Pack3 - May 9",120244619377280327,"9 Image + Discount",120244629176600327,Feed,desktop,facebook,2026-05-15,not_delivering,ad,,,,Incremental,,,,,2026-05-09,Ongoing,2026-05-15,2026-05-15
"Prospecting Static CBO",120244285703060327,"Broad_Pack3 - May 9",120244619377280327,"9 Image + Discount",120244629176600327,Feed,android_smartphone,facebook,2026-05-15,not_delivering,ad,,,,Incremental,,,,,2026-05-09,Ongoing,2026-05-15,2026-05-15
"Prospecting Static CBO",120244285703060327,Broad_Pack2,120244380430020327,"6 Images",120244439296070327,Feed,0,facebook,2026-05-14,inactive,ad,,,,"7-day click, 1-day view, or 1-day engaged-view",,,,,2026-05-05,Ongoing,2026-05-14,2026-05-14
"Video Ads",120244859763850327,"UGC Videos",120244859763860327,"Blue Shirt UGC",120244859763840327,"Instagram Reels",iphone,instagram,2026-05-14,not_delivering,ad,,,,Incremental,,,,,2026-05-13,Ongoing,2026-05-14,2026-05-14
"Video Ads",120244859763850327,"UGC Videos",120244859763860327,"Blue Shirt UGC",120244859763840327,"Instagram Reels",android_smartphone,instagram,2026-05-14,not_delivering,ad,,,,Incremental,,,,,2026-05-13,Ongoing,2026-05-14,2026-05-14
"Video Ads",120244859763850327,"UGC Videos",120244859763860327,"Blue Shirt UGC",120244859763840327,"Facebook Reels",ipad,facebook,2026-05-14,not_delivering,ad,,,,Incremental,,,,,2026-05-13,Ongoing,2026-05-14,2026-05-14
"Video Ads",120244859763850327,"UGC Videos",120244859763860327,"Blue Shirt UGC",120244859763840327,"Facebook Reels",0,facebook,2026-05-14,not_delivering,ad,,,,Incremental,,,,,2026-05-13,Ongoing,2026-05-14,2026-05-14
"Video Ads",120244859763850327,"UGC Videos",120244859763860327,"Blue Shirt UGC",120244859763840327,"Facebook Reels",android_smartphone,facebook,2026-05-14,not_delivering,ad,,,,Incremental,,,,,2026-05-13,Ongoing,2026-05-14,2026-05-14
"Video Ads",120244859763850327,"UGC Videos",120244859763860327,"Blue Shirt UGC",120244859763840327,"Facebook Reels",iphone,facebook,2026-05-14,not_delivering,ad,,,,Incremental,,,,,2026-05-13,Ongoing,2026-05-14,2026-05-14
"Video Ads",120244859763850327,"UGC Videos",120244859763860327,"Blue Shirt UGC",120244859763840327,Feed,android_smartphone,instagram,2026-05-14,not_delivering,ad,,,,Incremental,,,,,2026-05-13,Ongoing,2026-05-14,2026-05-14
"Video Ads",120244859763850327,"UGC Videos",120244859763860327,"Blue Shirt UGC",120244859763840327,Feed,0,instagram,2026-05-14,not_delivering,ad,,,,Incremental,,,,,2026-05-13,Ongoing,2026-05-14,2026-05-14
"Prospecting Static CBO",120244285703060327,Broad_Pack2,120244380430020327,"6 Images",120244439296070327,Marketplace,iphone,facebook,2026-05-14,inactive,ad,,,,"7-day click, 1-day view, or 1-day engaged-view",,,,,2026-05-05,Ongoing,2026-05-14,2026-05-14
"Prospecting Static CBO",120244285703060327,Broad_Pack2,120244380430020327,"6 Images",120244439296070327,Feed,android_smartphone,facebook,2026-05-14,inactive,ad,,,,"7-day click, 1-day view, or 1-day engaged-view",,,,,2026-05-05,Ongoing,2026-05-14,2026-05-14
"Prospecting Static CBO",120244285703060327,Broad_Pack2,120244380430020327,"6 Images",120244439296070327,Feed,iphone,facebook,2026-05-14,inactive,ad,,,,"7-day click, 1-day view, or 1-day engaged-view",,,,,2026-05-05,Ongoing,2026-05-14,2026-05-14
"Video Ads",120244859763850327,"UGC Videos",120244859763860327,"Blue Shirt UGC",120244859763840327,Feed,iphone,instagram,2026-05-14,not_delivering,ad,,,,Incremental,,,,,2026-05-13,Ongoing,2026-05-14,2026-05-14
"Prospecting Static CBO",120244285703060327,Broad_Pack2,120244380430020327,"6 Images",120244439296070327,"Threads feed",0,threads,2026-05-14,inactive,ad,,,,"7-day click, 1-day view, or 1-day engaged-view",,,,,2026-05-05,Ongoing,2026-05-14,2026-05-14
"Prospecting Static CBO",120244285703060327,Broad_Pack2,120244380430020327,"6 Images",120244439296070327,"Threads feed",iphone,threads,2026-05-14,inactive,ad,,,,"7-day click, 1-day view, or 1-day engaged-view",,,,,2026-05-05,Ongoing,2026-05-14,2026-05-14
"Prospecting Static CBO",120244285703060327,Broad_Pack2,120244380430020327,"6 Images",120244439296070327,Feed,ipad,instagram,2026-05-14,inactive,ad,,,,"7-day click, 1-day view, or 1-day engaged-view",,,,,2026-05-05,Ongoing,2026-05-14,2026-05-14
"Prospecting Static CBO",120244285703060327,Broad_Pack2,120244380430020327,"6 Images",120244439296070327,Feed,iphone,instagram,2026-05-14,inactive,ad,,,,"7-day click, 1-day view, or 1-day engaged-view",,,,,2026-05-05,Ongoing,2026-05-14,2026-05-14
"Prospecting Static CBO",120244285703060327,Broad_Pack2,120244380430020327,"6 Images",120244439296070327,Feed,0,instagram,2026-05-14,inactive,ad,,,,"7-day click, 1-day view, or 1-day engaged-view",,,,,2026-05-05,Ongoing,2026-05-14,2026-05-14
"Prospecting Static CBO",120244285703060327,Broad_Pack1,120244285703070327,"Multiple Pieces",120244294666470327,"Instagram Stories",iphone,instagram,2026-05-14,inactive,ad,,,,"7-day click, 1-day view, or 1-day engaged-view",,,,,2026-05-03,Ongoing,2026-05-14,2026-05-14
"Prospecting Static CBO",120244285703060327,Broad_Pack1,120244285703070327,"Multiple Pieces",120244294666470327,"Instagram Stories",0,instagram,2026-05-14,inactive,ad,,,,"7-day click, 1-day view, or 1-day engaged-view",,,,,2026-05-03,Ongoing,2026-05-14,2026-05-14
"Prospecting Static CBO",120244285703060327,Broad_Pack1,120244285703070327,"Multiple Pieces",120244294666470327,"Search results",0,facebook,2026-05-14,inactive,ad,,,,"7-day click, 1-day view, or 1-day engaged-view",,,,,2026-05-03,Ongoing,2026-05-14,2026-05-14
"Prospecting Static CBO",120244285703060327,Broad_Pack1,120244285703070327,"Multiple Pieces",120244294666470327,"Search results",iphone,facebook,2026-05-14,inactive,ad,,,,"7-day click, 1-day view, or 1-day engaged-view",,,,,2026-05-03,Ongoing,2026-05-14,2026-05-14
"Prospecting Static CBO",120244285703060327,Broad_Pack1,120244285703070327,"Multiple Pieces",120244294666470327,Feed,android_smartphone,facebook,2026-05-14,inactive,ad,,,,"7-day click, 1-day view, or 1-day engaged-view",,,,,2026-05-03,Ongoing,2026-05-14,2026-05-14
"Prospecting Static CBO",120244285703060327,Broad_Pack1,120244285703070327,"Multiple Pieces",120244294666470327,Feed,iphone,facebook,2026-05-14,inactive,ad,,,,"7-day click, 1-day view, or 1-day engaged-view",,,,,2026-05-03,Ongoing,2026-05-14,2026-05-14
"Prospecting Static CBO",120244285703060327,Broad_Pack1,120244285703070327,"Multiple Pieces",120244294666470327,Feed,0,facebook,2026-05-14,inactive,ad,,,,"7-day click, 1-day view, or 1-day engaged-view",,,,,2026-05-03,Ongoing,2026-05-14,2026-05-14
"Video Ads",120244859763850327,"UGC Videos",120244859763860327,"Blue Shirt UGC",120244859763840327,"Instagram Reels",ipad,instagram,2026-05-14,not_delivering,ad,,,,Incremental,,,,,2026-05-13,Ongoing,2026-05-14,2026-05-14
"Video Ads",120244859763850327,"UGC Videos",120244859763860327,"Blue Shirt UGC",120244859763840327,"Instagram Reels",0,instagram,2026-05-14,not_delivering,ad,,,,Incremental,,,,,2026-05-13,Ongoing,2026-05-14,2026-05-14
"Prospecting Static CBO",120244285703060327,"Broad_Pack4 - May 14",120244860329750327,"Avatar - Gift 3",120244920753240327,Feed,desktop,facebook,2026-05-14,not_delivering,ad,,,,Incremental,,,,,2026-05-14,Ongoing,2026-05-14,2026-05-14
"Video Ads",120244859763850327,"UGC Videos",120244859763860327,"Blue Shirt UGC",120244859763840327,Feed,iphone,facebook,2026-05-14,not_delivering,ad,,,,Incremental,,,,,2026-05-13,Ongoing,2026-05-14,2026-05-14
"Prospecting Static CBO",120244285703060327,"Broad_Pack3 - May 9",120244619377280327,"9 Image + Discount",120244629176600327,"Facebook Reels",0,facebook,2026-05-14,not_delivering,ad,,,,Incremental,,,,,2026-05-09,Ongoing,2026-05-14,2026-05-14
"Video Ads",120244859763850327,"UGC Videos",120244859763860327,"Blue Shirt UGC",120244859763840327,Feed,android_smartphone,facebook,2026-05-14,not_delivering,ad,,,,Incremental,,,,,2026-05-13,Ongoing,2026-05-14,2026-05-14
"Music Row Single PDP Test",120244718915920327,"New Sales Ad Set",120244718915930327,"Music Row Static - Pride",120244723901460327,Feed,iphone,facebook,2026-05-14,not_delivering,ad,,,,Incremental,,,,,2026-05-11,Ongoing,2026-05-14,2026-05-14
"Music Row Single PDP Test",120244718915920327,"New Sales Ad Set",120244718915930327,"Music Row Static - Pride",120244723901460327,Feed,android_smartphone,facebook,2026-05-14,not_delivering,ad,,,,Incremental,,,,,2026-05-11,Ongoing,2026-05-14,2026-05-14
"Music Row Single PDP Test",120244718915920327,"New Sales Ad Set",120244718915930327,"Music Row Static - Pride",120244723901460327,Feed,0,facebook,2026-05-14,not_delivering,ad,,,,Incremental,,,,,2026-05-11,Ongoing,2026-05-14,2026-05-14
"Music Row Single PDP Test",120244718915920327,"New Sales Ad Set",120244718915930327,"Music Row Static - Pride",120244723901460327,Feed,iphone,instagram,2026-05-14,not_delivering,ad,,,,Incremental,,,,,2026-05-11,Ongoing,2026-05-14,2026-05-14
"Music Row Single PDP Test",120244718915920327,"New Sales Ad Set",120244718915930327,"Music Row Static - Pride",120244723901460327,Feed,android_smartphone,instagram,2026-05-14,not_delivering,ad,,,,Incremental,,,,,2026-05-11,Ongoing,2026-05-14,2026-05-14
"Music Row Single PDP Test",120244718915920327,"New Sales Ad Set",120244718915930327,"Music Row Static - Pride",120244723901460327,Feed,0,instagram,2026-05-14,not_delivering,ad,,,,Incremental,,,,,2026-05-11,Ongoing,2026-05-14,2026-05-14
"Prospecting Static CBO",120244285703060327,"Broad_Pack3 - May 9",120244619377280327,"9 Image + Discount",120244629176600327,"Instagram Stories",iphone,instagram,2026-05-14,not_delivering,ad,,,,Incremental,,,,,2026-05-09,Ongoing,2026-05-14,2026-05-14
"Prospecting Static CBO",120244285703060327,"Broad_Pack3 - May 9",120244619377280327,"9 Image + Discount",120244629176600327,"Instagram Stories",0,instagram,2026-05-14,not_delivering,ad,,,,Incremental,,,,,2026-05-09,Ongoing,2026-05-14,2026-05-14
"Prospecting Static CBO",120244285703060327,"Broad_Pack3 - May 9",120244619377280327,"9 Image + Discount",120244629176600327,Feed,android_smartphone,facebook,2026-05-14,not_delivering,ad,,,,Incremental,,,,,2026-05-09,Ongoing,2026-05-14,2026-05-14
"Prospecting Static CBO",120244285703060327,"Broad_Pack3 - May 9",120244619377280327,"9 Image + Discount",120244629176600327,Feed,iphone,facebook,2026-05-14,not_delivering,ad,,,,Incremental,,,,,2026-05-09,Ongoing,2026-05-14,2026-05-14
"Prospecting Static CBO",120244285703060327,"Broad_Pack3 - May 9",120244619377280327,"9 Image + Discount",120244629176600327,Feed,0,facebook,2026-05-14,not_delivering,ad,,,,Incremental,,,,,2026-05-09,Ongoing,2026-05-14,2026-05-14
"Music Row Single PDP Test",120244718915920327,"New Sales Ad Set",120244718915930327,"Music Row Static - Pride",120244723901460327,Feed,desktop,facebook,2026-05-14,not_delivering,ad,,,,Incremental,,,,,2026-05-11,Ongoing,2026-05-14,2026-05-14
"Prospecting Static CBO",120244285703060327,"Broad_Pack3 - May 9",120244619377280327,"9 Image + Discount",120244629176600327,"Facebook Reels",android_smartphone,facebook,2026-05-14,not_delivering,ad,,,,Incremental,,,,,2026-05-09,Ongoing,2026-05-14,2026-05-14
"Video Ads",120244859763850327,"UGC Videos",120244859763860327,"Blue Shirt UGC",120244859763840327,Marketplace,android_smartphone,facebook,2026-05-14,not_delivering,ad,,,,Incremental,,,,,2026-05-13,Ongoing,2026-05-14,2026-05-14
"Prospecting Static CBO",120244285703060327,"Broad_Pack3 - May 9",120244619377280327,"3 Image + Copy",120244627624380327,Feed,0,facebook,2026-05-14,inactive,ad,,,,Incremental,,,,,2026-05-09,Ongoing,2026-05-14,2026-05-14
"Video Ads",120244859763850327,"UGC Videos",120244859763860327,"Blue Shirt UGC",120244859763840327,Feed,ipad,facebook,2026-05-14,not_delivering,ad,,,,Incremental,,,,,2026-05-13,Ongoing,2026-05-14,2026-05-14
"Video Ads",120244859763850327,"UGC Videos",120244859763860327,"Blue Shirt UGC",120244859763840327,Feed,desktop,facebook,2026-05-14,not_delivering,ad,,,,Incremental,,,,,2026-05-13,Ongoing,2026-05-14,2026-05-14
"Video Ads",120244859763850327,"UGC Videos",120244859763860327,"Blue Shirt UGC",120244859763840327,"Search results",iphone,facebook,2026-05-14,not_delivering,ad,,,,Incremental,,,,,2026-05-13,Ongoing,2026-05-14,2026-05-14
"Video Ads",120244859763850327,"UGC Videos",120244859763860327,"Blue Shirt UGC",120244859763840327,Feed,0,facebook,2026-05-14,not_delivering,ad,,,,Incremental,,,,,2026-05-13,Ongoing,2026-05-14,2026-05-14
"Video Ads",120244859763850327,"UGC Videos",120244859763860327,"Blue Shirt UGC",120244859763840327,"Instagram Stories",iphone,instagram,2026-05-14,not_delivering,ad,,,,Incremental,,,,,2026-05-13,Ongoing,2026-05-14,2026-05-14
"Prospecting Static CBO",120244285703060327,"Broad_Pack4 - May 14",120244860329750327,"Avatar - Gift 3",120244920753240327,Feed,iphone,facebook,2026-05-14,not_delivering,ad,,,,Incremental,,,,,2026-05-14,Ongoing,2026-05-14,2026-05-14
"Prospecting Static CBO",120244285703060327,"Broad_Pack4 - May 14",120244860329750327,"Avatar - Gift 3",120244920753240327,Feed,0,facebook,2026-05-14,not_delivering,ad,,,,Incremental,,,,,2026-05-14,Ongoing,2026-05-14,2026-05-14
"Prospecting Static CBO",120244285703060327,"Broad_Pack3 - May 9",120244619377280327,"3 Image + Copy",120244627624380327,Feed,iphone,facebook,2026-05-14,inactive,ad,,,,Incremental,,,,,2026-05-09,Ongoing,2026-05-14,2026-05-14
"Video Ads",120244859763850327,"UGC Videos",120244859763860327,"Blue Shirt UGC",120244859763840327,"Instagram Stories",0,instagram,2026-05-14,not_delivering,ad,,,,Incremental,,,,,2026-05-13,Ongoing,2026-05-14,2026-05-14
"Video Ads",120244859763850327,"UGC Videos",120244859763860327,"Blue Shirt UGC",120244859763840327,"Facebook Reels",android_smartphone,facebook,2026-05-13,not_delivering,ad,,,,Incremental,,,,,2026-05-13,Ongoing,2026-05-13,2026-05-13
"Video Ads",120244859763850327,"UGC Videos",120244859763860327,"Blue Shirt UGC",120244859763840327,Feed,android_smartphone,instagram,2026-05-13,not_delivering,ad,,,,Incremental,,,,,2026-05-13,Ongoing,2026-05-13,2026-05-13
"Video Ads",120244859763850327,"UGC Videos",120244859763860327,"Blue Shirt UGC",120244859763840327,Feed,ipad,instagram,2026-05-13,not_delivering,ad,,,,Incremental,,,,,2026-05-13,Ongoing,2026-05-13,2026-05-13
"Video Ads",120244859763850327,"UGC Videos",120244859763860327,"Blue Shirt UGC",120244859763840327,"Facebook Reels",iphone,facebook,2026-05-13,not_delivering,ad,,,,Incremental,,,,,2026-05-13,Ongoing,2026-05-13,2026-05-13
"Video Ads",120244859763850327,"UGC Videos",120244859763860327,"Blue Shirt UGC",120244859763840327,"Facebook Reels",0,facebook,2026-05-13,not_delivering,ad,,,,Incremental,,,,,2026-05-13,Ongoing,2026-05-13,2026-05-13
"Video Ads",120244859763850327,"UGC Videos",120244859763860327,"Blue Shirt UGC",120244859763840327,"Instagram Reels",iphone,instagram,2026-05-13,not_delivering,ad,,,,Incremental,,,,,2026-05-13,Ongoing,2026-05-13,2026-05-13
"Video Ads",120244859763850327,"UGC Videos",120244859763860327,"Blue Shirt UGC",120244859763840327,"Facebook Reels",ipad,facebook,2026-05-13,not_delivering,ad,,,,Incremental,,,,,2026-05-13,Ongoing,2026-05-13,2026-05-13
"Video Ads",120244859763850327,"UGC Videos",120244859763860327,"Blue Shirt UGC",120244859763840327,"Instagram Reels",0,instagram,2026-05-13,not_delivering,ad,,,,Incremental,,,,,2026-05-13,Ongoing,2026-05-13,2026-05-13
"Video Ads",120244859763850327,"UGC Videos",120244859763860327,"Blue Shirt UGC",120244859763840327,"Instagram Reels",android_smartphone,instagram,2026-05-13,not_delivering,ad,,,,Incremental,,,,,2026-05-13,Ongoing,2026-05-13,2026-05-13
"Video Ads",120244859763850327,"UGC Videos",120244859763860327,"Blue Shirt UGC",120244859763840327,Feed,iphone,facebook,2026-05-13,not_delivering,ad,,,,Incremental,,,,,2026-05-13,Ongoing,2026-05-13,2026-05-13
"Prospecting Static CBO",120244285703060327,"Broad_Pack3 - May 9",120244619377280327,"Customer Success Ad",120244677830690327,Feed,0,instagram,2026-05-13,not_delivering,ad,,,,Incremental,,,,,2026-05-09,Ongoing,2026-05-13,2026-05-13
"Video Ads",120244859763850327,"UGC Videos",120244859763860327,"Blue Shirt UGC",120244859763840327,Feed,android_smartphone,facebook,2026-05-13,not_delivering,ad,,,,Incremental,,,,,2026-05-13,Ongoing,2026-05-13,2026-05-13
"Video Ads",120244859763850327,"UGC Videos",120244859763860327,"Blue Shirt UGC",120244859763840327,Feed,iphone,instagram,2026-05-13,not_delivering,ad,,,,Incremental,,,,,2026-05-13,Ongoing,2026-05-13,2026-05-13
"Prospecting Static CBO",120244285703060327,Broad_Pack2,120244380430020327,"6 Images",120244439296070327,Feed,iphone,instagram,2026-05-13,inactive,ad,,,,"7-day click, 1-day view, or 1-day engaged-view",,,,,2026-05-05,Ongoing,2026-05-13,2026-05-13
"Prospecting Static CBO",120244285703060327,"Broad_Pack3 - May 9",120244619377280327,"Customer Success Ad",120244677830690327,Feed,iphone,instagram,2026-05-13,not_delivering,ad,,,,Incremental,,,,,2026-05-09,Ongoing,2026-05-13,2026-05-13
"Prospecting Static CBO",120244285703060327,Broad_Pack2,120244380430020327,"6 Images",120244439296070327,Feed,0,facebook,2026-05-13,inactive,ad,,,,"7-day click, 1-day view, or 1-day engaged-view",,,,,2026-05-05,Ongoing,2026-05-13,2026-05-13
"Prospecting Static CBO",120244285703060327,Broad_Pack2,120244380430020327,"6 Images",120244439296070327,Feed,desktop,facebook,2026-05-13,inactive,ad,,,,"7-day click, 1-day view, or 1-day engaged-view",,,,,2026-05-05,Ongoing,2026-05-13,2026-05-13
"Prospecting Static CBO",120244285703060327,Broad_Pack2,120244380430020327,"6 Images",120244439296070327,Feed,iphone,facebook,2026-05-13,inactive,ad,,,,"7-day click, 1-day view, or 1-day engaged-view",,,,,2026-05-05,Ongoing,2026-05-13,2026-05-13
"Prospecting Static CBO",120244285703060327,Broad_Pack2,120244380430020327,"6 Images",120244439296070327,Feed,0,instagram,2026-05-13,inactive,ad,,,,"7-day click, 1-day view, or 1-day engaged-view",,,,,2026-05-05,Ongoing,2026-05-13,2026-05-13
"Prospecting Static CBO",120244285703060327,"Broad_Pack3 - May 9",120244619377280327,"1 Image + Mockup",120244627442420327,Feed,0,facebook,2026-05-13,inactive,ad,,,,Incremental,,,,,2026-05-09,Ongoing,2026-05-13,2026-05-13
"Prospecting Static CBO",120244285703060327,"Broad_Pack3 - May 9",120244619377280327,"1 Image + Mockup",120244627442420327,Feed,iphone,facebook,2026-05-13,inactive,ad,,,,Incremental,,,,,2026-05-09,Ongoing,2026-05-13,2026-05-13
"Prospecting Static CBO",120244285703060327,Broad_Pack1,120244285703070327,"Multiple Pieces",120244294666470327,"Instagram Stories",0,instagram,2026-05-13,inactive,ad,,,,"7-day click, 1-day view, or 1-day engaged-view",,,,,2026-05-03,Ongoing,2026-05-13,2026-05-13
"Prospecting Static CBO",120244285703060327,Broad_Pack1,120244285703070327,"Multiple Pieces",120244294666470327,"Instagram Stories",iphone,instagram,2026-05-13,inactive,ad,,,,"7-day click, 1-day view, or 1-day engaged-view",,,,,2026-05-03,Ongoing,2026-05-13,2026-05-13
"Prospecting Static CBO",120244285703060327,Broad_Pack1,120244285703070327,"Multiple Pieces",120244294666470327,Feed,iphone,facebook,2026-05-13,inactive,ad,,,,"7-day click, 1-day view, or 1-day engaged-view",,,,,2026-05-03,Ongoing,2026-05-13,2026-05-13
"Prospecting Static CBO",120244285703060327,Broad_Pack1,120244285703070327,"Multiple Pieces",120244294666470327,Feed,0,facebook,2026-05-13,inactive,ad,,,,"7-day click, 1-day view, or 1-day engaged-view",,,,,2026-05-03,Ongoing,2026-05-13,2026-05-13
"Prospecting Static CBO",120244285703060327,Broad_Pack1,120244285703070327,"Multiple Pieces",120244294666470327,Feed,0,instagram,2026-05-13,inactive,ad,,,,"7-day click, 1-day view, or 1-day engaged-view",,,,,2026-05-03,Ongoing,2026-05-13,2026-05-13
"Prospecting Static CBO",120244285703060327,Broad_Pack1,120244285703070327,"Multiple Pieces",120244294666470327,Feed,iphone,instagram,2026-05-13,inactive,ad,,,,"7-day click, 1-day view, or 1-day engaged-view",,,,,2026-05-03,Ongoing,2026-05-13,2026-05-13
"Video Ads",120244859763850327,"UGC Videos",120244859763860327,"Blue Shirt UGC",120244859763840327,Feed,ipad,facebook,2026-05-13,not_delivering,ad,,,,Incremental,,,,,2026-05-13,Ongoing,2026-05-13,2026-05-13
"Video Ads",120244859763850327,"UGC Videos",120244859763860327,"Blue Shirt UGC",120244859763840327,Feed,desktop,facebook,2026-05-13,not_delivering,ad,,,,Incremental,,,,,2026-05-13,Ongoing,2026-05-13,2026-05-13
"Video Ads",120244859763850327,"UGC Videos",120244859763860327,"Blue Shirt UGC",120244859763840327,Feed,0,facebook,2026-05-13,not_delivering,ad,,,,Incremental,,,,,2026-05-13,Ongoing,2026-05-13,2026-05-13
"Prospecting Static CBO",120244285703060327,"Broad_Pack3 - May 9",120244619377280327,"9 Image + Discount",120244629176600327,"Search results",0,facebook,2026-05-13,not_delivering,ad,,,,Incremental,,,,,2026-05-09,Ongoing,2026-05-13,2026-05-13
"Video Ads",120244859763850327,"UGC Videos",120244859763860327,"Blue Shirt UGC",120244859763840327,"Instagram Stories",iphone,instagram,2026-05-13,not_delivering,ad,,,,Incremental,,,,,2026-05-13,Ongoing,2026-05-13,2026-05-13
"Music Row Single PDP Test",120244718915920327,"New Sales Ad Set",120244718915930327,"Music Row Static - Pride",120244723901460327,Feed,ipad,facebook,2026-05-13,not_delivering,ad,,,,Incremental,,,,,2026-05-11,Ongoing,2026-05-13,2026-05-13
"Music Row Single PDP Test",120244718915920327,"New Sales Ad Set",120244718915930327,"Music Row Static - Pride",120244723901460327,Feed,iphone,facebook,2026-05-13,not_delivering,ad,,,,Incremental,,,,,2026-05-11,Ongoing,2026-05-13,2026-05-13
"Music Row Single PDP Test",120244718915920327,"New Sales Ad Set",120244718915930327,"Music Row Static - Pride",120244723901460327,Feed,android_smartphone,facebook,2026-05-13,not_delivering,ad,,,,Incremental,,,,,2026-05-11,Ongoing,2026-05-13,2026-05-13
"Music Row Single PDP Test",120244718915920327,"New Sales Ad Set",120244718915930327,"Music Row Static - Pride",120244723901460327,Feed,0,facebook,2026-05-13,not_delivering,ad,,,,Incremental,,,,,2026-05-11,Ongoing,2026-05-13,2026-05-13
"Music Row Single PDP Test",120244718915920327,"New Sales Ad Set",120244718915930327,"Music Row Static - Pride",120244723901460327,"Facebook Reels",0,facebook,2026-05-13,not_delivering,ad,,,,Incremental,,,,,2026-05-11,Ongoing,2026-05-13,2026-05-13
"Music Row Single PDP Test",120244718915920327,"New Sales Ad Set",120244718915930327,"Music Row Static - Pride",120244723901460327,"Facebook Reels",iphone,facebook,2026-05-13,not_delivering,ad,,,,Incremental,,,,,2026-05-11,Ongoing,2026-05-13,2026-05-13
"Music Row Single PDP Test",120244718915920327,"New Sales Ad Set",120244718915930327,"Music Row Static - Pride",120244723901460327,"Facebook Reels",android_smartphone,facebook,2026-05-13,not_delivering,ad,,,,Incremental,,,,,2026-05-11,Ongoing,2026-05-13,2026-05-13
"Music Row Single PDP Test",120244718915920327,"New Sales Ad Set",120244718915930327,"Music Row Static - Pride",120244723901460327,Feed,iphone,instagram,2026-05-13,not_delivering,ad,,,,Incremental,,,,,2026-05-11,Ongoing,2026-05-13,2026-05-13
"Prospecting Static CBO",120244285703060327,"Broad_Pack3 - May 9",120244619377280327,"9 Image + Discount",120244629176600327,"Instagram Stories",android_smartphone,instagram,2026-05-13,not_delivering,ad,,,,Incremental,,,,,2026-05-09,Ongoing,2026-05-13,2026-05-13
"Prospecting Static CBO",120244285703060327,"Broad_Pack3 - May 9",120244619377280327,"9 Image + Discount",120244629176600327,"Instagram Stories",iphone,instagram,2026-05-13,not_delivering,ad,,,,Incremental,,,,,2026-05-09,Ongoing,2026-05-13,2026-05-13
"Prospecting Static CBO",120244285703060327,"Broad_Pack3 - May 9",120244619377280327,"9 Image + Discount",120244629176600327,"Instagram Stories",0,instagram,2026-05-13,not_delivering,ad,,,,Incremental,,,,,2026-05-09,Ongoing,2026-05-13,2026-05-13
"Music Row Single PDP Test",120244718915920327,"New Sales Ad Set",120244718915930327,"Music Row Static - Pride",120244723901460327,Feed,0,instagram,2026-05-13,not_delivering,ad,,,,Incremental,,,,,2026-05-11,Ongoing,2026-05-13,2026-05-13
"Prospecting Static CBO",120244285703060327,"Broad_Pack3 - May 9",120244619377280327,"9 Image + Discount",120244629176600327,"Search results",iphone,facebook,2026-05-13,not_delivering,ad,,,,Incremental,,,,,2026-05-09,Ongoing,2026-05-13,2026-05-13
"Prospecting Static CBO",120244285703060327,"Broad_Pack3 - May 9",120244619377280327,"9 Image + Discount",120244629176600327,"Facebook Reels",iphone,facebook,2026-05-13,not_delivering,ad,,,,Incremental,,,,,2026-05-09,Ongoing,2026-05-13,2026-05-13
"Prospecting Static CBO",120244285703060327,"Broad_Pack3 - May 9",120244619377280327,"9 Image + Discount",120244629176600327,Feed,android_smartphone,facebook,2026-05-13,not_delivering,ad,,,,Incremental,,,,,2026-05-09,Ongoing,2026-05-13,2026-05-13
"Prospecting Static CBO",120244285703060327,"Broad_Pack3 - May 9",120244619377280327,"9 Image + Discount",120244629176600327,Feed,0,instagram,2026-05-13,not_delivering,ad,,,,Incremental,,,,,2026-05-09,Ongoing,2026-05-13,2026-05-13
"Prospecting Static CBO",120244285703060327,"Broad_Pack3 - May 9",120244619377280327,"9 Image + Discount",120244629176600327,Feed,iphone,instagram,2026-05-13,not_delivering,ad,,,,Incremental,,,,,2026-05-09,Ongoing,2026-05-13,2026-05-13
"Prospecting Static CBO",120244285703060327,"Broad_Pack3 - May 9",120244619377280327,"9 Image + Discount",120244629176600327,"Threads feed",iphone,threads,2026-05-13,not_delivering,ad,,,,Incremental,,,,,2026-05-09,Ongoing,2026-05-13,2026-05-13
"Prospecting Static CBO",120244285703060327,"Broad_Pack3 - May 9",120244619377280327,"9 Image + Discount",120244629176600327,"Threads feed",0,threads,2026-05-13,not_delivering,ad,,,,Incremental,,,,,2026-05-09,Ongoing,2026-05-13,2026-05-13
"Prospecting Static CBO",120244285703060327,Broad_Pack2,120244380430020327,"1 Image",120244382305550327,"Instagram Reels",0,instagram,2026-05-13,inactive,ad,,,,"7-day click, 1-day view, or 1-day engaged-view",,,,,2026-05-05,Ongoing,2026-05-13,2026-05-13
"Prospecting Static CBO",120244285703060327,"Broad_Pack3 - May 9",120244619377280327,"9 Image + Discount",120244629176600327,"Facebook Reels",0,facebook,2026-05-13,not_delivering,ad,,,,Incremental,,,,,2026-05-09,Ongoing,2026-05-13,2026-05-13
"Prospecting Static CBO",120244285703060327,"Broad_Pack3 - May 9",120244619377280327,"9 Image + Discount",120244629176600327,"Instagram Reels",0,instagram,2026-05-13,not_delivering,ad,,,,Incremental,,,,,2026-05-09,Ongoing,2026-05-13,2026-05-13
"Prospecting Static CBO",120244285703060327,"Broad_Pack3 - May 9",120244619377280327,"9 Image + Discount",120244629176600327,Feed,0,facebook,2026-05-13,not_delivering,ad,,,,Incremental,,,,,2026-05-09,Ongoing,2026-05-13,2026-05-13
"Prospecting Static CBO",120244285703060327,"Broad_Pack3 - May 9",120244619377280327,"9 Image + Discount",120244629176600327,Feed,iphone,facebook,2026-05-13,not_delivering,ad,,,,Incremental,,,,,2026-05-09,Ongoing,2026-05-13,2026-05-13
"Prospecting Static CBO",120244285703060327,"Broad_Pack3 - May 9",120244619377280327,"9 Image + Discount",120244629176600327,"Instagram Reels",iphone,instagram,2026-05-13,not_delivering,ad,,,,Incremental,,,,,2026-05-09,Ongoing,2026-05-13,2026-05-13
"Prospecting Static CBO",120244285703060327,"Broad_Pack3 - May 9",120244619377280327,"Customer Success Ad",120244677830690327,Feed,0,facebook,2026-05-12,not_delivering,ad,,,,Incremental,,,,,2026-05-09,Ongoing,2026-05-12,2026-05-12
"Prospecting Static CBO",120244285703060327,Broad_Pack2,120244380430020327,"6 Images",120244439296070327,"Instagram Stories",0,instagram,2026-05-12,inactive,ad,,,,"7-day click, 1-day view, or 1-day engaged-view",,,,,2026-05-05,Ongoing,2026-05-12,2026-05-12
"Prospecting Static CBO",120244285703060327,Broad_Pack2,120244380430020327,"6 Images",120244439296070327,"Instagram Stories",iphone,instagram,2026-05-12,inactive,ad,,,,"7-day click, 1-day view, or 1-day engaged-view",,,,,2026-05-05,Ongoing,2026-05-12,2026-05-12
"Prospecting Static CBO",120244285703060327,"Broad_Pack3 - May 9",120244619377280327,"Customer Success Ad",120244677830690327,"Facebook Reels",0,facebook,2026-05-12,not_delivering,ad,,,,Incremental,,,,,2026-05-09,Ongoing,2026-05-12,2026-05-12
"Prospecting Static CBO",120244285703060327,"Broad_Pack3 - May 9",120244619377280327,"Customer Success Ad",120244677830690327,"Facebook Reels",iphone,facebook,2026-05-12,not_delivering,ad,,,,Incremental,,,,,2026-05-09,Ongoing,2026-05-12,2026-05-12
"Prospecting Static CBO",120244285703060327,"Broad_Pack3 - May 9",120244619377280327,"5 Images + Copy",120244628572270327,Feed,0,facebook,2026-05-12,not_delivering,ad,,,,Incremental,,,,,2026-05-09,Ongoing,2026-05-12,2026-05-12
"Prospecting Static CBO",120244285703060327,"Broad_Pack3 - May 9",120244619377280327,"Customer Success Ad",120244677830690327,Feed,iphone,facebook,2026-05-12,not_delivering,ad,,,,Incremental,,,,,2026-05-09,Ongoing,2026-05-12,2026-05-12
"Prospecting Static CBO",120244285703060327,"Broad_Pack3 - May 9",120244619377280327,"5 Images + Copy",120244628572270327,Feed,iphone,facebook,2026-05-12,not_delivering,ad,,,,Incremental,,,,,2026-05-09,Ongoing,2026-05-12,2026-05-12
"Prospecting Static CBO",120244285703060327,Broad_Pack1,120244285703070327,"2 Image Static",120244287902620327,Feed,0,instagram,2026-05-12,inactive,ad,,,,"7-day click, 1-day view, or 1-day engaged-view",,,,,2026-05-03,Ongoing,2026-05-12,2026-05-12
"Prospecting Static CBO",120244285703060327,Broad_Pack1,120244285703070327,"2 Image Static",120244287902620327,Feed,iphone,instagram,2026-05-12,inactive,ad,,,,"7-day click, 1-day view, or 1-day engaged-view",,,,,2026-05-03,Ongoing,2026-05-12,2026-05-12
"Prospecting Static CBO",120244285703060327,Broad_Pack1,120244285703070327,"2 Image Static",120244287902620327,Feed,0,facebook,2026-05-12,inactive,ad,,,,"7-day click, 1-day view, or 1-day engaged-view",,,,,2026-05-03,Ongoing,2026-05-12,2026-05-12
"Prospecting Static CBO",120244285703060327,Broad_Pack2,120244380430020327,"6 Images",120244439296070327,Feed,0,facebook,2026-05-12,inactive,ad,,,,"7-day click, 1-day view, or 1-day engaged-view",,,,,2026-05-05,Ongoing,2026-05-12,2026-05-12
"Prospecting Static CBO",120244285703060327,Broad_Pack2,120244380430020327,"6 Images",120244439296070327,Feed,iphone,facebook,2026-05-12,inactive,ad,,,,"7-day click, 1-day view, or 1-day engaged-view",,,,,2026-05-05,Ongoing,2026-05-12,2026-05-12
"Prospecting Static CBO",120244285703060327,Broad_Pack2,120244380430020327,"1 Image",120244384524180327,Feed,0,facebook,2026-05-12,inactive,ad,,,,"7-day click, 1-day view, or 1-day engaged-view",,,,,2026-05-05,Ongoing,2026-05-12,2026-05-12
"Prospecting Static CBO",120244285703060327,Broad_Pack2,120244380430020327,"6 Images",120244439296070327,Feed,iphone,instagram,2026-05-12,inactive,ad,,,,"7-day click, 1-day view, or 1-day engaged-view",,,,,2026-05-05,Ongoing,2026-05-12,2026-05-12
"Prospecting Static CBO",120244285703060327,Broad_Pack2,120244380430020327,"6 Images",120244439296070327,Feed,0,instagram,2026-05-12,inactive,ad,,,,"7-day click, 1-day view, or 1-day engaged-view",,,,,2026-05-05,Ongoing,2026-05-12,2026-05-12
"Music Row Single PDP Test",120244718915920327,"New Sales Ad Set",120244718915930327,"Music Row Static - In Stock",120244718915940327,Feed,0,facebook,2026-05-12,not_delivering,ad,,,,Incremental,,,,,2026-05-11,Ongoing,2026-05-12,2026-05-12
"Music Row Single PDP Test",120244718915920327,"New Sales Ad Set",120244718915930327,"Music Row Static - In Stock",120244718915940327,Feed,iphone,facebook,2026-05-12,not_delivering,ad,,,,Incremental,,,,,2026-05-11,Ongoing,2026-05-12,2026-05-12
"Music Row Single PDP Test",120244718915920327,"New Sales Ad Set",120244718915930327,"Music Row Static - In Stock",120244718915940327,Feed,0,instagram,2026-05-12,not_delivering,ad,,,,Incremental,,,,,2026-05-11,Ongoing,2026-05-12,2026-05-12
"Music Row Single PDP Test",120244718915920327,"New Sales Ad Set",120244718915930327,"Music Row Static - In Stock",120244718915940327,Feed,iphone,instagram,2026-05-12,not_delivering,ad,,,,Incremental,,,,,2026-05-11,Ongoing,2026-05-12,2026-05-12
"Prospecting Static CBO",120244285703060327,Broad_Pack1,120244285703070327,"Multiple Pieces",120244294666470327,"Instagram Stories",0,instagram,2026-05-12,inactive,ad,,,,"7-day click, 1-day view, or 1-day engaged-view",,,,,2026-05-03,Ongoing,2026-05-12,2026-05-12
"Prospecting Static CBO",120244285703060327,Broad_Pack1,120244285703070327,"Multiple Pieces",120244294666470327,"Search results",0,facebook,2026-05-12,inactive,ad,,,,"7-day click, 1-day view, or 1-day engaged-view",,,,,2026-05-03,Ongoing,2026-05-12,2026-05-12
"Prospecting Static CBO",120244285703060327,Broad_Pack1,120244285703070327,"Multiple Pieces",120244294666470327,"Search results",iphone,facebook,2026-05-12,inactive,ad,,,,"7-day click, 1-day view, or 1-day engaged-view",,,,,2026-05-03,Ongoing,2026-05-12,2026-05-12
"Prospecting Static CBO",120244285703060327,Broad_Pack1,120244285703070327,"Multiple Pieces",120244294666470327,Feed,0,facebook,2026-05-12,inactive,ad,,,,"7-day click, 1-day view, or 1-day engaged-view",,,,,2026-05-03,Ongoing,2026-05-12,2026-05-12
"Prospecting Static CBO",120244285703060327,Broad_Pack1,120244285703070327,"Multiple Pieces",120244294666470327,Feed,iphone,facebook,2026-05-12,inactive,ad,,,,"7-day click, 1-day view, or 1-day engaged-view",,,,,2026-05-03,Ongoing,2026-05-12,2026-05-12
"Prospecting Static CBO",120244285703060327,Broad_Pack1,120244285703070327,"Multiple Pieces",120244294666470327,Feed,ipad,facebook,2026-05-12,inactive,ad,,,,"7-day click, 1-day view, or 1-day engaged-view",,,,,2026-05-03,Ongoing,2026-05-12,2026-05-12
"Prospecting Static CBO",120244285703060327,Broad_Pack1,120244285703070327,"Multiple Pieces",120244294666470327,Feed,0,instagram,2026-05-12,inactive,ad,,,,"7-day click, 1-day view, or 1-day engaged-view",,,,,2026-05-03,Ongoing,2026-05-12,2026-05-12
"Prospecting Static CBO",120244285703060327,Broad_Pack2,120244380430020327,"1 Image",120244384524180327,Feed,iphone,facebook,2026-05-12,inactive,ad,,,,"7-day click, 1-day view, or 1-day engaged-view",,,,,2026-05-05,Ongoing,2026-05-12,2026-05-12
"Prospecting Static CBO",120244285703060327,Broad_Pack1,120244285703070327,"Multiple Pieces",120244294666470327,Feed,iphone,instagram,2026-05-12,inactive,ad,,,,"7-day click, 1-day view, or 1-day engaged-view",,,,,2026-05-03,Ongoing,2026-05-12,2026-05-12
"Prospecting Static CBO",120244285703060327,Broad_Pack2,120244380430020327,"1 Image",120244382305550327,Feed,iphone,instagram,2026-05-12,inactive,ad,,,,"7-day click, 1-day view, or 1-day engaged-view",,,,,2026-05-05,Ongoing,2026-05-12,2026-05-12
"Prospecting Static CBO",120244285703060327,Broad_Pack1,120244285703070327,"1 Image Static - Best Sellers",120244289062370327,Feed,android_smartphone,instagram,2026-05-12,not_delivering,ad,,,,"7-day click, 1-day view, or 1-day engaged-view",,,,,2026-05-03,Ongoing,2026-05-12,2026-05-12
"Music Row Single PDP Test",120244718915920327,"New Sales Ad Set",120244718915930327,"Music Row Static - Pride",120244723901460327,"Instagram Stories",0,instagram,2026-05-12,not_delivering,ad,,,,Incremental,,,,,2026-05-11,Ongoing,2026-05-12,2026-05-12
"Music Row Single PDP Test",120244718915920327,"New Sales Ad Set",120244718915930327,"Music Row Static - Pride",120244723901460327,"Instagram Stories",iphone,instagram,2026-05-12,not_delivering,ad,,,,Incremental,,,,,2026-05-11,Ongoing,2026-05-12,2026-05-12
"Music Row Single PDP Test",120244718915920327,"New Sales Ad Set",120244718915930327,"Music Row Static - Pride",120244723901460327,Feed,iphone,facebook,2026-05-12,not_delivering,ad,,,,Incremental,,,,,2026-05-11,Ongoing,2026-05-12,2026-05-12
"Music Row Single PDP Test",120244718915920327,"New Sales Ad Set",120244718915930327,"Music Row Static - Pride",120244723901460327,Feed,android_smartphone,facebook,2026-05-12,not_delivering,ad,,,,Incremental,,,,,2026-05-11,Ongoing,2026-05-12,2026-05-12
"Music Row Single PDP Test",120244718915920327,"New Sales Ad Set",120244718915930327,"Music Row Static - Pride",120244723901460327,Feed,0,facebook,2026-05-12,not_delivering,ad,,,,Incremental,,,,,2026-05-11,Ongoing,2026-05-12,2026-05-12
"Music Row Single PDP Test",120244718915920327,"New Sales Ad Set",120244718915930327,"Music Row Static - Pride",120244723901460327,"Facebook Reels",0,facebook,2026-05-12,not_delivering,ad,,,,Incremental,,,,,2026-05-11,Ongoing,2026-05-12,2026-05-12
"Music Row Single PDP Test",120244718915920327,"New Sales Ad Set",120244718915930327,"Music Row Static - Pride",120244723901460327,"Facebook Reels",android_smartphone,facebook,2026-05-12,not_delivering,ad,,,,Incremental,,,,,2026-05-11,Ongoing,2026-05-12,2026-05-12
"Prospecting Static CBO",120244285703060327,Broad_Pack2,120244380430020327,"1 Image",120244382305550327,Feed,0,instagram,2026-05-12,inactive,ad,,,,"7-day click, 1-day view, or 1-day engaged-view",,,,,2026-05-05,Ongoing,2026-05-12,2026-05-12
"Music Row Single PDP Test",120244718915920327,"New Sales Ad Set",120244718915930327,"Music Row Static - Pride",120244723901460327,Feed,iphone,instagram,2026-05-12,not_delivering,ad,,,,Incremental,,,,,2026-05-11,Ongoing,2026-05-12,2026-05-12
"Prospecting Static CBO",120244285703060327,Broad_Pack1,120244285703070327,"1 Image Static - Best Sellers",120244289062370327,Feed,0,facebook,2026-05-12,not_delivering,ad,,,,"7-day click, 1-day view, or 1-day engaged-view",,,,,2026-05-03,Ongoing,2026-05-12,2026-05-12
"Prospecting Static CBO",120244285703060327,Broad_Pack1,120244285703070327,"1 Image Static - Best Sellers",120244289062370327,Feed,iphone,facebook,2026-05-12,not_delivering,ad,,,,"7-day click, 1-day view, or 1-day engaged-view",,,,,2026-05-03,Ongoing,2026-05-12,2026-05-12
"Prospecting Static CBO",120244285703060327,Broad_Pack1,120244285703070327,"1 Image Static - Best Sellers",120244289062370327,Feed,0,instagram,2026-05-12,not_delivering,ad,,,,"7-day click, 1-day view, or 1-day engaged-view",,,,,2026-05-03,Ongoing,2026-05-12,2026-05-12
"Music Row Single PDP Test",120244718915920327,"New Sales Ad Set",120244718915930327,"Music Row Static - Pride",120244723901460327,Feed,0,instagram,2026-05-12,not_delivering,ad,,,,Incremental,,,,,2026-05-11,Ongoing,2026-05-12,2026-05-12
"Prospecting Static CBO",120244285703060327,"Broad_Pack3 - May 9",120244619377280327,"9 Image + Discount",120244629176600327,"Instagram Stories",0,instagram,2026-05-12,not_delivering,ad,,,,Incremental,,,,,2026-05-09,Ongoing,2026-05-12,2026-05-12
"Prospecting Static CBO",120244285703060327,"Broad_Pack3 - May 9",120244619377280327,"9 Image + Discount",120244629176600327,"Facebook Reels",android_tablet,facebook,2026-05-12,not_delivering,ad,,,,Incremental,,,,,2026-05-09,Ongoing,2026-05-12,2026-05-12
"Prospecting Static CBO",120244285703060327,Broad_Pack2,120244380430020327,"1 Image",120244382305550327,"Facebook Reels",0,facebook,2026-05-12,inactive,ad,,,,"7-day click, 1-day view, or 1-day engaged-view",,,,,2026-05-05,Ongoing,2026-05-12,2026-05-12
"Prospecting Static CBO",120244285703060327,"Broad_Pack3 - May 9",120244619377280327,"9 Image + Discount",120244629176600327,"Instagram Stories",iphone,instagram,2026-05-12,not_delivering,ad,,,,Incremental,,,,,2026-05-09,Ongoing,2026-05-12,2026-05-12
"Prospecting Static CBO",120244285703060327,Broad_Pack2,120244380430020327,"1 Image",120244382305550327,"Instagram Reels",0,instagram,2026-05-12,inactive,ad,,,,"7-day click, 1-day view, or 1-day engaged-view",,,,,2026-05-05,Ongoing,2026-05-12,2026-05-12
"Prospecting Static CBO",120244285703060327,Broad_Pack2,120244380430020327,"1 Image",120244382305550327,"Instagram Reels",iphone,instagram,2026-05-12,inactive,ad,,,,"7-day click, 1-day view, or 1-day engaged-view",,,,,2026-05-05,Ongoing,2026-05-12,2026-05-12
"Prospecting Static CBO",120244285703060327,"Broad_Pack3 - May 9",120244619377280327,"9 Image + Discount",120244629176600327,Feed,iphone,instagram,2026-05-12,not_delivering,ad,,,,Incremental,,,,,2026-05-09,Ongoing,2026-05-12,2026-05-12
"Prospecting Static CBO",120244285703060327,"Broad_Pack3 - May 9",120244619377280327,"9 Image + Discount",120244629176600327,Feed,0,instagram,2026-05-12,not_delivering,ad,,,,Incremental,,,,,2026-05-09,Ongoing,2026-05-12,2026-05-12
"Prospecting Static CBO",120244285703060327,"Broad_Pack3 - May 9",120244619377280327,"9 Image + Discount",120244629176600327,"Facebook Reels",0,facebook,2026-05-12,not_delivering,ad,,,,Incremental,,,,,2026-05-09,Ongoing,2026-05-12,2026-05-12
"Prospecting Static CBO",120244285703060327,"Broad_Pack3 - May 9",120244619377280327,"9 Image + Discount",120244629176600327,Feed,0,facebook,2026-05-12,not_delivering,ad,,,,Incremental,,,,,2026-05-09,Ongoing,2026-05-12,2026-05-12
"Prospecting Static CBO",120244285703060327,"Broad_Pack3 - May 9",120244619377280327,"9 Image + Discount",120244629176600327,Feed,iphone,facebook,2026-05-12,not_delivering,ad,,,,Incremental,,,,,2026-05-09,Ongoing,2026-05-12,2026-05-12
"Prospecting Static CBO",120244285703060327,"Broad_Pack3 - May 9",120244619377280327,"9 Image + Discount",120244629176600327,Feed,android_smartphone,facebook,2026-05-12,not_delivering,ad,,,,Incremental,,,,,2026-05-09,Ongoing,2026-05-12,2026-05-12
"Prospecting Static CBO",120244285703060327,"Broad_Pack3 - May 9",120244619377280327,"9 Image + Discount",120244629176600327,Feed,ipad,facebook,2026-05-12,not_delivering,ad,,,,Incremental,,,,,2026-05-09,Ongoing,2026-05-12,2026-05-12
"Prospecting Static CBO",120244285703060327,"Broad_Pack3 - May 9",120244619377280327,"9 Image + Discount",120244629176600327,Feed,android_tablet,facebook,2026-05-12,not_delivering,ad,,,,Incremental,,,,,2026-05-09,Ongoing,2026-05-12,2026-05-12
"Prospecting Static CBO",120244285703060327,Broad_Pack2,120244380430020327,"6 Images",120244439296070327,Feed,iphone,facebook,2026-05-11,inactive,ad,,,,"7-day click, 1-day view, or 1-day engaged-view",,,,,2026-05-05,Ongoing,2026-05-11,2026-05-11
"Prospecting Static CBO",120244285703060327,"Broad_Pack3 - May 9",120244619377280327,"Customer Success Ad",120244677830690327,Feed,iphone,facebook,2026-05-11,not_delivering,ad,,,,Incremental,,,,,2026-05-09,Ongoing,2026-05-11,2026-05-11
"Prospecting Static CBO",120244285703060327,"Broad_Pack3 - May 9",120244619377280327,"Customer Success Ad",120244677830690327,Feed,0,instagram,2026-05-11,not_delivering,ad,,,,Incremental,,,,,2026-05-09,Ongoing,2026-05-11,2026-05-11
"Prospecting Static CBO",120244285703060327,"Broad_Pack3 - May 9",120244619377280327,"Customer Success Ad",120244677830690327,Feed,iphone,instagram,2026-05-11,not_delivering,ad,,,,Incremental,,,,,2026-05-09,Ongoing,2026-05-11,2026-05-11
"Prospecting Static CBO",120244285703060327,Broad_Pack2,120244380430020327,"6 Images",120244439296070327,Feed,0,facebook,2026-05-11,inactive,ad,,,,"7-day click, 1-day view, or 1-day engaged-view",,,,,2026-05-05,Ongoing,2026-05-11,2026-05-11
"Prospecting Static CBO",120244285703060327,Broad_Pack1,120244285703070327,"Multiple Pieces",120244294666470327,Feed,0,facebook,2026-05-11,inactive,ad,,,,"7-day click, 1-day view, or 1-day engaged-view",,,,,2026-05-03,Ongoing,2026-05-11,2026-05-11
"Prospecting Static CBO",120244285703060327,Broad_Pack2,120244380430020327,"6 Images",120244439296070327,Feed,0,instagram,2026-05-11,inactive,ad,,,,"7-day click, 1-day view, or 1-day engaged-view",,,,,2026-05-05,Ongoing,2026-05-11,2026-05-11
"Prospecting Static CBO",120244285703060327,Broad_Pack2,120244380430020327,"6 Images",120244439296070327,Feed,iphone,instagram,2026-05-11,inactive,ad,,,,"7-day click, 1-day view, or 1-day engaged-view",,,,,2026-05-05,Ongoing,2026-05-11,2026-05-11
"Prospecting Static CBO",120244285703060327,"Broad_Pack3 - May 9",120244619377280327,"5 Images + Copy",120244628572270327,Feed,iphone,facebook,2026-05-11,not_delivering,ad,,,,Incremental,,,,,2026-05-09,Ongoing,2026-05-11,2026-05-11
"Prospecting Static CBO",120244285703060327,Broad_Pack1,120244285703070327,"Multiple Pieces",120244294666470327,"Instagram Stories",iphone,instagram,2026-05-11,inactive,ad,,,,"7-day click, 1-day view, or 1-day engaged-view",,,,,2026-05-03,Ongoing,2026-05-11,2026-05-11
"Prospecting Static CBO",120244285703060327,Broad_Pack1,120244285703070327,"Multiple Pieces",120244294666470327,"Instagram Stories",0,instagram,2026-05-11,inactive,ad,,,,"7-day click, 1-day view, or 1-day engaged-view",,,,,2026-05-03,Ongoing,2026-05-11,2026-05-11
"Prospecting Static CBO",120244285703060327,Broad_Pack1,120244285703070327,"Multiple Pieces",120244294666470327,Feed,iphone,facebook,2026-05-11,inactive,ad,,,,"7-day click, 1-day view, or 1-day engaged-view",,,,,2026-05-03,Ongoing,2026-05-11,2026-05-11
"Prospecting Static CBO",120244285703060327,"Broad_Pack3 - May 9",120244619377280327,"Customer Success Ad",120244677830690327,Feed,0,facebook,2026-05-11,not_delivering,ad,,,,Incremental,,,,,2026-05-09,Ongoing,2026-05-11,2026-05-11
"Prospecting Static CBO",120244285703060327,"Broad_Pack3 - May 9",120244619377280327,"9 Image + Discount",120244629176600327,Feed,iphone,facebook,2026-05-11,not_delivering,ad,,,,Incremental,,,,,2026-05-09,Ongoing,2026-05-11,2026-05-11
"Prospecting Static CBO",120244285703060327,"Broad_Pack3 - May 9",120244619377280327,"5 Images + Copy",120244628572270327,Feed,0,facebook,2026-05-11,not_delivering,ad,,,,Incremental,,,,,2026-05-09,Ongoing,2026-05-11,2026-05-11
"Prospecting Static CBO",120244285703060327,"Broad_Pack3 - May 9",120244619377280327,"9 Image + Discount",120244629176600327,Feed,ipad,instagram,2026-05-11,not_delivering,ad,,,,Incremental,,,,,2026-05-09,Ongoing,2026-05-11,2026-05-11
"Prospecting Static CBO",120244285703060327,Broad_Pack2,120244380430020327,"1 Image",120244382305550327,"Facebook Reels",iphone,facebook,2026-05-11,inactive,ad,,,,"7-day click, 1-day view, or 1-day engaged-view",,,,,2026-05-05,Ongoing,2026-05-11,2026-05-11
"Prospecting Static CBO",120244285703060327,"Broad_Pack3 - May 9",120244619377280327,"9 Image + Discount",120244629176600327,"Instagram Stories",0,instagram,2026-05-11,not_delivering,ad,,,,Incremental,,,,,2026-05-09,Ongoing,2026-05-11,2026-05-11
"Prospecting Static CBO",120244285703060327,"Broad_Pack3 - May 9",120244619377280327,"9 Image + Discount",120244629176600327,Feed,android_smartphone,facebook,2026-05-11,not_delivering,ad,,,,Incremental,,,,,2026-05-09,Ongoing,2026-05-11,2026-05-11
"Prospecting Static CBO",120244285703060327,"Broad_Pack3 - May 9",120244619377280327,"9 Image + Discount",120244629176600327,Feed,0,facebook,2026-05-11,not_delivering,ad,,,,Incremental,,,,,2026-05-09,Ongoing,2026-05-11,2026-05-11
"Prospecting Static CBO",120244285703060327,"Broad_Pack3 - May 9",120244619377280327,"9 Image + Discount",120244629176600327,Feed,0,instagram,2026-05-11,not_delivering,ad,,,,Incremental,,,,,2026-05-09,Ongoing,2026-05-11,2026-05-11
"Prospecting Static CBO",120244285703060327,"Broad_Pack3 - May 9",120244619377280327,"9 Image + Discount",120244629176600327,Feed,iphone,instagram,2026-05-11,not_delivering,ad,,,,Incremental,,,,,2026-05-09,Ongoing,2026-05-11,2026-05-11
"Prospecting Static CBO",120244285703060327,Broad_Pack2,120244380430020327,"1 Image",120244382305550327,Feed,0,facebook,2026-05-11,inactive,ad,,,,"7-day click, 1-day view, or 1-day engaged-view",,,,,2026-05-05,Ongoing,2026-05-11,2026-05-11
"Prospecting Static CBO",120244285703060327,Broad_Pack2,120244380430020327,"1 Image",120244382305550327,Feed,iphone,facebook,2026-05-11,inactive,ad,,,,"7-day click, 1-day view, or 1-day engaged-view",,,,,2026-05-05,Ongoing,2026-05-11,2026-05-11
"Prospecting Static CBO",120244285703060327,Broad_Pack2,120244380430020327,"1 Image",120244382305550327,"Instagram Reels",0,instagram,2026-05-11,inactive,ad,,,,"7-day click, 1-day view, or 1-day engaged-view",,,,,2026-05-05,Ongoing,2026-05-11,2026-05-11
"Prospecting Static CBO",120244285703060327,Broad_Pack2,120244380430020327,"1 Image",120244382305550327,"Facebook Reels",0,facebook,2026-05-11,inactive,ad,,,,"7-day click, 1-day view, or 1-day engaged-view",,,,,2026-05-05,Ongoing,2026-05-11,2026-05-11
"Prospecting Static CBO",120244285703060327,Broad_Pack1,120244285703070327,"Multiple Pieces",120244294666470327,Feed,iphone,facebook,2026-05-10,inactive,ad,,,,"7-day click, 1-day view, or 1-day engaged-view",,,,,2026-05-03,Ongoing,2026-05-10,2026-05-10
"Prospecting Static CBO",120244285703060327,Broad_Pack1,120244285703070327,"Multiple Pieces",120244294666470327,"Instagram Stories",iphone,instagram,2026-05-10,inactive,ad,,,,"7-day click, 1-day view, or 1-day engaged-view",,,,,2026-05-03,Ongoing,2026-05-10,2026-05-10
"Prospecting Static CBO",120244285703060327,Broad_Pack1,120244285703070327,"Multiple Pieces",120244294666470327,"Instagram Stories",0,instagram,2026-05-10,inactive,ad,,,,"7-day click, 1-day view, or 1-day engaged-view",,,,,2026-05-03,Ongoing,2026-05-10,2026-05-10
"Prospecting Static CBO",120244285703060327,Broad_Pack1,120244285703070327,"Multiple Pieces",120244294666470327,"Search results",0,facebook,2026-05-10,inactive,ad,,,,"7-day click, 1-day view, or 1-day engaged-view",,,,,2026-05-03,Ongoing,2026-05-10,2026-05-10
"Prospecting Static CBO",120244285703060327,Broad_Pack1,120244285703070327,"Multiple Pieces",120244294666470327,"Search results",iphone,facebook,2026-05-10,inactive,ad,,,,"7-day click, 1-day view, or 1-day engaged-view",,,,,2026-05-03,Ongoing,2026-05-10,2026-05-10
"Prospecting Static CBO",120244285703060327,Broad_Pack1,120244285703070327,"Multiple Pieces",120244294666470327,Feed,android_smartphone,facebook,2026-05-10,inactive,ad,,,,"7-day click, 1-day view, or 1-day engaged-view",,,,,2026-05-03,Ongoing,2026-05-10,2026-05-10
"Prospecting Static CBO",120244285703060327,Broad_Pack1,120244285703070327,"Multiple Pieces",120244294666470327,Feed,0,instagram,2026-05-10,inactive,ad,,,,"7-day click, 1-day view, or 1-day engaged-view",,,,,2026-05-03,Ongoing,2026-05-10,2026-05-10
"Prospecting Static CBO",120244285703060327,Broad_Pack1,120244285703070327,"Multiple Pieces",120244294666470327,Feed,0,facebook,2026-05-10,inactive,ad,,,,"7-day click, 1-day view, or 1-day engaged-view",,,,,2026-05-03,Ongoing,2026-05-10,2026-05-10
"Prospecting Static CBO",120244285703060327,Broad_Pack1,120244285703070327,"Multiple Pieces",120244294666470327,"Instagram Reels",iphone,instagram,2026-05-10,inactive,ad,,,,"7-day click, 1-day view, or 1-day engaged-view",,,,,2026-05-03,Ongoing,2026-05-10,2026-05-10
"Prospecting Static CBO",120244285703060327,Broad_Pack1,120244285703070327,"Multiple Pieces",120244294666470327,"Facebook Reels",0,facebook,2026-05-10,inactive,ad,,,,"7-day click, 1-day view, or 1-day engaged-view",,,,,2026-05-03,Ongoing,2026-05-10,2026-05-10
"Prospecting Static CBO",120244285703060327,Broad_Pack1,120244285703070327,"Multiple Pieces",120244294666470327,"Facebook Reels",iphone,facebook,2026-05-10,inactive,ad,,,,"7-day click, 1-day view, or 1-day engaged-view",,,,,2026-05-03,Ongoing,2026-05-10,2026-05-10
"Prospecting Static CBO",120244285703060327,Broad_Pack1,120244285703070327,"Multiple Pieces",120244294666470327,Feed,iphone,instagram,2026-05-10,inactive,ad,,,,"7-day click, 1-day view, or 1-day engaged-view",,,,,2026-05-03,Ongoing,2026-05-10,2026-05-10
"Prospecting Static CBO",120244285703060327,Broad_Pack2,120244380430020327,"6 Images",120244439296070327,Feed,android_smartphone,facebook,2026-05-10,inactive,ad,,,,"7-day click, 1-day view, or 1-day engaged-view",,,,,2026-05-05,Ongoing,2026-05-10,2026-05-10
"Prospecting Static CBO",120244285703060327,Broad_Pack2,120244380430020327,"6 Images",120244439296070327,Feed,iphone,facebook,2026-05-10,inactive,ad,,,,"7-day click, 1-day view, or 1-day engaged-view",,,,,2026-05-05,Ongoing,2026-05-10,2026-05-10
"Prospecting Static CBO",120244285703060327,Broad_Pack2,120244380430020327,"6 Images",120244439296070327,Feed,0,facebook,2026-05-10,inactive,ad,,,,"7-day click, 1-day view, or 1-day engaged-view",,,,,2026-05-05,Ongoing,2026-05-10,2026-05-10
"Prospecting Static CBO",120244285703060327,"Broad_Pack3 - May 9",120244619377280327,"5 Images + Copy",120244628572270327,Feed,desktop,facebook,2026-05-10,not_delivering,ad,,,,Incremental,,,,,2026-05-09,Ongoing,2026-05-10,2026-05-10
"Prospecting Static CBO",120244285703060327,"Broad_Pack3 - May 9",120244619377280327,"9 Image + Discount",120244629176600327,Feed,iphone,facebook,2026-05-10,not_delivering,ad,,,,Incremental,,,,,2026-05-09,Ongoing,2026-05-10,2026-05-10
"Prospecting Static CBO",120244285703060327,Broad_Pack1,120244285703070327,"1 Image Static - Best Sellers",120244289062370327,Feed,0,facebook,2026-05-10,not_delivering,ad,,,,"7-day click, 1-day view, or 1-day engaged-view",,,,,2026-05-03,Ongoing,2026-05-10,2026-05-10
"Prospecting Static CBO",120244285703060327,"Broad_Pack3 - May 9",120244619377280327,"9 Image + Discount",120244629176600327,"Instagram Stories",iphone,instagram,2026-05-10,not_delivering,ad,,,,Incremental,,,,,2026-05-09,Ongoing,2026-05-10,2026-05-10
"Prospecting Static CBO",120244285703060327,"Broad_Pack3 - May 9",120244619377280327,"9 Image + Discount",120244629176600327,"Instagram Stories",0,instagram,2026-05-10,not_delivering,ad,,,,Incremental,,,,,2026-05-09,Ongoing,2026-05-10,2026-05-10
"Prospecting Static CBO",120244285703060327,"Broad_Pack3 - May 9",120244619377280327,"9 Image + Discount",120244629176600327,Feed,0,facebook,2026-05-10,not_delivering,ad,,,,Incremental,,,,,2026-05-09,Ongoing,2026-05-10,2026-05-10
"Prospecting Static CBO",120244285703060327,"Broad_Pack3 - May 9",120244619377280327,"9 Image + Discount",120244629176600327,Feed,desktop,facebook,2026-05-10,not_delivering,ad,,,,Incremental,,,,,2026-05-09,Ongoing,2026-05-10,2026-05-10
"Prospecting Static CBO",120244285703060327,Broad_Pack1,120244285703070327,"1 Image Static - Best Sellers",120244289062370327,Feed,iphone,facebook,2026-05-10,not_delivering,ad,,,,"7-day click, 1-day view, or 1-day engaged-view",,,,,2026-05-03,Ongoing,2026-05-10,2026-05-10
"Prospecting Static CBO",120244285703060327,"Broad_Pack3 - May 9",120244619377280327,"9 Image + Discount",120244629176600327,Feed,0,instagram,2026-05-10,not_delivering,ad,,,,Incremental,,,,,2026-05-09,Ongoing,2026-05-10,2026-05-10
"Prospecting Static CBO",120244285703060327,Broad_Pack2,120244380430020327,"1 Image",120244382305550327,"Instagram Reels",0,instagram,2026-05-10,inactive,ad,,,,"7-day click, 1-day view, or 1-day engaged-view",,,,,2026-05-05,Ongoing,2026-05-10,2026-05-10
"Prospecting Static CBO",120244285703060327,Broad_Pack2,120244380430020327,"1 Image",120244382305550327,Feed,0,instagram,2026-05-10,inactive,ad,,,,"7-day click, 1-day view, or 1-day engaged-view",,,,,2026-05-05,Ongoing,2026-05-10,2026-05-10
"Prospecting Static CBO",120244285703060327,Broad_Pack2,120244380430020327,"1 Image",120244382305550327,Feed,iphone,instagram,2026-05-10,inactive,ad,,,,"7-day click, 1-day view, or 1-day engaged-view",,,,,2026-05-05,Ongoing,2026-05-10,2026-05-10
"Prospecting Static CBO",120244285703060327,Broad_Pack1,120244285703070327,"2 Image Static",120244287902620327,Feed,0,facebook,2026-05-10,inactive,ad,,,,"7-day click, 1-day view, or 1-day engaged-view",,,,,2026-05-03,Ongoing,2026-05-10,2026-05-10
"Prospecting Static CBO",120244285703060327,"Broad_Pack3 - May 9",120244619377280327,"5 Images + Copy",120244628572270327,Feed,0,facebook,2026-05-10,not_delivering,ad,,,,Incremental,,,,,2026-05-09,Ongoing,2026-05-10,2026-05-10
"Prospecting Static CBO",120244285703060327,"Broad_Pack3 - May 9",120244619377280327,"9 Image + Discount",120244629176600327,Feed,iphone,instagram,2026-05-10,not_delivering,ad,,,,Incremental,,,,,2026-05-09,Ongoing,2026-05-10,2026-05-10
"Prospecting Static CBO",120244285703060327,Broad_Pack1,120244285703070327,"Multiple Pieces",120244294666470327,Feed,iphone,facebook,2026-05-09,inactive,ad,,,,"7-day click, 1-day view, or 1-day engaged-view",,,,,2026-05-03,Ongoing,2026-05-09,2026-05-09
"Prospecting Static CBO",120244285703060327,Broad_Pack1,120244285703070327,"Multiple Pieces",120244294666470327,"Search results",0,facebook,2026-05-09,inactive,ad,,,,"7-day click, 1-day view, or 1-day engaged-view",,,,,2026-05-03,Ongoing,2026-05-09,2026-05-09
"Prospecting Static CBO",120244285703060327,Broad_Pack1,120244285703070327,"Multiple Pieces",120244294666470327,"Search results",iphone,facebook,2026-05-09,inactive,ad,,,,"7-day click, 1-day view, or 1-day engaged-view",,,,,2026-05-03,Ongoing,2026-05-09,2026-05-09
"Prospecting Static CBO",120244285703060327,Broad_Pack1,120244285703070327,"Multiple Pieces",120244294666470327,Feed,0,instagram,2026-05-09,inactive,ad,,,,"7-day click, 1-day view, or 1-day engaged-view",,,,,2026-05-03,Ongoing,2026-05-09,2026-05-09
"Prospecting Static CBO",120244285703060327,Broad_Pack1,120244285703070327,"Multiple Pieces",120244294666470327,Feed,desktop,facebook,2026-05-09,inactive,ad,,,,"7-day click, 1-day view, or 1-day engaged-view",,,,,2026-05-03,Ongoing,2026-05-09,2026-05-09
"Prospecting Static CBO",120244285703060327,Broad_Pack1,120244285703070327,"Multiple Pieces",120244294666470327,Feed,android_smartphone,facebook,2026-05-09,inactive,ad,,,,"7-day click, 1-day view, or 1-day engaged-view",,,,,2026-05-03,Ongoing,2026-05-09,2026-05-09
"Prospecting Static CBO",120244285703060327,Broad_Pack1,120244285703070327,"Multiple Pieces",120244294666470327,"Ads on Facebook Reels",0,facebook,2026-05-09,inactive,ad,,,,"7-day click, 1-day view, or 1-day engaged-view",,,,,2026-05-03,Ongoing,2026-05-09,2026-05-09
"Prospecting Static CBO",120244285703060327,Broad_Pack1,120244285703070327,"Multiple Pieces",120244294666470327,Feed,0,facebook,2026-05-09,inactive,ad,,,,"7-day click, 1-day view, or 1-day engaged-view",,,,,2026-05-03,Ongoing,2026-05-09,2026-05-09
"Prospecting Static CBO",120244285703060327,Broad_Pack1,120244285703070327,"Multiple Pieces",120244294666470327,"Facebook Reels",iphone,facebook,2026-05-09,inactive,ad,,,,"7-day click, 1-day view, or 1-day engaged-view",,,,,2026-05-03,Ongoing,2026-05-09,2026-05-09
"Prospecting Static CBO",120244285703060327,Broad_Pack1,120244285703070327,"Multiple Pieces",120244294666470327,"Facebook Reels",0,facebook,2026-05-09,inactive,ad,,,,"7-day click, 1-day view, or 1-day engaged-view",,,,,2026-05-03,Ongoing,2026-05-09,2026-05-09
"Prospecting Static CBO",120244285703060327,Broad_Pack1,120244285703070327,"Multiple Pieces",120244294666470327,"Ads on Facebook Reels",iphone,facebook,2026-05-09,inactive,ad,,,,"7-day click, 1-day view, or 1-day engaged-view",,,,,2026-05-03,Ongoing,2026-05-09,2026-05-09
"Prospecting Static CBO",120244285703060327,Broad_Pack1,120244285703070327,"Multiple Pieces",120244294666470327,"Threads feed",iphone,threads,2026-05-09,inactive,ad,,,,"7-day click, 1-day view, or 1-day engaged-view",,,,,2026-05-03,Ongoing,2026-05-09,2026-05-09
"Prospecting Static CBO",120244285703060327,Broad_Pack1,120244285703070327,"Multiple Pieces",120244294666470327,Feed,iphone,instagram,2026-05-09,inactive,ad,,,,"7-day click, 1-day view, or 1-day engaged-view",,,,,2026-05-03,Ongoing,2026-05-09,2026-05-09
"Prospecting Static CBO",120244285703060327,Broad_Pack1,120244285703070327,"Multiple Pieces",120244294666470327,"Instagram Stories",iphone,instagram,2026-05-09,inactive,ad,,,,"7-day click, 1-day view, or 1-day engaged-view",,,,,2026-05-03,Ongoing,2026-05-09,2026-05-09
"Prospecting Static CBO",120244285703060327,Broad_Pack1,120244285703070327,"Multiple Pieces",120244294666470327,Marketplace,iphone,facebook,2026-05-09,inactive,ad,,,,"7-day click, 1-day view, or 1-day engaged-view",,,,,2026-05-03,Ongoing,2026-05-09,2026-05-09
"Prospecting Static CBO",120244285703060327,Broad_Pack1,120244285703070327,"Multiple Pieces",120244294666470327,Feed,ipad,facebook,2026-05-09,inactive,ad,,,,"7-day click, 1-day view, or 1-day engaged-view",,,,,2026-05-03,Ongoing,2026-05-09,2026-05-09
"Prospecting Static CBO",120244285703060327,Broad_Pack1,120244285703070327,"Multiple Pieces",120244294666470327,"Instagram Stories",0,instagram,2026-05-09,inactive,ad,,,,"7-day click, 1-day view, or 1-day engaged-view",,,,,2026-05-03,Ongoing,2026-05-09,2026-05-09
"Prospecting Static CBO",120244285703060327,Broad_Pack2,120244380430020327,"1 Image",120244382305550327,Feed,0,instagram,2026-05-09,inactive,ad,,,,"7-day click, 1-day view, or 1-day engaged-view",,,,,2026-05-05,Ongoing,2026-05-09,2026-05-09
"Prospecting Static CBO",120244285703060327,Broad_Pack2,120244380430020327,"6 Images",120244439296070327,Feed,iphone,instagram,2026-05-09,inactive,ad,,,,"7-day click, 1-day view, or 1-day engaged-view",,,,,2026-05-05,Ongoing,2026-05-09,2026-05-09
"Prospecting Static CBO",120244285703060327,Broad_Pack2,120244380430020327,"1 Image",120244382305550327,"Instagram Stories",0,instagram,2026-05-09,inactive,ad,,,,"7-day click, 1-day view, or 1-day engaged-view",,,,,2026-05-05,Ongoing,2026-05-09,2026-05-09
"Prospecting Static CBO",120244285703060327,Broad_Pack2,120244380430020327,"1 Image",120244382305550327,"Instagram Stories",iphone,instagram,2026-05-09,inactive,ad,,,,"7-day click, 1-day view, or 1-day engaged-view",,,,,2026-05-05,Ongoing,2026-05-09,2026-05-09
"Prospecting Static CBO",120244285703060327,Broad_Pack2,120244380430020327,"1 Image",120244382305550327,Feed,iphone,facebook,2026-05-09,inactive,ad,,,,"7-day click, 1-day view, or 1-day engaged-view",,,,,2026-05-05,Ongoing,2026-05-09,2026-05-09
"Prospecting Static CBO",120244285703060327,Broad_Pack2,120244380430020327,"1 Image",120244382305550327,"Instagram Reels",iphone,instagram,2026-05-09,inactive,ad,,,,"7-day click, 1-day view, or 1-day engaged-view",,,,,2026-05-05,Ongoing,2026-05-09,2026-05-09
"Prospecting Static CBO",120244285703060327,Broad_Pack2,120244380430020327,"1 Image",120244382305550327,Feed,iphone,instagram,2026-05-09,inactive,ad,,,,"7-day click, 1-day view, or 1-day engaged-view",,,,,2026-05-05,Ongoing,2026-05-09,2026-05-09
"Prospecting Static CBO",120244285703060327,Broad_Pack2,120244380430020327,"1 Image",120244382305550327,"Instagram Reels",0,instagram,2026-05-09,inactive,ad,,,,"7-day click, 1-day view, or 1-day engaged-view",,,,,2026-05-05,Ongoing,2026-05-09,2026-05-09
"Prospecting Static CBO",120244285703060327,Broad_Pack1,120244285703070327,"2 Image Static",120244287902620327,Feed,0,facebook,2026-05-09,inactive,ad,,,,"7-day click, 1-day view, or 1-day engaged-view",,,,,2026-05-03,Ongoing,2026-05-09,2026-05-09
"Prospecting Static CBO",120244285703060327,Broad_Pack1,120244285703070327,"2 Image Static",120244287902620327,Feed,iphone,facebook,2026-05-09,inactive,ad,,,,"7-day click, 1-day view, or 1-day engaged-view",,,,,2026-05-03,Ongoing,2026-05-09,2026-05-09
"Prospecting Static CBO",120244285703060327,"Broad_Pack3 - May 9",120244619377280327,"5 Images + Copy",120244628572270327,"Facebook Reels",0,facebook,2026-05-09,not_delivering,ad,,,,Incremental,,,,,2026-05-09,Ongoing,2026-05-09,2026-05-09
"Prospecting Static CBO",120244285703060327,"Broad_Pack3 - May 9",120244619377280327,"5 Images + Copy",120244628572270327,"Facebook Reels",android_tablet,facebook,2026-05-09,not_delivering,ad,,,,Incremental,,,,,2026-05-09,Ongoing,2026-05-09,2026-05-09
"Prospecting Static CBO",120244285703060327,Broad_Pack2,120244380430020327,"6 Images",120244439296070327,Feed,0,facebook,2026-05-09,inactive,ad,,,,"7-day click, 1-day view, or 1-day engaged-view",,,,,2026-05-05,Ongoing,2026-05-09,2026-05-09
"Prospecting Static CBO",120244285703060327,Broad_Pack2,120244380430020327,"6 Images",120244439296070327,Feed,iphone,facebook,2026-05-09,inactive,ad,,,,"7-day click, 1-day view, or 1-day engaged-view",,,,,2026-05-05,Ongoing,2026-05-09,2026-05-09
"Prospecting Static CBO",120244285703060327,Broad_Pack2,120244380430020327,"6 Images",120244439296070327,Feed,0,instagram,2026-05-09,inactive,ad,,,,"7-day click, 1-day view, or 1-day engaged-view",,,,,2026-05-05,Ongoing,2026-05-09,2026-05-09
"Prospecting Static CBO",120244285703060327,Broad_Pack1,120244285703070327,"Multiple Pieces",120244294666470327,Feed,ipad,facebook,2026-05-08,inactive,ad,,,,"7-day click, 1-day view, or 1-day engaged-view",,,,,2026-05-03,Ongoing,2026-05-08,2026-05-08
"Prospecting Static CBO",120244285703060327,Broad_Pack2,120244380430020327,"6 Images",120244439296070327,Feed,0,instagram,2026-05-08,inactive,ad,,,,"7-day click, 1-day view, or 1-day engaged-view",,,,,2026-05-05,Ongoing,2026-05-08,2026-05-08
"Prospecting Static CBO",120244285703060327,Broad_Pack2,120244380430020327,"6 Images",120244439296070327,Feed,iphone,instagram,2026-05-08,inactive,ad,,,,"7-day click, 1-day view, or 1-day engaged-view",,,,,2026-05-05,Ongoing,2026-05-08,2026-05-08
"Prospecting Static CBO",120244285703060327,Broad_Pack1,120244285703070327,"Multiple Pieces",120244294666470327,"Instagram Stories",0,instagram,2026-05-08,inactive,ad,,,,"7-day click, 1-day view, or 1-day engaged-view",,,,,2026-05-03,Ongoing,2026-05-08,2026-05-08
"Prospecting Static CBO",120244285703060327,Broad_Pack1,120244285703070327,"Multiple Pieces",120244294666470327,"Instagram Stories",iphone,instagram,2026-05-08,inactive,ad,,,,"7-day click, 1-day view, or 1-day engaged-view",,,,,2026-05-03,Ongoing,2026-05-08,2026-05-08
"Prospecting Static CBO",120244285703060327,Broad_Pack1,120244285703070327,"Multiple Pieces",120244294666470327,Marketplace,0,facebook,2026-05-08,inactive,ad,,,,"7-day click, 1-day view, or 1-day engaged-view",,,,,2026-05-03,Ongoing,2026-05-08,2026-05-08
"Prospecting Static CBO",120244285703060327,Broad_Pack1,120244285703070327,"Multiple Pieces",120244294666470327,Marketplace,iphone,facebook,2026-05-08,inactive,ad,,,,"7-day click, 1-day view, or 1-day engaged-view",,,,,2026-05-03,Ongoing,2026-05-08,2026-05-08
"Prospecting Static CBO",120244285703060327,Broad_Pack1,120244285703070327,"Multiple Pieces",120244294666470327,"Search results",0,facebook,2026-05-08,inactive,ad,,,,"7-day click, 1-day view, or 1-day engaged-view",,,,,2026-05-03,Ongoing,2026-05-08,2026-05-08
"Prospecting Static CBO",120244285703060327,Broad_Pack1,120244285703070327,"Multiple Pieces",120244294666470327,"Facebook Reels",android_smartphone,facebook,2026-05-08,inactive,ad,,,,"7-day click, 1-day view, or 1-day engaged-view",,,,,2026-05-03,Ongoing,2026-05-08,2026-05-08
"Prospecting Static CBO",120244285703060327,Broad_Pack1,120244285703070327,"Multiple Pieces",120244294666470327,Feed,desktop,facebook,2026-05-08,inactive,ad,,,,"7-day click, 1-day view, or 1-day engaged-view",,,,,2026-05-03,Ongoing,2026-05-08,2026-05-08
"Prospecting Static CBO",120244285703060327,Broad_Pack1,120244285703070327,"Multiple Pieces",120244294666470327,Feed,android_smartphone,facebook,2026-05-08,inactive,ad,,,,"7-day click, 1-day view, or 1-day engaged-view",,,,,2026-05-03,Ongoing,2026-05-08,2026-05-08
"Prospecting Static CBO",120244285703060327,Broad_Pack1,120244285703070327,"Multiple Pieces",120244294666470327,Feed,iphone,facebook,2026-05-08,inactive,ad,,,,"7-day click, 1-day view, or 1-day engaged-view",,,,,2026-05-03,Ongoing,2026-05-08,2026-05-08
"Prospecting Static CBO",120244285703060327,Broad_Pack1,120244285703070327,"Multiple Pieces",120244294666470327,Feed,0,facebook,2026-05-08,inactive,ad,,,,"7-day click, 1-day view, or 1-day engaged-view",,,,,2026-05-03,Ongoing,2026-05-08,2026-05-08
"Prospecting Static CBO",120244285703060327,Broad_Pack1,120244285703070327,"Multiple Pieces",120244294666470327,"Instagram Reels",0,instagram,2026-05-08,inactive,ad,,,,"7-day click, 1-day view, or 1-day engaged-view",,,,,2026-05-03,Ongoing,2026-05-08,2026-05-08
"Prospecting Static CBO",120244285703060327,Broad_Pack1,120244285703070327,"Multiple Pieces",120244294666470327,"Instagram Reels",iphone,instagram,2026-05-08,inactive,ad,,,,"7-day click, 1-day view, or 1-day engaged-view",,,,,2026-05-03,Ongoing,2026-05-08,2026-05-08
"Prospecting Static CBO",120244285703060327,Broad_Pack1,120244285703070327,"Multiple Pieces",120244294666470327,"Facebook Reels",0,facebook,2026-05-08,inactive,ad,,,,"7-day click, 1-day view, or 1-day engaged-view",,,,,2026-05-03,Ongoing,2026-05-08,2026-05-08
"Prospecting Static CBO",120244285703060327,Broad_Pack2,120244380430020327,"6 Images",120244439296070327,"Threads feed",0,threads,2026-05-08,inactive,ad,,,,"7-day click, 1-day view, or 1-day engaged-view",,,,,2026-05-05,Ongoing,2026-05-08,2026-05-08
"Prospecting Static CBO",120244285703060327,Broad_Pack1,120244285703070327,"Multiple Pieces",120244294666470327,"Facebook Reels",iphone,facebook,2026-05-08,inactive,ad,,,,"7-day click, 1-day view, or 1-day engaged-view",,,,,2026-05-03,Ongoing,2026-05-08,2026-05-08
"Prospecting Static CBO",120244285703060327,Broad_Pack1,120244285703070327,"Multiple Pieces",120244294666470327,Feed,0,instagram,2026-05-08,inactive,ad,,,,"7-day click, 1-day view, or 1-day engaged-view",,,,,2026-05-03,Ongoing,2026-05-08,2026-05-08
"Prospecting Static CBO",120244285703060327,Broad_Pack2,120244380430020327,"6 Images",120244439296070327,"Threads feed",iphone,threads,2026-05-08,inactive,ad,,,,"7-day click, 1-day view, or 1-day engaged-view",,,,,2026-05-05,Ongoing,2026-05-08,2026-05-08
"Prospecting Static CBO",120244285703060327,Broad_Pack2,120244380430020327,"6 Images",120244439296070327,Feed,iphone,facebook,2026-05-08,inactive,ad,,,,"7-day click, 1-day view, or 1-day engaged-view",,,,,2026-05-05,Ongoing,2026-05-08,2026-05-08
"Prospecting Static CBO",120244285703060327,Broad_Pack2,120244380430020327,"6 Images",120244439296070327,"Instagram Reels",iphone,instagram,2026-05-08,inactive,ad,,,,"7-day click, 1-day view, or 1-day engaged-view",,,,,2026-05-05,Ongoing,2026-05-08,2026-05-08
"Prospecting Static CBO",120244285703060327,Broad_Pack2,120244380430020327,"1 Image",120244382305550327,"Instagram Reels",ipad,instagram,2026-05-08,inactive,ad,,,,"7-day click, 1-day view, or 1-day engaged-view",,,,,2026-05-05,Ongoing,2026-05-08,2026-05-08
"Prospecting Static CBO",120244285703060327,Broad_Pack1,120244285703070327,"2 Image Static - Best Sellers Copy",120244287996490327,"Threads feed",0,threads,2026-05-08,inactive,ad,,,,"7-day click, 1-day view, or 1-day engaged-view",,,,,2026-05-03,Ongoing,2026-05-08,2026-05-08
"Prospecting Static CBO",120244285703060327,Broad_Pack1,120244285703070327,"2 Image Static - Best Sellers Copy",120244287996490327,"Threads feed",iphone,threads,2026-05-08,inactive,ad,,,,"7-day click, 1-day view, or 1-day engaged-view",,,,,2026-05-03,Ongoing,2026-05-08,2026-05-08
"Prospecting Static CBO",120244285703060327,Broad_Pack2,120244380430020327,"6 Images",120244439296070327,"Instagram Reels",0,instagram,2026-05-08,inactive,ad,,,,"7-day click, 1-day view, or 1-day engaged-view",,,,,2026-05-05,Ongoing,2026-05-08,2026-05-08
"Prospecting Static CBO",120244285703060327,Broad_Pack2,120244380430020327,"1 Image",120244382305550327,"Instagram Stories",0,instagram,2026-05-08,inactive,ad,,,,"7-day click, 1-day view, or 1-day engaged-view",,,,,2026-05-05,Ongoing,2026-05-08,2026-05-08
"Prospecting Static CBO",120244285703060327,Broad_Pack2,120244380430020327,"1 Image",120244382305550327,Feed,0,facebook,2026-05-08,inactive,ad,,,,"7-day click, 1-day view, or 1-day engaged-view",,,,,2026-05-05,Ongoing,2026-05-08,2026-05-08
"Prospecting Static CBO",120244285703060327,Broad_Pack2,120244380430020327,"1 Image",120244382305550327,Feed,iphone,facebook,2026-05-08,inactive,ad,,,,"7-day click, 1-day view, or 1-day engaged-view",,,,,2026-05-05,Ongoing,2026-05-08,2026-05-08
"Prospecting Static CBO",120244285703060327,Broad_Pack2,120244380430020327,"1 Image",120244382305550327,"Instagram Reels",0,instagram,2026-05-08,inactive,ad,,,,"7-day click, 1-day view, or 1-day engaged-view",,,,,2026-05-05,Ongoing,2026-05-08,2026-05-08
"Prospecting Static CBO",120244285703060327,Broad_Pack2,120244380430020327,"1 Image",120244382305550327,"Instagram Stories",iphone,instagram,2026-05-08,inactive,ad,,,,"7-day click, 1-day view, or 1-day engaged-view",,,,,2026-05-05,Ongoing,2026-05-08,2026-05-08
"Prospecting Static CBO",120244285703060327,Broad_Pack2,120244380430020327,"1 Image",120244382305550327,"Instagram Reels",iphone,instagram,2026-05-08,inactive,ad,,,,"7-day click, 1-day view, or 1-day engaged-view",,,,,2026-05-05,Ongoing,2026-05-08,2026-05-08
"Prospecting Static CBO",120244285703060327,Broad_Pack1,120244285703070327,"6 Image Static - All Copy",120244285703080327,Feed,iphone,facebook,2026-05-08,inactive,ad,,,,"7-day click, 1-day view, or 1-day engaged-view",,,,,2026-05-03,Ongoing,2026-05-08,2026-05-08
"Prospecting Static CBO",120244285703060327,Broad_Pack2,120244380430020327,"6 Images",120244439296070327,"Instagram Stories",0,instagram,2026-05-08,inactive,ad,,,,"7-day click, 1-day view, or 1-day engaged-view",,,,,2026-05-05,Ongoing,2026-05-08,2026-05-08
"Prospecting Static CBO",120244285703060327,Broad_Pack2,120244380430020327,"6 Images",120244439296070327,"Instagram Stories",iphone,instagram,2026-05-08,inactive,ad,,,,"7-day click, 1-day view, or 1-day engaged-view",,,,,2026-05-05,Ongoing,2026-05-08,2026-05-08
"Prospecting Static CBO",120244285703060327,Broad_Pack2,120244380430020327,"6 Images",120244439296070327,"Search results",iphone,facebook,2026-05-08,inactive,ad,,,,"7-day click, 1-day view, or 1-day engaged-view",,,,,2026-05-05,Ongoing,2026-05-08,2026-05-08
"Prospecting Static CBO",120244285703060327,Broad_Pack2,120244380430020327,"6 Images",120244439296070327,Feed,0,facebook,2026-05-08,inactive,ad,,,,"7-day click, 1-day view, or 1-day engaged-view",,,,,2026-05-05,Ongoing,2026-05-08,2026-05-08
"Prospecting Static CBO",120244285703060327,Broad_Pack2,120244380430020327,"6 Images",120244439296070327,Feed,desktop,facebook,2026-05-08,inactive,ad,,,,"7-day click, 1-day view, or 1-day engaged-view",,,,,2026-05-05,Ongoing,2026-05-08,2026-05-08
"Prospecting Static CBO",120244285703060327,Broad_Pack2,120244380430020327,"6 Images",120244439296070327,Feed,android_smartphone,facebook,2026-05-08,inactive,ad,,,,"7-day click, 1-day view, or 1-day engaged-view",,,,,2026-05-05,Ongoing,2026-05-08,2026-05-08
"Prospecting Static CBO",120244285703060327,Broad_Pack1,120244285703070327,"6 Image Static - All Copy",120244285703080327,Feed,0,facebook,2026-05-08,inactive,ad,,,,"7-day click, 1-day view, or 1-day engaged-view",,,,,2026-05-03,Ongoing,2026-05-08,2026-05-08
"Prospecting Static CBO",120244285703060327,Broad_Pack1,120244285703070327,"Multiple Pieces",120244294666470327,Feed,android_smartphone,facebook,2026-05-07,inactive,ad,,,,"7-day click, 1-day view, or 1-day engaged-view",,,,,2026-05-03,Ongoing,2026-05-07,2026-05-07
"Prospecting Static CBO",120244285703060327,Broad_Pack1,120244285703070327,"Multiple Pieces",120244294666470327,Marketplace,iphone,facebook,2026-05-07,inactive,ad,,,,"7-day click, 1-day view, or 1-day engaged-view",,,,,2026-05-03,Ongoing,2026-05-07,2026-05-07
"Prospecting Static CBO",120244285703060327,Broad_Pack1,120244285703070327,"Multiple Pieces",120244294666470327,"Search results",iphone,facebook,2026-05-07,inactive,ad,,,,"7-day click, 1-day view, or 1-day engaged-view",,,,,2026-05-03,Ongoing,2026-05-07,2026-05-07
"Prospecting Static CBO",120244285703060327,Broad_Pack1,120244285703070327,"Multiple Pieces",120244294666470327,"Search results",0,facebook,2026-05-07,inactive,ad,,,,"7-day click, 1-day view, or 1-day engaged-view",,,,,2026-05-03,Ongoing,2026-05-07,2026-05-07
"Prospecting Static CBO",120244285703060327,Broad_Pack1,120244285703070327,"Multiple Pieces",120244294666470327,Feed,ipad,facebook,2026-05-07,inactive,ad,,,,"7-day click, 1-day view, or 1-day engaged-view",,,,,2026-05-03,Ongoing,2026-05-07,2026-05-07
"Prospecting Static CBO",120244285703060327,Broad_Pack1,120244285703070327,"Multiple Pieces",120244294666470327,Feed,android_smartphone,instagram,2026-05-07,inactive,ad,,,,"7-day click, 1-day view, or 1-day engaged-view",,,,,2026-05-03,Ongoing,2026-05-07,2026-05-07
"Prospecting Static CBO",120244285703060327,Broad_Pack1,120244285703070327,"Multiple Pieces",120244294666470327,Feed,iphone,facebook,2026-05-07,inactive,ad,,,,"7-day click, 1-day view, or 1-day engaged-view",,,,,2026-05-03,Ongoing,2026-05-07,2026-05-07
"Prospecting Static CBO",120244285703060327,Broad_Pack1,120244285703070327,"Multiple Pieces",120244294666470327,Feed,0,facebook,2026-05-07,inactive,ad,,,,"7-day click, 1-day view, or 1-day engaged-view",,,,,2026-05-03,Ongoing,2026-05-07,2026-05-07
"Prospecting Static CBO",120244285703060327,Broad_Pack1,120244285703070327,"Multiple Pieces",120244294666470327,"Facebook Reels",0,facebook,2026-05-07,inactive,ad,,,,"7-day click, 1-day view, or 1-day engaged-view",,,,,2026-05-03,Ongoing,2026-05-07,2026-05-07
"Prospecting Static CBO",120244285703060327,Broad_Pack1,120244285703070327,"Multiple Pieces",120244294666470327,"Facebook Reels",iphone,facebook,2026-05-07,inactive,ad,,,,"7-day click, 1-day view, or 1-day engaged-view",,,,,2026-05-03,Ongoing,2026-05-07,2026-05-07
"Prospecting Static CBO",120244285703060327,Broad_Pack1,120244285703070327,"Multiple Pieces",120244294666470327,Feed,iphone,instagram,2026-05-07,inactive,ad,,,,"7-day click, 1-day view, or 1-day engaged-view",,,,,2026-05-03,Ongoing,2026-05-07,2026-05-07
"Prospecting Static CBO",120244285703060327,Broad_Pack1,120244285703070327,"Multiple Pieces",120244294666470327,Feed,0,instagram,2026-05-07,inactive,ad,,,,"7-day click, 1-day view, or 1-day engaged-view",,,,,2026-05-03,Ongoing,2026-05-07,2026-05-07
"Prospecting Static CBO",120244285703060327,Broad_Pack1,120244285703070327,"Multiple Pieces",120244294666470327,Marketplace,0,facebook,2026-05-07,inactive,ad,,,,"7-day click, 1-day view, or 1-day engaged-view",,,,,2026-05-03,Ongoing,2026-05-07,2026-05-07
"Prospecting Static CBO",120244285703060327,Broad_Pack1,120244285703070327,"Multiple Pieces",120244294666470327,"Instagram Stories",0,instagram,2026-05-07,inactive,ad,,,,"7-day click, 1-day view, or 1-day engaged-view",,,,,2026-05-03,Ongoing,2026-05-07,2026-05-07
"Prospecting Static CBO",120244285703060327,Broad_Pack1,120244285703070327,"Multiple Pieces",120244294666470327,"Instagram Stories",iphone,instagram,2026-05-07,inactive,ad,,,,"7-day click, 1-day view, or 1-day engaged-view",,,,,2026-05-03,Ongoing,2026-05-07,2026-05-07
"Prospecting Static CBO",120244285703060327,Broad_Pack1,120244285703070327,"Maddie Holding",120244294591870327,Feed,iphone,instagram,2026-05-07,inactive,ad,,,,"7-day click, 1-day view, or 1-day engaged-view",,,,,2026-05-03,Ongoing,2026-05-07,2026-05-07
"Prospecting Static CBO",120244285703060327,Broad_Pack2,120244380430020327,"6 Images",120244439296070327,Feed,iphone,instagram,2026-05-07,inactive,ad,,,,"7-day click, 1-day view, or 1-day engaged-view",,,,,2026-05-05,Ongoing,2026-05-07,2026-05-07
"Prospecting Static CBO",120244285703060327,Broad_Pack1,120244285703070327,"Manual Carousel",120244289774560327,Feed,0,facebook,2026-05-07,inactive,ad,,,,"7-day click, 1-day view, or 1-day engaged-view",,,,,2026-05-03,Ongoing,2026-05-07,2026-05-07
"Prospecting Static CBO",120244285703060327,Broad_Pack1,120244285703070327,"Manual Carousel",120244289774560327,Feed,iphone,facebook,2026-05-07,inactive,ad,,,,"7-day click, 1-day view, or 1-day engaged-view",,,,,2026-05-03,Ongoing,2026-05-07,2026-05-07
"Prospecting Static CBO",120244285703060327,Broad_Pack1,120244285703070327,"Maddie Holding",120244294591870327,Feed,0,facebook,2026-05-07,inactive,ad,,,,"7-day click, 1-day view, or 1-day engaged-view",,,,,2026-05-03,Ongoing,2026-05-07,2026-05-07
"Prospecting Static CBO",120244285703060327,Broad_Pack1,120244285703070327,"Maddie Holding",120244294591870327,Feed,0,instagram,2026-05-07,inactive,ad,,,,"7-day click, 1-day view, or 1-day engaged-view",,,,,2026-05-03,Ongoing,2026-05-07,2026-05-07
"Prospecting Static CBO",120244285703060327,Broad_Pack1,120244285703070327,"Maddie Holding",120244294591870327,Feed,iphone,facebook,2026-05-07,inactive,ad,,,,"7-day click, 1-day view, or 1-day engaged-view",,,,,2026-05-03,Ongoing,2026-05-07,2026-05-07
"Prospecting Static CBO",120244285703060327,Broad_Pack2,120244380430020327,"1 Image",120244382305550327,Feed,0,facebook,2026-05-07,inactive,ad,,,,"7-day click, 1-day view, or 1-day engaged-view",,,,,2026-05-05,Ongoing,2026-05-07,2026-05-07
"Prospecting Static CBO",120244285703060327,Broad_Pack2,120244380430020327,"1 Image",120244382305550327,Feed,iphone,facebook,2026-05-07,inactive,ad,,,,"7-day click, 1-day view, or 1-day engaged-view",,,,,2026-05-05,Ongoing,2026-05-07,2026-05-07
"Prospecting Static CBO",120244285703060327,Broad_Pack2,120244380430020327,"1 Image",120244384524180327,"Instagram Reels",0,instagram,2026-05-07,inactive,ad,,,,"7-day click, 1-day view, or 1-day engaged-view",,,,,2026-05-05,Ongoing,2026-05-07,2026-05-07
"Prospecting Static CBO",120244285703060327,Broad_Pack2,120244380430020327,"6 Images",120244439296070327,"Instagram Stories",0,instagram,2026-05-07,inactive,ad,,,,"7-day click, 1-day view, or 1-day engaged-view",,,,,2026-05-05,Ongoing,2026-05-07,2026-05-07
"Prospecting Static CBO",120244285703060327,Broad_Pack2,120244380430020327,"6 Images",120244439296070327,"Instagram Stories",iphone,instagram,2026-05-07,inactive,ad,,,,"7-day click, 1-day view, or 1-day engaged-view",,,,,2026-05-05,Ongoing,2026-05-07,2026-05-07
"Prospecting Static CBO",120244285703060327,Broad_Pack2,120244380430020327,"6 Images",120244439296070327,Feed,0,instagram,2026-05-07,inactive,ad,,,,"7-day click, 1-day view, or 1-day engaged-view",,,,,2026-05-05,Ongoing,2026-05-07,2026-05-07
"Prospecting Static CBO",120244285703060327,Broad_Pack1,120244285703070327,"Multiple Pieces",120244294666470327,Feed,ipad,facebook,2026-05-06,inactive,ad,,,,"7-day click, 1-day view, or 1-day engaged-view",,,,,2026-05-03,Ongoing,2026-05-06,2026-05-06
"Prospecting Static CBO",120244285703060327,Broad_Pack2,120244380430020327,"6 Images",120244439296070327,"Instagram Reels",0,instagram,2026-05-06,inactive,ad,,,,"7-day click, 1-day view, or 1-day engaged-view",,,,,2026-05-05,Ongoing,2026-05-06,2026-05-06
"Prospecting Static CBO",120244285703060327,Broad_Pack2,120244380430020327,"6 Images",120244439296070327,"Instagram Reels",iphone,instagram,2026-05-06,inactive,ad,,,,"7-day click, 1-day view, or 1-day engaged-view",,,,,2026-05-05,Ongoing,2026-05-06,2026-05-06
"Prospecting Static CBO",120244285703060327,Broad_Pack2,120244380430020327,"6 Images",120244439296070327,Feed,0,instagram,2026-05-06,inactive,ad,,,,"7-day click, 1-day view, or 1-day engaged-view",,,,,2026-05-05,Ongoing,2026-05-06,2026-05-06
"Prospecting Static CBO",120244285703060327,Broad_Pack2,120244380430020327,"6 Images",120244439296070327,Feed,iphone,instagram,2026-05-06,inactive,ad,,,,"7-day click, 1-day view, or 1-day engaged-view",,,,,2026-05-05,Ongoing,2026-05-06,2026-05-06
"Prospecting Static CBO",120244285703060327,Broad_Pack1,120244285703070327,"Multiple Pieces",120244294666470327,"Instagram Stories",iphone,instagram,2026-05-06,inactive,ad,,,,"7-day click, 1-day view, or 1-day engaged-view",,,,,2026-05-03,Ongoing,2026-05-06,2026-05-06
"Prospecting Static CBO",120244285703060327,Broad_Pack1,120244285703070327,"Multiple Pieces",120244294666470327,"Instagram Stories",0,instagram,2026-05-06,inactive,ad,,,,"7-day click, 1-day view, or 1-day engaged-view",,,,,2026-05-03,Ongoing,2026-05-06,2026-05-06
"Prospecting Static CBO",120244285703060327,Broad_Pack1,120244285703070327,"Multiple Pieces",120244294666470327,"Search results",iphone,facebook,2026-05-06,inactive,ad,,,,"7-day click, 1-day view, or 1-day engaged-view",,,,,2026-05-03,Ongoing,2026-05-06,2026-05-06
"Prospecting Static CBO",120244285703060327,Broad_Pack1,120244285703070327,"Multiple Pieces",120244294666470327,"Search results",0,facebook,2026-05-06,inactive,ad,,,,"7-day click, 1-day view, or 1-day engaged-view",,,,,2026-05-03,Ongoing,2026-05-06,2026-05-06
"Prospecting Static CBO",120244285703060327,Broad_Pack1,120244285703070327,"Multiple Pieces",120244294666470327,"Threads feed",iphone,threads,2026-05-06,inactive,ad,,,,"7-day click, 1-day view, or 1-day engaged-view",,,,,2026-05-03,Ongoing,2026-05-06,2026-05-06
"Prospecting Static CBO",120244285703060327,Broad_Pack1,120244285703070327,"Multiple Pieces",120244294666470327,Feed,android_smartphone,facebook,2026-05-06,inactive,ad,,,,"7-day click, 1-day view, or 1-day engaged-view",,,,,2026-05-03,Ongoing,2026-05-06,2026-05-06
"Prospecting Static CBO",120244285703060327,Broad_Pack1,120244285703070327,"Multiple Pieces",120244294666470327,Feed,iphone,facebook,2026-05-06,inactive,ad,,,,"7-day click, 1-day view, or 1-day engaged-view",,,,,2026-05-03,Ongoing,2026-05-06,2026-05-06
"Prospecting Static CBO",120244285703060327,Broad_Pack1,120244285703070327,"Multiple Pieces",120244294666470327,Feed,0,facebook,2026-05-06,inactive,ad,,,,"7-day click, 1-day view, or 1-day engaged-view",,,,,2026-05-03,Ongoing,2026-05-06,2026-05-06
"Prospecting Static CBO",120244285703060327,Broad_Pack1,120244285703070327,"Multiple Pieces",120244294666470327,Feed,android_smartphone,instagram,2026-05-06,inactive,ad,,,,"7-day click, 1-day view, or 1-day engaged-view",,,,,2026-05-03,Ongoing,2026-05-06,2026-05-06
"Prospecting Static CBO",120244285703060327,Broad_Pack1,120244285703070327,"Multiple Pieces",120244294666470327,Feed,iphone,instagram,2026-05-06,inactive,ad,,,,"7-day click, 1-day view, or 1-day engaged-view",,,,,2026-05-03,Ongoing,2026-05-06,2026-05-06
"Prospecting Static CBO",120244285703060327,Broad_Pack1,120244285703070327,"Multiple Pieces",120244294666470327,Feed,0,instagram,2026-05-06,inactive,ad,,,,"7-day click, 1-day view, or 1-day engaged-view",,,,,2026-05-03,Ongoing,2026-05-06,2026-05-06
"Prospecting Static CBO",120244285703060327,Broad_Pack2,120244380430020327,"6 Images",120244439296070327,"Instagram Stories",0,instagram,2026-05-06,inactive,ad,,,,"7-day click, 1-day view, or 1-day engaged-view",,,,,2026-05-05,Ongoing,2026-05-06,2026-05-06
"Prospecting Static CBO",120244285703060327,Broad_Pack1,120244285703070327,"Multiple Pieces",120244294666470327,"Threads feed",0,threads,2026-05-06,inactive,ad,,,,"7-day click, 1-day view, or 1-day engaged-view",,,,,2026-05-03,Ongoing,2026-05-06,2026-05-06
"Prospecting Static CBO",120244285703060327,Broad_Pack2,120244380430020327,"1 Image",120244383168050327,"Instagram Reels",0,instagram,2026-05-06,inactive,ad,,,,"7-day click, 1-day view, or 1-day engaged-view",,,,,2026-05-05,Ongoing,2026-05-06,2026-05-06
"Prospecting Static CBO",120244285703060327,Broad_Pack2,120244380430020327,"6 Images",120244439296070327,"Instagram Stories",iphone,instagram,2026-05-06,inactive,ad,,,,"7-day click, 1-day view, or 1-day engaged-view",,,,,2026-05-05,Ongoing,2026-05-06,2026-05-06
"Prospecting Static CBO",120244285703060327,Broad_Pack1,120244285703070327,"6 Image Static - All Copy",120244285703080327,"Facebook Reels",iphone,facebook,2026-05-06,inactive,ad,,,,"7-day click, 1-day view, or 1-day engaged-view",,,,,2026-05-03,Ongoing,2026-05-06,2026-05-06
"Prospecting Static CBO",120244285703060327,Broad_Pack1,120244285703070327,"6 Image Static - All Copy",120244285703080327,"Facebook Reels",0,facebook,2026-05-06,inactive,ad,,,,"7-day click, 1-day view, or 1-day engaged-view",,,,,2026-05-03,Ongoing,2026-05-06,2026-05-06
"Prospecting Static CBO",120244285703060327,Broad_Pack1,120244285703070327,"Maddie Holding",120244294591870327,Feed,0,instagram,2026-05-06,inactive,ad,,,,"7-day click, 1-day view, or 1-day engaged-view",,,,,2026-05-03,Ongoing,2026-05-06,2026-05-06
"Prospecting Static CBO",120244285703060327,Broad_Pack1,120244285703070327,"Manual Carousel",120244289774560327,Feed,0,instagram,2026-05-06,inactive,ad,,,,"7-day click, 1-day view, or 1-day engaged-view",,,,,2026-05-03,Ongoing,2026-05-06,2026-05-06
"Prospecting Static CBO",120244285703060327,Broad_Pack1,120244285703070327,"Manual Carousel",120244289774560327,Feed,iphone,instagram,2026-05-06,inactive,ad,,,,"7-day click, 1-day view, or 1-day engaged-view",,,,,2026-05-03,Ongoing,2026-05-06,2026-05-06
"Prospecting Static CBO",120244285703060327,Broad_Pack1,120244285703070327,"Maddie Holding",120244294591870327,"Instagram Stories",0,instagram,2026-05-06,inactive,ad,,,,"7-day click, 1-day view, or 1-day engaged-view",,,,,2026-05-03,Ongoing,2026-05-06,2026-05-06
"Prospecting Static CBO",120244285703060327,Broad_Pack1,120244285703070327,"Maddie Holding",120244294591870327,"Instagram Stories",iphone,instagram,2026-05-06,inactive,ad,,,,"7-day click, 1-day view, or 1-day engaged-view",,,,,2026-05-03,Ongoing,2026-05-06,2026-05-06
"Prospecting Static CBO",120244285703060327,Broad_Pack1,120244285703070327,"Maddie Holding",120244294591870327,Feed,0,facebook,2026-05-06,inactive,ad,,,,"7-day click, 1-day view, or 1-day engaged-view",,,,,2026-05-03,Ongoing,2026-05-06,2026-05-06
"Prospecting Static CBO",120244285703060327,Broad_Pack1,120244285703070327,"Maddie Holding",120244294591870327,Feed,iphone,facebook,2026-05-06,inactive,ad,,,,"7-day click, 1-day view, or 1-day engaged-view",,,,,2026-05-03,Ongoing,2026-05-06,2026-05-06
"Prospecting Static CBO",120244285703060327,Broad_Pack1,120244285703070327,"Maddie Holding",120244294591870327,"Instagram Reels",0,instagram,2026-05-06,inactive,ad,,,,"7-day click, 1-day view, or 1-day engaged-view",,,,,2026-05-03,Ongoing,2026-05-06,2026-05-06
"Prospecting Static CBO",120244285703060327,Broad_Pack1,120244285703070327,"Maddie Holding",120244294591870327,"Instagram Reels",iphone,instagram,2026-05-06,inactive,ad,,,,"7-day click, 1-day view, or 1-day engaged-view",,,,,2026-05-03,Ongoing,2026-05-06,2026-05-06
"Prospecting Static CBO",120244285703060327,Broad_Pack1,120244285703070327,"1 Image Static - Best Sellers",120244289062370327,Feed,0,instagram,2026-05-06,not_delivering,ad,,,,"7-day click, 1-day view, or 1-day engaged-view",,,,,2026-05-03,Ongoing,2026-05-06,2026-05-06
"Prospecting Static CBO",120244285703060327,Broad_Pack1,120244285703070327,"2 Image Static - Best Sellers Copy",120244287996490327,Feed,0,facebook,2026-05-06,inactive,ad,,,,"7-day click, 1-day view, or 1-day engaged-view",,,,,2026-05-03,Ongoing,2026-05-06,2026-05-06
"Prospecting Static CBO",120244285703060327,Broad_Pack1,120244285703070327,"2 Image Static - Best Sellers Copy",120244287996490327,Feed,ipad,facebook,2026-05-06,inactive,ad,,,,"7-day click, 1-day view, or 1-day engaged-view",,,,,2026-05-03,Ongoing,2026-05-06,2026-05-06
"Prospecting Static CBO",120244285703060327,Broad_Pack1,120244285703070327,"2 Image Static - Best Sellers Copy",120244287996490327,"Instagram Reels",0,instagram,2026-05-06,inactive,ad,,,,"7-day click, 1-day view, or 1-day engaged-view",,,,,2026-05-03,Ongoing,2026-05-06,2026-05-06
"Prospecting Static CBO",120244285703060327,Broad_Pack1,120244285703070327,"2 Image Static - Best Sellers Copy",120244287996490327,"Instagram Reels",iphone,instagram,2026-05-06,inactive,ad,,,,"7-day click, 1-day view, or 1-day engaged-view",,,,,2026-05-03,Ongoing,2026-05-06,2026-05-06
"Prospecting Static CBO",120244285703060327,Broad_Pack1,120244285703070327,"2 Image Static - Best Sellers Copy",120244287996490327,"Instagram Reels",android_smartphone,instagram,2026-05-06,inactive,ad,,,,"7-day click, 1-day view, or 1-day engaged-view",,,,,2026-05-03,Ongoing,2026-05-06,2026-05-06
"Prospecting Static CBO",120244285703060327,Broad_Pack1,120244285703070327,"1 Image Static",120244289186820327,Feed,iphone,facebook,2026-05-06,inactive,ad,,,,"7-day click, 1-day view, or 1-day engaged-view",,,,,2026-05-03,Ongoing,2026-05-06,2026-05-06
"Prospecting Static CBO",120244285703060327,Broad_Pack1,120244285703070327,"1 Image Static",120244289186820327,Feed,0,facebook,2026-05-06,inactive,ad,,,,"7-day click, 1-day view, or 1-day engaged-view",,,,,2026-05-03,Ongoing,2026-05-06,2026-05-06
"Prospecting Static CBO",120244285703060327,Broad_Pack1,120244285703070327,"2 Image Static",120244289667450327,Feed,0,facebook,2026-05-06,inactive,ad,,,,"7-day click, 1-day view, or 1-day engaged-view",,,,,2026-05-03,Ongoing,2026-05-06,2026-05-06
"Prospecting Static CBO",120244285703060327,Broad_Pack1,120244285703070327,"2 Image Static",120244289667450327,Feed,iphone,facebook,2026-05-06,inactive,ad,,,,"7-day click, 1-day view, or 1-day engaged-view",,,,,2026-05-03,Ongoing,2026-05-06,2026-05-06
"Prospecting Static CBO",120244285703060327,Broad_Pack1,120244285703070327,"2 Image Static",120244289667450327,"Instagram Reels",0,instagram,2026-05-06,inactive,ad,,,,"7-day click, 1-day view, or 1-day engaged-view",,,,,2026-05-03,Ongoing,2026-05-06,2026-05-06
"Prospecting Static CBO",120244285703060327,Broad_Pack1,120244285703070327,"Multiple Pieces",120244294666470327,Feed,android_smartphone,facebook,2026-05-05,inactive,ad,,,,"7-day click, 1-day view, or 1-day engaged-view",,,,,2026-05-03,Ongoing,2026-05-05,2026-05-05
"Prospecting Static CBO",120244285703060327,Broad_Pack1,120244285703070327,"Multiple Pieces",120244294666470327,Feed,ipad,facebook,2026-05-05,inactive,ad,,,,"7-day click, 1-day view, or 1-day engaged-view",,,,,2026-05-03,Ongoing,2026-05-05,2026-05-05
"Prospecting Static CBO",120244285703060327,Broad_Pack1,120244285703070327,"Multiple Pieces",120244294666470327,Marketplace,iphone,facebook,2026-05-05,inactive,ad,,,,"7-day click, 1-day view, or 1-day engaged-view",,,,,2026-05-03,Ongoing,2026-05-05,2026-05-05
"Prospecting Static CBO",120244285703060327,Broad_Pack1,120244285703070327,"Multiple Pieces",120244294666470327,"Search results",0,facebook,2026-05-05,inactive,ad,,,,"7-day click, 1-day view, or 1-day engaged-view",,,,,2026-05-03,Ongoing,2026-05-05,2026-05-05
"Prospecting Static CBO",120244285703060327,Broad_Pack1,120244285703070327,"Multiple Pieces",120244294666470327,"Search results",iphone,facebook,2026-05-05,inactive,ad,,,,"7-day click, 1-day view, or 1-day engaged-view",,,,,2026-05-03,Ongoing,2026-05-05,2026-05-05
"Prospecting Static CBO",120244285703060327,Broad_Pack2,120244380430020327,"1 Image",120244383168050327,"Instagram Reels",iphone,instagram,2026-05-05,inactive,ad,,,,"7-day click, 1-day view, or 1-day engaged-view",,,,,2026-05-05,Ongoing,2026-05-05,2026-05-05
"Prospecting Static CBO",120244285703060327,Broad_Pack1,120244285703070327,"Multiple Pieces",120244294666470327,Feed,iphone,facebook,2026-05-05,inactive,ad,,,,"7-day click, 1-day view, or 1-day engaged-view",,,,,2026-05-03,Ongoing,2026-05-05,2026-05-05
"Prospecting Static CBO",120244285703060327,Broad_Pack1,120244285703070327,"Multiple Pieces",120244294666470327,Feed,iphone,instagram,2026-05-05,inactive,ad,,,,"7-day click, 1-day view, or 1-day engaged-view",,,,,2026-05-03,Ongoing,2026-05-05,2026-05-05
"Prospecting Static CBO",120244285703060327,Broad_Pack1,120244285703070327,"Multiple Pieces",120244294666470327,Feed,0,facebook,2026-05-05,inactive,ad,,,,"7-day click, 1-day view, or 1-day engaged-view",,,,,2026-05-03,Ongoing,2026-05-05,2026-05-05
"Prospecting Static CBO",120244285703060327,Broad_Pack1,120244285703070327,"Multiple Pieces",120244294666470327,"Instagram Reels",0,instagram,2026-05-05,inactive,ad,,,,"7-day click, 1-day view, or 1-day engaged-view",,,,,2026-05-03,Ongoing,2026-05-05,2026-05-05
"Prospecting Static CBO",120244285703060327,Broad_Pack1,120244285703070327,"Multiple Pieces",120244294666470327,"Instagram Reels",iphone,instagram,2026-05-05,inactive,ad,,,,"7-day click, 1-day view, or 1-day engaged-view",,,,,2026-05-03,Ongoing,2026-05-05,2026-05-05
"Prospecting Static CBO",120244285703060327,Broad_Pack1,120244285703070327,"Multiple Pieces",120244294666470327,"Facebook Reels",android_smartphone,facebook,2026-05-05,inactive,ad,,,,"7-day click, 1-day view, or 1-day engaged-view",,,,,2026-05-03,Ongoing,2026-05-05,2026-05-05
"Prospecting Static CBO",120244285703060327,Broad_Pack1,120244285703070327,"Multiple Pieces",120244294666470327,"Facebook Reels",0,facebook,2026-05-05,inactive,ad,,,,"7-day click, 1-day view, or 1-day engaged-view",,,,,2026-05-03,Ongoing,2026-05-05,2026-05-05
"Prospecting Static CBO",120244285703060327,Broad_Pack1,120244285703070327,"Multiple Pieces",120244294666470327,Feed,0,instagram,2026-05-05,inactive,ad,,,,"7-day click, 1-day view, or 1-day engaged-view",,,,,2026-05-03,Ongoing,2026-05-05,2026-05-05
"Prospecting Static CBO",120244285703060327,Broad_Pack2,120244380430020327,"1 Image",120244383168050327,"Instagram Reels",0,instagram,2026-05-05,inactive,ad,,,,"7-day click, 1-day view, or 1-day engaged-view",,,,,2026-05-05,Ongoing,2026-05-05,2026-05-05
"Prospecting Static CBO",120244285703060327,Broad_Pack1,120244285703070327,"Multiple Pieces",120244294666470327,"Instagram Stories",iphone,instagram,2026-05-05,inactive,ad,,,,"7-day click, 1-day view, or 1-day engaged-view",,,,,2026-05-03,Ongoing,2026-05-05,2026-05-05
"Prospecting Static CBO",120244285703060327,Broad_Pack1,120244285703070327,"Multiple Pieces",120244294666470327,Marketplace,0,facebook,2026-05-05,inactive,ad,,,,"7-day click, 1-day view, or 1-day engaged-view",,,,,2026-05-03,Ongoing,2026-05-05,2026-05-05
"Prospecting Static CBO",120244285703060327,Broad_Pack1,120244285703070327,"2 Image Static - Best Sellers Copy",120244287996490327,Feed,0,facebook,2026-05-05,inactive,ad,,,,"7-day click, 1-day view, or 1-day engaged-view",,,,,2026-05-03,Ongoing,2026-05-05,2026-05-05
"Prospecting Static CBO",120244285703060327,Broad_Pack1,120244285703070327,"Multiple Pieces",120244294666470327,"Instagram Stories",0,instagram,2026-05-05,inactive,ad,,,,"7-day click, 1-day view, or 1-day engaged-view",,,,,2026-05-03,Ongoing,2026-05-05,2026-05-05
"Prospecting Static CBO",120244285703060327,Broad_Pack1,120244285703070327,"Maddie Holding",120244294591870327,Feed,0,instagram,2026-05-05,inactive,ad,,,,"7-day click, 1-day view, or 1-day engaged-view",,,,,2026-05-03,Ongoing,2026-05-05,2026-05-05
"Prospecting Static CBO",120244285703060327,Broad_Pack1,120244285703070327,"2 Image Static",120244287902620327,Feed,iphone,instagram,2026-05-05,inactive,ad,,,,"7-day click, 1-day view, or 1-day engaged-view",,,,,2026-05-03,Ongoing,2026-05-05,2026-05-05
"Prospecting Static CBO",120244285703060327,Broad_Pack1,120244285703070327,"Manual Carousel",120244289774560327,Feed,android_smartphone,facebook,2026-05-05,inactive,ad,,,,"7-day click, 1-day view, or 1-day engaged-view",,,,,2026-05-03,Ongoing,2026-05-05,2026-05-05
"Prospecting Static CBO",120244285703060327,Broad_Pack1,120244285703070327,"Manual Carousel",120244289774560327,Feed,0,facebook,2026-05-05,inactive,ad,,,,"7-day click, 1-day view, or 1-day engaged-view",,,,,2026-05-03,Ongoing,2026-05-05,2026-05-05
"Prospecting Static CBO",120244285703060327,Broad_Pack1,120244285703070327,"Maddie Holding",120244294591870327,"Instagram Reels",0,instagram,2026-05-05,inactive,ad,,,,"7-day click, 1-day view, or 1-day engaged-view",,,,,2026-05-03,Ongoing,2026-05-05,2026-05-05
"Prospecting Static CBO",120244285703060327,Broad_Pack1,120244285703070327,"Maddie Holding",120244294591870327,"Instagram Reels",iphone,instagram,2026-05-05,inactive,ad,,,,"7-day click, 1-day view, or 1-day engaged-view",,,,,2026-05-03,Ongoing,2026-05-05,2026-05-05
"Prospecting Static CBO",120244285703060327,Broad_Pack1,120244285703070327,"Maddie Holding",120244294591870327,"Facebook Reels",android_smartphone,facebook,2026-05-05,inactive,ad,,,,"7-day click, 1-day view, or 1-day engaged-view",,,,,2026-05-03,Ongoing,2026-05-05,2026-05-05
"Prospecting Static CBO",120244285703060327,Broad_Pack1,120244285703070327,"Maddie Holding",120244294591870327,"Facebook Reels",0,facebook,2026-05-05,inactive,ad,,,,"7-day click, 1-day view, or 1-day engaged-view",,,,,2026-05-03,Ongoing,2026-05-05,2026-05-05
"Prospecting Static CBO",120244285703060327,Broad_Pack1,120244285703070327,"Maddie Holding",120244294591870327,Feed,iphone,instagram,2026-05-05,inactive,ad,,,,"7-day click, 1-day view, or 1-day engaged-view",,,,,2026-05-03,Ongoing,2026-05-05,2026-05-05
"Prospecting Static CBO",120244285703060327,Broad_Pack1,120244285703070327,"2 Image Static - Best Sellers Copy",120244287996490327,Feed,0,instagram,2026-05-05,inactive,ad,,,,"7-day click, 1-day view, or 1-day engaged-view",,,,,2026-05-03,Ongoing,2026-05-05,2026-05-05
"Prospecting Static CBO",120244285703060327,Broad_Pack1,120244285703070327,"2 Image Static - Best Sellers Copy",120244287996490327,Feed,iphone,instagram,2026-05-05,inactive,ad,,,,"7-day click, 1-day view, or 1-day engaged-view",,,,,2026-05-03,Ongoing,2026-05-05,2026-05-05
"Prospecting Static CBO",120244285703060327,Broad_Pack1,120244285703070327,"1 Image Static",120244289186820327,"Search results",0,facebook,2026-05-05,inactive,ad,,,,"7-day click, 1-day view, or 1-day engaged-view",,,,,2026-05-03,Ongoing,2026-05-05,2026-05-05
"Prospecting Static CBO",120244285703060327,Broad_Pack1,120244285703070327,"1 Image Static",120244289186820327,"Search results",android_smartphone,facebook,2026-05-05,inactive,ad,,,,"7-day click, 1-day view, or 1-day engaged-view",,,,,2026-05-03,Ongoing,2026-05-05,2026-05-05
"Prospecting Static CBO",120244285703060327,Broad_Pack2,120244380430020327,"1 Image",120244384524180327,"Instagram Reels",0,instagram,2026-05-05,inactive,ad,,,,"7-day click, 1-day view, or 1-day engaged-view",,,,,2026-05-05,Ongoing,2026-05-05,2026-05-05
"Prospecting Static CBO",120244285703060327,Broad_Pack1,120244285703070327,"2 Image Static",120244287902620327,Feed,0,instagram,2026-05-05,inactive,ad,,,,"7-day click, 1-day view, or 1-day engaged-view",,,,,2026-05-03,Ongoing,2026-05-05,2026-05-05
"Prospecting Static CBO",120244285703060327,Broad_Pack1,120244285703070327,"2 Image Static",120244287902620327,Feed,0,instagram,2026-05-04,inactive,ad,,,,"7-day click, 1-day view, or 1-day engaged-view",,,,,2026-05-03,Ongoing,2026-05-04,2026-05-04
"Prospecting Static CBO",120244285703060327,Broad_Pack1,120244285703070327,"1 Image Static",120244289186820327,Feed,0,instagram,2026-05-04,inactive,ad,,,,"7-day click, 1-day view, or 1-day engaged-view",,,,,2026-05-03,Ongoing,2026-05-04,2026-05-04
"Prospecting Static CBO",120244285703060327,Broad_Pack1,120244285703070327,"1 Image Static",120244289186820327,Feed,other,instagram,2026-05-04,inactive,ad,,,,"7-day click, 1-day view, or 1-day engaged-view",,,,,2026-05-03,Ongoing,2026-05-04,2026-05-04
"Prospecting Static CBO",120244285703060327,Broad_Pack1,120244285703070327,"2 Image Static",120244289667450327,Feed,android_smartphone,facebook,2026-05-04,inactive,ad,,,,"7-day click, 1-day view, or 1-day engaged-view",,,,,2026-05-03,Ongoing,2026-05-04,2026-05-04
"Prospecting Static CBO",120244285703060327,Broad_Pack1,120244285703070327,"2 Image Static",120244289667450327,"Instagram Reels",0,instagram,2026-05-04,inactive,ad,,,,"7-day click, 1-day view, or 1-day engaged-view",,,,,2026-05-03,Ongoing,2026-05-04,2026-05-04
"Prospecting Static CBO",120244285703060327,Broad_Pack1,120244285703070327,"2 Image Static",120244289667450327,"Instagram Reels",iphone,instagram,2026-05-04,inactive,ad,,,,"7-day click, 1-day view, or 1-day engaged-view",,,,,2026-05-03,Ongoing,2026-05-04,2026-05-04
"Prospecting Static CBO",120244285703060327,Broad_Pack1,120244285703070327,"Multiple Pieces",120244294666470327,Feed,iphone,instagram,2026-05-04,inactive,ad,,,,"7-day click, 1-day view, or 1-day engaged-view",,,,,2026-05-03,Ongoing,2026-05-04,2026-05-04
"Prospecting Static CBO",120244285703060327,Broad_Pack1,120244285703070327,"6 Image Static - All Copy",120244285703080327,Feed,0,instagram,2026-05-04,inactive,ad,,,,"7-day click, 1-day view, or 1-day engaged-view",,,,,2026-05-03,Ongoing,2026-05-04,2026-05-04
"Prospecting Static CBO",120244285703060327,Broad_Pack1,120244285703070327,"6 Image Static - All Copy",120244285703080327,Feed,iphone,instagram,2026-05-04,inactive,ad,,,,"7-day click, 1-day view, or 1-day engaged-view",,,,,2026-05-03,Ongoing,2026-05-04,2026-05-04
"Prospecting Static CBO",120244285703060327,Broad_Pack1,120244285703070327,"Multiple Pieces",120244294666470327,"Facebook Stories",iphone,facebook,2026-05-04,inactive,ad,,,,"7-day click, 1-day view, or 1-day engaged-view",,,,,2026-05-03,Ongoing,2026-05-04,2026-05-04
"Prospecting Static CBO",120244285703060327,Broad_Pack1,120244285703070327,"Multiple Pieces",120244294666470327,"Search results",android_smartphone,facebook,2026-05-04,inactive,ad,,,,"7-day click, 1-day view, or 1-day engaged-view",,,,,2026-05-03,Ongoing,2026-05-04,2026-05-04
"Prospecting Static CBO",120244285703060327,Broad_Pack1,120244285703070327,"Multiple Pieces",120244294666470327,Feed,ipad,facebook,2026-05-04,inactive,ad,,,,"7-day click, 1-day view, or 1-day engaged-view",,,,,2026-05-03,Ongoing,2026-05-04,2026-05-04
"Prospecting Static CBO",120244285703060327,Broad_Pack1,120244285703070327,"Multiple Pieces",120244294666470327,Feed,0,facebook,2026-05-04,inactive,ad,,,,"7-day click, 1-day view, or 1-day engaged-view",,,,,2026-05-03,Ongoing,2026-05-04,2026-05-04
"Prospecting Static CBO",120244285703060327,Broad_Pack1,120244285703070327,"Multiple Pieces",120244294666470327,Feed,0,instagram,2026-05-04,inactive,ad,,,,"7-day click, 1-day view, or 1-day engaged-view",,,,,2026-05-03,Ongoing,2026-05-04,2026-05-04
"Prospecting Static CBO",120244285703060327,Broad_Pack1,120244285703070327,"2 Image Static - Best Sellers Copy",120244287996490327,Feed,android_smartphone,instagram,2026-05-04,inactive,ad,,,,"7-day click, 1-day view, or 1-day engaged-view",,,,,2026-05-03,Ongoing,2026-05-04,2026-05-04
"Prospecting Static CBO",120244285703060327,Broad_Pack1,120244285703070327,"2 Image Static - Best Sellers Copy",120244287996490327,Feed,0,instagram,2026-05-04,inactive,ad,,,,"7-day click, 1-day view, or 1-day engaged-view",,,,,2026-05-03,Ongoing,2026-05-04,2026-05-04
"Prospecting Static CBO",120244285703060327,Broad_Pack1,120244285703070327,"2 Image Static - Best Sellers Copy",120244287996490327,Feed,iphone,facebook,2026-05-04,inactive,ad,,,,"7-day click, 1-day view, or 1-day engaged-view",,,,,2026-05-03,Ongoing,2026-05-04,2026-05-04
"Prospecting Static CBO",120244285703060327,Broad_Pack1,120244285703070327,"2 Image Static - Best Sellers Copy",120244287996490327,Feed,iphone,instagram,2026-05-04,inactive,ad,,,,"7-day click, 1-day view, or 1-day engaged-view",,,,,2026-05-03,Ongoing,2026-05-04,2026-05-04
"Prospecting Static CBO",120244285703060327,Broad_Pack1,120244285703070327,"1 Image Static - Best Sellers",120244289062370327,Feed,android_smartphone,instagram,2026-05-04,not_delivering,ad,,,,"7-day click, 1-day view, or 1-day engaged-view",,,,,2026-05-03,Ongoing,2026-05-04,2026-05-04
"Prospecting Static CBO",120244285703060327,Broad_Pack1,120244285703070327,"Manual Carousel",120244289774560327,Feed,0,instagram,2026-05-04,inactive,ad,,,,"7-day click, 1-day view, or 1-day engaged-view",,,,,2026-05-03,Ongoing,2026-05-04,2026-05-04
"Prospecting Static CBO",120244285703060327,Broad_Pack1,120244285703070327,"Manual Carousel",120244289774560327,Feed,iphone,instagram,2026-05-04,inactive,ad,,,,"7-day click, 1-day view, or 1-day engaged-view",,,,,2026-05-03,Ongoing,2026-05-04,2026-05-04
"Prospecting Static CBO",120244285703060327,Broad_Pack1,120244285703070327,"1 Image Static - Best Sellers",120244289062370327,Feed,0,facebook,2026-05-04,not_delivering,ad,,,,"7-day click, 1-day view, or 1-day engaged-view",,,,,2026-05-03,Ongoing,2026-05-04,2026-05-04
"Prospecting Static CBO",120244285703060327,Broad_Pack1,120244285703070327,"2 Image Static - Best Sellers Copy",120244287996490327,"Threads feed",0,threads,2026-05-04,inactive,ad,,,,"7-day click, 1-day view, or 1-day engaged-view",,,,,2026-05-03,Ongoing,2026-05-04,2026-05-04
"Prospecting Static CBO",120244285703060327,Broad_Pack1,120244285703070327,"1 Image Static - Best Sellers",120244289062370327,Feed,0,instagram,2026-05-04,not_delivering,ad,,,,"7-day click, 1-day view, or 1-day engaged-view",,,,,2026-05-03,Ongoing,2026-05-04,2026-05-04
"Prospecting Static CBO",120244285703060327,Broad_Pack1,120244285703070327,"1 Image Static - Best Sellers",120244289062370327,Feed,iphone,instagram,2026-05-04,not_delivering,ad,,,,"7-day click, 1-day view, or 1-day engaged-view",,,,,2026-05-03,Ongoing,2026-05-04,2026-05-04
"Prospecting Static CBO",120244285703060327,Broad_Pack1,120244285703070327,"1 Image Static - Best Sellers",120244289062370327,Feed,android_tablet,facebook,2026-05-04,not_delivering,ad,,,,"7-day click, 1-day view, or 1-day engaged-view",,,,,2026-05-03,Ongoing,2026-05-04,2026-05-04
"Prospecting Static CBO",120244285703060327,Broad_Pack1,120244285703070327,"Maddie Holding",120244294591870327,Feed,0,facebook,2026-05-04,inactive,ad,,,,"7-day click, 1-day view, or 1-day engaged-view",,,,,2026-05-03,Ongoing,2026-05-04,2026-05-04
"Prospecting Static CBO",120244285703060327,Broad_Pack1,120244285703070327,"Maddie Holding",120244294591870327,Feed,iphone,facebook,2026-05-04,inactive,ad,,,,"7-day click, 1-day view, or 1-day engaged-view",,,,,2026-05-03,Ongoing,2026-05-04,2026-05-04
"Prospecting Static CBO",120244285703060327,Broad_Pack1,120244285703070327,"Maddie Holding",120244294591870327,Feed,android_smartphone,instagram,2026-05-04,inactive,ad,,,,"7-day click, 1-day view, or 1-day engaged-view",,,,,2026-05-03,Ongoing,2026-05-04,2026-05-04
"Prospecting Static CBO",120244285703060327,Broad_Pack1,120244285703070327,"2 Image Static - Best Sellers Copy",120244287996490327,Feed,0,facebook,2026-05-04,inactive,ad,,,,"7-day click, 1-day view, or 1-day engaged-view",,,,,2026-05-03,Ongoing,2026-05-04,2026-05-04
"Prospecting Static CBO",120244285703060327,Broad_Pack1,120244285703070327,"2 Image Static - Best Sellers Copy",120244287996490327,"Instagram Reels",0,instagram,2026-05-04,inactive,ad,,,,"7-day click, 1-day view, or 1-day engaged-view",,,,,2026-05-03,Ongoing,2026-05-04,2026-05-04
"Prospecting Static CBO",120244285703060327,Broad_Pack1,120244285703070327,"2 Image Static - Best Sellers Copy",120244287996490327,"Instagram Reels",iphone,instagram,2026-05-04,inactive,ad,,,,"7-day click, 1-day view, or 1-day engaged-view",,,,,2026-05-03,Ongoing,2026-05-04,2026-05-04
"Prospecting Static CBO",120244285703060327,Broad_Pack1,120244285703070327,"2 Image Static - Best Sellers Copy",120244287996490327,"Threads feed",iphone,threads,2026-05-04,inactive,ad,,,,"7-day click, 1-day view, or 1-day engaged-view",,,,,2026-05-03,Ongoing,2026-05-04,2026-05-04
"Prospecting Static CBO",120244285703060327,Broad_Pack1,120244285703070327,"2 Image Static - Best Sellers Copy",120244287996490327,Feed,iphone,instagram,2026-05-03,inactive,ad,,,,"7-day click, 1-day view, or 1-day engaged-view",,,,,2026-05-03,Ongoing,2026-05-03,2026-05-03
"Prospecting Static CBO",120244285703060327,Broad_Pack1,120244285703070327,"6 Image Static - All Copy",120244285703080327,Feed,ipad,instagram,2026-05-03,inactive,ad,,,,"7-day click, 1-day view, or 1-day engaged-view",,,,,2026-05-03,Ongoing,2026-05-03,2026-05-03
"Prospecting Static CBO",120244285703060327,Broad_Pack1,120244285703070327,"6 Image Static - All Copy",120244285703080327,Feed,0,instagram,2026-05-03,inactive,ad,,,,"7-day click, 1-day view, or 1-day engaged-view",,,,,2026-05-03,Ongoing,2026-05-03,2026-05-03
"Prospecting Static CBO",120244285703060327,Broad_Pack1,120244285703070327,"2 Image Static",120244289667450327,Feed,0,instagram,2026-05-03,inactive,ad,,,,"7-day click, 1-day view, or 1-day engaged-view",,,,,2026-05-03,Ongoing,2026-05-03,2026-05-03
"Prospecting Static CBO",120244285703060327,Broad_Pack1,120244285703070327,"2 Image Static",120244289667450327,Feed,iphone,instagram,2026-05-03,inactive,ad,,,,"7-day click, 1-day view, or 1-day engaged-view",,,,,2026-05-03,Ongoing,2026-05-03,2026-05-03
"Prospecting Static CBO",120244285703060327,Broad_Pack1,120244285703070327,"2 Image Static",120244289667450327,"Instagram Stories",iphone,instagram,2026-05-03,inactive,ad,,,,"7-day click, 1-day view, or 1-day engaged-view",,,,,2026-05-03,Ongoing,2026-05-03,2026-05-03
"Prospecting Static CBO",120244285703060327,Broad_Pack1,120244285703070327,"2 Image Static",120244289667450327,"Instagram Stories",0,instagram,2026-05-03,inactive,ad,,,,"7-day click, 1-day view, or 1-day engaged-view",,,,,2026-05-03,Ongoing,2026-05-03,2026-05-03
"Prospecting Static CBO",120244285703060327,Broad_Pack1,120244285703070327,"1 Image Static",120244289186820327,Feed,ipad,instagram,2026-05-03,inactive,ad,,,,"7-day click, 1-day view, or 1-day engaged-view",,,,,2026-05-03,Ongoing,2026-05-03,2026-05-03
"Prospecting Static CBO",120244285703060327,Broad_Pack1,120244285703070327,"Multiple Pieces",120244294666470327,Feed,0,instagram,2026-05-03,inactive,ad,,,,"7-day click, 1-day view, or 1-day engaged-view",,,,,2026-05-03,Ongoing,2026-05-03,2026-05-03
"Prospecting Static CBO",120244285703060327,Broad_Pack1,120244285703070327,"2 Image Static - Best Sellers Copy",120244287996490327,Feed,0,instagram,2026-05-03,inactive,ad,,,,"7-day click, 1-day view, or 1-day engaged-view",,,,,2026-05-03,Ongoing,2026-05-03,2026-05-03
"Prospecting Static CBO",120244285703060327,Broad_Pack1,120244285703070327,"2 Image Static - Best Sellers Copy",120244287996490327,Feed,iphone,facebook,2026-05-03,inactive,ad,,,,"7-day click, 1-day view, or 1-day engaged-view",,,,,2026-05-03,Ongoing,2026-05-03,2026-05-03
"Prospecting Static CBO",120244285703060327,Broad_Pack1,120244285703070327,"2 Image Static - Best Sellers Copy",120244287996490327,Feed,ipad,facebook,2026-05-03,inactive,ad,,,,"7-day click, 1-day view, or 1-day engaged-view",,,,,2026-05-03,Ongoing,2026-05-03,2026-05-03
"Prospecting Static CBO",120244285703060327,Broad_Pack1,120244285703070327,"2 Image Static - Best Sellers Copy",120244287996490327,Feed,0,facebook,2026-05-03,inactive,ad,,,,"7-day click, 1-day view, or 1-day engaged-view",,,,,2026-05-03,Ongoing,2026-05-03,2026-05-03
"Prospecting Static CBO",120244285703060327,Broad_Pack1,120244285703070327,"2 Image Static - Best Sellers Copy",120244287996490327,"Instagram Stories",iphone,instagram,2026-05-03,inactive,ad,,,,"7-day click, 1-day view, or 1-day engaged-view",,,,,2026-05-03,Ongoing,2026-05-03,2026-05-03
"Prospecting Static CBO",120244285703060327,Broad_Pack1,120244285703070327,"2 Image Static - Best Sellers Copy",120244287996490327,"Instagram Stories",0,instagram,2026-05-03,inactive,ad,,,,"7-day click, 1-day view, or 1-day engaged-view",,,,,2026-05-03,Ongoing,2026-05-03,2026-05-03
"Prospecting Static CBO",120244285703060327,Broad_Pack1,120244285703070327,"1 Image Static - Best Sellers",120244289062370327,Feed,iphone,instagram,2026-05-03,not_delivering,ad,,,,"7-day click, 1-day view, or 1-day engaged-view",,,,,2026-05-03,Ongoing,2026-05-03,2026-05-03
"Prospecting Static CBO",120244285703060327,Broad_Pack1,120244285703070327,"1 Image Static - Best Sellers",120244289062370327,Feed,0,instagram,2026-05-03,not_delivering,ad,,,,"7-day click, 1-day view, or 1-day engaged-view",,,,,2026-05-03,Ongoing,2026-05-03,2026-05-03
"Prospecting Static CBO",120244285703060327,Broad_Pack1,120244285703070327,"Multiple Pieces",120244294666470327,Feed,iphone,instagram,2026-05-03,inactive,ad,,,,"7-day click, 1-day view, or 1-day engaged-view",,,,,2026-05-03,Ongoing,2026-05-03,2026-05-03
