"Campaign name","Campaign ID","Ad set name","Ad set ID","Ad name","Ad ID",Day,Gender,Age,Text,"Delivery status","Delivery level",Reach,Impressions,Frequency,"Attribution setting","Result type",Results,"Amount spent (USD)","Video ID","Image name","Video name","Website URL",call_to_action_type,headline,Description,"Link clicks","CPC (cost per link click)","CPM (cost per 1,000 impressions)","CTR (all)","Result rate",Views,"Clicks (all)","CPC (all)","Purchases rate per link clicks","Landing page views rate per link clicks","Result value type","Results value","Result value type","Results ROAS","Cost per 1,000 Meta Accounts reached","Ad Delivery","Video average play time","Video plays at 25%","Video plays at 50%","Video plays at 75%","Video plays at 95%","Video plays at 100%","Page engagement","Facebook likes","Instagram follows","Post comments","Post engagements","Post reactions","Post saves","Post shares",ThruPlays,"Video plays","3-second video plays","Unique link clicks","Outbound clicks","Unique outbound clicks","Unique CTR (link click-through rate)","Outbound CTR (click-through rate)","Unique outbound CTR (click-through rate)","Unique clicks (all)","Unique CTR (all)","Instagram profile visits","Cost per outbound click","Cost per unique link click","Cost per unique outbound click","Adds of payment info","Adds to cart","Cost per add to cart","Adds to cart conversion value","Checkouts initiated","Cost per checkout initiated","Checkouts initiated conversion value",Purchases,"Cost per purchase","Purchase ROAS (return on ad spend)","Purchases conversion value","Cost per result","Cost per post engagement","Cost per Page engagement","Cost per like","Cost per 3-second video play","Cost per ThruPlay","Results rate per link clicks","Purchases rate per landing page views","CTR (link click-through rate)","Ad recall lift rate","Cost per unique click (all)","Average purchases conversion value","Website subscriptions conversion value","Cost per add of payment info",Viewers,"Ad set delivery","Campaign Delivery","Cost per ad recall lift","Ad recall lift","Reporting starts","Reporting ends"
ECAS_MST,120248368491680327,C1,120248368491700327,C1B,120248368761270327,2026-07-20,female,65+,"Your city deserves better than a gift-shop skyline.

Real street names, real wood frames, made to order, not mass-printed.

Find your city and shop now.",active,ad,1,1,1,"7-day click, 1-day view, or 1-day engaged-view","Website purchases",,0,0,C1B_CN_ICP_GiftGiver45_CN_Design_SinglePrintLifestyle_PR_Testimonial_HK_Question_TN_Emotiona.png_105,,https://eastcoastartstudio.com/collections/best-sellers,SHOP_NOW,"Made To Order, Framed Right","Made to order. Real wood.",,,0,0,,,0,,,,"Website purchases conversion value",,,,0,active,,,,,,,,,,,,,,,,,,,,,,,,,,,,,,,,,,,,,,,,,,,,,,,,,,,,,,,,active,active,,,2026-07-20,2026-07-20
ECAS_MST,120248368491680327,C1,120248368491700327,C1D,120248368756150327,2026-07-20,male,18-24,"Your city deserves better than a gift-shop skyline.

Real street names, real wood frames, made to order, not mass-printed.

Find your city and shop now.",active,ad,2,2,1,"7-day click, 1-day view, or 1-day engaged-view","Website purchases",,0.07,0,C1D_CN_ICP_GiftGiver45_CN_Design_SinglePrintLifestyle_CTA_ClaimOffer_HK_Benefit_TN_Rational_.png_105,,https://eastcoastartstudio.com/collections/best-sellers,SHOP_NOW,"Made To Order, Framed Right","Made to order. Real wood.",,,35,0,,,0,,,,"Website purchases conversion value",,"Website purchases conversion value",,35,active,,,,,,,,,,,,,,,,,,,,,,,,,,,,,,,,,,,,,,,,,,,,,,,,,,,,,,,,active,active,,,2026-07-20,2026-07-20
ECAS_MST,120248368491680327,C2,120248368953480327,C2B,120248369077860327,2026-07-20,male,55-64,"Your city deserves better than a gift-shop skyline.

Real street names, real wood frames, made to order, not mass-printed.

Find your city and shop now.",inactive,ad,1,1,1,"7-day click, 1-day view, or 1-day engaged-view","Website purchases",,0.01,0,C2B_CN_ICP_Milestone2534_CN_Design_RoomContext_PR_Testimonial_HK_Problem_TN_Rational_FW_BAB_.png_105,,https://eastcoastartstudio.com/collections/best-sellers,SHOP_NOW,"Made To Order, Framed Right","Made to order. Real wood.",,,10,0,,,0,,,,"Website purchases conversion value",,"Website purchases conversion value",,10,inactive,,,,,,,,,,,,,,,,,,,,,,,,,,,,,,,,,,,,,,,,,,,,,,,,,,,,,,,,active,active,,,2026-07-20,2026-07-20
ECAS_MST,120248368491680327,C1,120248368491700327,C1D,120248368756150327,2026-07-20,female,65+,"Your city deserves better than a gift-shop skyline.

Real street names, real wood frames, made to order, not mass-printed.

Find your city and shop now.",active,ad,2,2,1,"7-day click, 1-day view, or 1-day engaged-view","Website purchases",,0.04,0,C1D_CN_ICP_GiftGiver45_CN_Design_SinglePrintLifestyle_CTA_ClaimOffer_HK_Benefit_TN_Rational_.png_105,,https://eastcoastartstudio.com/collections/best-sellers,SHOP_NOW,"Made To Order, Framed Right","Made to order. Real wood.",,,20,0,,,0,,,,"Website purchases conversion value",,"Website purchases conversion value",,20,active,,,,,,,,,,,,,,,,,,,,,,,,,,,,,,,,,,,,,,,,,,,,,,,,,,,,,,,,active,active,,,2026-07-20,2026-07-20
ECAS_MST,120248368491680327,C1,120248368491700327,C1D,120248368756150327,2026-07-20,female,35-44,"Your city deserves better than a gift-shop skyline.

Real street names, real wood frames, made to order, not mass-printed.

Find your city and shop now.",active,ad,2,2,1,"7-day click, 1-day view, or 1-day engaged-view","Website purchases",,0.03,0,C1D_CN_ICP_GiftGiver45_CN_Design_SinglePrintLifestyle_CTA_ClaimOffer_HK_Benefit_TN_Rational_.png_105,,https://eastcoastartstudio.com/collections/best-sellers,SHOP_NOW,"Made To Order, Framed Right","Made to order. Real wood.",,,15,0,,,0,,,,"Website purchases conversion value",,"Website purchases conversion value",,15,active,,,,,,,,,,,,,,,,,,,,,,,,,,,,,,,,,,,,,,,,,,,,,,,,,,,,,,,,active,active,,,2026-07-20,2026-07-20
ECAS_MST,120248368491680327,C1,120248368491700327,C1D,120248368756150327,2026-07-20,female,25-34,"Your city deserves better than a gift-shop skyline.

Real street names, real wood frames, made to order, not mass-printed.

Find your city and shop now.",active,ad,1,1,1,"7-day click, 1-day view, or 1-day engaged-view","Website purchases",,0,0,C1D_CN_ICP_GiftGiver45_CN_Design_SinglePrintLifestyle_CTA_ClaimOffer_HK_Benefit_TN_Rational_.png_105,,https://eastcoastartstudio.com/collections/best-sellers,SHOP_NOW,"Made To Order, Framed Right","Made to order. Real wood.",,,0,0,,,0,,,,"Website purchases conversion value",,,,0,active,,,,,,,,,,,,,,,,,,,,,,,,,,,,,,,,,,,,,,,,,,,,,,,,,,,,,,,,active,active,,,2026-07-20,2026-07-20
ECAS_MST,120248368491680327,C1,120248368491700327,C1D,120248368756150327,2026-07-20,male,35-44,"Your city deserves better than a gift-shop skyline.

Real street names, real wood frames, made to order, not mass-printed.

Find your city and shop now.",active,ad,3,4,1.33333333,"7-day click, 1-day view, or 1-day engaged-view","Website purchases",,0.04,0,C1D_CN_ICP_GiftGiver45_CN_Design_SinglePrintLifestyle_CTA_ClaimOffer_HK_Benefit_TN_Rational_.png_105,,https://eastcoastartstudio.com/collections/best-sellers,SHOP_NOW,"Made To Order, Framed Right","Made to order. Real wood.",,,10,0,,,0,,,,"Website purchases conversion value",,"Website purchases conversion value",,13.33333333,active,,,,,,,,,,,,,,,,,,,,,,,,,,,,,,,,,,,,,,,,,,,,,,,,,,,,,,,,active,active,,,2026-07-20,2026-07-20
ECAS_MST,120248368491680327,C1,120248368491700327,C1D,120248368756150327,2026-07-20,female,55-64,"Your city deserves better than a gift-shop skyline.

Real street names, real wood frames, made to order, not mass-printed.

Find your city and shop now.",active,ad,1,1,1,"7-day click, 1-day view, or 1-day engaged-view","Website purchases",,0,0,C1D_CN_ICP_GiftGiver45_CN_Design_SinglePrintLifestyle_CTA_ClaimOffer_HK_Benefit_TN_Rational_.png_105,,https://eastcoastartstudio.com/collections/best-sellers,SHOP_NOW,"Made To Order, Framed Right","Made to order. Real wood.",,,0,0,,,0,,,,"Website purchases conversion value",,,,0,active,,,,,,,,,,,,,,,,,,,,,,,,,,,,,,,,,,,,,,,,,,,,,,,,,,,,,,,,active,active,,,2026-07-20,2026-07-20
ECAS_MST,120248368491680327,C1,120248368491700327,C1D,120248368756150327,2026-07-20,male,55-64,"Your city deserves better than a gift-shop skyline.

Real street names, real wood frames, made to order, not mass-printed.

Find your city and shop now.",active,ad,2,2,1,"7-day click, 1-day view, or 1-day engaged-view","Website purchases",,0.01,0,C1D_CN_ICP_GiftGiver45_CN_Design_SinglePrintLifestyle_CTA_ClaimOffer_HK_Benefit_TN_Rational_.png_105,,https://eastcoastartstudio.com/collections/best-sellers,SHOP_NOW,"Made To Order, Framed Right","Made to order. Real wood.",,,5,0,,,0,,,,"Website purchases conversion value",,"Website purchases conversion value",,5,active,,,,,,,,,,,,,,,,,,,,,,,,,,,,,,,,,,,,,,,,,,,,,,,,,,,,,,,,active,active,,,2026-07-20,2026-07-20
ECAS_MST,120248368491680327,C1,120248368491700327,C1D,120248368756150327,2026-07-20,male,25-34,"Your city deserves better than a gift-shop skyline.

Real street names, real wood frames, made to order, not mass-printed.

Find your city and shop now.",active,ad,3,3,1,"7-day click, 1-day view, or 1-day engaged-view","Website purchases",,0.03,0,C1D_CN_ICP_GiftGiver45_CN_Design_SinglePrintLifestyle_CTA_ClaimOffer_HK_Benefit_TN_Rational_.png_105,,https://eastcoastartstudio.com/collections/best-sellers,SHOP_NOW,"Made To Order, Framed Right","Made to order. Real wood.",,,10,0,,,0,,,,"Website purchases conversion value",,"Website purchases conversion value",,10,active,,,,,,,,,,,,,,,,,,,,,,,,,,,,,,,,,,,,,,,,,,,,,,,,,,,,,,,,active,active,,,2026-07-20,2026-07-20
ECAS_MST,120248368491680327,C2,120248368953480327,C2B,120248369077860327,2026-07-20,male,45-54,"Your city deserves better than a gift-shop skyline.

Real street names, real wood frames, made to order, not mass-printed.

Find your city and shop now.",inactive,ad,2,3,1.5,"7-day click, 1-day view, or 1-day engaged-view","Website purchases",,0.04,0,C2B_CN_ICP_Milestone2534_CN_Design_RoomContext_PR_Testimonial_HK_Problem_TN_Rational_FW_BAB_.png_105,,https://eastcoastartstudio.com/collections/best-sellers,SHOP_NOW,"Made To Order, Framed Right","Made to order. Real wood.",,,13.33333333,0,,,0,,,,"Website purchases conversion value",,"Website purchases conversion value",,20,inactive,,,,,,,,,,,,,,,,,,,,,,,,,,,,,,,,,,,,,,,,,,,,,,,,,,,,,,,,active,active,,,2026-07-20,2026-07-20
ECAS_MST,120248368491680327,C4,120248369515900327,c4A,120248369515870327,2026-07-20,female,55-64,"Your city deserves better than a gift-shop skyline.

Real street names, real wood frames, made to order, not mass-printed.

Find your city and shop now.",inactive,ad,2,2,1,"7-day click, 1-day view, or 1-day engaged-view","Website purchases",,0.01,0,C4D_CN_ICP_MemoryKeeperCouple_CN_Design_MultiPrintGallery_CTA_ClaimOffer_HK_Problem_TN_Aspir.png_105,,https://eastcoastartstudio.com/collections/best-sellers,SHOP_NOW,"Every City, One Wall","Made to order. Real wood.",,,5,0,,,0,,,,"Website purchases conversion value",,"Website purchases conversion value",,5,inactive,,,,,,,,,,,,,,,,,,,,,,,,,,,,,,,,,,,,,,,,,,,,,,,,,,,,,,,,active,active,,,2026-07-20,2026-07-20
ECAS_MST,120248368491680327,C4,120248369515900327,c4A,120248369515870327,2026-07-20,male,45-54,"Your city deserves better than a gift-shop skyline.

Real street names, real wood frames, made to order, not mass-printed.

Find your city and shop now.",inactive,ad,6,12,2,"7-day click, 1-day view, or 1-day engaged-view","Website purchases",,0.58,0,C4D_CN_ICP_MemoryKeeperCouple_CN_Design_MultiPrintGallery_CTA_ClaimOffer_HK_Problem_TN_Aspir.png_105,,https://eastcoastartstudio.com/collections/best-sellers,SHOP_NOW,"Every City, One Wall","Made to order. Real wood.",,,48.33333333,0,,,0,,,,"Website purchases conversion value",,"Website purchases conversion value",,96.66666667,inactive,,,,,,,,,,,,,,,,,,,,,,,,,,,,,,,,,,,,,,,,,,,,,,,,,,,,,,,,active,active,,,2026-07-20,2026-07-20
ECAS_MST,120248368491680327,C4,120248369515900327,c4A,120248369515870327,2026-07-20,male,55-64,"Your city deserves better than a gift-shop skyline.

Real street names, real wood frames, made to order, not mass-printed.

Find your city and shop now.",inactive,ad,3,4,1.33333333,"7-day click, 1-day view, or 1-day engaged-view","Website purchases",,0.42,0,C4D_CN_ICP_MemoryKeeperCouple_CN_Design_MultiPrintGallery_CTA_ClaimOffer_HK_Problem_TN_Aspir.png_105,,https://eastcoastartstudio.com/collections/best-sellers,SHOP_NOW,"Every City, One Wall","Made to order. Real wood.",,,105,0,,,0,,,,"Website purchases conversion value",,"Website purchases conversion value",,140,inactive,,,,,,,,,,,,,,,,,,,,,,,,,,,,,,,,,,,,,,,,,,,,,,,,,,,,,,,,active,active,,,2026-07-20,2026-07-20
ECAS_MST,120248368491680327,C4,120248369515900327,c4A,120248369515870327,2026-07-20,male,25-34,"Your city deserves better than a gift-shop skyline.

Real street names, real wood frames, made to order, not mass-printed.

Find your city and shop now.",inactive,ad,6,6,1,"7-day click, 1-day view, or 1-day engaged-view","Website purchases",,0.24,0,C4D_CN_ICP_MemoryKeeperCouple_CN_Design_MultiPrintGallery_CTA_ClaimOffer_HK_Problem_TN_Aspir.png_105,,https://eastcoastartstudio.com/collections/best-sellers,SHOP_NOW,"Every City, One Wall","Made to order. Real wood.",,,40,0,,,0,,,,"Website purchases conversion value",,"Website purchases conversion value",,40,inactive,,,,,,,,,,,,,,,,,,,,,,,,,,,,,,,,,,,,,,,,,,,,,,,,,,,,,,,,active,active,,,2026-07-20,2026-07-20
ECAS_MST,120248368491680327,C4,120248369515900327,c4A,120248369515870327,2026-07-20,female,45-54,"Your city deserves better than a gift-shop skyline.

Real street names, real wood frames, made to order, not mass-printed.

Find your city and shop now.",inactive,ad,7,8,1.14285714,"7-day click, 1-day view, or 1-day engaged-view","Website purchases",,0.32,0,C4D_CN_ICP_MemoryKeeperCouple_CN_Design_MultiPrintGallery_CTA_ClaimOffer_HK_Problem_TN_Aspir.png_105,,https://eastcoastartstudio.com/collections/best-sellers,SHOP_NOW,"Every City, One Wall","Made to order. Real wood.",,,40,0,,,0,,,,"Website purchases conversion value",,"Website purchases conversion value",,45.71428571,inactive,,,,,,,,,,,,,,,,,,,,,,,,,,,,,,,,,,,,,,,,,,,,,,,,,,,,,,,,active,active,,,2026-07-20,2026-07-20
ECAS_MST,120248368491680327,C4,120248369515900327,c4A,120248369515870327,2026-07-20,male,18-24,"Your city deserves better than a gift-shop skyline.

Real street names, real wood frames, made to order, not mass-printed.

Find your city and shop now.",inactive,ad,4,4,1,"7-day click, 1-day view, or 1-day engaged-view","Website purchases",,0.05,0,C4D_CN_ICP_MemoryKeeperCouple_CN_Design_MultiPrintGallery_CTA_ClaimOffer_HK_Problem_TN_Aspir.png_105,,https://eastcoastartstudio.com/collections/best-sellers,SHOP_NOW,"Every City, One Wall","Made to order. Real wood.",,,12.5,0,,,0,,,,"Website purchases conversion value",,"Website purchases conversion value",,12.5,inactive,,,,,,,,,,,,,,,,,,,,,,,,,,,,,,,,,,,,,,,,,,,,,,,,,,,,,,,,active,active,,,2026-07-20,2026-07-20
ECAS_MST,120248368491680327,C4,120248369515900327,c4A,120248369515870327,2026-07-20,male,35-44,"Your city deserves better than a gift-shop skyline.

Real street names, real wood frames, made to order, not mass-printed.

Find your city and shop now.",inactive,ad,11,18,1.63636364,"7-day click, 1-day view, or 1-day engaged-view","Website purchases",,0.16,0,C4D_CN_ICP_MemoryKeeperCouple_CN_Design_MultiPrintGallery_CTA_ClaimOffer_HK_Problem_TN_Aspir.png_105,,https://eastcoastartstudio.com/collections/best-sellers,SHOP_NOW,"Every City, One Wall","Made to order. Real wood.",,,8.88888889,0,,,0,,,,"Website purchases conversion value",,"Website purchases conversion value",,14.54545455,inactive,,,,,,,,,,,,,,,,,,,,,,,,,,,,,,,,,,,,,,,,,,,,,,,,,,,,,,,,active,active,,,2026-07-20,2026-07-20
ECAS_MST,120248368491680327,C4,120248369515900327,c4A,120248369515870327,2026-07-20,female,65+,"Your city deserves better than a gift-shop skyline.

Real street names, real wood frames, made to order, not mass-printed.

Find your city and shop now.",inactive,ad,2,2,1,"7-day click, 1-day view, or 1-day engaged-view","Website purchases",,0.02,0,C4D_CN_ICP_MemoryKeeperCouple_CN_Design_MultiPrintGallery_CTA_ClaimOffer_HK_Problem_TN_Aspir.png_105,,https://eastcoastartstudio.com/collections/best-sellers,SHOP_NOW,"Every City, One Wall","Made to order. Real wood.",,,10,0,,,0,,,,"Website purchases conversion value",,"Website purchases conversion value",,10,inactive,,,,,,,,,,,,,,,,,,,,,,,,,,,,,,,,,,,,,,,,,,,,,,,,,,,,,,,,active,active,,,2026-07-20,2026-07-20
ECAS_MST,120248368491680327,C4,120248369515900327,c4A,120248369515870327,2026-07-20,male,65+,"Your city deserves better than a gift-shop skyline.

Real street names, real wood frames, made to order, not mass-printed.

Find your city and shop now.",inactive,ad,1,1,1,"7-day click, 1-day view, or 1-day engaged-view","Website purchases",,0,0,C4D_CN_ICP_MemoryKeeperCouple_CN_Design_MultiPrintGallery_CTA_ClaimOffer_HK_Problem_TN_Aspir.png_105,,https://eastcoastartstudio.com/collections/best-sellers,SHOP_NOW,"Every City, One Wall","Made to order. Real wood.",,,0,0,,,0,,,,"Website purchases conversion value",,,,0,inactive,,,,,,,,,,,,,,,,,,,,,,,,,,,,,,,,,,,,,,,,,,,,,,,,,,,,,,,,active,active,,,2026-07-20,2026-07-20
ECAS_MST,120248368491680327,C4,120248369515900327,c4A,120248369515870327,2026-07-20,female,35-44,"Your city deserves better than a gift-shop skyline.

Real street names, real wood frames, made to order, not mass-printed.

Find your city and shop now.",inactive,ad,4,6,1.5,"7-day click, 1-day view, or 1-day engaged-view","Website purchases",,0.05,0,C4D_CN_ICP_MemoryKeeperCouple_CN_Design_MultiPrintGallery_CTA_ClaimOffer_HK_Problem_TN_Aspir.png_105,,https://eastcoastartstudio.com/collections/best-sellers,SHOP_NOW,"Every City, One Wall","Made to order. Real wood.",1,0.05,8.33333333,16.66666667,,,1,0.05,,,"Website purchases conversion value",,"Website purchases conversion value",,12.5,inactive,,,,,,,1,,,,1,,,,,,,,,,,,,,,,,,,,,,,,,,,,,,,0.05,0.05,,,,,,16.66666667,,,,,,,active,active,,,2026-07-20,2026-07-20
ECAS_MST,120248368491680327,C1,120248368491700327,C1D,120248368756150327,2026-07-19,female,45-54,"Your city deserves better than a gift-shop skyline.

Real street names, real wood frames, made to order, not mass-printed.

Find your city and shop now.",active,ad,5,5,1,"7-day click, 1-day view, or 1-day engaged-view","Website purchases",,0.1,0,C1D_CN_ICP_GiftGiver45_CN_Design_SinglePrintLifestyle_CTA_ClaimOffer_HK_Benefit_TN_Rational_.png_105,,https://eastcoastartstudio.com/collections/best-sellers,SHOP_NOW,"Made To Order, Framed Right","Made to order. Real wood.",,,20,0,,,0,,,,"Website purchases conversion value",,"Website purchases conversion value",,20,active,,,,,,,,,,,,,,,,,,,,,,,,,,,,,,,,,,,,,,,,,,,,,,,,,,,,,,,,active,active,,,2026-07-19,2026-07-19
ECAS_MST,120248368491680327,C1,120248368491700327,C1D,120248368756150327,2026-07-19,female,55-64,"Your city deserves better than a gift-shop skyline.

Real street names, real wood frames, made to order, not mass-printed.

Find your city and shop now.",active,ad,6,7,1.16666667,"7-day click, 1-day view, or 1-day engaged-view","Website purchases",,0.25,0,C1D_CN_ICP_GiftGiver45_CN_Design_SinglePrintLifestyle_CTA_ClaimOffer_HK_Benefit_TN_Rational_.png_105,,https://eastcoastartstudio.com/collections/best-sellers,SHOP_NOW,"Made To Order, Framed Right","Made to order. Real wood.",,,35.71428571,0,,,0,,,,"Website purchases conversion value",,"Website purchases conversion value",,41.66666667,active,,,,,,,,,,,,,,,,,,,,,,,,,,,,,,,,,,,,,,,,,,,,,,,,,,,,,,,,active,active,,,2026-07-19,2026-07-19
ECAS_MST,120248368491680327,C1,120248368491700327,C1D,120248368756150327,2026-07-19,male,18-24,"Your city deserves better than a gift-shop skyline.

Real street names, real wood frames, made to order, not mass-printed.

Find your city and shop now.",active,ad,5,9,1.8,"7-day click, 1-day view, or 1-day engaged-view","Website purchases",,0.26,0,C1D_CN_ICP_GiftGiver45_CN_Design_SinglePrintLifestyle_CTA_ClaimOffer_HK_Benefit_TN_Rational_.png_105,,https://eastcoastartstudio.com/collections/best-sellers,SHOP_NOW,"Made To Order, Framed Right","Made to order. Real wood.",,,28.88888889,0,,,0,,,,"Website purchases conversion value",,"Website purchases conversion value",,52,active,,,,,,,,,,,,,,,,,,,,,,,,,,,,,,,,,,,,,,,,,,,,,,,,,,,,,,,,active,active,,,2026-07-19,2026-07-19
ECAS_MST,120248368491680327,C1,120248368491700327,C1D,120248368756150327,2026-07-19,male,65+,"Your city deserves better than a gift-shop skyline.

Real street names, real wood frames, made to order, not mass-printed.

Find your city and shop now.",active,ad,5,5,1,"7-day click, 1-day view, or 1-day engaged-view","Website purchases",,0.04,0,C1D_CN_ICP_GiftGiver45_CN_Design_SinglePrintLifestyle_CTA_ClaimOffer_HK_Benefit_TN_Rational_.png_105,,https://eastcoastartstudio.com/collections/best-sellers,SHOP_NOW,"Made To Order, Framed Right","Made to order. Real wood.",,,8,0,,,0,,,,"Website purchases conversion value",,"Website purchases conversion value",,8,active,,,,,,,,,,,,,,,,,,,,,,,,,,,,,,,,,,,,,,,,,,,,,,,,,,,,,,,,active,active,,,2026-07-19,2026-07-19
ECAS_MST,120248368491680327,C1,120248368491700327,C1D,120248368756150327,2026-07-19,male,45-54,"Your city deserves better than a gift-shop skyline.

Real street names, real wood frames, made to order, not mass-printed.

Find your city and shop now.",active,ad,8,12,1.5,"7-day click, 1-day view, or 1-day engaged-view","Website purchases",,1.05,0,C1D_CN_ICP_GiftGiver45_CN_Design_SinglePrintLifestyle_CTA_ClaimOffer_HK_Benefit_TN_Rational_.png_105,,https://eastcoastartstudio.com/collections/best-sellers,SHOP_NOW,"Made To Order, Framed Right","Made to order. Real wood.",,,87.5,0,,,0,,,,"Website purchases conversion value",,"Website purchases conversion value",,131.25,active,,,,,,,,,,,,,,,,,,,,,,,,,,,,,,,,,,,,,,,,,,,,,,,,,,,,,,,,active,active,,,2026-07-19,2026-07-19
ECAS_MST,120248368491680327,C1,120248368491700327,C1D,120248368756150327,2026-07-19,male,25-34,"Your city deserves better than a gift-shop skyline.

Real street names, real wood frames, made to order, not mass-printed.

Find your city and shop now.",active,ad,15,17,1.13333333,"7-day click, 1-day view, or 1-day engaged-view","Website purchases",,0.27,0,C1D_CN_ICP_GiftGiver45_CN_Design_SinglePrintLifestyle_CTA_ClaimOffer_HK_Benefit_TN_Rational_.png_105,,https://eastcoastartstudio.com/collections/best-sellers,SHOP_NOW,"Made To Order, Framed Right","Made to order. Real wood.",,,15.88235294,0,,,0,,,,"Website purchases conversion value",,"Website purchases conversion value",,18,active,,,,,,,,,,,,,,,,,,,,,,,,,,,,,,,,,,,,,,,,,,,,,,,,,,,,,,,,active,active,,,2026-07-19,2026-07-19
ECAS_MST,120248368491680327,C2,120248368953480327,C2B,120248369077860327,2026-07-19,female,35-44,"Your city deserves better than a gift-shop skyline.

Real street names, real wood frames, made to order, not mass-printed.

Find your city and shop now.",inactive,ad,3,3,1,"7-day click, 1-day view, or 1-day engaged-view","Website purchases",,0.05,0,C2B_CN_ICP_Milestone2534_CN_Design_RoomContext_PR_Testimonial_HK_Problem_TN_Rational_FW_BAB_.png_105,,https://eastcoastartstudio.com/collections/best-sellers,SHOP_NOW,"Made To Order, Framed Right","Made to order. Real wood.",,,16.66666667,0,,,0,,,,"Website purchases conversion value",,"Website purchases conversion value",,16.66666667,inactive,,,,,,,,,,,,,,,,,,,,,,,,,,,,,,,,,,,,,,,,,,,,,,,,,,,,,,,,active,active,,,2026-07-19,2026-07-19
ECAS_MST,120248368491680327,C1,120248368491700327,C1D,120248368756150327,2026-07-19,unknown,65+,"Your city deserves better than a gift-shop skyline.

Real street names, real wood frames, made to order, not mass-printed.

Find your city and shop now.",active,ad,1,1,1,"7-day click, 1-day view, or 1-day engaged-view","Website purchases",,0,0,C1D_CN_ICP_GiftGiver45_CN_Design_SinglePrintLifestyle_CTA_ClaimOffer_HK_Benefit_TN_Rational_.png_105,,https://eastcoastartstudio.com/collections/best-sellers,SHOP_NOW,"Made To Order, Framed Right","Made to order. Real wood.",,,0,0,,,0,,,,"Website purchases conversion value",,,,0,active,,,,,,,,,,,,,,,,,,,,,,,,,,,,,,,,,,,,,,,,,,,,,,,,,,,,,,,,active,active,,,2026-07-19,2026-07-19
ECAS_MST,120248368491680327,C2,120248368953480327,C2B,120248369077860327,2026-07-19,male,65+,"Your city deserves better than a gift-shop skyline.

Real street names, real wood frames, made to order, not mass-printed.

Find your city and shop now.",inactive,ad,2,2,1,"7-day click, 1-day view, or 1-day engaged-view","Website purchases",,0.01,0,C2B_CN_ICP_Milestone2534_CN_Design_RoomContext_PR_Testimonial_HK_Problem_TN_Rational_FW_BAB_.png_105,,https://eastcoastartstudio.com/collections/best-sellers,SHOP_NOW,"Made To Order, Framed Right","Made to order. Real wood.",,,5,0,,,0,,,,"Website purchases conversion value",,"Website purchases conversion value",,5,inactive,,,,,,,,,,,,,,,,,,,,,,,,,,,,,,,,,,,,,,,,,,,,,,,,,,,,,,,,active,active,,,2026-07-19,2026-07-19
ECAS_MST,120248368491680327,C2,120248368953480327,C2B,120248369077860327,2026-07-19,female,25-34,"Your city deserves better than a gift-shop skyline.

Real street names, real wood frames, made to order, not mass-printed.

Find your city and shop now.",inactive,ad,1,1,1,"7-day click, 1-day view, or 1-day engaged-view","Website purchases",,0.01,0,C2B_CN_ICP_Milestone2534_CN_Design_RoomContext_PR_Testimonial_HK_Problem_TN_Rational_FW_BAB_.png_105,,https://eastcoastartstudio.com/collections/best-sellers,SHOP_NOW,"Made To Order, Framed Right","Made to order. Real wood.",,,10,0,,,0,,,,"Website purchases conversion value",,"Website purchases conversion value",,10,inactive,,,,,,,,,,,,,,,,,,,,,,,,,,,,,,,,,,,,,,,,,,,,,,,,,,,,,,,,active,active,,,2026-07-19,2026-07-19
ECAS_MST,120248368491680327,C2,120248368953480327,C2B,120248369077860327,2026-07-19,male,55-64,"Your city deserves better than a gift-shop skyline.

Real street names, real wood frames, made to order, not mass-printed.

Find your city and shop now.",inactive,ad,1,1,1,"7-day click, 1-day view, or 1-day engaged-view","Website purchases",,0.02,0,C2B_CN_ICP_Milestone2534_CN_Design_RoomContext_PR_Testimonial_HK_Problem_TN_Rational_FW_BAB_.png_105,,https://eastcoastartstudio.com/collections/best-sellers,SHOP_NOW,"Made To Order, Framed Right","Made to order. Real wood.",,,20,0,,,0,,,,"Website purchases conversion value",,"Website purchases conversion value",,20,inactive,,,,,,,,,,,,,,,,,,,,,,,,,,,,,,,,,,,,,,,,,,,,,,,,,,,,,,,,active,active,,,2026-07-19,2026-07-19
ECAS_MST,120248368491680327,C2,120248368953480327,C2B,120248369077860327,2026-07-19,female,18-24,"Your city deserves better than a gift-shop skyline.

Real street names, real wood frames, made to order, not mass-printed.

Find your city and shop now.",inactive,ad,2,2,1,"7-day click, 1-day view, or 1-day engaged-view","Website purchases",,0.02,0,C2B_CN_ICP_Milestone2534_CN_Design_RoomContext_PR_Testimonial_HK_Problem_TN_Rational_FW_BAB_.png_105,,https://eastcoastartstudio.com/collections/best-sellers,SHOP_NOW,"Made To Order, Framed Right","Made to order. Real wood.",,,10,0,,,0,,,,"Website purchases conversion value",,"Website purchases conversion value",,10,inactive,,,,,,,,,,,,,,,,,,,,,,,,,,,,,,,,,,,,,,,,,,,,,,,,,,,,,,,,active,active,,,2026-07-19,2026-07-19
ECAS_MST,120248368491680327,C2,120248368953480327,C2B,120248369077860327,2026-07-19,male,18-24,"Your city deserves better than a gift-shop skyline.

Real street names, real wood frames, made to order, not mass-printed.

Find your city and shop now.",inactive,ad,3,3,1,"7-day click, 1-day view, or 1-day engaged-view","Website purchases",,0.04,0,C2B_CN_ICP_Milestone2534_CN_Design_RoomContext_PR_Testimonial_HK_Problem_TN_Rational_FW_BAB_.png_105,,https://eastcoastartstudio.com/collections/best-sellers,SHOP_NOW,"Made To Order, Framed Right","Made to order. Real wood.",,,13.33333333,0,,,0,,,,"Website purchases conversion value",,"Website purchases conversion value",,13.33333333,inactive,,,,,,,,,,,,,,,,,,,,,,,,,,,,,,,,,,,,,,,,,,,,,,,,,,,,,,,,active,active,,,2026-07-19,2026-07-19
ECAS_MST,120248368491680327,C2,120248368953480327,C2B,120248369077860327,2026-07-19,male,35-44,"Your city deserves better than a gift-shop skyline.

Real street names, real wood frames, made to order, not mass-printed.

Find your city and shop now.",inactive,ad,7,9,1.28571429,"7-day click, 1-day view, or 1-day engaged-view","Website purchases",,0.11,0,C2B_CN_ICP_Milestone2534_CN_Design_RoomContext_PR_Testimonial_HK_Problem_TN_Rational_FW_BAB_.png_105,,https://eastcoastartstudio.com/collections/best-sellers,SHOP_NOW,"Made To Order, Framed Right","Made to order. Real wood.",,,12.22222222,0,,,0,,,,"Website purchases conversion value",,"Website purchases conversion value",,15.71428571,inactive,,,,,,,,,,,,,,,,,,,,,,,,,,,,,,,,,,,,,,,,,,,,,,,,,,,,,,,,active,active,,,2026-07-19,2026-07-19
ECAS_MST,120248368491680327,C2,120248368953480327,C2B,120248369077860327,2026-07-19,male,25-34,"Your city deserves better than a gift-shop skyline.

Real street names, real wood frames, made to order, not mass-printed.

Find your city and shop now.",inactive,ad,1,1,1,"7-day click, 1-day view, or 1-day engaged-view","Website purchases",,0.02,0,C2B_CN_ICP_Milestone2534_CN_Design_RoomContext_PR_Testimonial_HK_Problem_TN_Rational_FW_BAB_.png_105,,https://eastcoastartstudio.com/collections/best-sellers,SHOP_NOW,"Made To Order, Framed Right","Made to order. Real wood.",,,20,0,,,0,,,,"Website purchases conversion value",,"Website purchases conversion value",,20,inactive,,,,,,,,,,,,,,,,,,,,,,,,,,,,,,,,,,,,,,,,,,,,,,,,,,,,,,,,active,active,,,2026-07-19,2026-07-19
ECAS_MST,120248368491680327,C2,120248368953480327,C2B,120248369077860327,2026-07-19,male,45-54,"Your city deserves better than a gift-shop skyline.

Real street names, real wood frames, made to order, not mass-printed.

Find your city and shop now.",inactive,ad,2,8,4,"7-day click, 1-day view, or 1-day engaged-view","Website purchases",,0.04,0,C2B_CN_ICP_Milestone2534_CN_Design_RoomContext_PR_Testimonial_HK_Problem_TN_Rational_FW_BAB_.png_105,,https://eastcoastartstudio.com/collections/best-sellers,SHOP_NOW,"Made To Order, Framed Right","Made to order. Real wood.",,,5,0,,,0,,,,"Website purchases conversion value",,"Website purchases conversion value",,20,inactive,,,,,,,,,,,,,,,,,,,,,,,,,,,,,,,,,,,,,,,,,,,,,,,,,,,,,,,,active,active,,,2026-07-19,2026-07-19
ECAS_MST,120248368491680327,C2,120248368953480327,C2B,120248369077860327,2026-07-19,female,55-64,"Your city deserves better than a gift-shop skyline.

Real street names, real wood frames, made to order, not mass-printed.

Find your city and shop now.",inactive,ad,3,4,1.33333333,"7-day click, 1-day view, or 1-day engaged-view","Website purchases",,0.19,0,C2B_CN_ICP_Milestone2534_CN_Design_RoomContext_PR_Testimonial_HK_Problem_TN_Rational_FW_BAB_.png_105,,https://eastcoastartstudio.com/collections/best-sellers,SHOP_NOW,"Made To Order, Framed Right","Made to order. Real wood.",,,47.5,0,,,0,,,,"Website purchases conversion value",,"Website purchases conversion value",,63.33333333,inactive,,,,,,,,,,,,,,,,,,,,,,,,,,,,,,,,,,,,,,,,,,,,,,,,,,,,,,,,active,active,,,2026-07-19,2026-07-19
ECAS_MST,120248368491680327,C1,120248368491700327,C1D,120248368756150327,2026-07-19,female,65+,"Your city deserves better than a gift-shop skyline.

Real street names, real wood frames, made to order, not mass-printed.

Find your city and shop now.",active,ad,6,6,1,"7-day click, 1-day view, or 1-day engaged-view","Website purchases",,0.46,0,C1D_CN_ICP_GiftGiver45_CN_Design_SinglePrintLifestyle_CTA_ClaimOffer_HK_Benefit_TN_Rational_.png_105,,https://eastcoastartstudio.com/collections/best-sellers,SHOP_NOW,"Made To Order, Framed Right","Made to order. Real wood.",,,76.66666667,0,,,0,,,,"Website purchases conversion value",,"Website purchases conversion value",,76.66666667,active,,,,,,,,,,,,,,,,,,,,,,,,,,,,,,,,,,,,,,,,,,,,,,,,,,,,,,,,active,active,,,2026-07-19,2026-07-19
ECAS_MST,120248368491680327,C1,120248368491700327,C1D,120248368756150327,2026-07-19,male,35-44,"Your city deserves better than a gift-shop skyline.

Real street names, real wood frames, made to order, not mass-printed.

Find your city and shop now.",active,ad,14,19,1.35714286,"7-day click, 1-day view, or 1-day engaged-view","Website purchases",,0.2,0,C1D_CN_ICP_GiftGiver45_CN_Design_SinglePrintLifestyle_CTA_ClaimOffer_HK_Benefit_TN_Rational_.png_105,,https://eastcoastartstudio.com/collections/best-sellers,SHOP_NOW,"Made To Order, Framed Right","Made to order. Real wood.",,,10.52631579,0,,,0,,,,"Website purchases conversion value",,"Website purchases conversion value",,14.28571429,active,,,,,,,,,,,,,,,,,,,,,,,,,,,,,,,,,,,,,,,,,,,,,,,,,,,,,,,,active,active,,,2026-07-19,2026-07-19
ECAS_MST,120248368491680327,C1,120248368491700327,C1D,120248368756150327,2026-07-19,female,18-24,"Your city deserves better than a gift-shop skyline.

Real street names, real wood frames, made to order, not mass-printed.

Find your city and shop now.",active,ad,1,1,1,"7-day click, 1-day view, or 1-day engaged-view","Website purchases",,0.01,0,C1D_CN_ICP_GiftGiver45_CN_Design_SinglePrintLifestyle_CTA_ClaimOffer_HK_Benefit_TN_Rational_.png_105,,https://eastcoastartstudio.com/collections/best-sellers,SHOP_NOW,"Made To Order, Framed Right","Made to order. Real wood.",,,10,0,,,0,,,,"Website purchases conversion value",,"Website purchases conversion value",,10,active,,,,,,,,,,,,,,,,,,,,,,,,,,,,,,,,,,,,,,,,,,,,,,,,,,,,,,,,active,active,,,2026-07-19,2026-07-19
ECAS_MST,120248368491680327,C1,120248368491700327,C1D,120248368756150327,2026-07-19,unknown,18-24,"Your city deserves better than a gift-shop skyline.

Real street names, real wood frames, made to order, not mass-printed.

Find your city and shop now.",active,ad,1,1,1,"7-day click, 1-day view, or 1-day engaged-view","Website purchases",,0,0,C1D_CN_ICP_GiftGiver45_CN_Design_SinglePrintLifestyle_CTA_ClaimOffer_HK_Benefit_TN_Rational_.png_105,,https://eastcoastartstudio.com/collections/best-sellers,SHOP_NOW,"Made To Order, Framed Right","Made to order. Real wood.",,,0,0,,,0,,,,"Website purchases conversion value",,,,0,active,,,,,,,,,,,,,,,,,,,,,,,,,,,,,,,,,,,,,,,,,,,,,,,,,,,,,,,,active,active,,,2026-07-19,2026-07-19
ECAS_MST,120248368491680327,C4,120248369515900327,c4A,120248369515870327,2026-07-19,female,65+,"Your city deserves better than a gift-shop skyline.

Real street names, real wood frames, made to order, not mass-printed.

Find your city and shop now.",inactive,ad,1,1,1,"7-day click, 1-day view, or 1-day engaged-view","Website purchases",,0.01,0,C4D_CN_ICP_MemoryKeeperCouple_CN_Design_MultiPrintGallery_CTA_ClaimOffer_HK_Problem_TN_Aspir.png_105,,https://eastcoastartstudio.com/collections/best-sellers,SHOP_NOW,"Every City, One Wall","Made to order. Real wood.",,,10,0,,,0,,,,"Website purchases conversion value",,"Website purchases conversion value",,10,inactive,,,,,,,,,,,,,,,,,,,,,,,,,,,,,,,,,,,,,,,,,,,,,,,,,,,,,,,,active,active,,,2026-07-19,2026-07-19
ECAS_MST,120248368491680327,C1,120248368491700327,C1A,120248368761260327,2026-07-19,male,18-24,"Most ""custom"" gifts are just generic gifts with a name on them.

We make it different: real wood frame, real matte paper, their street or their city, made to order. The kind of gift that gets hung, not returned.

Shop now.",active,ad,1,1,1,"7-day click, 1-day view, or 1-day engaged-view","Website purchases",,0.01,0,C1A_CN_ICP_GiftGiver45_CN_Design_SinglePrintLifestyle_TN_Assertive_HK_Problem_TN_Assertive_F.png_105,,https://eastcoastartstudio.com/collections/best-sellers,SHOP_NOW,"Real Wood, Made To Order
","Made to order. Real wood.",,,10,0,,,0,,,,"Website purchases conversion value",,"Website purchases conversion value",,10,active,,,,,,,,,,,,,,,,,,,,,,,,,,,,,,,,,,,,,,,,,,,,,,,,,,,,,,,,active,active,,,2026-07-19,2026-07-19
ECAS_MST,120248368491680327,C1,120248368491700327,C1A,120248368761260327,2026-07-19,female,65+,"Your city deserves better than a gift-shop skyline.

Real street names, real wood frames, made to order, not mass-printed.

Find your city and shop now.",active,ad,1,1,1,"7-day click, 1-day view, or 1-day engaged-view","Website purchases",,0.02,0,C1A_CN_ICP_GiftGiver45_CN_Design_SinglePrintLifestyle_TN_Assertive_HK_Problem_TN_Assertive_F.png_105,,https://eastcoastartstudio.com/collections/best-sellers,SHOP_NOW,"Real Wood, Made To Order
","Made to order. Real wood.",,,20,100,,,1,0.02,,,"Website purchases conversion value",,"Website purchases conversion value",,20,active,,,,,,,,,,,,,,,,,,,,,,,,,,,,,,,,,,,,,,,,,,,,,,,,,,,,,,,,active,active,,,2026-07-19,2026-07-19
ECAS_MST,120248368491680327,C1,120248368491700327,C1D,120248368756150327,2026-07-19,female,25-34,"Your city deserves better than a gift-shop skyline.

Real street names, real wood frames, made to order, not mass-printed.

Find your city and shop now.",active,ad,1,1,1,"7-day click, 1-day view, or 1-day engaged-view","Website purchases",,0.01,0,C1D_CN_ICP_GiftGiver45_CN_Design_SinglePrintLifestyle_CTA_ClaimOffer_HK_Benefit_TN_Rational_.png_105,,https://eastcoastartstudio.com/collections/best-sellers,SHOP_NOW,"Made To Order, Framed Right","Made to order. Real wood.",,,10,0,,,0,,,,"Website purchases conversion value",,"Website purchases conversion value",,10,active,,,,,,,,,,,,,,,,,,,,,,,,,,,,,,,,,,,,,,,,,,,,,,,,,,,,,,,,active,active,,,2026-07-19,2026-07-19
ECAS_MST,120248368491680327,C1,120248368491700327,C1A,120248368761260327,2026-07-19,male,45-54,"Your city deserves better than a gift-shop skyline.

Real street names, real wood frames, made to order, not mass-printed.

Find your city and shop now.",active,ad,1,1,1,"7-day click, 1-day view, or 1-day engaged-view","Website purchases",,0.06,0,C1A_CN_ICP_GiftGiver45_CN_Design_SinglePrintLifestyle_TN_Assertive_HK_Problem_TN_Assertive_F.png_105,,https://eastcoastartstudio.com/collections/best-sellers,SHOP_NOW,"Real Wood, Made To Order
","Made to order. Real wood.",,,60,0,,,0,,,,"Website purchases conversion value",,"Website purchases conversion value",,60,active,,,,,,,,,,,,,,,,,,,,,,,,,,,,,,,,,,,,,,,,,,,,,,,,,,,,,,,,active,active,,,2026-07-19,2026-07-19
ECAS_MST,120248368491680327,C4,120248369515900327,c4A,120248369515870327,2026-07-19,female,25-34,"Your city deserves better than a gift-shop skyline.

Real street names, real wood frames, made to order, not mass-printed.

Find your city and shop now.",inactive,ad,1,1,1,"7-day click, 1-day view, or 1-day engaged-view","Website purchases",,0,0,C4D_CN_ICP_MemoryKeeperCouple_CN_Design_MultiPrintGallery_CTA_ClaimOffer_HK_Problem_TN_Aspir.png_105,,https://eastcoastartstudio.com/collections/best-sellers,SHOP_NOW,"Every City, One Wall","Made to order. Real wood.",,,0,0,,,0,,,,"Website purchases conversion value",,,,0,inactive,,,,,,,,,,,,,,,,,,,,,,,,,,,,,,,,,,,,,,,,,,,,,,,,,,,,,,,,active,active,,,2026-07-19,2026-07-19
ECAS_MST,120248368491680327,C4,120248369515900327,c4A,120248369515870327,2026-07-19,female,55-64,"Your city deserves better than a gift-shop skyline.

Real street names, real wood frames, made to order, not mass-printed.

Find your city and shop now.",inactive,ad,1,1,1,"7-day click, 1-day view, or 1-day engaged-view","Website purchases",,0,0,C4D_CN_ICP_MemoryKeeperCouple_CN_Design_MultiPrintGallery_CTA_ClaimOffer_HK_Problem_TN_Aspir.png_105,,https://eastcoastartstudio.com/collections/best-sellers,SHOP_NOW,"Every City, One Wall","Made to order. Real wood.",,,0,0,,,0,,,,"Website purchases conversion value",,,,0,inactive,,,,,,,,,,,,,,,,,,,,,,,,,,,,,,,,,,,,,,,,,,,,,,,,,,,,,,,,active,active,,,2026-07-19,2026-07-19
ECAS_MST,120248368491680327,C4,120248369515900327,c4A,120248369515870327,2026-07-19,male,55-64,"Your city deserves better than a gift-shop skyline.

Real street names, real wood frames, made to order, not mass-printed.

Find your city and shop now.",inactive,ad,4,4,1,"7-day click, 1-day view, or 1-day engaged-view","Website purchases",,0.24,0,C4D_CN_ICP_MemoryKeeperCouple_CN_Design_MultiPrintGallery_CTA_ClaimOffer_HK_Problem_TN_Aspir.png_105,,https://eastcoastartstudio.com/collections/best-sellers,SHOP_NOW,"Every City, One Wall","Made to order. Real wood.",,,60,0,,,0,,,,"Website purchases conversion value",,"Website purchases conversion value",,60,inactive,,,,,,,,,,,,,,,,,,,,,,,,,,,,,,,,,,,,,,,,,,,,,,,,,,,,,,,,active,active,,,2026-07-19,2026-07-19
ECAS_MST,120248368491680327,C4,120248369515900327,c4A,120248369515870327,2026-07-19,male,35-44,"Your city deserves better than a gift-shop skyline.

Real street names, real wood frames, made to order, not mass-printed.

Find your city and shop now.",inactive,ad,4,4,1,"7-day click, 1-day view, or 1-day engaged-view","Website purchases",,0.04,0,C4D_CN_ICP_MemoryKeeperCouple_CN_Design_MultiPrintGallery_CTA_ClaimOffer_HK_Problem_TN_Aspir.png_105,,https://eastcoastartstudio.com/collections/best-sellers,SHOP_NOW,"Every City, One Wall","Made to order. Real wood.",,,10,0,,,0,,,,"Website purchases conversion value",,"Website purchases conversion value",,10,inactive,,,,,,,,,,,,,,,,,,,,,,,,,,,,,,,,,,,,,,,,,,,,,,,,,,,,,,,,active,active,,,2026-07-19,2026-07-19
ECAS_MST,120248368491680327,C1,120248368491700327,C1A,120248368761260327,2026-07-19,male,65+,"Your city deserves better than a gift-shop skyline.

Real street names, real wood frames, made to order, not mass-printed.

Find your city and shop now.",active,ad,1,1,1,"7-day click, 1-day view, or 1-day engaged-view","Website purchases",,0.03,0,C1A_CN_ICP_GiftGiver45_CN_Design_SinglePrintLifestyle_TN_Assertive_HK_Problem_TN_Assertive_F.png_105,,https://eastcoastartstudio.com/collections/best-sellers,SHOP_NOW,"Real Wood, Made To Order
","Made to order. Real wood.",,,30,0,,,0,,,,"Website purchases conversion value",,"Website purchases conversion value",,30,active,,,,,,,,,,,,,,,,,,,,,,,,,,,,,,,,,,,,,,,,,,,,,,,,,,,,,,,,active,active,,,2026-07-19,2026-07-19
ECAS_MST,120248368491680327,C4,120248369515900327,c4A,120248369515870327,2026-07-19,male,25-34,"Your city deserves better than a gift-shop skyline.

Real street names, real wood frames, made to order, not mass-printed.

Find your city and shop now.",inactive,ad,1,1,1,"7-day click, 1-day view, or 1-day engaged-view","Website purchases",,0,0,C4D_CN_ICP_MemoryKeeperCouple_CN_Design_MultiPrintGallery_CTA_ClaimOffer_HK_Problem_TN_Aspir.png_105,,https://eastcoastartstudio.com/collections/best-sellers,SHOP_NOW,"Every City, One Wall","Made to order. Real wood.",,,0,0,,,0,,,,"Website purchases conversion value",,,,0,inactive,,,,,,,,,,,,,,,,,,,,,,,,,,,,,,,,,,,,,,,,,,,,,,,,,,,,,,,,active,active,,,2026-07-19,2026-07-19
ECAS_MST,120248368491680327,C4,120248369515900327,c4A,120248369515870327,2026-07-19,unknown,45-54,"Your city deserves better than a gift-shop skyline.

Real street names, real wood frames, made to order, not mass-printed.

Find your city and shop now.",inactive,ad,1,3,3,"7-day click, 1-day view, or 1-day engaged-view","Website purchases",,0,0,C4D_CN_ICP_MemoryKeeperCouple_CN_Design_MultiPrintGallery_CTA_ClaimOffer_HK_Problem_TN_Aspir.png_105,,https://eastcoastartstudio.com/collections/best-sellers,SHOP_NOW,"Every City, One Wall","Made to order. Real wood.",,,0,0,,,0,,,,"Website purchases conversion value",,,,0,inactive,,,,,,,,,,,,,,,,,,,,,,,,,,,,,,,,,,,,,,,,,,,,,,,,,,,,,,,,active,active,,,2026-07-19,2026-07-19
ECAS_MST,120248368491680327,C4,120248369515900327,c4A,120248369515870327,2026-07-19,female,35-44,"Your city deserves better than a gift-shop skyline.

Real street names, real wood frames, made to order, not mass-printed.

Find your city and shop now.",inactive,ad,1,1,1,"7-day click, 1-day view, or 1-day engaged-view","Website purchases",,0,0,C4D_CN_ICP_MemoryKeeperCouple_CN_Design_MultiPrintGallery_CTA_ClaimOffer_HK_Problem_TN_Aspir.png_105,,https://eastcoastartstudio.com/collections/best-sellers,SHOP_NOW,"Every City, One Wall","Made to order. Real wood.",,,0,0,,,0,,,,"Website purchases conversion value",,,,0,inactive,,,,,,,,,,,,,,,,,,,,,,,,,,,,,,,,,,,,,,,,,,,,,,,,,,,,,,,,active,active,,,2026-07-19,2026-07-19
ECAS_MST,120248368491680327,C4,120248369515900327,c4A,120248369515870327,2026-07-19,female,18-24,"Your city deserves better than a gift-shop skyline.

Real street names, real wood frames, made to order, not mass-printed.

Find your city and shop now.",inactive,ad,2,2,1,"7-day click, 1-day view, or 1-day engaged-view","Website purchases",,0,0,C4D_CN_ICP_MemoryKeeperCouple_CN_Design_MultiPrintGallery_CTA_ClaimOffer_HK_Problem_TN_Aspir.png_105,,https://eastcoastartstudio.com/collections/best-sellers,SHOP_NOW,"Every City, One Wall","Made to order. Real wood.",,,0,0,,,0,,,,"Website purchases conversion value",,,,0,inactive,,,,,,,,,,,,,,,,,,,,,,,,,,,,,,,,,,,,,,,,,,,,,,,,,,,,,,,,active,active,,,2026-07-19,2026-07-19
ECAS_MST,120248368491680327,C4,120248369515900327,c4A,120248369515870327,2026-07-19,male,45-54,"Your city deserves better than a gift-shop skyline.

Real street names, real wood frames, made to order, not mass-printed.

Find your city and shop now.",inactive,ad,3,3,1,"7-day click, 1-day view, or 1-day engaged-view","Website purchases",,0.06,0,C4D_CN_ICP_MemoryKeeperCouple_CN_Design_MultiPrintGallery_CTA_ClaimOffer_HK_Problem_TN_Aspir.png_105,,https://eastcoastartstudio.com/collections/best-sellers,SHOP_NOW,"Every City, One Wall","Made to order. Real wood.",,,20,0,,,0,,,,"Website purchases conversion value",,"Website purchases conversion value",,20,inactive,,,,,,,,,,,,,,,,,,,,,,,,,,,,,,,,,,,,,,,,,,,,,,,,,,,,,,,,active,active,,,2026-07-19,2026-07-19
ECAS_MST,120248368491680327,C1,120248368491700327,C1D,120248368756150327,2026-07-19,male,55-64,"Your city deserves better than a gift-shop skyline.

Real street names, real wood frames, made to order, not mass-printed.

Find your city and shop now.",active,ad,8,12,1.5,"7-day click, 1-day view, or 1-day engaged-view","Website purchases",,0.15,0,C1D_CN_ICP_GiftGiver45_CN_Design_SinglePrintLifestyle_CTA_ClaimOffer_HK_Benefit_TN_Rational_.png_105,,https://eastcoastartstudio.com/collections/best-sellers,SHOP_NOW,"Made To Order, Framed Right","Made to order. Real wood.",,,12.5,8.33333333,,,1,0.15,,,"Website purchases conversion value",,"Website purchases conversion value",,18.75,active,,,,,,,1,,,,1,1,,,,,,,,,,,,,,,,,,,,,,,,,,,,,,0.15,0.15,,,,,,,,,,,,,active,active,,,2026-07-19,2026-07-19
ECAS_MST,120248368491680327,C1,120248368491700327,C1D,120248368756150327,2026-07-19,female,35-44,"Your city deserves better than a gift-shop skyline.

Real street names, real wood frames, made to order, not mass-printed.

Find your city and shop now.",active,ad,2,2,1,"7-day click, 1-day view, or 1-day engaged-view","Website purchases",,0.02,0,C1D_CN_ICP_GiftGiver45_CN_Design_SinglePrintLifestyle_CTA_ClaimOffer_HK_Benefit_TN_Rational_.png_105,,https://eastcoastartstudio.com/collections/best-sellers,SHOP_NOW,"Made To Order, Framed Right","Made to order. Real wood.",,,10,0,,,0,,,,"Website purchases conversion value",,"Website purchases conversion value",,10,active,,,,,,,,,,,,,,,,,,,,,,,,,,,,,,,,,,,,,,,,,,,,,,,,,,,,,,,,active,active,,,2026-07-19,2026-07-19
ECAS_MST,120248368491680327,C4,120248369515900327,c4A,120248369515870327,2026-07-19,female,45-54,"Your city deserves better than a gift-shop skyline.

Real street names, real wood frames, made to order, not mass-printed.

Find your city and shop now.",inactive,ad,2,2,1,"7-day click, 1-day view, or 1-day engaged-view","Website purchases",,0.04,0,C4D_CN_ICP_MemoryKeeperCouple_CN_Design_MultiPrintGallery_CTA_ClaimOffer_HK_Problem_TN_Aspir.png_105,,https://eastcoastartstudio.com/collections/best-sellers,SHOP_NOW,"Every City, One Wall","Made to order. Real wood.",,,20,0,,,0,,,,"Website purchases conversion value",,"Website purchases conversion value",,20,inactive,,,,,,,,,,,,,,,,,,,,,,,,,,,,,,,,,,,,,,,,,,,,,,,,,,,,,,,,active,active,,,2026-07-19,2026-07-19
ECAS_MST,120248368491680327,C2,120248368953480327,C2B,120248369077860327,2026-07-18,female,25-34,"Your city deserves better than a gift-shop skyline.

Real street names, real wood frames, made to order, not mass-printed.

Find your city and shop now.",inactive,ad,1,1,1,"7-day click, 1-day view, or 1-day engaged-view","Website purchases",,0,0,C2B_CN_ICP_Milestone2534_CN_Design_RoomContext_PR_Testimonial_HK_Problem_TN_Rational_FW_BAB_.png_105,,https://eastcoastartstudio.com/collections/best-sellers,SHOP_NOW,"Made To Order, Framed Right","Made to order. Real wood.",,,0,0,,,0,,,,"Website purchases conversion value",,,,0,inactive,,,,,,,,,,,,,,,,,,,,,,,,,,,,,,,,,,,,,,,,,,,,,,,,,,,,,,,,active,active,,,2026-07-18,2026-07-18
ECAS_MST,120248368491680327,C2,120248368953480327,C2C,120248368953530327,2026-07-18,male,55-64,"Your city deserves better than a gift-shop skyline.

Real street names, real wood frames, made to order, not mass-printed.

Find your city and shop now.",active,ad,2,2,1,"7-day click, 1-day view, or 1-day engaged-view","Website purchases",,0,0,C2C_CN_ICP_Milestone2534_CN_Design_RoomContext_HP_ForgettableGift_HK_Benefit_TN_Aspirational.png_105,,https://eastcoastartstudio.com/collections/best-sellers,SHOP_NOW,"Made To Order, Framed Right","Made to order. Real wood.",,,0,0,,,0,,,,"Website purchases conversion value",,,,0,active,,,,,,,,,,,,,,,,,,,,,,,,,,,,,,,,,,,,,,,,,,,,,,,,,,,,,,,,active,active,,,2026-07-18,2026-07-18
ECAS_MST,120248368491680327,C2,120248368953480327,C2C,120248368953530327,2026-07-18,female,65+,"Your city deserves better than a gift-shop skyline.

Real street names, real wood frames, made to order, not mass-printed.

Find your city and shop now.",active,ad,1,1,1,"7-day click, 1-day view, or 1-day engaged-view","Website purchases",,0,0,C2C_CN_ICP_Milestone2534_CN_Design_RoomContext_HP_ForgettableGift_HK_Benefit_TN_Aspirational.png_105,,https://eastcoastartstudio.com/collections/best-sellers,SHOP_NOW,"Made To Order, Framed Right","Made to order. Real wood.",,,0,0,,,0,,,,"Website purchases conversion value",,,,0,active,,,,,,,,,,,,,,,,,,,,,,,,,,,,,,,,,,,,,,,,,,,,,,,,,,,,,,,,active,active,,,2026-07-18,2026-07-18
ECAS_MST,120248368491680327,C2,120248368953480327,C2B,120248369077860327,2026-07-18,male,55-64,"Your city deserves better than a gift-shop skyline.

Real street names, real wood frames, made to order, not mass-printed.

Find your city and shop now.",inactive,ad,4,4,1,"7-day click, 1-day view, or 1-day engaged-view","Website purchases",,0.06,0,C2B_CN_ICP_Milestone2534_CN_Design_RoomContext_PR_Testimonial_HK_Problem_TN_Rational_FW_BAB_.png_105,,https://eastcoastartstudio.com/collections/best-sellers,SHOP_NOW,"Made To Order, Framed Right","Made to order. Real wood.",,,15,0,,,0,,,,"Website purchases conversion value",,"Website purchases conversion value",,15,inactive,,,,,,,,,,,,,,,,,,,,,,,,,,,,,,,,,,,,,,,,,,,,,,,,,,,,,,,,active,active,,,2026-07-18,2026-07-18
ECAS_MST,120248368491680327,C2,120248368953480327,C2B,120248369077860327,2026-07-18,male,45-54,"Your city deserves better than a gift-shop skyline.

Real street names, real wood frames, made to order, not mass-printed.

Find your city and shop now.",inactive,ad,7,9,1.28571429,"7-day click, 1-day view, or 1-day engaged-view","Website purchases",,0.5,0,C2B_CN_ICP_Milestone2534_CN_Design_RoomContext_PR_Testimonial_HK_Problem_TN_Rational_FW_BAB_.png_105,,https://eastcoastartstudio.com/collections/best-sellers,SHOP_NOW,"Made To Order, Framed Right","Made to order. Real wood.",,,55.55555556,0,,,0,,,,"Website purchases conversion value",,"Website purchases conversion value",,71.42857143,inactive,,,,,,,,,,,,,,,,,,,,,,,,,,,,,,,,,,,,,,,,,,,,,,,,,,,,,,,,active,active,,,2026-07-18,2026-07-18
ECAS_MST,120248368491680327,C2,120248368953480327,C2B,120248369077860327,2026-07-18,male,35-44,"Your city deserves better than a gift-shop skyline.

Real street names, real wood frames, made to order, not mass-printed.

Find your city and shop now.",inactive,ad,3,3,1,"7-day click, 1-day view, or 1-day engaged-view","Website purchases",,0.04,0,C2B_CN_ICP_Milestone2534_CN_Design_RoomContext_PR_Testimonial_HK_Problem_TN_Rational_FW_BAB_.png_105,,https://eastcoastartstudio.com/collections/best-sellers,SHOP_NOW,"Made To Order, Framed Right","Made to order. Real wood.",,,13.33333333,0,,,0,,,,"Website purchases conversion value",,"Website purchases conversion value",,13.33333333,inactive,,,,,,,,,,,,,,,,,,,,,,,,,,,,,,,,,,,,,,,,,,,,,,,,,,,,,,,,active,active,,,2026-07-18,2026-07-18
ECAS_MST,120248368491680327,C2,120248368953480327,C2B,120248369077860327,2026-07-18,male,25-34,"Your city deserves better than a gift-shop skyline.

Real street names, real wood frames, made to order, not mass-printed.

Find your city and shop now.",inactive,ad,3,3,1,"7-day click, 1-day view, or 1-day engaged-view","Website purchases",,0.11,0,C2B_CN_ICP_Milestone2534_CN_Design_RoomContext_PR_Testimonial_HK_Problem_TN_Rational_FW_BAB_.png_105,,https://eastcoastartstudio.com/collections/best-sellers,SHOP_NOW,"Made To Order, Framed Right","Made to order. Real wood.",,,36.66666667,0,,,0,,,,"Website purchases conversion value",,"Website purchases conversion value",,36.66666667,inactive,,,,,,,,,,,,,,,,,,,,,,,,,,,,,,,,,,,,,,,,,,,,,,,,,,,,,,,,active,active,,,2026-07-18,2026-07-18
ECAS_MST,120248368491680327,C2,120248368953480327,C2B,120248369077860327,2026-07-18,female,55-64,"Your city deserves better than a gift-shop skyline.

Real street names, real wood frames, made to order, not mass-printed.

Find your city and shop now.",inactive,ad,6,6,1,"7-day click, 1-day view, or 1-day engaged-view","Website purchases",,0.03,0,C2B_CN_ICP_Milestone2534_CN_Design_RoomContext_PR_Testimonial_HK_Problem_TN_Rational_FW_BAB_.png_105,,https://eastcoastartstudio.com/collections/best-sellers,SHOP_NOW,"Made To Order, Framed Right","Made to order. Real wood.",,,5,0,,,0,,,,"Website purchases conversion value",,"Website purchases conversion value",,5,inactive,,,,,,,,,,,,,,,,,,,,,,,,,,,,,,,,,,,,,,,,,,,,,,,,,,,,,,,,active,active,,,2026-07-18,2026-07-18
ECAS_MST,120248368491680327,C2,120248368953480327,C2B,120248369077860327,2026-07-18,unknown,55-64,"Your city deserves better than a gift-shop skyline.

Real street names, real wood frames, made to order, not mass-printed.

Find your city and shop now.",inactive,ad,1,4,4,"7-day click, 1-day view, or 1-day engaged-view","Website purchases",,0,0,C2B_CN_ICP_Milestone2534_CN_Design_RoomContext_PR_Testimonial_HK_Problem_TN_Rational_FW_BAB_.png_105,,https://eastcoastartstudio.com/collections/best-sellers,SHOP_NOW,"Made To Order, Framed Right","Made to order. Real wood.",,,0,0,,,0,,,,"Website purchases conversion value",,,,0,inactive,,,,,,,,,,,,,,,,,,,,,,,,,,,,,,,,,,,,,,,,,,,,,,,,,,,,,,,,active,active,,,2026-07-18,2026-07-18
ECAS_MST,120248368491680327,C2,120248368953480327,C2B,120248369077860327,2026-07-18,female,45-54,"Your city deserves better than a gift-shop skyline.

Real street names, real wood frames, made to order, not mass-printed.

Find your city and shop now.",inactive,ad,3,3,1,"7-day click, 1-day view, or 1-day engaged-view","Website purchases",,0.01,0,C2B_CN_ICP_Milestone2534_CN_Design_RoomContext_PR_Testimonial_HK_Problem_TN_Rational_FW_BAB_.png_105,,https://eastcoastartstudio.com/collections/best-sellers,SHOP_NOW,"Made To Order, Framed Right","Made to order. Real wood.",,,3.33333333,0,,,0,,,,"Website purchases conversion value",,"Website purchases conversion value",,3.33333333,inactive,,,,,,,,,,,,,,,,,,,,,,,,,,,,,,,,,,,,,,,,,,,,,,,,,,,,,,,,active,active,,,2026-07-18,2026-07-18
ECAS_MST,120248368491680327,C2,120248368953480327,C2B,120248369077860327,2026-07-18,male,65+,"Your city deserves better than a gift-shop skyline.

Real street names, real wood frames, made to order, not mass-printed.

Find your city and shop now.",inactive,ad,7,9,1.28571429,"7-day click, 1-day view, or 1-day engaged-view","Website purchases",,0.07,0,C2B_CN_ICP_Milestone2534_CN_Design_RoomContext_PR_Testimonial_HK_Problem_TN_Rational_FW_BAB_.png_105,,https://eastcoastartstudio.com/collections/best-sellers,SHOP_NOW,"Made To Order, Framed Right","Made to order. Real wood.",,,7.77777778,0,,,0,,,,"Website purchases conversion value",,"Website purchases conversion value",,10,inactive,,,,,,,,,,,,,,,,,,,,,,,,,,,,,,,,,,,,,,,,,,,,,,,,,,,,,,,,active,active,,,2026-07-18,2026-07-18
ECAS_MST,120248368491680327,C2,120248368953480327,C2B,120248369077860327,2026-07-18,female,35-44,"Your city deserves better than a gift-shop skyline.

Real street names, real wood frames, made to order, not mass-printed.

Find your city and shop now.",inactive,ad,1,3,3,"7-day click, 1-day view, or 1-day engaged-view","Website purchases",,0.07,0,C2B_CN_ICP_Milestone2534_CN_Design_RoomContext_PR_Testimonial_HK_Problem_TN_Rational_FW_BAB_.png_105,,https://eastcoastartstudio.com/collections/best-sellers,SHOP_NOW,"Made To Order, Framed Right","Made to order. Real wood.",,,23.33333333,0,,,0,,,,"Website purchases conversion value",,"Website purchases conversion value",,70,inactive,,,,,,,,,,,,,,,,,,,,,,,,,,,,,,,,,,,,,,,,,,,,,,,,,,,,,,,,active,active,,,2026-07-18,2026-07-18
ECAS_MST,120248368491680327,C2,120248368953480327,C2B,120248369077860327,2026-07-18,female,65+,"Your city deserves better than a gift-shop skyline.

Real street names, real wood frames, made to order, not mass-printed.

Find your city and shop now.",inactive,ad,5,7,1.4,"7-day click, 1-day view, or 1-day engaged-view","Website purchases",,0,0,C2B_CN_ICP_Milestone2534_CN_Design_RoomContext_PR_Testimonial_HK_Problem_TN_Rational_FW_BAB_.png_105,,https://eastcoastartstudio.com/collections/best-sellers,SHOP_NOW,"Made To Order, Framed Right","Made to order. Real wood.",,,0,0,,,0,,,,"Website purchases conversion value",,,,0,inactive,,,,,,,,,,,,,,,,,,,,,,,,,,,,,,,,,,,,,,,,,,,,,,,,,,,,,,,,active,active,,,2026-07-18,2026-07-18
ECAS_MST,120248368491680327,C2,120248368953480327,C2B,120248369077860327,2026-07-18,male,18-24,"Your city deserves better than a gift-shop skyline.

Real street names, real wood frames, made to order, not mass-printed.

Find your city and shop now.",inactive,ad,3,3,1,"7-day click, 1-day view, or 1-day engaged-view","Website purchases",,0.05,0,C2B_CN_ICP_Milestone2534_CN_Design_RoomContext_PR_Testimonial_HK_Problem_TN_Rational_FW_BAB_.png_105,,https://eastcoastartstudio.com/collections/best-sellers,SHOP_NOW,"Made To Order, Framed Right","Made to order. Real wood.",,,16.66666667,0,,,0,,,,"Website purchases conversion value",,"Website purchases conversion value",,16.66666667,inactive,,,,,,,,,,,,,,,,,,,,,,,,,,,,,,,,,,,,,,,,,,,,,,,,,,,,,,,,active,active,,,2026-07-18,2026-07-18
ECAS_MST,120248368491680327,C1,120248368491700327,C1D,120248368756150327,2026-07-18,female,55-64,"Your city deserves better than a gift-shop skyline.

Real street names, real wood frames, made to order, not mass-printed.

Find your city and shop now.",active,ad,1,1,1,"7-day click, 1-day view, or 1-day engaged-view","Website purchases",,0,0,C1D_CN_ICP_GiftGiver45_CN_Design_SinglePrintLifestyle_CTA_ClaimOffer_HK_Benefit_TN_Rational_.png_105,,https://eastcoastartstudio.com/collections/best-sellers,SHOP_NOW,"Made To Order, Framed Right","Made to order. Real wood.",,,0,0,,,0,,,,"Website purchases conversion value",,,,0,active,,,,,,,,,,,,,,,,,,,,,,,,,,,,,,,,,,,,,,,,,,,,,,,,,,,,,,,,active,active,,,2026-07-18,2026-07-18
ECAS_MST,120248368491680327,C1,120248368491700327,C1D,120248368756150327,2026-07-18,male,65+,"Your city deserves better than a gift-shop skyline.

Real street names, real wood frames, made to order, not mass-printed.

Find your city and shop now.",active,ad,1,2,2,"7-day click, 1-day view, or 1-day engaged-view","Website purchases",,0,0,C1D_CN_ICP_GiftGiver45_CN_Design_SinglePrintLifestyle_CTA_ClaimOffer_HK_Benefit_TN_Rational_.png_105,,https://eastcoastartstudio.com/collections/best-sellers,SHOP_NOW,"Made To Order, Framed Right","Made to order. Real wood.",,,0,0,,,0,,,,"Website purchases conversion value",,,,0,active,,,,,,,,,,,,,,,,,,,,,,,,,,,,,,,,,,,,,,,,,,,,,,,,,,,,,,,,active,active,,,2026-07-18,2026-07-18
ECAS_MST,120248368491680327,C1,120248368491700327,C1D,120248368756150327,2026-07-18,female,65+,"Your city deserves better than a gift-shop skyline.

Real street names, real wood frames, made to order, not mass-printed.

Find your city and shop now.",active,ad,1,1,1,"7-day click, 1-day view, or 1-day engaged-view","Website purchases",,0,0,C1D_CN_ICP_GiftGiver45_CN_Design_SinglePrintLifestyle_CTA_ClaimOffer_HK_Benefit_TN_Rational_.png_105,,https://eastcoastartstudio.com/collections/best-sellers,SHOP_NOW,"Made To Order, Framed Right","Made to order. Real wood.",,,0,0,,,0,,,,"Website purchases conversion value",,,,0,active,,,,,,,,,,,,,,,,,,,,,,,,,,,,,,,,,,,,,,,,,,,,,,,,,,,,,,,,active,active,,,2026-07-18,2026-07-18
ECAS_MST,120248368491680327,C1,120248368491700327,C1D,120248368756150327,2026-07-18,female,35-44,"Your city deserves better than a gift-shop skyline.

Real street names, real wood frames, made to order, not mass-printed.

Find your city and shop now.",active,ad,2,2,1,"7-day click, 1-day view, or 1-day engaged-view","Website purchases",,0,0,C1D_CN_ICP_GiftGiver45_CN_Design_SinglePrintLifestyle_CTA_ClaimOffer_HK_Benefit_TN_Rational_.png_105,,https://eastcoastartstudio.com/collections/best-sellers,SHOP_NOW,"Made To Order, Framed Right","Made to order. Real wood.",,,0,0,,,0,,,,"Website purchases conversion value",,,,0,active,,,,,,,,,,,,,,,,,,,,,,,,,,,,,,,,,,,,,,,,,,,,,,,,,,,,,,,,active,active,,,2026-07-18,2026-07-18
ECAS_MST,120248368491680327,C4,120248369515900327,c4A,120248369515870327,2026-07-18,unknown,45-54,"Your city deserves better than a gift-shop skyline.

Real street names, real wood frames, made to order, not mass-printed.

Find your city and shop now.",inactive,ad,1,1,1,"7-day click, 1-day view, or 1-day engaged-view","Website purchases",,0,0,C4D_CN_ICP_MemoryKeeperCouple_CN_Design_MultiPrintGallery_CTA_ClaimOffer_HK_Problem_TN_Aspir.png_105,,https://eastcoastartstudio.com/collections/best-sellers,SHOP_NOW,"Every City, One Wall","Made to order. Real wood.",,,0,0,,,0,,,,"Website purchases conversion value",,,,0,inactive,,,,,,,,,,,,,,,,,,,,,,,,,,,,,,,,,,,,,,,,,,,,,,,,,,,,,,,,active,active,,,2026-07-18,2026-07-18
ECAS_MST,120248368491680327,C1,120248368491700327,C1B,120248368761270327,2026-07-18,male,65+,"Your city deserves better than a gift-shop skyline.

Real street names, real wood frames, made to order, not mass-printed.

Find your city and shop now.",active,ad,1,2,2,"7-day click, 1-day view, or 1-day engaged-view","Website purchases",,0.11,0,C1B_CN_ICP_GiftGiver45_CN_Design_SinglePrintLifestyle_PR_Testimonial_HK_Question_TN_Emotiona.png_105,,https://eastcoastartstudio.com/collections/best-sellers,SHOP_NOW,"Made To Order, Framed Right","Made to order. Real wood.",,,55,0,,,0,,,,"Website purchases conversion value",,"Website purchases conversion value",,110,active,,,,,,,,,,,,,,,,,,,,,,,,,,,,,,,,,,,,,,,,,,,,,,,,,,,,,,,,active,active,,,2026-07-18,2026-07-18
ECAS_MST,120248368491680327,C1,120248368491700327,C1B,120248368761270327,2026-07-18,female,55-64,"Your city deserves better than a gift-shop skyline.

Real street names, real wood frames, made to order, not mass-printed.

Find your city and shop now.",active,ad,1,1,1,"7-day click, 1-day view, or 1-day engaged-view","Website purchases",,0,0,C1B_CN_ICP_GiftGiver45_CN_Design_SinglePrintLifestyle_PR_Testimonial_HK_Question_TN_Emotiona.png_105,,https://eastcoastartstudio.com/collections/best-sellers,SHOP_NOW,"Made To Order, Framed Right","Made to order. Real wood.",,,0,0,,,0,,,,"Website purchases conversion value",,,,0,active,,,,,,,,,,,,,,,,,,,,,,,,,,,,,,,,,,,,,,,,,,,,,,,,,,,,,,,,active,active,,,2026-07-18,2026-07-18
ECAS_MST,120248368491680327,C1,120248368491700327,C1B,120248368761270327,2026-07-18,male,45-54,"Your city deserves better than a gift-shop skyline.

Real street names, real wood frames, made to order, not mass-printed.

Find your city and shop now.",active,ad,2,2,1,"7-day click, 1-day view, or 1-day engaged-view","Website purchases",,0.06,0,C1B_CN_ICP_GiftGiver45_CN_Design_SinglePrintLifestyle_PR_Testimonial_HK_Question_TN_Emotiona.png_105,,https://eastcoastartstudio.com/collections/best-sellers,SHOP_NOW,"Made To Order, Framed Right","Made to order. Real wood.",,,30,0,,,0,,,,"Website purchases conversion value",,"Website purchases conversion value",,30,active,,,,,,,,,,,,,,,,,,,,,,,,,,,,,,,,,,,,,,,,,,,,,,,,,,,,,,,,active,active,,,2026-07-18,2026-07-18
ECAS_MST,120248368491680327,C1,120248368491700327,C1B,120248368761270327,2026-07-18,female,45-54,"Your city deserves better than a gift-shop skyline.

Real street names, real wood frames, made to order, not mass-printed.

Find your city and shop now.",active,ad,2,2,1,"7-day click, 1-day view, or 1-day engaged-view","Website purchases",,0,0,C1B_CN_ICP_GiftGiver45_CN_Design_SinglePrintLifestyle_PR_Testimonial_HK_Question_TN_Emotiona.png_105,,https://eastcoastartstudio.com/collections/best-sellers,SHOP_NOW,"Made To Order, Framed Right","Made to order. Real wood.",,,0,0,,,0,,,,"Website purchases conversion value",,,,0,active,,,,,,,,,,,,,,,,,,,,,,,,,,,,,,,,,,,,,,,,,,,,,,,,,,,,,,,,active,active,,,2026-07-18,2026-07-18
ECAS_MST,120248368491680327,C4,120248369515900327,c4A,120248369515870327,2026-07-18,female,65+,"Your city deserves better than a gift-shop skyline.

Real street names, real wood frames, made to order, not mass-printed.

Find your city and shop now.",inactive,ad,4,7,1.75,"7-day click, 1-day view, or 1-day engaged-view","Website purchases",,0.19,0,C4D_CN_ICP_MemoryKeeperCouple_CN_Design_MultiPrintGallery_CTA_ClaimOffer_HK_Problem_TN_Aspir.png_105,,https://eastcoastartstudio.com/collections/best-sellers,SHOP_NOW,"Every City, One Wall","Made to order. Real wood.",,,27.14285714,0,,,0,,,,"Website purchases conversion value",,"Website purchases conversion value",,47.5,inactive,,,,,,,,,,,,,,,,,,,,,,,,,,,,,,,,,,,,,,,,,,,,,,,,,,,,,,,,active,active,,,2026-07-18,2026-07-18
ECAS_MST,120248368491680327,C1,120248368491700327,C1B,120248368761270327,2026-07-18,male,25-34,"Your city deserves better than a gift-shop skyline.

Real street names, real wood frames, made to order, not mass-printed.

Find your city and shop now.",active,ad,1,1,1,"7-day click, 1-day view, or 1-day engaged-view","Website purchases",,0.12,0,C1B_CN_ICP_GiftGiver45_CN_Design_SinglePrintLifestyle_PR_Testimonial_HK_Question_TN_Emotiona.png_105,,https://eastcoastartstudio.com/collections/best-sellers,SHOP_NOW,"Made To Order, Framed Right","Made to order. Real wood.",,,120,0,,,0,,,,"Website purchases conversion value",,"Website purchases conversion value",,120,active,,,,,,,,,,,,,,,,,,,,,,,,,,,,,,,,,,,,,,,,,,,,,,,,,,,,,,,,active,active,,,2026-07-18,2026-07-18
ECAS_MST,120248368491680327,C4,120248369515900327,c4A,120248369515870327,2026-07-18,male,55-64,"Your city deserves better than a gift-shop skyline.

Real street names, real wood frames, made to order, not mass-printed.

Find your city and shop now.",inactive,ad,1,2,2,"7-day click, 1-day view, or 1-day engaged-view","Website purchases",,0.06,0,C4D_CN_ICP_MemoryKeeperCouple_CN_Design_MultiPrintGallery_CTA_ClaimOffer_HK_Problem_TN_Aspir.png_105,,https://eastcoastartstudio.com/collections/best-sellers,SHOP_NOW,"Every City, One Wall","Made to order. Real wood.",,,30,0,,,0,,,,"Website purchases conversion value",,"Website purchases conversion value",,60,inactive,,,,,,,,,,,,,,,,,,,,,,,,,,,,,,,,,,,,,,,,,,,,,,,,,,,,,,,,active,active,,,2026-07-18,2026-07-18
ECAS_MST,120248368491680327,C4,120248369515900327,c4A,120248369515870327,2026-07-18,male,45-54,"Your city deserves better than a gift-shop skyline.

Real street names, real wood frames, made to order, not mass-printed.

Find your city and shop now.",inactive,ad,2,2,1,"7-day click, 1-day view, or 1-day engaged-view","Website purchases",,0.01,0,C4D_CN_ICP_MemoryKeeperCouple_CN_Design_MultiPrintGallery_CTA_ClaimOffer_HK_Problem_TN_Aspir.png_105,,https://eastcoastartstudio.com/collections/best-sellers,SHOP_NOW,"Every City, One Wall","Made to order. Real wood.",,,5,0,,,0,,,,"Website purchases conversion value",,"Website purchases conversion value",,5,inactive,,,,,,,,,,,,,,,,,,,,,,,,,,,,,,,,,,,,,,,,,,,,,,,,,,,,,,,,active,active,,,2026-07-18,2026-07-18
ECAS_MST,120248368491680327,C4,120248369515900327,c4A,120248369515870327,2026-07-18,male,65+,"Your city deserves better than a gift-shop skyline.

Real street names, real wood frames, made to order, not mass-printed.

Find your city and shop now.",inactive,ad,3,3,1,"7-day click, 1-day view, or 1-day engaged-view","Website purchases",,0,0,C4D_CN_ICP_MemoryKeeperCouple_CN_Design_MultiPrintGallery_CTA_ClaimOffer_HK_Problem_TN_Aspir.png_105,,https://eastcoastartstudio.com/collections/best-sellers,SHOP_NOW,"Every City, One Wall","Made to order. Real wood.",,,0,0,,,0,,,,"Website purchases conversion value",,,,0,inactive,,,,,,,,,,,,,,,,,,,,,,,,,,,,,,,,,,,,,,,,,,,,,,,,,,,,,,,,active,active,,,2026-07-18,2026-07-18
ECAS_MST,120248368491680327,C4,120248369515900327,c4A,120248369515870327,2026-07-18,male,25-34,"Your city deserves better than a gift-shop skyline.

Real street names, real wood frames, made to order, not mass-printed.

Find your city and shop now.",inactive,ad,1,1,1,"7-day click, 1-day view, or 1-day engaged-view","Website purchases",,0,0,C4D_CN_ICP_MemoryKeeperCouple_CN_Design_MultiPrintGallery_CTA_ClaimOffer_HK_Problem_TN_Aspir.png_105,,https://eastcoastartstudio.com/collections/best-sellers,SHOP_NOW,"Every City, One Wall","Made to order. Real wood.",,,0,0,,,0,,,,"Website purchases conversion value",,,,0,inactive,,,,,,,,,,,,,,,,,,,,,,,,,,,,,,,,,,,,,,,,,,,,,,,,,,,,,,,,active,active,,,2026-07-18,2026-07-18
ECAS_MST,120248368491680327,C4,120248369515900327,c4A,120248369515870327,2026-07-18,female,45-54,"Your city deserves better than a gift-shop skyline.

Real street names, real wood frames, made to order, not mass-printed.

Find your city and shop now.",inactive,ad,1,1,1,"7-day click, 1-day view, or 1-day engaged-view","Website purchases",,0,0,C4D_CN_ICP_MemoryKeeperCouple_CN_Design_MultiPrintGallery_CTA_ClaimOffer_HK_Problem_TN_Aspir.png_105,,https://eastcoastartstudio.com/collections/best-sellers,SHOP_NOW,"Every City, One Wall","Made to order. Real wood.",,,0,0,,,0,,,,"Website purchases conversion value",,,,0,inactive,,,,,,,,,,,,,,,,,,,,,,,,,,,,,,,,,,,,,,,,,,,,,,,,,,,,,,,,active,active,,,2026-07-18,2026-07-18
ECAS_MST,120248368491680327,C1,120248368491700327,C1D,120248368756150327,2026-07-18,male,25-34,"Your city deserves better than a gift-shop skyline.

Real street names, real wood frames, made to order, not mass-printed.

Find your city and shop now.",active,ad,3,3,1,"7-day click, 1-day view, or 1-day engaged-view","Website purchases",,0.13,0,C1D_CN_ICP_GiftGiver45_CN_Design_SinglePrintLifestyle_CTA_ClaimOffer_HK_Benefit_TN_Rational_.png_105,,https://eastcoastartstudio.com/collections/best-sellers,SHOP_NOW,"Made To Order, Framed Right","Made to order. Real wood.",,,43.33333333,0,,,0,,,,"Website purchases conversion value",,"Website purchases conversion value",,43.33333333,active,,,,,,,,,,,,,,,,,,,,,,,,,,,,,,,,,,,,,,,,,,,,,,,,,,,,,,,,active,active,,,2026-07-18,2026-07-18
ECAS_MST,120248368491680327,C4,120248369515900327,c4A,120248369515870327,2026-07-18,male,35-44,"Your city deserves better than a gift-shop skyline.

Real street names, real wood frames, made to order, not mass-printed.

Find your city and shop now.",inactive,ad,1,1,1,"7-day click, 1-day view, or 1-day engaged-view","Website purchases",,0.03,0,C4D_CN_ICP_MemoryKeeperCouple_CN_Design_MultiPrintGallery_CTA_ClaimOffer_HK_Problem_TN_Aspir.png_105,,https://eastcoastartstudio.com/collections/best-sellers,SHOP_NOW,"Every City, One Wall","Made to order. Real wood.",,,30,0,,,0,,,,"Website purchases conversion value",,"Website purchases conversion value",,30,inactive,,,,,,,,,,,,,,,,,,,,,,,,,,,,,,,,,,,,,,,,,,,,,,,,,,,,,,,,active,active,,,2026-07-18,2026-07-18
ECAS_MST,120248368491680327,C1,120248368491700327,C1D,120248368756150327,2026-07-17,female,18-24,"Your city deserves better than a gift-shop skyline.

Real street names, real wood frames, made to order, not mass-printed.

Find your city and shop now.",active,ad,1,1,1,"7-day click, 1-day view, or 1-day engaged-view","Website purchases",,0.01,0,C1D_CN_ICP_GiftGiver45_CN_Design_SinglePrintLifestyle_CTA_ClaimOffer_HK_Benefit_TN_Rational_.png_105,,https://eastcoastartstudio.com/collections/best-sellers,SHOP_NOW,"Made To Order, Framed Right","Made to order. Real wood.",,,10,0,,,0,,,,"Website purchases conversion value",,"Website purchases conversion value",,10,active,,,,,,,,,,,,,,,,,,,,,,,,,,,,,,,,,,,,,,,,,,,,,,,,,,,,,,,,active,active,,,2026-07-17,2026-07-17
ECAS_MST,120248368491680327,C4,120248369515900327,C4D,120248369515890327,2026-07-17,male,35-44,"Your city deserves better than a gift-shop skyline.

Real street names, real wood frames, made to order, not mass-printed.

Find your city and shop now.",inactive,ad,1,1,1,"7-day click, 1-day view, or 1-day engaged-view","Website purchases",,0.02,0,C4D_CN_ICP_MemoryKeeperCouple_CN_Design_MultiPrintGallery_CTA_ClaimOffer_HK_Problem_TN_Aspir.png_105,,https://eastcoastartstudio.com/collections/best-sellers,SHOP_NOW,"Made To Order, Framed Right","Made to order. Real wood.",,,20,0,,,0,,,,"Website purchases conversion value",,"Website purchases conversion value",,20,inactive,,,,,,,,,,,,,,,,,,,,,,,,,,,,,,,,,,,,,,,,,,,,,,,,,,,,,,,,active,active,,,2026-07-17,2026-07-17
ECAS_MST,120248368491680327,C4,120248369515900327,C4D,120248369515890327,2026-07-17,female,65+,"Your city deserves better than a gift-shop skyline.

Real street names, real wood frames, made to order, not mass-printed.

Find your city and shop now.",inactive,ad,1,1,1,"7-day click, 1-day view, or 1-day engaged-view","Website purchases",,0,0,C4D_CN_ICP_MemoryKeeperCouple_CN_Design_MultiPrintGallery_CTA_ClaimOffer_HK_Problem_TN_Aspir.png_105,,https://eastcoastartstudio.com/collections/best-sellers,SHOP_NOW,"Made To Order, Framed Right","Made to order. Real wood.",,,0,0,,,0,,,,"Website purchases conversion value",,,,0,inactive,,,,,,,,,,,,,,,,,,,,,,,,,,,,,,,,,,,,,,,,,,,,,,,,,,,,,,,,active,active,,,2026-07-17,2026-07-17
ECAS_MST,120248368491680327,C4,120248369515900327,C4D,120248369515890327,2026-07-17,male,25-34,"Most ""custom"" gifts are just generic gifts with a name on them.

We make it different: real wood frame, real matte paper, their street or their city, made to order. The kind of gift that gets hung, not returned.

Shop now.",inactive,ad,1,1,1,"7-day click, 1-day view, or 1-day engaged-view","Website purchases",,0.14,0,C4D_CN_ICP_MemoryKeeperCouple_CN_Design_MultiPrintGallery_CTA_ClaimOffer_HK_Problem_TN_Aspir.png_105,,https://eastcoastartstudio.com/collections/best-sellers,SHOP_NOW,"Made To Order, Framed Right","Made to order. Real wood.",,,140,0,,,0,,,,"Website purchases conversion value",,"Website purchases conversion value",,140,inactive,,,,,,,,,,,,,,,,,,,,,,,,,,,,,,,,,,,,,,,,,,,,,,,,,,,,,,,,active,active,,,2026-07-17,2026-07-17
ECAS_MST,120248368491680327,C4,120248369515900327,C4D,120248369515890327,2026-07-17,female,65+,"Most ""custom"" gifts are just generic gifts with a name on them.

We make it different: real wood frame, real matte paper, their street or their city, made to order. The kind of gift that gets hung, not returned.

Shop now.",inactive,ad,1,1,1,"7-day click, 1-day view, or 1-day engaged-view","Website purchases",,0.01,0,C4D_CN_ICP_MemoryKeeperCouple_CN_Design_MultiPrintGallery_CTA_ClaimOffer_HK_Problem_TN_Aspir.png_105,,https://eastcoastartstudio.com/collections/best-sellers,SHOP_NOW,"Made To Order, Framed Right","Made to order. Real wood.",,,10,0,,,0,,,,"Website purchases conversion value",,"Website purchases conversion value",,10,inactive,,,,,,,,,,,,,,,,,,,,,,,,,,,,,,,,,,,,,,,,,,,,,,,,,,,,,,,,active,active,,,2026-07-17,2026-07-17
ECAS_MST,120248368491680327,C1,120248368491700327,C1D,120248368756150327,2026-07-17,male,35-44,"Your city deserves better than a gift-shop skyline.

Real street names, real wood frames, made to order, not mass-printed.

Find your city and shop now.",active,ad,12,14,1.16666667,"7-day click, 1-day view, or 1-day engaged-view","Website purchases",,0.1,0,C1D_CN_ICP_GiftGiver45_CN_Design_SinglePrintLifestyle_CTA_ClaimOffer_HK_Benefit_TN_Rational_.png_105,,https://eastcoastartstudio.com/collections/best-sellers,SHOP_NOW,"Made To Order, Framed Right","Made to order. Real wood.",,,7.14285714,0,,,0,,,,"Website purchases conversion value",,"Website purchases conversion value",,8.33333333,active,,,,,,,,,,,,,,,,,,,,,,,,,,,,,,,,,,,,,,,,,,,,,,,,,,,,,,,,active,active,,,2026-07-17,2026-07-17
ECAS_MST,120248368491680327,C1,120248368491700327,C1D,120248368756150327,2026-07-17,female,25-34,"Your city deserves better than a gift-shop skyline.

Real street names, real wood frames, made to order, not mass-printed.

Find your city and shop now.",active,ad,2,2,1,"7-day click, 1-day view, or 1-day engaged-view","Website purchases",,0,0,C1D_CN_ICP_GiftGiver45_CN_Design_SinglePrintLifestyle_CTA_ClaimOffer_HK_Benefit_TN_Rational_.png_105,,https://eastcoastartstudio.com/collections/best-sellers,SHOP_NOW,"Made To Order, Framed Right","Made to order. Real wood.",,,0,0,,,0,,,,"Website purchases conversion value",,,,0,active,,,,,,,,,,,,,,,,,,,,,,,,,,,,,,,,,,,,,,,,,,,,,,,,,,,,,,,,active,active,,,2026-07-17,2026-07-17
ECAS_MST,120248368491680327,C1,120248368491700327,C1D,120248368756150327,2026-07-17,male,18-24,"Your city deserves better than a gift-shop skyline.

Real street names, real wood frames, made to order, not mass-printed.

Find your city and shop now.",active,ad,1,5,5,"7-day click, 1-day view, or 1-day engaged-view","Website purchases",,0.16,0,C1D_CN_ICP_GiftGiver45_CN_Design_SinglePrintLifestyle_CTA_ClaimOffer_HK_Benefit_TN_Rational_.png_105,,https://eastcoastartstudio.com/collections/best-sellers,SHOP_NOW,"Made To Order, Framed Right","Made to order. Real wood.",,,32,0,,,0,,,,"Website purchases conversion value",,"Website purchases conversion value",,160,active,,,,,,,,,,,,,,,,,,,,,,,,,,,,,,,,,,,,,,,,,,,,,,,,,,,,,,,,active,active,,,2026-07-17,2026-07-17
ECAS_MST,120248368491680327,C1,120248368491700327,C1D,120248368756150327,2026-07-17,female,65+,"Your city deserves better than a gift-shop skyline.

Real street names, real wood frames, made to order, not mass-printed.

Find your city and shop now.",active,ad,6,8,1.33333333,"7-day click, 1-day view, or 1-day engaged-view","Website purchases",,0,0,C1D_CN_ICP_GiftGiver45_CN_Design_SinglePrintLifestyle_CTA_ClaimOffer_HK_Benefit_TN_Rational_.png_105,,https://eastcoastartstudio.com/collections/best-sellers,SHOP_NOW,"Made To Order, Framed Right","Made to order. Real wood.",,,0,0,,,0,,,,"Website purchases conversion value",,,,0,active,,,,,,,,,,,,,,,,,,,,,,,,,,,,,,,,,,,,,,,,,,,,,,,,,,,,,,,,active,active,,,2026-07-17,2026-07-17
ECAS_MST,120248368491680327,C1,120248368491700327,C1D,120248368756150327,2026-07-17,male,55-64,"Your city deserves better than a gift-shop skyline.

Real street names, real wood frames, made to order, not mass-printed.

Find your city and shop now.",active,ad,10,11,1.1,"7-day click, 1-day view, or 1-day engaged-view","Website purchases",,0.01,0,C1D_CN_ICP_GiftGiver45_CN_Design_SinglePrintLifestyle_CTA_ClaimOffer_HK_Benefit_TN_Rational_.png_105,,https://eastcoastartstudio.com/collections/best-sellers,SHOP_NOW,"Made To Order, Framed Right","Made to order. Real wood.",,,0.90909091,0,,,0,,,,"Website purchases conversion value",,"Website purchases conversion value",,1,active,,,,,,,,,,,,,,,,,,,,,,,,,,,,,,,,,,,,,,,,,,,,,,,,,,,,,,,,active,active,,,2026-07-17,2026-07-17
ECAS_MST,120248368491680327,C1,120248368491700327,C1D,120248368756150327,2026-07-17,male,45-54,"Your city deserves better than a gift-shop skyline.

Real street names, real wood frames, made to order, not mass-printed.

Find your city and shop now.",active,ad,6,6,1,"7-day click, 1-day view, or 1-day engaged-view","Website purchases",,0,0,C1D_CN_ICP_GiftGiver45_CN_Design_SinglePrintLifestyle_CTA_ClaimOffer_HK_Benefit_TN_Rational_.png_105,,https://eastcoastartstudio.com/collections/best-sellers,SHOP_NOW,"Made To Order, Framed Right","Made to order. Real wood.",,,0,0,,,0,,,,"Website purchases conversion value",,,,0,active,,,,,,,,,,,,,,,,,,,,,,,,,,,,,,,,,,,,,,,,,,,,,,,,,,,,,,,,active,active,,,2026-07-17,2026-07-17
ECAS_MST,120248368491680327,C4,120248369515900327,C4D,120248369515890327,2026-07-17,male,45-54,"A photo you'll lose in your camera roll. A print you'll walk past every day.

Turn the cities that mean something into a real gallery wall, made to order.

Shop now.",inactive,ad,1,1,1,"7-day click, 1-day view, or 1-day engaged-view","Website purchases",,0.01,0,C4D_CN_ICP_MemoryKeeperCouple_CN_Design_MultiPrintGallery_CTA_ClaimOffer_HK_Problem_TN_Aspir.png_105,,https://eastcoastartstudio.com/collections/best-sellers,SHOP_NOW,"Made To Order, Framed Right","Made to order. Real wood.",,,10,0,,,0,,,,"Website purchases conversion value",,"Website purchases conversion value",,10,inactive,,,,,,,,,,,,,,,,,,,,,,,,,,,,,,,,,,,,,,,,,,,,,,,,,,,,,,,,active,active,,,2026-07-17,2026-07-17
ECAS_MST,120248368491680327,C4,120248369515900327,C4D,120248369515890327,2026-07-17,female,45-54,"Your city deserves better than a gift-shop skyline.

Real street names, real wood frames, made to order, not mass-printed.

Find your city and shop now.",inactive,ad,1,1,1,"7-day click, 1-day view, or 1-day engaged-view","Website purchases",,0.01,0,C4D_CN_ICP_MemoryKeeperCouple_CN_Design_MultiPrintGallery_CTA_ClaimOffer_HK_Problem_TN_Aspir.png_105,,https://eastcoastartstudio.com/collections/best-sellers,SHOP_NOW,"Made To Order, Framed Right","Made to order. Real wood.",,,10,0,,,0,,,,"Website purchases conversion value",,"Website purchases conversion value",,10,inactive,,,,,,,,,,,,,,,,,,,,,,,,,,,,,,,,,,,,,,,,,,,,,,,,,,,,,,,,active,active,,,2026-07-17,2026-07-17
ECAS_MST,120248368491680327,C2,120248368953480327,C2B,120248369077860327,2026-07-17,male,35-44,"Your city deserves better than a gift-shop skyline.

Real street names, real wood frames, made to order, not mass-printed.

Find your city and shop now.",inactive,ad,18,22,1.22222222,"7-day click, 1-day view, or 1-day engaged-view","Website purchases",,0.36,0,C2B_CN_ICP_Milestone2534_CN_Design_RoomContext_PR_Testimonial_HK_Problem_TN_Rational_FW_BAB_.png_105,,https://eastcoastartstudio.com/collections/best-sellers,SHOP_NOW,"Made To Order, Framed Right","Made to order. Real wood.",,,16.36363636,0,,,0,,,,"Website purchases conversion value",,"Website purchases conversion value",,20,inactive,,,,,,,,,,,,,,,,,,,,,,,,,,,,,,,,,,,,,,,,,,,,,,,,,,,,,,,,active,active,,,2026-07-17,2026-07-17
ECAS_MST,120248368491680327,C4,120248369515900327,C4D,120248369515890327,2026-07-17,male,35-44,"A photo you'll lose in your camera roll. A print you'll walk past every day.

Turn the cities that mean something into a real gallery wall, made to order.

Shop now.",inactive,ad,1,1,1,"7-day click, 1-day view, or 1-day engaged-view","Website purchases",,0.01,0,C4D_CN_ICP_MemoryKeeperCouple_CN_Design_MultiPrintGallery_CTA_ClaimOffer_HK_Problem_TN_Aspir.png_105,,https://eastcoastartstudio.com/collections/best-sellers,SHOP_NOW,"Made To Order, Framed Right","Made to order. Real wood.",,,10,0,,,0,,,,"Website purchases conversion value",,"Website purchases conversion value",,10,inactive,,,,,,,,,,,,,,,,,,,,,,,,,,,,,,,,,,,,,,,,,,,,,,,,,,,,,,,,active,active,,,2026-07-17,2026-07-17
ECAS_MST,120248368491680327,C2,120248368953480327,C2B,120248369077860327,2026-07-17,male,65+,"Your city deserves better than a gift-shop skyline.

Real street names, real wood frames, made to order, not mass-printed.

Find your city and shop now.",inactive,ad,24,41,1.70833333,"7-day click, 1-day view, or 1-day engaged-view","Website purchases",,0.56,0,C2B_CN_ICP_Milestone2534_CN_Design_RoomContext_PR_Testimonial_HK_Problem_TN_Rational_FW_BAB_.png_105,,https://eastcoastartstudio.com/collections/best-sellers,SHOP_NOW,"Made To Order, Framed Right","Made to order. Real wood.",1,0.56,13.65853659,2.43902439,,,1,0.56,,,"Website purchases conversion value",,"Website purchases conversion value",,23.33333333,inactive,,,,,,,1,,,,1,,,,,,,,,,,,,,,,,,,,,,,,,,,,,,,0.56,0.56,,,,,,2.43902439,,,,,,,active,active,,,2026-07-17,2026-07-17
ECAS_MST,120248368491680327,C2,120248368953480327,C2B,120248369077860327,2026-07-17,female,25-34,"Your city deserves better than a gift-shop skyline.

Real street names, real wood frames, made to order, not mass-printed.

Find your city and shop now.",inactive,ad,3,3,1,"7-day click, 1-day view, or 1-day engaged-view","Website purchases",,0,0,C2B_CN_ICP_Milestone2534_CN_Design_RoomContext_PR_Testimonial_HK_Problem_TN_Rational_FW_BAB_.png_105,,https://eastcoastartstudio.com/collections/best-sellers,SHOP_NOW,"Made To Order, Framed Right","Made to order. Real wood.",,,0,0,,,0,,,,"Website purchases conversion value",,,,0,inactive,,,,,,,,,,,,,,,,,,,,,,,,,,,,,,,,,,,,,,,,,,,,,,,,,,,,,,,,active,active,,,2026-07-17,2026-07-17
ECAS_MST,120248368491680327,C2,120248368953480327,C2B,120248369077860327,2026-07-17,female,45-54,"Your city deserves better than a gift-shop skyline.

Real street names, real wood frames, made to order, not mass-printed.

Find your city and shop now.",inactive,ad,4,4,1,"7-day click, 1-day view, or 1-day engaged-view","Website purchases",,0.01,0,C2B_CN_ICP_Milestone2534_CN_Design_RoomContext_PR_Testimonial_HK_Problem_TN_Rational_FW_BAB_.png_105,,https://eastcoastartstudio.com/collections/best-sellers,SHOP_NOW,"Made To Order, Framed Right","Made to order. Real wood.",,,2.5,0,,,0,,,,"Website purchases conversion value",,"Website purchases conversion value",,2.5,inactive,,,,,,,,,,,,,,,,,,,,,,,,,,,,,,,,,,,,,,,,,,,,,,,,,,,,,,,,active,active,,,2026-07-17,2026-07-17
ECAS_MST,120248368491680327,C2,120248368953480327,C2B,120248369077860327,2026-07-17,female,35-44,"Your city deserves better than a gift-shop skyline.

Real street names, real wood frames, made to order, not mass-printed.

Find your city and shop now.",inactive,ad,10,14,1.4,"7-day click, 1-day view, or 1-day engaged-view","Website purchases",,0.08,0,C2B_CN_ICP_Milestone2534_CN_Design_RoomContext_PR_Testimonial_HK_Problem_TN_Rational_FW_BAB_.png_105,,https://eastcoastartstudio.com/collections/best-sellers,SHOP_NOW,"Made To Order, Framed Right","Made to order. Real wood.",,,5.71428571,0,,,0,,,,"Website purchases conversion value",,"Website purchases conversion value",,8,inactive,,,,,,,,,,,,,,,,,,,,,,,,,,,,,,,,,,,,,,,,,,,,,,,,,,,,,,,,active,active,,,2026-07-17,2026-07-17
ECAS_MST,120248368491680327,C2,120248368953480327,C2B,120248369077860327,2026-07-17,female,65+,"Your city deserves better than a gift-shop skyline.

Real street names, real wood frames, made to order, not mass-printed.

Find your city and shop now.",inactive,ad,19,19,1,"7-day click, 1-day view, or 1-day engaged-view","Website purchases",,0.01,0,C2B_CN_ICP_Milestone2534_CN_Design_RoomContext_PR_Testimonial_HK_Problem_TN_Rational_FW_BAB_.png_105,,https://eastcoastartstudio.com/collections/best-sellers,SHOP_NOW,"Made To Order, Framed Right","Made to order. Real wood.",,,0.52631579,0,,,0,,,,"Website purchases conversion value",,"Website purchases conversion value",,0.52631579,inactive,,,,,,,,,,,,,,,,,,,,,,,,,,,,,,,,,,,,,,,,,,,,,,,,,,,,,,,,active,active,,,2026-07-17,2026-07-17
ECAS_MST,120248368491680327,C2,120248368953480327,C2B,120248369077860327,2026-07-17,male,55-64,"Your city deserves better than a gift-shop skyline.

Real street names, real wood frames, made to order, not mass-printed.

Find your city and shop now.",inactive,ad,15,16,1.06666667,"7-day click, 1-day view, or 1-day engaged-view","Website purchases",,0.08,0,C2B_CN_ICP_Milestone2534_CN_Design_RoomContext_PR_Testimonial_HK_Problem_TN_Rational_FW_BAB_.png_105,,https://eastcoastartstudio.com/collections/best-sellers,SHOP_NOW,"Made To Order, Framed Right","Made to order. Real wood.",,,5,0,,,0,,,,"Website purchases conversion value",,"Website purchases conversion value",,5.33333333,inactive,,,,,,,,,,,,,,,,,,,,,,,,,,,,,,,,,,,,,,,,,,,,,,,,,,,,,,,,active,active,,,2026-07-17,2026-07-17
ECAS_MST,120248368491680327,C1,120248368491700327,C1D,120248368756150327,2026-07-17,male,25-34,"Your city deserves better than a gift-shop skyline.

Real street names, real wood frames, made to order, not mass-printed.

Find your city and shop now.",active,ad,7,8,1.14285714,"7-day click, 1-day view, or 1-day engaged-view","Website purchases",,0.15,0,C1D_CN_ICP_GiftGiver45_CN_Design_SinglePrintLifestyle_CTA_ClaimOffer_HK_Benefit_TN_Rational_.png_105,,https://eastcoastartstudio.com/collections/best-sellers,SHOP_NOW,"Made To Order, Framed Right","Made to order. Real wood.",,,18.75,0,,,0,,,,"Website purchases conversion value",,"Website purchases conversion value",,21.42857143,active,,,,,,,,,,,,,,,,,,,,,,,,,,,,,,,,,,,,,,,,,,,,,,,,,,,,,,,,active,active,,,2026-07-17,2026-07-17
ECAS_MST,120248368491680327,C2,120248368953480327,C2B,120248369077860327,2026-07-17,female,55-64,"Your city deserves better than a gift-shop skyline.

Real street names, real wood frames, made to order, not mass-printed.

Find your city and shop now.",inactive,ad,11,15,1.36363636,"7-day click, 1-day view, or 1-day engaged-view","Website purchases",,0.23,0,C2B_CN_ICP_Milestone2534_CN_Design_RoomContext_PR_Testimonial_HK_Problem_TN_Rational_FW_BAB_.png_105,,https://eastcoastartstudio.com/collections/best-sellers,SHOP_NOW,"Made To Order, Framed Right","Made to order. Real wood.",,,15.33333333,0,,,0,,,,"Website purchases conversion value",,"Website purchases conversion value",,20.90909091,inactive,,,,,,,,,,,,,,,,,,,,,,,,,,,,,,,,,,,,,,,,,,,,,,,,,,,,,,,,active,active,,,2026-07-17,2026-07-17
ECAS_MST,120248368491680327,C2,120248368953480327,C2B,120248369077860327,2026-07-17,unknown,35-44,"Your city deserves better than a gift-shop skyline.

Real street names, real wood frames, made to order, not mass-printed.

Find your city and shop now.",inactive,ad,2,2,1,"7-day click, 1-day view, or 1-day engaged-view","Website purchases",,0,0,C2B_CN_ICP_Milestone2534_CN_Design_RoomContext_PR_Testimonial_HK_Problem_TN_Rational_FW_BAB_.png_105,,https://eastcoastartstudio.com/collections/best-sellers,SHOP_NOW,"Made To Order, Framed Right","Made to order. Real wood.",,,0,0,,,0,,,,"Website purchases conversion value",,,,0,inactive,,,,,,,,,,,,,,,,,,,,,,,,,,,,,,,,,,,,,,,,,,,,,,,,,,,,,,,,active,active,,,2026-07-17,2026-07-17
ECAS_MST,120248368491680327,C2,120248368953480327,C2B,120248369077860327,2026-07-17,male,18-24,"Your city deserves better than a gift-shop skyline.

Real street names, real wood frames, made to order, not mass-printed.

Find your city and shop now.",inactive,ad,3,9,3,"7-day click, 1-day view, or 1-day engaged-view","Website purchases",,0.35,0,C2B_CN_ICP_Milestone2534_CN_Design_RoomContext_PR_Testimonial_HK_Problem_TN_Rational_FW_BAB_.png_105,,https://eastcoastartstudio.com/collections/best-sellers,SHOP_NOW,"Made To Order, Framed Right","Made to order. Real wood.",,,38.88888889,0,,,0,,,,"Website purchases conversion value",,"Website purchases conversion value",,116.66666667,inactive,,,,,,,,,,,,,,,,,,,,,,,,,,,,,,,,,,,,,,,,,,,,,,,,,,,,,,,,active,active,,,2026-07-17,2026-07-17
ECAS_MST,120248368491680327,C2,120248368953480327,C2B,120248369077860327,2026-07-17,male,25-34,"Your city deserves better than a gift-shop skyline.

Real street names, real wood frames, made to order, not mass-printed.

Find your city and shop now.",inactive,ad,9,12,1.33333333,"7-day click, 1-day view, or 1-day engaged-view","Website purchases",,0.09,0,C2B_CN_ICP_Milestone2534_CN_Design_RoomContext_PR_Testimonial_HK_Problem_TN_Rational_FW_BAB_.png_105,,https://eastcoastartstudio.com/collections/best-sellers,SHOP_NOW,"Made To Order, Framed Right","Made to order. Real wood.",,,7.5,0,,,0,,,,"Website purchases conversion value",,"Website purchases conversion value",,10,inactive,,,,,,,,,,,,,,,,,,,,,,,,,,,,,,,,,,,,,,,,,,,,,,,,,,,,,,,,active,active,,,2026-07-17,2026-07-17
ECAS_MST,120248368491680327,C2,120248368953480327,C2B,120248369077860327,2026-07-17,male,45-54,"Your city deserves better than a gift-shop skyline.

Real street names, real wood frames, made to order, not mass-printed.

Find your city and shop now.",inactive,ad,12,19,1.58333333,"7-day click, 1-day view, or 1-day engaged-view","Website purchases",,0.3,0,C2B_CN_ICP_Milestone2534_CN_Design_RoomContext_PR_Testimonial_HK_Problem_TN_Rational_FW_BAB_.png_105,,https://eastcoastartstudio.com/collections/best-sellers,SHOP_NOW,"Made To Order, Framed Right","Made to order. Real wood.",,,15.78947368,0,,,0,,,,"Website purchases conversion value",,"Website purchases conversion value",,25,inactive,,,,,,,,,,,,,,,,,,,,,,,,,,,,,,,,,,,,,,,,,,,,,,,,,,,,,,,,active,active,,,2026-07-17,2026-07-17
ECAS_MST,120248368491680327,C1,120248368491700327,C1D,120248368756150327,2026-07-17,male,65+,"Your city deserves better than a gift-shop skyline.

Real street names, real wood frames, made to order, not mass-printed.

Find your city and shop now.",active,ad,15,18,1.2,"7-day click, 1-day view, or 1-day engaged-view","Website purchases",,0.06,0,C1D_CN_ICP_GiftGiver45_CN_Design_SinglePrintLifestyle_CTA_ClaimOffer_HK_Benefit_TN_Rational_.png_105,,https://eastcoastartstudio.com/collections/best-sellers,SHOP_NOW,"Made To Order, Framed Right","Made to order. Real wood.",,,3.33333333,0,,,0,,,,"Website purchases conversion value",,"Website purchases conversion value",,4,active,,,,,,,,,,,,,,,,,,,,,,,,,,,,,,,,,,,,,,,,,,,,,,,,,,,,,,,,active,active,,,2026-07-17,2026-07-17
ECAS_MST,120248368491680327,C4,120248369515900327,c4A,120248369515870327,2026-07-17,male,65+,"Your city deserves better than a gift-shop skyline.

Real street names, real wood frames, made to order, not mass-printed.

Find your city and shop now.",inactive,ad,1,1,1,"7-day click, 1-day view, or 1-day engaged-view","Website purchases",,0.04,0,C4D_CN_ICP_MemoryKeeperCouple_CN_Design_MultiPrintGallery_CTA_ClaimOffer_HK_Problem_TN_Aspir.png_105,,https://eastcoastartstudio.com/collections/best-sellers,SHOP_NOW,"Every City, One Wall","Made to order. Real wood.",,,40,0,,,0,,,,"Website purchases conversion value",,"Website purchases conversion value",,40,inactive,,,,,,,,,,,,,,,,,,,,,,,,,,,,,,,,,,,,,,,,,,,,,,,,,,,,,,,,active,active,,,2026-07-17,2026-07-17
ECAS_MST,120248368491680327,C1,120248368491700327,C1D,120248368756150327,2026-07-17,female,45-54,"Your city deserves better than a gift-shop skyline.

Real street names, real wood frames, made to order, not mass-printed.

Find your city and shop now.",active,ad,3,3,1,"7-day click, 1-day view, or 1-day engaged-view","Website purchases",,0,0,C1D_CN_ICP_GiftGiver45_CN_Design_SinglePrintLifestyle_CTA_ClaimOffer_HK_Benefit_TN_Rational_.png_105,,https://eastcoastartstudio.com/collections/best-sellers,SHOP_NOW,"Made To Order, Framed Right","Made to order. Real wood.",,,0,0,,,0,,,,"Website purchases conversion value",,,,0,active,,,,,,,,,,,,,,,,,,,,,,,,,,,,,,,,,,,,,,,,,,,,,,,,,,,,,,,,active,active,,,2026-07-17,2026-07-17
ECAS_MST,120248368491680327,C3,120248368953440327,C3D,120248368953470327,2026-07-17,male,18-24,"Your city deserves better than a gift-shop skyline.

Real street names, real wood frames, made to order, not mass-printed.

Find your city and shop now.",inactive,ad,2,2,1,"7-day click, 1-day view, or 1-day engaged-view","Website purchases",,0.03,0,C3D_4x5.png,,https://eastcoastartstudio.com/collections/best-sellers,SHOP_NOW,"3,000+ Cities, Real Wood","Made to order. Real wood.",,,15,0,,,0,,,,"Website purchases conversion value",,"Website purchases conversion value",,15,inactive,,,,,,,,,,,,,,,,,,,,,,,,,,,,,,,,,,,,,,,,,,,,,,,,,,,,,,,,inactive,active,,,2026-07-17,2026-07-17
ECAS_MST,120248368491680327,C3,120248368953440327,C3D,120248368953470327,2026-07-17,male,55-64,"Your city deserves better than a gift-shop skyline.

Real street names, real wood frames, made to order, not mass-printed.

Find your city and shop now.",inactive,ad,8,9,1.125,"7-day click, 1-day view, or 1-day engaged-view","Website purchases",,0.63,0,C3D_4x5.png,,https://eastcoastartstudio.com/collections/best-sellers,SHOP_NOW,"3,000+ Cities, Real Wood","Made to order. Real wood.",1,0.63,70,11.11111111,,,1,0.63,,,"Website purchases conversion value",,"Website purchases conversion value",,78.75,inactive,,,,,,,1,,,,1,,,,,,,,,,,,,,,,,,,,,,,,,,,,,,,0.63,0.63,,,,,,11.11111111,,,,,,,inactive,active,,,2026-07-17,2026-07-17
ECAS_MST,120248368491680327,C3,120248368953440327,C3D,120248368953470327,2026-07-17,male,55-64,"Most ""custom"" gifts are just generic gifts with a name on them.

We make it different: real wood frame, real matte paper, their street or their city, made to order. The kind of gift that gets hung, not returned.

Shop now.",inactive,ad,1,1,1,"7-day click, 1-day view, or 1-day engaged-view","Website purchases",,0,0,C3D_4x5.png,,https://eastcoastartstudio.com/collections/best-sellers,SHOP_NOW,"3,000+ Cities, Real Wood","Made to order. Real wood.",,,0,0,,,0,,,,"Website purchases conversion value",,,,0,inactive,,,,,,,,,,,,,,,,,,,,,,,,,,,,,,,,,,,,,,,,,,,,,,,,,,,,,,,,inactive,active,,,2026-07-17,2026-07-17
ECAS_MST,120248368491680327,C3,120248368953440327,C3D,120248368953470327,2026-07-17,female,65+,"Most ""custom"" gifts are just generic gifts with a name on them.

We make it different: real wood frame, real matte paper, their street or their city, made to order. The kind of gift that gets hung, not returned.

Shop now.",inactive,ad,1,1,1,"7-day click, 1-day view, or 1-day engaged-view","Website purchases",,0,0,C3D_4x5.png,,https://eastcoastartstudio.com/collections/best-sellers,SHOP_NOW,"3,000+ Cities, Real Wood","Made to order. Real wood.",,,0,0,,,0,,,,"Website purchases conversion value",,,,0,inactive,,,,,,,,,,,,,,,,,,,,,,,,,,,,,,,,,,,,,,,,,,,,,,,,,,,,,,,,inactive,active,,,2026-07-17,2026-07-17
ECAS_MST,120248368491680327,C3,120248368953440327,C3D,120248368953470327,2026-07-17,female,35-44,"Your city deserves better than a gift-shop skyline.

Real street names, real wood frames, made to order, not mass-printed.

Find your city and shop now.",inactive,ad,4,5,1.25,"7-day click, 1-day view, or 1-day engaged-view","Website purchases",,0.1,0,C3D_4x5.png,,https://eastcoastartstudio.com/collections/best-sellers,SHOP_NOW,"3,000+ Cities, Real Wood","Made to order. Real wood.",,,20,0,,,0,,,,"Website purchases conversion value",,"Website purchases conversion value",,25,inactive,,,,,,,,,,,,,,,,,,,,,,,,,,,,,,,,,,,,,,,,,,,,,,,,,,,,,,,,inactive,active,,,2026-07-17,2026-07-17
ECAS_MST,120248368491680327,C3,120248368953440327,C3D,120248368953470327,2026-07-17,female,55-64,"Your city deserves better than a gift-shop skyline.

Real street names, real wood frames, made to order, not mass-printed.

Find your city and shop now.",inactive,ad,6,6,1,"7-day click, 1-day view, or 1-day engaged-view","Website purchases",,0.1,0,C3D_4x5.png,,https://eastcoastartstudio.com/collections/best-sellers,SHOP_NOW,"3,000+ Cities, Real Wood","Made to order. Real wood.",,,16.66666667,0,,,0,,,,"Website purchases conversion value",,"Website purchases conversion value",,16.66666667,inactive,,,,,,,,,,,,,,,,,,,,,,,,,,,,,,,,,,,,,,,,,,,,,,,,,,,,,,,,inactive,active,,,2026-07-17,2026-07-17
ECAS_MST,120248368491680327,C3,120248368953440327,C3D,120248368953470327,2026-07-17,male,25-34,"Your city deserves better than a gift-shop skyline.

Real street names, real wood frames, made to order, not mass-printed.

Find your city and shop now.",inactive,ad,6,6,1,"7-day click, 1-day view, or 1-day engaged-view","Website purchases",,0.06,0,C3D_4x5.png,,https://eastcoastartstudio.com/collections/best-sellers,SHOP_NOW,"3,000+ Cities, Real Wood","Made to order. Real wood.",,,10,0,,,0,,,,"Website purchases conversion value",,"Website purchases conversion value",,10,inactive,,,,,,,,,,,,,,,,,,,,,,,,,,,,,,,,,,,,,,,,,,,,,,,,,,,,,,,,inactive,active,,,2026-07-17,2026-07-17
ECAS_MST,120248368491680327,C3,120248368953440327,C3D,120248368953470327,2026-07-17,male,65+,"Your city deserves better than a gift-shop skyline.

Real street names, real wood frames, made to order, not mass-printed.

Find your city and shop now.",inactive,ad,5,5,1,"7-day click, 1-day view, or 1-day engaged-view","Website purchases",,0.05,0,C3D_4x5.png,,https://eastcoastartstudio.com/collections/best-sellers,SHOP_NOW,"3,000+ Cities, Real Wood","Made to order. Real wood.",,,10,0,,,0,,,,"Website purchases conversion value",,"Website purchases conversion value",,10,inactive,,,,,,,,,,,,,,,,,,,,,,,,,,,,,,,,,,,,,,,,,,,,,,,,,,,,,,,,inactive,active,,,2026-07-17,2026-07-17
ECAS_MST,120248368491680327,C3,120248368953440327,C3D,120248368953470327,2026-07-17,female,45-54,"Your city deserves better than a gift-shop skyline.

Real street names, real wood frames, made to order, not mass-printed.

Find your city and shop now.",inactive,ad,7,7,1,"7-day click, 1-day view, or 1-day engaged-view","Website purchases",,0.17,0,C3D_4x5.png,,https://eastcoastartstudio.com/collections/best-sellers,SHOP_NOW,"3,000+ Cities, Real Wood","Made to order. Real wood.",,,24.28571429,0,,,0,,,,"Website purchases conversion value",,"Website purchases conversion value",,24.28571429,inactive,,,,,,,,,,,,,,,,,,,,,,,,,,,,,,,,,,,,,,,,,,,,,,,,,,,,,,,,inactive,active,,,2026-07-17,2026-07-17
ECAS_MST,120248368491680327,C3,120248368953440327,C3D,120248368953470327,2026-07-17,male,35-44,"Your city deserves better than a gift-shop skyline.

Real street names, real wood frames, made to order, not mass-printed.

Find your city and shop now.",inactive,ad,9,9,1,"7-day click, 1-day view, or 1-day engaged-view","Website purchases",,0.11,0,C3D_4x5.png,,https://eastcoastartstudio.com/collections/best-sellers,SHOP_NOW,"3,000+ Cities, Real Wood","Made to order. Real wood.",,,12.22222222,0,,,0,,,,"Website purchases conversion value",,"Website purchases conversion value",,12.22222222,inactive,,,,,,,,,,,,,,,,,,,,,,,,,,,,,,,,,,,,,,,,,,,,,,,,,,,,,,,,inactive,active,,,2026-07-17,2026-07-17
ECAS_MST,120248368491680327,C3,120248368953440327,C3D,120248368953470327,2026-07-17,female,25-34,"Your city deserves better than a gift-shop skyline.

Real street names, real wood frames, made to order, not mass-printed.

Find your city and shop now.",inactive,ad,3,4,1.33333333,"7-day click, 1-day view, or 1-day engaged-view","Website purchases",,0.08,0,C3D_4x5.png,,https://eastcoastartstudio.com/collections/best-sellers,SHOP_NOW,"3,000+ Cities, Real Wood","Made to order. Real wood.",,,20,0,,,0,,,,"Website purchases conversion value",,"Website purchases conversion value",,26.66666667,inactive,,,,,,,,,,,,,,,,,,,,,,,,,,,,,,,,,,,,,,,,,,,,,,,,,,,,,,,,inactive,active,,,2026-07-17,2026-07-17
ECAS_MST,120248368491680327,C3,120248368953440327,C3D,120248368953470327,2026-07-17,male,45-54,"Your city deserves better than a gift-shop skyline.

Real street names, real wood frames, made to order, not mass-printed.

Find your city and shop now.",inactive,ad,9,9,1,"7-day click, 1-day view, or 1-day engaged-view","Website purchases",,0.14,0,C3D_4x5.png,,https://eastcoastartstudio.com/collections/best-sellers,SHOP_NOW,"3,000+ Cities, Real Wood","Made to order. Real wood.",,,15.55555556,0,,,0,,,,"Website purchases conversion value",,"Website purchases conversion value",,15.55555556,inactive,,,,,,,,,,,,,,,,,,,,,,,,,,,,,,,,,,,,,,,,,,,,,,,,,,,,,,,,inactive,active,,,2026-07-17,2026-07-17
ECAS_MST,120248368491680327,C3,120248368953440327,C3D,120248368953470327,2026-07-17,female,65+,"Your city deserves better than a gift-shop skyline.

Real street names, real wood frames, made to order, not mass-printed.

Find your city and shop now.",inactive,ad,10,10,1,"7-day click, 1-day view, or 1-day engaged-view","Website purchases",,0.11,0,C3D_4x5.png,,https://eastcoastartstudio.com/collections/best-sellers,SHOP_NOW,"3,000+ Cities, Real Wood","Made to order. Real wood.",,,11,0,,,0,,,,"Website purchases conversion value",,"Website purchases conversion value",,11,inactive,,,,,,,,,,,,,,,,,,,,,,,,,,,,,,,,,,,,,,,,,,,,,,,,,,,,,,,,inactive,active,,,2026-07-17,2026-07-17
ECAS_MST,120248368491680327,C3,120248368953440327,C3D,120248368953470327,2026-07-17,male,55-64,"A photo you'll lose in your camera roll. A print you'll walk past every day.

Turn the cities that mean something into a real gallery wall, made to order.

Shop now.",inactive,ad,1,1,1,"7-day click, 1-day view, or 1-day engaged-view","Website purchases",,0.01,0,C3D_4x5.png,,https://eastcoastartstudio.com/collections/best-sellers,SHOP_NOW,"3,000+ Cities, Real Wood","Made to order. Real wood.",,,10,0,,,0,,,,"Website purchases conversion value",,"Website purchases conversion value",,10,inactive,,,,,,,,,,,,,,,,,,,,,,,,,,,,,,,,,,,,,,,,,,,,,,,,,,,,,,,,inactive,active,,,2026-07-17,2026-07-17
ECAS_MST,120248368491680327,C1,120248368491700327,C1D,120248368756150327,2026-07-17,unknown,45-54,"Your city deserves better than a gift-shop skyline.

Real street names, real wood frames, made to order, not mass-printed.

Find your city and shop now.",active,ad,1,2,2,"7-day click, 1-day view, or 1-day engaged-view","Website purchases",,0,0,C1D_CN_ICP_GiftGiver45_CN_Design_SinglePrintLifestyle_CTA_ClaimOffer_HK_Benefit_TN_Rational_.png_105,,https://eastcoastartstudio.com/collections/best-sellers,SHOP_NOW,"Made To Order, Framed Right","Made to order. Real wood.",,,0,0,,,0,,,,"Website purchases conversion value",,,,0,active,,,,,,,,,,,,,,,,,,,,,,,,,,,,,,,,,,,,,,,,,,,,,,,,,,,,,,,,active,active,,,2026-07-17,2026-07-17
ECAS_MST,120248368491680327,C3,120248368953440327,C3D,120248368953470327,2026-07-17,female,65+,"A photo you'll lose in your camera roll. A print you'll walk past every day.

Turn the cities that mean something into a real gallery wall, made to order.

Shop now.",inactive,ad,2,2,1,"7-day click, 1-day view, or 1-day engaged-view","Website purchases",,0.01,0,C3D_4x5.png,,https://eastcoastartstudio.com/collections/best-sellers,SHOP_NOW,"3,000+ Cities, Real Wood","Made to order. Real wood.",,,5,0,,,0,,,,"Website purchases conversion value",,"Website purchases conversion value",,5,inactive,,,,,,,,,,,,,,,,,,,,,,,,,,,,,,,,,,,,,,,,,,,,,,,,,,,,,,,,inactive,active,,,2026-07-17,2026-07-17
ECAS_MST,120248368491680327,C3,120248368953440327,C3D,120248368953470327,2026-07-17,male,45-54,"A photo you'll lose in your camera roll. A print you'll walk past every day.

Turn the cities that mean something into a real gallery wall, made to order.

Shop now.",inactive,ad,1,1,1,"7-day click, 1-day view, or 1-day engaged-view","Website purchases",,0,0,C3D_4x5.png,,https://eastcoastartstudio.com/collections/best-sellers,SHOP_NOW,"3,000+ Cities, Real Wood","Made to order. Real wood.",,,0,0,,,0,,,,"Website purchases conversion value",,,,0,inactive,,,,,,,,,,,,,,,,,,,,,,,,,,,,,,,,,,,,,,,,,,,,,,,,,,,,,,,,inactive,active,,,2026-07-17,2026-07-17
ECAS_MST,120248368491680327,C3,120248368953440327,C3D,120248368953470327,2026-07-17,male,65+,"The places you've loved together live in a camera roll right now.

Build a real gallery wall instead: pick your cities, we frame each one in real wood, made to order.

Shop now.",inactive,ad,3,3,1,"7-day click, 1-day view, or 1-day engaged-view","Website purchases",,0.08,0,C3D_4x5.png,,https://eastcoastartstudio.com/collections/best-sellers,SHOP_NOW,"3,000+ Cities, Real Wood","Made to order. Real wood.",,,26.66666667,0,,,0,,,,"Website purchases conversion value",,"Website purchases conversion value",,26.66666667,inactive,,,,,,,,,,,,,,,,,,,,,,,,,,,,,,,,,,,,,,,,,,,,,,,,,,,,,,,,inactive,active,,,2026-07-17,2026-07-17
ECAS_MST,120248368491680327,C3,120248368953440327,C3D,120248368953470327,2026-07-17,male,55-64,"The places you've loved together live in a camera roll right now.

Build a real gallery wall instead: pick your cities, we frame each one in real wood, made to order.

Shop now.",inactive,ad,2,2,1,"7-day click, 1-day view, or 1-day engaged-view","Website purchases",,0.32,0,C3D_4x5.png,,https://eastcoastartstudio.com/collections/best-sellers,SHOP_NOW,"3,000+ Cities, Real Wood","Made to order. Real wood.",,,160,0,,,0,,,,"Website purchases conversion value",,"Website purchases conversion value",,160,inactive,,,,,,,,,,,,,,,,,,,,,,,,,,,,,,,,,,,,,,,,,,,,,,,,,,,,,,,,inactive,active,,,2026-07-17,2026-07-17
ECAS_MST,120248368491680327,C3,120248368953440327,C3D,120248368953470327,2026-07-17,female,55-64,"The places you've loved together live in a camera roll right now.

Build a real gallery wall instead: pick your cities, we frame each one in real wood, made to order.

Shop now.",inactive,ad,1,1,1,"7-day click, 1-day view, or 1-day engaged-view","Website purchases",,0.01,0,C3D_4x5.png,,https://eastcoastartstudio.com/collections/best-sellers,SHOP_NOW,"3,000+ Cities, Real Wood","Made to order. Real wood.",,,10,0,,,0,,,,"Website purchases conversion value",,"Website purchases conversion value",,10,inactive,,,,,,,,,,,,,,,,,,,,,,,,,,,,,,,,,,,,,,,,,,,,,,,,,,,,,,,,inactive,active,,,2026-07-17,2026-07-17
ECAS_MST,120248368491680327,C3,120248368953440327,C3D,120248368953470327,2026-07-17,female,65+,"The places you've loved together live in a camera roll right now.

Build a real gallery wall instead: pick your cities, we frame each one in real wood, made to order.

Shop now.",inactive,ad,2,2,1,"7-day click, 1-day view, or 1-day engaged-view","Website purchases",,0.01,0,C3D_4x5.png,,https://eastcoastartstudio.com/collections/best-sellers,SHOP_NOW,"3,000+ Cities, Real Wood","Made to order. Real wood.",,,5,0,,,0,,,,"Website purchases conversion value",,"Website purchases conversion value",,5,inactive,,,,,,,,,,,,,,,,,,,,,,,,,,,,,,,,,,,,,,,,,,,,,,,,,,,,,,,,inactive,active,,,2026-07-17,2026-07-17
ECAS_MST,120248368491680327,C4,120248369515900327,c4A,120248369515870327,2026-07-17,male,25-34,"Your city deserves better than a gift-shop skyline.

Real street names, real wood frames, made to order, not mass-printed.

Find your city and shop now.",inactive,ad,1,1,1,"7-day click, 1-day view, or 1-day engaged-view","Website purchases",,0,0,C4D_CN_ICP_MemoryKeeperCouple_CN_Design_MultiPrintGallery_CTA_ClaimOffer_HK_Problem_TN_Aspir.png_105,,https://eastcoastartstudio.com/collections/best-sellers,SHOP_NOW,"Every City, One Wall","Made to order. Real wood.",,,0,0,,,0,,,,"Website purchases conversion value",,,,0,inactive,,,,,,,,,,,,,,,,,,,,,,,,,,,,,,,,,,,,,,,,,,,,,,,,,,,,,,,,active,active,,,2026-07-17,2026-07-17
ECAS_MST,120248368491680327,C4,120248369515900327,c4A,120248369515870327,2026-07-17,male,18-24,"Your city deserves better than a gift-shop skyline.

Real street names, real wood frames, made to order, not mass-printed.

Find your city and shop now.",inactive,ad,1,1,1,"7-day click, 1-day view, or 1-day engaged-view","Website purchases",,0.07,0,C4D_CN_ICP_MemoryKeeperCouple_CN_Design_MultiPrintGallery_CTA_ClaimOffer_HK_Problem_TN_Aspir.png_105,,https://eastcoastartstudio.com/collections/best-sellers,SHOP_NOW,"Every City, One Wall","Made to order. Real wood.",,,70,0,,,0,,,,"Website purchases conversion value",,"Website purchases conversion value",,70,inactive,,,,,,,,,,,,,,,,,,,,,,,,,,,,,,,,,,,,,,,,,,,,,,,,,,,,,,,,active,active,,,2026-07-17,2026-07-17
ECAS_MST,120248368491680327,C4,120248369515900327,c4A,120248369515870327,2026-07-17,male,45-54,"Your city deserves better than a gift-shop skyline.

Real street names, real wood frames, made to order, not mass-printed.

Find your city and shop now.",inactive,ad,1,1,1,"7-day click, 1-day view, or 1-day engaged-view","Website purchases",,0.01,0,C4D_CN_ICP_MemoryKeeperCouple_CN_Design_MultiPrintGallery_CTA_ClaimOffer_HK_Problem_TN_Aspir.png_105,,https://eastcoastartstudio.com/collections/best-sellers,SHOP_NOW,"Every City, One Wall","Made to order. Real wood.",,,10,0,,,0,,,,"Website purchases conversion value",,"Website purchases conversion value",,10,inactive,,,,,,,,,,,,,,,,,,,,,,,,,,,,,,,,,,,,,,,,,,,,,,,,,,,,,,,,active,active,,,2026-07-17,2026-07-17
ECAS_MST,120248368491680327,C1,120248368491700327,C1D,120248368756150327,2026-07-17,unknown,35-44,"Your city deserves better than a gift-shop skyline.

Real street names, real wood frames, made to order, not mass-printed.

Find your city and shop now.",active,ad,1,4,4,"7-day click, 1-day view, or 1-day engaged-view","Website purchases",,0,0,C1D_CN_ICP_GiftGiver45_CN_Design_SinglePrintLifestyle_CTA_ClaimOffer_HK_Benefit_TN_Rational_.png_105,,https://eastcoastartstudio.com/collections/best-sellers,SHOP_NOW,"Made To Order, Framed Right","Made to order. Real wood.",,,0,0,,,0,,,,"Website purchases conversion value",,,,0,active,,,,,,,,,,,,,,,,,,,,,,,,,,,,,,,,,,,,,,,,,,,,,,,,,,,,,,,,active,active,,,2026-07-17,2026-07-17
ECAS_MST,120248368491680327,C1,120248368491700327,C1D,120248368756150327,2026-07-17,female,55-64,"Your city deserves better than a gift-shop skyline.

Real street names, real wood frames, made to order, not mass-printed.

Find your city and shop now.",active,ad,2,2,1,"7-day click, 1-day view, or 1-day engaged-view","Website purchases",,0,0,C1D_CN_ICP_GiftGiver45_CN_Design_SinglePrintLifestyle_CTA_ClaimOffer_HK_Benefit_TN_Rational_.png_105,,https://eastcoastartstudio.com/collections/best-sellers,SHOP_NOW,"Made To Order, Framed Right","Made to order. Real wood.",,,0,0,,,0,,,,"Website purchases conversion value",,,,0,active,,,,,,,,,,,,,,,,,,,,,,,,,,,,,,,,,,,,,,,,,,,,,,,,,,,,,,,,active,active,,,2026-07-17,2026-07-17
ECAS_MST,120248368491680327,C2,120248368953480327,C2A,120248368953490327,2026-07-16,male,25-34,"Most ""custom"" gifts are just generic gifts with a name on them.

We make it different: real wood frame, real matte paper, their street or their city, made to order. The kind of gift that gets hung, not returned.

Shop now.",inactive,ad,1,1,1,"7-day click, 1-day view, or 1-day engaged-view","Website purchases",,0.01,0,C2A_CN_ICP_Milestone2534_CN_Design_RoomContext_TN_Assertive_HK_Story_TN_Assertive_FW_FAB_ST_TOFU.png,,https://eastcoastartstudio.com/collections/best-sellers,SHOP_NOW,"Made For The New Place","Made to order. Real wood.",,,10,0,,,0,,,,"Website purchases conversion value",,"Website purchases conversion value",,10,inactive,,,,,,,,,,,,,,,,,,,,,,,,,,,,,,,,,,,,,,,,,,,,,,,,,,,,,,,,active,active,,,2026-07-16,2026-07-16
ECAS_MST,120248368491680327,C2,120248368953480327,C2A,120248368953490327,2026-07-16,male,18-24,"Your city deserves better than a gift-shop skyline.

Real street names, real wood frames, made to order, not mass-printed.

Find your city and shop now.",inactive,ad,1,1,1,"7-day click, 1-day view, or 1-day engaged-view","Website purchases",,0.02,0,C2A_CN_ICP_Milestone2534_CN_Design_RoomContext_TN_Assertive_HK_Story_TN_Assertive_FW_FAB_ST_TOFU.png,,https://eastcoastartstudio.com/collections/best-sellers,SHOP_NOW,"Made For The New Place","Made to order. Real wood.",1,0.02,20,100,,,1,0.02,,,"Website purchases conversion value",,"Website purchases conversion value",,20,inactive,,,,,,,1,,,,1,,,,,,,,,,,,,,,,,,,,,,,,,,,,,,,0.02,0.02,,,,,,100,,,,,,,active,active,,,2026-07-16,2026-07-16
ECAS_MST,120248368491680327,C2,120248368953480327,C2A,120248368953490327,2026-07-16,male,45-54,"Your city deserves better than a gift-shop skyline.

Real street names, real wood frames, made to order, not mass-printed.

Find your city and shop now.",inactive,ad,2,2,1,"7-day click, 1-day view, or 1-day engaged-view","Website purchases",,0.42,0,C2A_CN_ICP_Milestone2534_CN_Design_RoomContext_TN_Assertive_HK_Story_TN_Assertive_FW_FAB_ST_TOFU.png,,https://eastcoastartstudio.com/collections/best-sellers,SHOP_NOW,"Made For The New Place","Made to order. Real wood.",,,210,0,,,0,,,,"Website purchases conversion value",,"Website purchases conversion value",,210,inactive,,,,,,,,,,,,,,,,,,,,,,,,,,,,,,,,,,,,,,,,,,,,,,,,,,,,,,,,active,active,,,2026-07-16,2026-07-16
ECAS_MST,120248368491680327,C3,120248368953440327,C3A,120248368953500327,2026-07-16,male,35-44,"Your city deserves better than a gift-shop skyline.

Real street names, real wood frames, made to order, not mass-printed.

Find your city and shop now.",inactive,ad,23,27,1.17391304,"7-day click, 1-day view, or 1-day engaged-view","Website purchases",,0.74,0,C3A_CN_ICP_HometownSelf_CN_Design_CityDetail_TN_Assertive_HK_Curiosity_TN_Assertive_FW_AIDA_.png_105,,https://eastcoastartstudio.com/collections/best-sellers,SHOP_NOW,"Every City, One Wall","Made to order. Real wood.",2,0.37,27.40740741,7.40740741,,,2,0.37,,,"Website purchases conversion value",,"Website purchases conversion value",,32.17391304,inactive,,,,,,,2,,,,2,,,,,,,,,,,,,,,,,,,,,,,,,,,,,,,0.37,0.37,,,,,,7.40740741,,,,,,,inactive,active,,,2026-07-16,2026-07-16
ECAS_MST,120248368491680327,C4,120248369515900327,C4B,120248369515880327,2026-07-16,female,55-64,"Most ""custom"" gifts are just generic gifts with a name on them.

We make it different: real wood frame, real matte paper, their street or their city, made to order. The kind of gift that gets hung, not returned.

Shop now.",inactive,ad,3,3,1,"7-day click, 1-day view, or 1-day engaged-view","Website purchases",,0.34,0,C4B_CN_ICP_MemoryKeeperCouple_CN_Design_MultiPrintGallery_PR_Testimonial_HK_Story_TN_Aspirat.png_105,,https://eastcoastartstudio.com/collections/best-sellers,SHOP_NOW,"Made To Order, Framed Right","Made to order. Real wood.",,,113.33333333,0,,,0,,,,"Website purchases conversion value",,"Website purchases conversion value",,113.33333333,inactive,,,,,,,,,,,,,,,,,,,,,,,,,,,,,,,,,,,,,,,,,,,,,,,,,,,,,,,,active,active,,,2026-07-16,2026-07-16
ECAS_MST,120248368491680327,C4,120248369515900327,C4B,120248369515880327,2026-07-16,female,25-34,"Most ""custom"" gifts are just generic gifts with a name on them.

We make it different: real wood frame, real matte paper, their street or their city, made to order. The kind of gift that gets hung, not returned.

Shop now.",inactive,ad,3,3,1,"7-day click, 1-day view, or 1-day engaged-view","Website purchases",,0.02,0,C4B_CN_ICP_MemoryKeeperCouple_CN_Design_MultiPrintGallery_PR_Testimonial_HK_Story_TN_Aspirat.png_105,,https://eastcoastartstudio.com/collections/best-sellers,SHOP_NOW,"Made To Order, Framed Right","Made to order. Real wood.",,,6.66666667,0,,,0,,,,"Website purchases conversion value",,"Website purchases conversion value",,6.66666667,inactive,,,,,,,,,,,,,,,,,,,,,,,,,,,,,,,,,,,,,,,,,,,,,,,,,,,,,,,,active,active,,,2026-07-16,2026-07-16
ECAS_MST,120248368491680327,C4,120248369515900327,C4B,120248369515880327,2026-07-16,male,55-64,"Most ""custom"" gifts are just generic gifts with a name on them.

We make it different: real wood frame, real matte paper, their street or their city, made to order. The kind of gift that gets hung, not returned.

Shop now.",inactive,ad,4,6,1.5,"7-day click, 1-day view, or 1-day engaged-view","Website purchases",,0.53,0,C4B_CN_ICP_MemoryKeeperCouple_CN_Design_MultiPrintGallery_PR_Testimonial_HK_Story_TN_Aspirat.png_105,,https://eastcoastartstudio.com/collections/best-sellers,SHOP_NOW,"Made To Order, Framed Right","Made to order. Real wood.",,,88.33333333,0,,,0,,,,"Website purchases conversion value",,"Website purchases conversion value",,132.5,inactive,,,,,,,,,,,,,,,,,,,,,,,,,,,,,,,,,,,,,,,,,,,,,,,,,,,,,,,,active,active,,,2026-07-16,2026-07-16
ECAS_MST,120248368491680327,C4,120248369515900327,C4B,120248369515880327,2026-07-16,male,45-54,"Most ""custom"" gifts are just generic gifts with a name on them.

We make it different: real wood frame, real matte paper, their street or their city, made to order. The kind of gift that gets hung, not returned.

Shop now.",inactive,ad,6,6,1,"7-day click, 1-day view, or 1-day engaged-view","Website purchases",,0.5,0,C4B_CN_ICP_MemoryKeeperCouple_CN_Design_MultiPrintGallery_PR_Testimonial_HK_Story_TN_Aspirat.png_105,,https://eastcoastartstudio.com/collections/best-sellers,SHOP_NOW,"Made To Order, Framed Right","Made to order. Real wood.",,,83.33333333,0,,,0,,,,"Website purchases conversion value",,"Website purchases conversion value",,83.33333333,inactive,,,,,,,,,,,,,,,,,,,,,,,,,,,,,,,,,,,,,,,,,,,,,,,,,,,,,,,,active,active,,,2026-07-16,2026-07-16
ECAS_MST,120248368491680327,C4,120248369515900327,C4B,120248369515880327,2026-07-16,male,25-34,"Most ""custom"" gifts are just generic gifts with a name on them.

We make it different: real wood frame, real matte paper, their street or their city, made to order. The kind of gift that gets hung, not returned.

Shop now.",inactive,ad,27,30,1.11111111,"7-day click, 1-day view, or 1-day engaged-view","Website purchases",,0.74,0,C4B_CN_ICP_MemoryKeeperCouple_CN_Design_MultiPrintGallery_PR_Testimonial_HK_Story_TN_Aspirat.png_105,,https://eastcoastartstudio.com/collections/best-sellers,SHOP_NOW,"Made To Order, Framed Right","Made to order. Real wood.",,,24.66666667,0,,,0,,,,"Website purchases conversion value",,"Website purchases conversion value",,27.40740741,inactive,,,,,,,,,,,,,,,,,,,,,,,,,,,,,,,,,,,,,,,,,,,,,,,,,,,,,,,,active,active,,,2026-07-16,2026-07-16
ECAS_MST,120248368491680327,C4,120248369515900327,C4B,120248369515880327,2026-07-16,male,18-24,"Most ""custom"" gifts are just generic gifts with a name on them.

We make it different: real wood frame, real matte paper, their street or their city, made to order. The kind of gift that gets hung, not returned.

Shop now.",inactive,ad,9,10,1.11111111,"7-day click, 1-day view, or 1-day engaged-view","Website purchases",,0.16,0,C4B_CN_ICP_MemoryKeeperCouple_CN_Design_MultiPrintGallery_PR_Testimonial_HK_Story_TN_Aspirat.png_105,,https://eastcoastartstudio.com/collections/best-sellers,SHOP_NOW,"Made To Order, Framed Right","Made to order. Real wood.",,,16,0,,,0,,,,"Website purchases conversion value",,"Website purchases conversion value",,17.77777778,inactive,,,,,,,,,,,,,,,,,,,,,,,,,,,,,,,,,,,,,,,,,,,,,,,,,,,,,,,,active,active,,,2026-07-16,2026-07-16
ECAS_MST,120248368491680327,C4,120248369515900327,C4B,120248369515880327,2026-07-16,female,65+,"Most ""custom"" gifts are just generic gifts with a name on them.

We make it different: real wood frame, real matte paper, their street or their city, made to order. The kind of gift that gets hung, not returned.

Shop now.",inactive,ad,3,3,1,"7-day click, 1-day view, or 1-day engaged-view","Website purchases",,0.61,0,C4B_CN_ICP_MemoryKeeperCouple_CN_Design_MultiPrintGallery_PR_Testimonial_HK_Story_TN_Aspirat.png_105,,https://eastcoastartstudio.com/collections/best-sellers,SHOP_NOW,"Made To Order, Framed Right","Made to order. Real wood.",,,203.33333333,0,,,0,,,,"Website purchases conversion value",,"Website purchases conversion value",,203.33333333,inactive,,,,,,,,,,,,,,,,,,,,,,,,,,,,,,,,,,,,,,,,,,,,,,,,,,,,,,,,active,active,,,2026-07-16,2026-07-16
ECAS_MST,120248368491680327,C4,120248369515900327,C4B,120248369515880327,2026-07-16,female,45-54,"Most ""custom"" gifts are just generic gifts with a name on them.

We make it different: real wood frame, real matte paper, their street or their city, made to order. The kind of gift that gets hung, not returned.

Shop now.",inactive,ad,5,6,1.2,"7-day click, 1-day view, or 1-day engaged-view","Website purchases",,0.29,0,C4B_CN_ICP_MemoryKeeperCouple_CN_Design_MultiPrintGallery_PR_Testimonial_HK_Story_TN_Aspirat.png_105,,https://eastcoastartstudio.com/collections/best-sellers,SHOP_NOW,"Made To Order, Framed Right","Made to order. Real wood.",,,48.33333333,0,,,0,,,,"Website purchases conversion value",,"Website purchases conversion value",,58,inactive,,,,,,,,,,,,,,,,,,,,,,,,,,,,,,,,,,,,,,,,,,,,,,,,,,,,,,,,active,active,,,2026-07-16,2026-07-16
ECAS_MST,120248368491680327,C4,120248369515900327,C4B,120248369515880327,2026-07-16,female,18-24,"Most ""custom"" gifts are just generic gifts with a name on them.

We make it different: real wood frame, real matte paper, their street or their city, made to order. The kind of gift that gets hung, not returned.

Shop now.",inactive,ad,1,1,1,"7-day click, 1-day view, or 1-day engaged-view","Website purchases",,0,0,C4B_CN_ICP_MemoryKeeperCouple_CN_Design_MultiPrintGallery_PR_Testimonial_HK_Story_TN_Aspirat.png_105,,https://eastcoastartstudio.com/collections/best-sellers,SHOP_NOW,"Made To Order, Framed Right","Made to order. Real wood.",,,0,0,,,0,,,,"Website purchases conversion value",,,,0,inactive,,,,,,,,,,,,,,,,,,,,,,,,,,,,,,,,,,,,,,,,,,,,,,,,,,,,,,,,active,active,,,2026-07-16,2026-07-16
ECAS_MST,120248368491680327,C2,120248368953480327,C2B,120248369077860327,2026-07-16,female,45-54,"Your city deserves better than a gift-shop skyline.

Real street names, real wood frames, made to order, not mass-printed.

Find your city and shop now.",inactive,ad,2,2,1,"7-day click, 1-day view, or 1-day engaged-view","Website purchases",,0.08,0,C2B_CN_ICP_Milestone2534_CN_Design_RoomContext_PR_Testimonial_HK_Problem_TN_Rational_FW_BAB_.png_105,,https://eastcoastartstudio.com/collections/best-sellers,SHOP_NOW,"Made To Order, Framed Right","Made to order. Real wood.",,,40,0,,,0,,,,"Website purchases conversion value",,"Website purchases conversion value",,40,inactive,,,,,,,,,,,,,,,,,,,,,,,,,,,,,,,,,,,,,,,,,,,,,,,,,,,,,,,,active,active,,,2026-07-16,2026-07-16
ECAS_MST,120248368491680327,C4,120248369515900327,C4B,120248369515880327,2026-07-16,female,35-44,"Most ""custom"" gifts are just generic gifts with a name on them.

We make it different: real wood frame, real matte paper, their street or their city, made to order. The kind of gift that gets hung, not returned.

Shop now.",inactive,ad,1,1,1,"7-day click, 1-day view, or 1-day engaged-view","Website purchases",,0.01,0,C4B_CN_ICP_MemoryKeeperCouple_CN_Design_MultiPrintGallery_PR_Testimonial_HK_Story_TN_Aspirat.png_105,,https://eastcoastartstudio.com/collections/best-sellers,SHOP_NOW,"Made To Order, Framed Right","Made to order. Real wood.",,,10,0,,,0,,,,"Website purchases conversion value",,"Website purchases conversion value",,10,inactive,,,,,,,,,,,,,,,,,,,,,,,,,,,,,,,,,,,,,,,,,,,,,,,,,,,,,,,,active,active,,,2026-07-16,2026-07-16
ECAS_MST,120248368491680327,C4,120248369515900327,C4B,120248369515880327,2026-07-16,male,65+,"Most ""custom"" gifts are just generic gifts with a name on them.

We make it different: real wood frame, real matte paper, their street or their city, made to order. The kind of gift that gets hung, not returned.

Shop now.",inactive,ad,6,6,1,"7-day click, 1-day view, or 1-day engaged-view","Website purchases",,0.4,0,C4B_CN_ICP_MemoryKeeperCouple_CN_Design_MultiPrintGallery_PR_Testimonial_HK_Story_TN_Aspirat.png_105,,https://eastcoastartstudio.com/collections/best-sellers,SHOP_NOW,"Made To Order, Framed Right","Made to order. Real wood.",,,66.66666667,0,,,0,,,,"Website purchases conversion value",,"Website purchases conversion value",,66.66666667,inactive,,,,,,,1,,,,1,,,,,,1,,,,,,,,,,,,,,,,,,,,,,,,,0.4,0.4,,0.4,,,,,,,,,,,active,active,,,2026-07-16,2026-07-16
ECAS_MST,120248368491680327,C4,120248369515900327,C4B,120248369515880327,2026-07-16,male,35-44,"Most ""custom"" gifts are just generic gifts with a name on them.

We make it different: real wood frame, real matte paper, their street or their city, made to order. The kind of gift that gets hung, not returned.

Shop now.",inactive,ad,18,22,1.22222222,"7-day click, 1-day view, or 1-day engaged-view","Website purchases",,0.67,0,C4B_CN_ICP_MemoryKeeperCouple_CN_Design_MultiPrintGallery_PR_Testimonial_HK_Story_TN_Aspirat.png_105,,https://eastcoastartstudio.com/collections/best-sellers,SHOP_NOW,"Made To Order, Framed Right","Made to order. Real wood.",,,30.45454545,4.54545455,,,1,0.67,,,"Website purchases conversion value",,"Website purchases conversion value",,37.22222222,inactive,,,,,,,3,,,,3,1,1,,,,1,,,,,,,,,,,,,,,,,,,,,,,,,0.22333333,0.22333333,,0.67,,,,,,,,,,,active,active,,,2026-07-16,2026-07-16
ECAS_MST,120248368491680327,C4,120248369515900327,C4D,120248369515890327,2026-07-16,male,45-54,"Your city deserves better than a gift-shop skyline.

Real street names, real wood frames, made to order, not mass-printed.

Find your city and shop now.",inactive,ad,1,1,1,"7-day click, 1-day view, or 1-day engaged-view","Website purchases",,0.01,0,C4D_CN_ICP_MemoryKeeperCouple_CN_Design_MultiPrintGallery_CTA_ClaimOffer_HK_Problem_TN_Aspir.png_105,,https://eastcoastartstudio.com/collections/best-sellers,SHOP_NOW,"Made To Order, Framed Right","Made to order. Real wood.",,,10,0,,,0,,,,"Website purchases conversion value",,"Website purchases conversion value",,10,inactive,,,,,,,,,,,,,,,,,,,,,,,,,,,,,,,,,,,,,,,,,,,,,,,,,,,,,,,,active,active,,,2026-07-16,2026-07-16
ECAS_MST,120248368491680327,C4,120248369515900327,C4D,120248369515890327,2026-07-16,male,65+,"Most ""custom"" gifts are just generic gifts with a name on them.

We make it different: real wood frame, real matte paper, their street or their city, made to order. The kind of gift that gets hung, not returned.

Shop now.",inactive,ad,1,1,1,"7-day click, 1-day view, or 1-day engaged-view","Website purchases",,0,0,C4D_CN_ICP_MemoryKeeperCouple_CN_Design_MultiPrintGallery_CTA_ClaimOffer_HK_Problem_TN_Aspir.png_105,,https://eastcoastartstudio.com/collections/best-sellers,SHOP_NOW,"Made To Order, Framed Right","Made to order. Real wood.",,,0,100,,,1,0,,,"Website purchases conversion value",,,,0,inactive,,,,,,,,,,,,,,,,,,,,,,,,,,,,,,,,,,,,,,,,,,,,,,,,,,,,,,,,active,active,,,2026-07-16,2026-07-16
ECAS_MST,120248368491680327,C3,120248368953440327,C3B,120248368953510327,2026-07-16,female,18-24,"Your city deserves better than a gift-shop skyline.

Real street names, real wood frames, made to order, not mass-printed.

Find your city and shop now.",inactive,ad,1,1,1,"7-day click, 1-day view, or 1-day engaged-view","Website purchases",,0.13,0,"C3B v2.png_105",,https://eastcoastartstudio.com/collections/best-sellers,SHOP_NOW,"Made To Order, Framed Right","Made to order. Real wood.",,,130,0,,,0,,,,"Website purchases conversion value",,"Website purchases conversion value",,130,inactive,,,,,,,,,,,,,,,,,,,,,,,,,,,,,,,,,,,,,,,,,,,,,,,,,,,,,,,,inactive,active,,,2026-07-16,2026-07-16
ECAS_MST,120248368491680327,C3,120248368953440327,C3B,120248368953510327,2026-07-16,female,25-34,"Your city deserves better than a gift-shop skyline.

Real street names, real wood frames, made to order, not mass-printed.

Find your city and shop now.",inactive,ad,7,7,1,"7-day click, 1-day view, or 1-day engaged-view","Website purchases",,0.28,0,"C3B v2.png_105",,https://eastcoastartstudio.com/collections/best-sellers,SHOP_NOW,"Made To Order, Framed Right","Made to order. Real wood.",,,40,0,,,0,,,,"Website purchases conversion value",,"Website purchases conversion value",,40,inactive,,,,,,,,,,,,,,,,,,,,,,,,,,,,,,,,,,,,,,,,,,,,,,,,,,,,,,,,inactive,active,,,2026-07-16,2026-07-16
ECAS_MST,120248368491680327,C3,120248368953440327,C3B,120248368953510327,2026-07-16,male,45-54,"Your city deserves better than a gift-shop skyline.

Real street names, real wood frames, made to order, not mass-printed.

Find your city and shop now.",inactive,ad,37,41,1.10810811,"7-day click, 1-day view, or 1-day engaged-view","Website purchases",,2.4,0,"C3B v2.png_105",,https://eastcoastartstudio.com/collections/best-sellers,SHOP_NOW,"Made To Order, Framed Right","Made to order. Real wood.",,,58.53658537,0,,,0,,,,"Website purchases conversion value",,"Website purchases conversion value",,64.86486486,inactive,,,,,,,,,,,,,,,,,,,,,,,,,,,,,,,,,,,,,,,,,,,,,,,,,,,,,,,,inactive,active,,,2026-07-16,2026-07-16
ECAS_MST,120248368491680327,C2,120248368953480327,C2C,120248368953530327,2026-07-16,female,55-64,"Your city deserves better than a gift-shop skyline.

Real street names, real wood frames, made to order, not mass-printed.

Find your city and shop now.",active,ad,1,1,1,"7-day click, 1-day view, or 1-day engaged-view","Website purchases",,0,0,C2C_CN_ICP_Milestone2534_CN_Design_RoomContext_HP_ForgettableGift_HK_Benefit_TN_Aspirational.png_105,,https://eastcoastartstudio.com/collections/best-sellers,SHOP_NOW,"Made To Order, Framed Right","Made to order. Real wood.",,,0,0,,,0,,,,"Website purchases conversion value",,,,0,active,,,,,,,,,,,,,,,,,,,,,,,,,,,,,,,,,,,,,,,,,,,,,,,,,,,,,,,,active,active,,,2026-07-16,2026-07-16
ECAS_MST,120248368491680327,C2,120248368953480327,C2B,120248369077860327,2026-07-16,female,55-64,"Your city deserves better than a gift-shop skyline.

Real street names, real wood frames, made to order, not mass-printed.

Find your city and shop now.",inactive,ad,1,1,1,"7-day click, 1-day view, or 1-day engaged-view","Website purchases",,0.01,0,C2B_CN_ICP_Milestone2534_CN_Design_RoomContext_PR_Testimonial_HK_Problem_TN_Rational_FW_BAB_.png_105,,https://eastcoastartstudio.com/collections/best-sellers,SHOP_NOW,"Made To Order, Framed Right","Made to order. Real wood.",,,10,0,,,0,,,,"Website purchases conversion value",,"Website purchases conversion value",,10,inactive,,,,,,,,,,,,,,,,,,,,,,,,,,,,,,,,,,,,,,,,,,,,,,,,,,,,,,,,active,active,,,2026-07-16,2026-07-16
ECAS_MST,120248368491680327,C3,120248368953440327,C3B,120248368953510327,2026-07-16,female,45-54,"Your city deserves better than a gift-shop skyline.

Real street names, real wood frames, made to order, not mass-printed.

Find your city and shop now.",inactive,ad,12,13,1.08333333,"7-day click, 1-day view, or 1-day engaged-view","Website purchases",,0.33,0,"C3B v2.png_105",,https://eastcoastartstudio.com/collections/best-sellers,SHOP_NOW,"Made To Order, Framed Right","Made to order. Real wood.",,,25.38461538,0,,,0,,,,"Website purchases conversion value",,"Website purchases conversion value",,27.5,inactive,,,,,,,,,,,,,,,,,,,,,,,,,,,,,,,,,,,,,,,,,,,,,,,,,,,,,,,,inactive,active,,,2026-07-16,2026-07-16
ECAS_MST,120248368491680327,C3,120248368953440327,C3A,120248368953500327,2026-07-16,male,55-64,"Your city deserves better than a gift-shop skyline.

Real street names, real wood frames, made to order, not mass-printed.

Find your city and shop now.",inactive,ad,20,22,1.1,"7-day click, 1-day view, or 1-day engaged-view","Website purchases",,1.08,0,C3A_CN_ICP_HometownSelf_CN_Design_CityDetail_TN_Assertive_HK_Curiosity_TN_Assertive_FW_AIDA_.png_105,,https://eastcoastartstudio.com/collections/best-sellers,SHOP_NOW,"Every City, One Wall","Made to order. Real wood.",,,49.09090909,4.54545455,,,1,1.08,,,"Website purchases conversion value",,"Website purchases conversion value",,54,inactive,,,,,,,1,,,,1,1,,,,,,,,,,,,,,,,,,,,,,,,,,,,,,1.08,1.08,,,,,,,,,,,,,inactive,active,,,2026-07-16,2026-07-16
ECAS_MST,120248368491680327,C3,120248368953440327,C3A,120248368953500327,2026-07-16,female,18-24,"Your city deserves better than a gift-shop skyline.

Real street names, real wood frames, made to order, not mass-printed.

Find your city and shop now.",inactive,ad,1,1,1,"7-day click, 1-day view, or 1-day engaged-view","Website purchases",,0.01,0,C3A_CN_ICP_HometownSelf_CN_Design_CityDetail_TN_Assertive_HK_Curiosity_TN_Assertive_FW_AIDA_.png_105,,https://eastcoastartstudio.com/collections/best-sellers,SHOP_NOW,"Every City, One Wall","Made to order. Real wood.",,,10,0,,,0,,,,"Website purchases conversion value",,"Website purchases conversion value",,10,inactive,,,,,,,,,,,,,,,,,,,,,,,,,,,,,,,,,,,,,,,,,,,,,,,,,,,,,,,,inactive,active,,,2026-07-16,2026-07-16
ECAS_MST,120248368491680327,C3,120248368953440327,C3A,120248368953500327,2026-07-16,female,45-54,"Your city deserves better than a gift-shop skyline.

Real street names, real wood frames, made to order, not mass-printed.

Find your city and shop now.",inactive,ad,5,5,1,"7-day click, 1-day view, or 1-day engaged-view","Website purchases",,0.26,0,C3A_CN_ICP_HometownSelf_CN_Design_CityDetail_TN_Assertive_HK_Curiosity_TN_Assertive_FW_AIDA_.png_105,,https://eastcoastartstudio.com/collections/best-sellers,SHOP_NOW,"Every City, One Wall","Made to order. Real wood.",,,52,0,,,0,,,,"Website purchases conversion value",,"Website purchases conversion value",,52,inactive,,,,,,,,,,,,,,,,,,,,,,,,,,,,,,,,,,,,,,,,,,,,,,,,,,,,,,,,inactive,active,,,2026-07-16,2026-07-16
ECAS_MST,120248368491680327,C3,120248368953440327,C3A,120248368953500327,2026-07-16,female,35-44,"Your city deserves better than a gift-shop skyline.

Real street names, real wood frames, made to order, not mass-printed.

Find your city and shop now.",inactive,ad,3,3,1,"7-day click, 1-day view, or 1-day engaged-view","Website purchases",,0.13,0,C3A_CN_ICP_HometownSelf_CN_Design_CityDetail_TN_Assertive_HK_Curiosity_TN_Assertive_FW_AIDA_.png_105,,https://eastcoastartstudio.com/collections/best-sellers,SHOP_NOW,"Every City, One Wall","Made to order. Real wood.",,,43.33333333,0,,,0,,,,"Website purchases conversion value",,"Website purchases conversion value",,43.33333333,inactive,,,,,,,,,,,,,,,,,,,,,,,,,,,,,,,,,,,,,,,,,,,,,,,,,,,,,,,,inactive,active,,,2026-07-16,2026-07-16
ECAS_MST,120248368491680327,C3,120248368953440327,C3A,120248368953500327,2026-07-16,male,18-24,"Your city deserves better than a gift-shop skyline.

Real street names, real wood frames, made to order, not mass-printed.

Find your city and shop now.",inactive,ad,5,5,1,"7-day click, 1-day view, or 1-day engaged-view","Website purchases",,0.12,0,C3A_CN_ICP_HometownSelf_CN_Design_CityDetail_TN_Assertive_HK_Curiosity_TN_Assertive_FW_AIDA_.png_105,,https://eastcoastartstudio.com/collections/best-sellers,SHOP_NOW,"Every City, One Wall","Made to order. Real wood.",,,24,0,,,0,,,,"Website purchases conversion value",,"Website purchases conversion value",,24,inactive,,,,,,,,,,,,,,,,,,,,,,,,,,,,,,,,,,,,,,,,,,,,,,,,,,,,,,,,inactive,active,,,2026-07-16,2026-07-16
ECAS_MST,120248368491680327,C3,120248368953440327,C3A,120248368953500327,2026-07-16,female,65+,"Your city deserves better than a gift-shop skyline.

Real street names, real wood frames, made to order, not mass-printed.

Find your city and shop now.",inactive,ad,6,6,1,"7-day click, 1-day view, or 1-day engaged-view","Website purchases",,0.28,0,C3A_CN_ICP_HometownSelf_CN_Design_CityDetail_TN_Assertive_HK_Curiosity_TN_Assertive_FW_AIDA_.png_105,,https://eastcoastartstudio.com/collections/best-sellers,SHOP_NOW,"Every City, One Wall","Made to order. Real wood.",,,46.66666667,0,,,0,,,,"Website purchases conversion value",,"Website purchases conversion value",,46.66666667,inactive,,,,,,,,,,,,,,,,,,,,,,,,,,,,,,,,,,,,,,,,,,,,,,,,,,,,,,,,inactive,active,,,2026-07-16,2026-07-16
ECAS_MST,120248368491680327,C3,120248368953440327,C3A,120248368953500327,2026-07-16,female,55-64,"Your city deserves better than a gift-shop skyline.

Real street names, real wood frames, made to order, not mass-printed.

Find your city and shop now.",inactive,ad,6,7,1.16666667,"7-day click, 1-day view, or 1-day engaged-view","Website purchases",,0.52,0,C3A_CN_ICP_HometownSelf_CN_Design_CityDetail_TN_Assertive_HK_Curiosity_TN_Assertive_FW_AIDA_.png_105,,https://eastcoastartstudio.com/collections/best-sellers,SHOP_NOW,"Every City, One Wall","Made to order. Real wood.",,,74.28571429,0,,,0,,,,"Website purchases conversion value",,"Website purchases conversion value",,86.66666667,inactive,,,,,,,,,,,,,,,,,,,,,,,,,,,,,,,,,,,,,,,,,,,,,,,,,,,,,,,,inactive,active,,,2026-07-16,2026-07-16
ECAS_MST,120248368491680327,C3,120248368953440327,C3A,120248368953500327,2026-07-16,female,25-34,"Your city deserves better than a gift-shop skyline.

Real street names, real wood frames, made to order, not mass-printed.

Find your city and shop now.",inactive,ad,2,2,1,"7-day click, 1-day view, or 1-day engaged-view","Website purchases",,0.09,0,C3A_CN_ICP_HometownSelf_CN_Design_CityDetail_TN_Assertive_HK_Curiosity_TN_Assertive_FW_AIDA_.png_105,,https://eastcoastartstudio.com/collections/best-sellers,SHOP_NOW,"Every City, One Wall","Made to order. Real wood.",,,45,0,,,0,,,,"Website purchases conversion value",,"Website purchases conversion value",,45,inactive,,,,,,,,,,,,,,,,,,,,,,,,,,,,,,,,,,,,,,,,,,,,,,,,,,,,,,,,inactive,active,,,2026-07-16,2026-07-16
ECAS_MST,120248368491680327,C2,120248368953480327,C2A,120248368953490327,2026-07-16,male,65+,"Your city deserves better than a gift-shop skyline.

Real street names, real wood frames, made to order, not mass-printed.

Find your city and shop now.",inactive,ad,1,1,1,"7-day click, 1-day view, or 1-day engaged-view","Website purchases",,0.17,0,C2A_CN_ICP_Milestone2534_CN_Design_RoomContext_TN_Assertive_HK_Story_TN_Assertive_FW_FAB_ST_TOFU.png,,https://eastcoastartstudio.com/collections/best-sellers,SHOP_NOW,"Made For The New Place","Made to order. Real wood.",,,170,0,,,0,,,,"Website purchases conversion value",,"Website purchases conversion value",,170,inactive,,,,,,,,,,,,,,,,,,,,,,,,,,,,,,,,,,,,,,,,,,,,,,,,,,,,,,,,active,active,,,2026-07-16,2026-07-16
ECAS_MST,120248368491680327,C2,120248368953480327,C2B,120248369077860327,2026-07-16,female,18-24,"Your city deserves better than a gift-shop skyline.

Real street names, real wood frames, made to order, not mass-printed.

Find your city and shop now.",inactive,ad,1,1,1,"7-day click, 1-day view, or 1-day engaged-view","Website purchases",,0,0,C2B_CN_ICP_Milestone2534_CN_Design_RoomContext_PR_Testimonial_HK_Problem_TN_Rational_FW_BAB_.png_105,,https://eastcoastartstudio.com/collections/best-sellers,SHOP_NOW,"Made To Order, Framed Right","Made to order. Real wood.",,,0,0,,,0,,,,"Website purchases conversion value",,,,0,inactive,,,,,,,,,,,,,,,,,,,,,,,,,,,,,,,,,,,,,,,,,,,,,,,,,,,,,,,,active,active,,,2026-07-16,2026-07-16
ECAS_MST,120248368491680327,C3,120248368953440327,C3A,120248368953500327,2026-07-16,male,25-34,"Your city deserves better than a gift-shop skyline.

Real street names, real wood frames, made to order, not mass-printed.

Find your city and shop now.",inactive,ad,16,19,1.1875,"7-day click, 1-day view, or 1-day engaged-view","Website purchases",,0.29,0,C3A_CN_ICP_HometownSelf_CN_Design_CityDetail_TN_Assertive_HK_Curiosity_TN_Assertive_FW_AIDA_.png_105,,https://eastcoastartstudio.com/collections/best-sellers,SHOP_NOW,"Every City, One Wall","Made to order. Real wood.",1,0.29,15.26315789,5.26315789,,,1,0.29,,,"Website purchases conversion value",,"Website purchases conversion value",,18.125,inactive,,,,,,,1,,,,1,,,,,,,,,,,,,,,,,,,,,,,,,,,,,,,0.29,0.29,,,,,,5.26315789,,,,,,,inactive,active,,,2026-07-16,2026-07-16
ECAS_MST,120248368491680327,C3,120248368953440327,C3A,120248368953500327,2026-07-16,male,65+,"Your city deserves better than a gift-shop skyline.

Real street names, real wood frames, made to order, not mass-printed.

Find your city and shop now.",inactive,ad,20,23,1.15,"7-day click, 1-day view, or 1-day engaged-view","Website purchases",,2.14,0,C3A_CN_ICP_HometownSelf_CN_Design_CityDetail_TN_Assertive_HK_Curiosity_TN_Assertive_FW_AIDA_.png_105,,https://eastcoastartstudio.com/collections/best-sellers,SHOP_NOW,"Every City, One Wall","Made to order. Real wood.",1,2.14,93.04347826,4.34782609,,,1,2.14,,,"Website purchases conversion value",,"Website purchases conversion value",,107,inactive,,,,,,,1,,,,1,,,,,,,,,,,,,,,,,,,,,,,,,,,,,,,2.14,2.14,,,,,,4.34782609,,,,,,,inactive,active,,,2026-07-16,2026-07-16
ECAS_MST,120248368491680327,C3,120248368953440327,C3A,120248368953500327,2026-07-16,male,45-54,"Your city deserves better than a gift-shop skyline.

Real street names, real wood frames, made to order, not mass-printed.

Find your city and shop now.",inactive,ad,14,15,1.07142857,"7-day click, 1-day view, or 1-day engaged-view","Website purchases",,0.69,0,C3A_CN_ICP_HometownSelf_CN_Design_CityDetail_TN_Assertive_HK_Curiosity_TN_Assertive_FW_AIDA_.png_105,,https://eastcoastartstudio.com/collections/best-sellers,SHOP_NOW,"Every City, One Wall","Made to order. Real wood.",3,0.23,46,20,,,3,0.23,,,"Website purchases conversion value",,"Website purchases conversion value",,49.28571429,inactive,,,,,,,3,,,,3,,,,,,,,,,,,,,,,,,,,,,,,,,,,,,,0.23,0.23,,,,,,20,,,,,,,inactive,active,,,2026-07-16,2026-07-16
ECAS_MST,120248368491680327,C2,120248368953480327,C2B,120248369077860327,2026-07-16,female,35-44,"Your city deserves better than a gift-shop skyline.

Real street names, real wood frames, made to order, not mass-printed.

Find your city and shop now.",inactive,ad,1,1,1,"7-day click, 1-day view, or 1-day engaged-view","Website purchases",,0,0,C2B_CN_ICP_Milestone2534_CN_Design_RoomContext_PR_Testimonial_HK_Problem_TN_Rational_FW_BAB_.png_105,,https://eastcoastartstudio.com/collections/best-sellers,SHOP_NOW,"Made To Order, Framed Right","Made to order. Real wood.",,,0,0,,,0,,,,"Website purchases conversion value",,,,0,inactive,,,,,,,,,,,,,,,,,,,,,,,,,,,,,,,,,,,,,,,,,,,,,,,,,,,,,,,,active,active,,,2026-07-16,2026-07-16
ECAS_MST,120248368491680327,C2,120248368953480327,C2B,120248369077860327,2026-07-16,male,35-44,"Your city deserves better than a gift-shop skyline.

Real street names, real wood frames, made to order, not mass-printed.

Find your city and shop now.",inactive,ad,1,1,1,"7-day click, 1-day view, or 1-day engaged-view","Website purchases",,0.02,0,C2B_CN_ICP_Milestone2534_CN_Design_RoomContext_PR_Testimonial_HK_Problem_TN_Rational_FW_BAB_.png_105,,https://eastcoastartstudio.com/collections/best-sellers,SHOP_NOW,"Made To Order, Framed Right","Made to order. Real wood.",,,20,0,,,0,,,,"Website purchases conversion value",,"Website purchases conversion value",,20,inactive,,,,,,,,,,,,,,,,,,,,,,,,,,,,,,,,,,,,,,,,,,,,,,,,,,,,,,,,active,active,,,2026-07-16,2026-07-16
ECAS_MST,120248368491680327,C2,120248368953480327,C2B,120248369077860327,2026-07-16,male,25-34,"Your city deserves better than a gift-shop skyline.

Real street names, real wood frames, made to order, not mass-printed.

Find your city and shop now.",inactive,ad,2,2,1,"7-day click, 1-day view, or 1-day engaged-view","Website purchases",,0.05,0,C2B_CN_ICP_Milestone2534_CN_Design_RoomContext_PR_Testimonial_HK_Problem_TN_Rational_FW_BAB_.png_105,,https://eastcoastartstudio.com/collections/best-sellers,SHOP_NOW,"Made To Order, Framed Right","Made to order. Real wood.",,,25,0,,,0,,,,"Website purchases conversion value",,"Website purchases conversion value",,25,inactive,,,,,,,,,,,,,,,,,,,,,,,,,,,,,,,,,,,,,,,,,,,,,,,,,,,,,,,,active,active,,,2026-07-16,2026-07-16
ECAS_MST,120248368491680327,C2,120248368953480327,C2B,120248369077860327,2026-07-16,male,45-54,"Your city deserves better than a gift-shop skyline.

Real street names, real wood frames, made to order, not mass-printed.

Find your city and shop now.",inactive,ad,1,1,1,"7-day click, 1-day view, or 1-day engaged-view","Website purchases",,0.02,0,C2B_CN_ICP_Milestone2534_CN_Design_RoomContext_PR_Testimonial_HK_Problem_TN_Rational_FW_BAB_.png_105,,https://eastcoastartstudio.com/collections/best-sellers,SHOP_NOW,"Made To Order, Framed Right","Made to order. Real wood.",,,20,100,,,1,0.02,,,"Website purchases conversion value",,"Website purchases conversion value",,20,inactive,,,,,,,,,,,,,,,,,,,,,,,,,,,,,,,,,,,,,,,,,,,,,,,,,,,,,,,,active,active,,,2026-07-16,2026-07-16
ECAS_MST,120248368491680327,C2,120248368953480327,C2B,120248369077860327,2026-07-16,female,65+,"Your city deserves better than a gift-shop skyline.

Real street names, real wood frames, made to order, not mass-printed.

Find your city and shop now.",inactive,ad,1,1,1,"7-day click, 1-day view, or 1-day engaged-view","Website purchases",,0,0,C2B_CN_ICP_Milestone2534_CN_Design_RoomContext_PR_Testimonial_HK_Problem_TN_Rational_FW_BAB_.png_105,,https://eastcoastartstudio.com/collections/best-sellers,SHOP_NOW,"Made To Order, Framed Right","Made to order. Real wood.",,,0,0,,,0,,,,"Website purchases conversion value",,,,0,inactive,,,,,,,,,,,,,,,,,,,,,,,,,,,,,,,,,,,,,,,,,,,,,,,,,,,,,,,,active,active,,,2026-07-16,2026-07-16
ECAS_MST,120248368491680327,C3,120248368953440327,C3B,120248368953510327,2026-07-16,female,65+,"Your city deserves better than a gift-shop skyline.

Real street names, real wood frames, made to order, not mass-printed.

Find your city and shop now.",inactive,ad,17,17,1,"7-day click, 1-day view, or 1-day engaged-view","Website purchases",,0.35,0,"C3B v2.png_105",,https://eastcoastartstudio.com/collections/best-sellers,SHOP_NOW,"Made To Order, Framed Right","Made to order. Real wood.",,,20.58823529,0,,,0,,,,"Website purchases conversion value",,"Website purchases conversion value",,20.58823529,inactive,,,,,,,,,,,,,,,,,,,,,,,,,,,,,,,,,,,,,,,,,,,,,,,,,,,,,,,,inactive,active,,,2026-07-16,2026-07-16
ECAS_MST,120248368491680327,C2,120248368953480327,C2B,120248369077860327,2026-07-16,male,65+,"Your city deserves better than a gift-shop skyline.

Real street names, real wood frames, made to order, not mass-printed.

Find your city and shop now.",inactive,ad,1,1,1,"7-day click, 1-day view, or 1-day engaged-view","Website purchases",,0.02,0,C2B_CN_ICP_Milestone2534_CN_Design_RoomContext_PR_Testimonial_HK_Problem_TN_Rational_FW_BAB_.png_105,,https://eastcoastartstudio.com/collections/best-sellers,SHOP_NOW,"Made To Order, Framed Right","Made to order. Real wood.",,,20,0,,,0,,,,"Website purchases conversion value",,"Website purchases conversion value",,20,inactive,,,,,,,,,,,,,,,,,,,,,,,,,,,,,,,,,,,,,,,,,,,,,,,,,,,,,,,,active,active,,,2026-07-16,2026-07-16
ECAS_MST,120248368491680327,C3,120248368953440327,C3B,120248368953510327,2026-07-16,male,55-64,"Your city deserves better than a gift-shop skyline.

Real street names, real wood frames, made to order, not mass-printed.

Find your city and shop now.",inactive,ad,31,37,1.19354839,"7-day click, 1-day view, or 1-day engaged-view","Website purchases",,2.03,0,"C3B v2.png_105",,https://eastcoastartstudio.com/collections/best-sellers,SHOP_NOW,"Made To Order, Framed Right","Made to order. Real wood.",,,54.86486486,0,,,0,,,,"Website purchases conversion value",,"Website purchases conversion value",,65.48387097,inactive,,,,,,,,,,,,,,,,,,,,,,,,,,,,,,,,,,,,,,,,,,,,,,,,,,,,,,,,inactive,active,,,2026-07-16,2026-07-16
ECAS_MST,120248368491680327,C3,120248368953440327,C3D,120248368953470327,2026-07-16,female,35-44,"Your city deserves better than a gift-shop skyline.

Real street names, real wood frames, made to order, not mass-printed.

Find your city and shop now.",inactive,ad,1,1,1,"7-day click, 1-day view, or 1-day engaged-view","Website purchases",,0.01,0,C3D_4x5.png,,https://eastcoastartstudio.com/collections/best-sellers,SHOP_NOW,"3,000+ Cities, Real Wood","Made to order. Real wood.",,,10,0,,,0,,,,"Website purchases conversion value",,"Website purchases conversion value",,10,inactive,,,,,,,,,,,,,,,,,,,,,,,,,,,,,,,,,,,,,,,,,,,,,,,,,,,,,,,,inactive,active,,,2026-07-16,2026-07-16
ECAS_MST,120248368491680327,C3,120248368953440327,C3D,120248368953470327,2026-07-16,male,45-54,"The places you've loved together live in a camera roll right now.

Build a real gallery wall instead: pick your cities, we frame each one in real wood, made to order.

Shop now.",inactive,ad,1,1,1,"7-day click, 1-day view, or 1-day engaged-view","Website purchases",,0.01,0,C3D_4x5.png,,https://eastcoastartstudio.com/collections/best-sellers,SHOP_NOW,"3,000+ Cities, Real Wood","Made to order. Real wood.",,,10,0,,,0,,,,"Website purchases conversion value",,"Website purchases conversion value",,10,inactive,,,,,,,,,,,,,,,,,,,,,,,,,,,,,,,,,,,,,,,,,,,,,,,,,,,,,,,,inactive,active,,,2026-07-16,2026-07-16
ECAS_MST,120248368491680327,C3,120248368953440327,C3D,120248368953470327,2026-07-16,male,35-44,"The places you've loved together live in a camera roll right now.

Build a real gallery wall instead: pick your cities, we frame each one in real wood, made to order.

Shop now.",inactive,ad,2,2,1,"7-day click, 1-day view, or 1-day engaged-view","Website purchases",,0.03,0,C3D_4x5.png,,https://eastcoastartstudio.com/collections/best-sellers,SHOP_NOW,"3,000+ Cities, Real Wood","Made to order. Real wood.",,,15,0,,,0,,,,"Website purchases conversion value",,"Website purchases conversion value",,15,inactive,,,,,,,,,,,,,,,,,,,,,,,,,,,,,,,,,,,,,,,,,,,,,,,,,,,,,,,,inactive,active,,,2026-07-16,2026-07-16
ECAS_MST,120248368491680327,C3,120248368953440327,C3D,120248368953470327,2026-07-16,male,55-64,"A photo you'll lose in your camera roll. A print you'll walk past every day.

Turn the cities that mean something into a real gallery wall, made to order.

Shop now.",inactive,ad,1,1,1,"7-day click, 1-day view, or 1-day engaged-view","Website purchases",,0.01,0,C3D_4x5.png,,https://eastcoastartstudio.com/collections/best-sellers,SHOP_NOW,"3,000+ Cities, Real Wood","Made to order. Real wood.",,,10,0,,,0,,,,"Website purchases conversion value",,"Website purchases conversion value",,10,inactive,,,,,,,,,,,,,,,,,,,,,,,,,,,,,,,,,,,,,,,,,,,,,,,,,,,,,,,,inactive,active,,,2026-07-16,2026-07-16
ECAS_MST,120248368491680327,C3,120248368953440327,C3D,120248368953470327,2026-07-16,male,35-44,"A photo you'll lose in your camera roll. A print you'll walk past every day.

Turn the cities that mean something into a real gallery wall, made to order.

Shop now.",inactive,ad,1,1,1,"7-day click, 1-day view, or 1-day engaged-view","Website purchases",,0.02,0,C3D_4x5.png,,https://eastcoastartstudio.com/collections/best-sellers,SHOP_NOW,"3,000+ Cities, Real Wood","Made to order. Real wood.",,,20,0,,,0,,,,"Website purchases conversion value",,"Website purchases conversion value",,20,inactive,,,,,,,,,,,,,,,,,,,,,,,,,,,,,,,,,,,,,,,,,,,,,,,,,,,,,,,,inactive,active,,,2026-07-16,2026-07-16
ECAS_MST,120248368491680327,C3,120248368953440327,C3D,120248368953470327,2026-07-16,male,25-34,"A photo you'll lose in your camera roll. A print you'll walk past every day.

Turn the cities that mean something into a real gallery wall, made to order.

Shop now.",inactive,ad,1,1,1,"7-day click, 1-day view, or 1-day engaged-view","Website purchases",,0,0,C3D_4x5.png,,https://eastcoastartstudio.com/collections/best-sellers,SHOP_NOW,"3,000+ Cities, Real Wood","Made to order. Real wood.",,,0,0,,,0,,,,"Website purchases conversion value",,,,0,inactive,,,,,,,,,,,,,,,,,,,,,,,,,,,,,,,,,,,,,,,,,,,,,,,,,,,,,,,,inactive,active,,,2026-07-16,2026-07-16
ECAS_MST,120248368491680327,C3,120248368953440327,C3D,120248368953470327,2026-07-16,male,65+,"Your city deserves better than a gift-shop skyline.

Real street names, real wood frames, made to order, not mass-printed.

Find your city and shop now.",inactive,ad,2,2,1,"7-day click, 1-day view, or 1-day engaged-view","Website purchases",,0.31,0,C3D_4x5.png,,https://eastcoastartstudio.com/collections/best-sellers,SHOP_NOW,"3,000+ Cities, Real Wood","Made to order. Real wood.",,,155,0,,,0,,,,"Website purchases conversion value",,"Website purchases conversion value",,155,inactive,,,,,,,,,,,,,,,,,,,,,,,,,,,,,,,,,,,,,,,,,,,,,,,,,,,,,,,,inactive,active,,,2026-07-16,2026-07-16
ECAS_MST,120248368491680327,C3,120248368953440327,C3D,120248368953470327,2026-07-16,female,25-34,"Your city deserves better than a gift-shop skyline.

Real street names, real wood frames, made to order, not mass-printed.

Find your city and shop now.",inactive,ad,1,1,1,"7-day click, 1-day view, or 1-day engaged-view","Website purchases",,0.02,0,C3D_4x5.png,,https://eastcoastartstudio.com/collections/best-sellers,SHOP_NOW,"3,000+ Cities, Real Wood","Made to order. Real wood.",,,20,0,,,0,,,,"Website purchases conversion value",,"Website purchases conversion value",,20,inactive,,,,,,,,,,,,,,,,,,,,,,,,,,,,,,,,,,,,,,,,,,,,,,,,,,,,,,,,inactive,active,,,2026-07-16,2026-07-16
ECAS_MST,120248368491680327,C3,120248368953440327,C3D,120248368953470327,2026-07-16,male,25-34,"Your city deserves better than a gift-shop skyline.

Real street names, real wood frames, made to order, not mass-printed.

Find your city and shop now.",inactive,ad,3,3,1,"7-day click, 1-day view, or 1-day engaged-view","Website purchases",,0.03,0,C3D_4x5.png,,https://eastcoastartstudio.com/collections/best-sellers,SHOP_NOW,"3,000+ Cities, Real Wood","Made to order. Real wood.",,,10,0,,,0,,,,"Website purchases conversion value",,"Website purchases conversion value",,10,inactive,,,,,,,,,,,,,,,,,,,,,,,,,,,,,,,,,,,,,,,,,,,,,,,,,,,,,,,,inactive,active,,,2026-07-16,2026-07-16
ECAS_MST,120248368491680327,C3,120248368953440327,C3D,120248368953470327,2026-07-16,male,45-54,"Your city deserves better than a gift-shop skyline.

Real street names, real wood frames, made to order, not mass-printed.

Find your city and shop now.",inactive,ad,4,4,1,"7-day click, 1-day view, or 1-day engaged-view","Website purchases",,0.23,0,C3D_4x5.png,,https://eastcoastartstudio.com/collections/best-sellers,SHOP_NOW,"3,000+ Cities, Real Wood","Made to order. Real wood.",,,57.5,0,,,0,,,,"Website purchases conversion value",,"Website purchases conversion value",,57.5,inactive,,,,,,,,,,,,,,,,,,,,,,,,,,,,,,,,,,,,,,,,,,,,,,,,,,,,,,,,inactive,active,,,2026-07-16,2026-07-16
ECAS_MST,120248368491680327,C3,120248368953440327,C3C,120248368953450327,2026-07-16,female,65+,"A photo you'll lose in your camera roll. A print you'll walk past every day.

Turn the cities that mean something into a real gallery wall, made to order.

Shop now.",inactive,ad,26,28,1.07692308,"7-day click, 1-day view, or 1-day engaged-view","Website purchases",,1.57,0,,,https://eastcoastartstudio.com/collections/best-sellers,SHOP_NOW,{{product.name}},,1,1.57,56.07142857,3.57142857,,,1,1.57,,,"Website purchases conversion value",,"Website purchases conversion value",,60.38461538,inactive,,,,,,,1,,,,1,,,,,,,,,,,,,,,,,,,,,,,,,,,,,,,1.57,1.57,,,,,,3.57142857,,,,,,,inactive,active,,,2026-07-16,2026-07-16
ECAS_MST,120248368491680327,C3,120248368953440327,C3D,120248368953470327,2026-07-16,female,65+,"Most ""custom"" gifts are just generic gifts with a name on them.

We make it different: real wood frame, real matte paper, their street or their city, made to order. The kind of gift that gets hung, not returned.

Shop now.",inactive,ad,1,1,1,"7-day click, 1-day view, or 1-day engaged-view","Website purchases",,0.01,0,C3D_4x5.png,,https://eastcoastartstudio.com/collections/best-sellers,SHOP_NOW,"3,000+ Cities, Real Wood","Made to order. Real wood.",,,10,0,,,0,,,,"Website purchases conversion value",,"Website purchases conversion value",,10,inactive,,,,,,,,,,,,,,,,,,,,,,,,,,,,,,,,,,,,,,,,,,,,,,,,,,,,,,,,inactive,active,,,2026-07-16,2026-07-16
ECAS_MST,120248368491680327,C3,120248368953440327,C3D,120248368953470327,2026-07-16,male,35-44,"Most ""custom"" gifts are just generic gifts with a name on them.

We make it different: real wood frame, real matte paper, their street or their city, made to order. The kind of gift that gets hung, not returned.

Shop now.",inactive,ad,1,1,1,"7-day click, 1-day view, or 1-day engaged-view","Website purchases",,0.05,0,C3D_4x5.png,,https://eastcoastartstudio.com/collections/best-sellers,SHOP_NOW,"3,000+ Cities, Real Wood","Made to order. Real wood.",,,50,0,,,0,,,,"Website purchases conversion value",,"Website purchases conversion value",,50,inactive,,,,,,,,,,,,,,,,,,,,,,,,,,,,,,,,,,,,,,,,,,,,,,,,,,,,,,,,inactive,active,,,2026-07-16,2026-07-16
ECAS_MST,120248368491680327,C3,120248368953440327,C3D,120248368953470327,2026-07-16,male,65+,"Most ""custom"" gifts are just generic gifts with a name on them.

We make it different: real wood frame, real matte paper, their street or their city, made to order. The kind of gift that gets hung, not returned.

Shop now.",inactive,ad,1,1,1,"7-day click, 1-day view, or 1-day engaged-view","Website purchases",,0.02,0,C3D_4x5.png,,https://eastcoastartstudio.com/collections/best-sellers,SHOP_NOW,"3,000+ Cities, Real Wood","Made to order. Real wood.",,,20,0,,,0,,,,"Website purchases conversion value",,"Website purchases conversion value",,20,inactive,,,,,,,,,,,,,,,,,,,,,,,,,,,,,,,,,,,,,,,,,,,,,,,,,,,,,,,,inactive,active,,,2026-07-16,2026-07-16
ECAS_MST,120248368491680327,C3,120248368953440327,C3D,120248368953470327,2026-07-16,male,55-64,"Your city deserves better than a gift-shop skyline.

Real street names, real wood frames, made to order, not mass-printed.

Find your city and shop now.",inactive,ad,6,6,1,"7-day click, 1-day view, or 1-day engaged-view","Website purchases",,0.4,0,C3D_4x5.png,,https://eastcoastartstudio.com/collections/best-sellers,SHOP_NOW,"3,000+ Cities, Real Wood","Made to order. Real wood.",,,66.66666667,16.66666667,,,1,0.4,,,"Website purchases conversion value",,"Website purchases conversion value",,66.66666667,inactive,,,,,,,1,,,,1,1,,,,,,,,,,,,,,,,,,,,,,,,,,,,,,0.4,0.4,,,,,,,,,,,,,inactive,active,,,2026-07-16,2026-07-16
ECAS_MST,120248368491680327,C2,120248368953480327,C2A,120248368953490327,2026-07-16,male,55-64,"A gift card gets spent and forgotten. A framed print gets hung and remembered.

Their milestone deserves more than a gift card: real wood frame, made to order.

Shop now.",inactive,ad,1,1,1,"7-day click, 1-day view, or 1-day engaged-view","Website purchases",,0.07,0,C2A_CN_ICP_Milestone2534_CN_Design_RoomContext_TN_Assertive_HK_Story_TN_Assertive_FW_FAB_ST_TOFU.png,,https://eastcoastartstudio.com/collections/best-sellers,SHOP_NOW,"Made For The New Place","Made to order. Real wood.",,,70,0,,,0,,,,"Website purchases conversion value",,"Website purchases conversion value",,70,inactive,,,,,,,,,,,,,,,,,,,,,,,,,,,,,,,,,,,,,,,,,,,,,,,,,,,,,,,,active,active,,,2026-07-16,2026-07-16
ECAS_MST,120248368491680327,C2,120248368953480327,C2A,120248368953490327,2026-07-16,male,25-34,"A gift card gets spent and forgotten. A framed print gets hung and remembered.

Their milestone deserves more than a gift card: real wood frame, made to order.

Shop now.",inactive,ad,1,1,1,"7-day click, 1-day view, or 1-day engaged-view","Website purchases",,0.03,0,C2A_CN_ICP_Milestone2534_CN_Design_RoomContext_TN_Assertive_HK_Story_TN_Assertive_FW_FAB_ST_TOFU.png,,https://eastcoastartstudio.com/collections/best-sellers,SHOP_NOW,"Made For The New Place","Made to order. Real wood.",,,30,0,,,0,,,,"Website purchases conversion value",,"Website purchases conversion value",,30,inactive,,,,,,,,,,,,,,,,,,,,,,,,,,,,,,,,,,,,,,,,,,,,,,,,,,,,,,,,active,active,,,2026-07-16,2026-07-16
ECAS_MST,120248368491680327,C2,120248368953480327,C2A,120248368953490327,2026-07-16,female,18-24,"A gift card gets spent and forgotten. A framed print gets hung and remembered.

Their milestone deserves more than a gift card: real wood frame, made to order.

Shop now.",inactive,ad,1,1,1,"7-day click, 1-day view, or 1-day engaged-view","Website purchases",,0,0,C2A_CN_ICP_Milestone2534_CN_Design_RoomContext_TN_Assertive_HK_Story_TN_Assertive_FW_FAB_ST_TOFU.png,,https://eastcoastartstudio.com/collections/best-sellers,SHOP_NOW,"Made For The New Place","Made to order. Real wood.",,,0,0,,,0,,,,"Website purchases conversion value",,,,0,inactive,,,,,,,,,,,,,,,,,,,,,,,,,,,,,,,,,,,,,,,,,,,,,,,,,,,,,,,,active,active,,,2026-07-16,2026-07-16
ECAS_MST,120248368491680327,C3,120248368953440327,C3B,120248368953510327,2026-07-16,unknown,55-64,"Your city deserves better than a gift-shop skyline.

Real street names, real wood frames, made to order, not mass-printed.

Find your city and shop now.",inactive,ad,1,1,1,"7-day click, 1-day view, or 1-day engaged-view","Website purchases",,0.02,0,"C3B v2.png_105",,https://eastcoastartstudio.com/collections/best-sellers,SHOP_NOW,"Made To Order, Framed Right","Made to order. Real wood.",,,20,0,,,0,,,,"Website purchases conversion value",,"Website purchases conversion value",,20,inactive,,,,,,,,,,,,,,,,,,,,,,,,,,,,,,,,,,,,,,,,,,,,,,,,,,,,,,,,inactive,active,,,2026-07-16,2026-07-16
ECAS_MST,120248368491680327,C3,120248368953440327,C3C,120248368953450327,2026-07-16,male,65+,"A photo you'll lose in your camera roll. A print you'll walk past every day.

Turn the cities that mean something into a real gallery wall, made to order.

Shop now.",inactive,ad,19,24,1.26315789,"7-day click, 1-day view, or 1-day engaged-view","Website purchases",,1.23,0,,,https://eastcoastartstudio.com/collections/best-sellers,SHOP_NOW,{{product.name}},,1,1.23,51.25,4.16666667,,,1,1.23,,,"Website purchases conversion value",,"Website purchases conversion value",,64.73684211,inactive,,,,,,,1,,,,1,,,,,,,,,,,,,,,,,,,,,,,,,,,,,,,1.23,1.23,,,,,,4.16666667,,,,,,,inactive,active,,,2026-07-16,2026-07-16
ECAS_MST,120248368491680327,C3,120248368953440327,C3D,120248368953470327,2026-07-16,female,65+,"The places you've loved together live in a camera roll right now.

Build a real gallery wall instead: pick your cities, we frame each one in real wood, made to order.

Shop now.",inactive,ad,2,2,1,"7-day click, 1-day view, or 1-day engaged-view","Website purchases",,0.14,0,C3D_4x5.png,,https://eastcoastartstudio.com/collections/best-sellers,SHOP_NOW,"3,000+ Cities, Real Wood","Made to order. Real wood.",,,70,0,,,0,,,,"Website purchases conversion value",,"Website purchases conversion value",,70,inactive,,,,,,,,,,,,,,,,,,,,,,,,,,,,,,,,,,,,,,,,,,,,,,,,,,,,,,,,inactive,active,,,2026-07-16,2026-07-16
ECAS_MST,120248368491680327,C3,120248368953440327,C3B,120248368953510327,2026-07-16,male,35-44,"Your city deserves better than a gift-shop skyline.

Real street names, real wood frames, made to order, not mass-printed.

Find your city and shop now.",inactive,ad,40,53,1.325,"7-day click, 1-day view, or 1-day engaged-view","Website purchases",,1.33,0,"C3B v2.png_105",,https://eastcoastartstudio.com/collections/best-sellers,SHOP_NOW,"Made To Order, Framed Right","Made to order. Real wood.",1,1.33,25.09433962,1.88679245,,,1,1.33,,,"Website purchases conversion value",,"Website purchases conversion value",,33.25,inactive,,,,,,,1,,,,1,,,,,,,,,,,,,,,,,,,,,,,,,,,,,,,1.33,1.33,,,,,,1.88679245,,,,,,,inactive,active,,,2026-07-16,2026-07-16
ECAS_MST,120248368491680327,C4,120248369515900327,c4A,120248369515870327,2026-07-16,male,65+,"Your city deserves better than a gift-shop skyline.

Real street names, real wood frames, made to order, not mass-printed.

Find your city and shop now.",inactive,ad,1,1,1,"7-day click, 1-day view, or 1-day engaged-view","Website purchases",,0.07,0,C4D_CN_ICP_MemoryKeeperCouple_CN_Design_MultiPrintGallery_CTA_ClaimOffer_HK_Problem_TN_Aspir.png_105,,https://eastcoastartstudio.com/collections/best-sellers,SHOP_NOW,"Every City, One Wall","Made to order. Real wood.",,,70,0,,,0,,,,"Website purchases conversion value",,"Website purchases conversion value",,70,inactive,,,,,,,,,,,,,,,,,,,,,,,,,,,,,,,,,,,,,,,,,,,,,,,,,,,,,,,,active,active,,,2026-07-16,2026-07-16
ECAS_MST,120248368491680327,C3,120248368953440327,C3B,120248368953510327,2026-07-16,male,18-24,"Your city deserves better than a gift-shop skyline.

Real street names, real wood frames, made to order, not mass-printed.

Find your city and shop now.",inactive,ad,13,13,1,"7-day click, 1-day view, or 1-day engaged-view","Website purchases",,0.27,0,"C3B v2.png_105",,https://eastcoastartstudio.com/collections/best-sellers,SHOP_NOW,"Made To Order, Framed Right","Made to order. Real wood.",,,20.76923077,0,,,0,,,,"Website purchases conversion value",,"Website purchases conversion value",,20.76923077,inactive,,,,,,,,,,,,,,,,,,,,,,,,,,,,,,,,,,,,,,,,,,,,,,,,,,,,,,,,inactive,active,,,2026-07-16,2026-07-16
ECAS_MST,120248368491680327,C3,120248368953440327,C3B,120248368953510327,2026-07-16,female,35-44,"Your city deserves better than a gift-shop skyline.

Real street names, real wood frames, made to order, not mass-printed.

Find your city and shop now.",inactive,ad,11,14,1.27272727,"7-day click, 1-day view, or 1-day engaged-view","Website purchases",,0.31,0,"C3B v2.png_105",,https://eastcoastartstudio.com/collections/best-sellers,SHOP_NOW,"Made To Order, Framed Right","Made to order. Real wood.",,,22.14285714,0,,,0,,,,"Website purchases conversion value",,"Website purchases conversion value",,28.18181818,inactive,,,,,,,,,,,,,,,,,,,,,,,,,,,,,,,,,,,,,,,,,,,,,,,,,,,,,,,,inactive,active,,,2026-07-16,2026-07-16
ECAS_MST,120248368491680327,C3,120248368953440327,C3B,120248368953510327,2026-07-16,male,25-34,"Your city deserves better than a gift-shop skyline.

Real street names, real wood frames, made to order, not mass-printed.

Find your city and shop now.",inactive,ad,29,37,1.27586207,"7-day click, 1-day view, or 1-day engaged-view","Website purchases",,0.66,0,"C3B v2.png_105",,https://eastcoastartstudio.com/collections/best-sellers,SHOP_NOW,"Made To Order, Framed Right","Made to order. Real wood.",,,17.83783784,0,,,0,,,,"Website purchases conversion value",,"Website purchases conversion value",,22.75862069,inactive,,,,,,,1,,,,1,,,,,,1,,,,,,,,,,,,,,,,,,,,,,,,,0.66,0.66,,0.66,,,,,,,,,,,inactive,active,,,2026-07-16,2026-07-16
ECAS_MST,120248368491680327,C3,120248368953440327,C3B,120248368953510327,2026-07-16,male,65+,"Your city deserves better than a gift-shop skyline.

Real street names, real wood frames, made to order, not mass-printed.

Find your city and shop now.",inactive,ad,29,36,1.24137931,"7-day click, 1-day view, or 1-day engaged-view","Website purchases",,2.4,0,"C3B v2.png_105",,https://eastcoastartstudio.com/collections/best-sellers,SHOP_NOW,"Made To Order, Framed Right","Made to order. Real wood.",1,2.4,66.66666667,2.77777778,,,1,2.4,,,"Website purchases conversion value",,"Website purchases conversion value",,82.75862069,inactive,,,,,,,1,,,,1,,,,,,,,,,,,,,,,,,,,,,,,,,,,,,,2.4,2.4,,,,,,2.77777778,,,,,,,inactive,active,,,2026-07-16,2026-07-16
ECAS_MST,120248368491680327,C3,120248368953440327,C3B,120248368953510327,2026-07-16,female,55-64,"Your city deserves better than a gift-shop skyline.

Real street names, real wood frames, made to order, not mass-printed.

Find your city and shop now.",inactive,ad,13,15,1.15384615,"7-day click, 1-day view, or 1-day engaged-view","Website purchases",,0.29,0,"C3B v2.png_105",,https://eastcoastartstudio.com/collections/best-sellers,SHOP_NOW,"Made To Order, Framed Right","Made to order. Real wood.",1,0.29,19.33333333,6.66666667,,,1,0.29,,,"Website purchases conversion value",,"Website purchases conversion value",,22.30769231,inactive,,,,,,,1,,,,1,,,,,,,,,,,,,,,,,,,,,,,,,,,,,,,0.29,0.29,,,,,,6.66666667,,,,,,,inactive,active,,,2026-07-16,2026-07-16
ECAS_MST,120248368491680327,C3,120248368953440327,C3C,120248368953450327,2026-07-16,female,35-44,"A photo you'll lose in your camera roll. A print you'll walk past every day.

Turn the cities that mean something into a real gallery wall, made to order.

Shop now.",inactive,ad,3,3,1,"7-day click, 1-day view, or 1-day engaged-view","Website purchases",,0.26,0,,,https://eastcoastartstudio.com/collections/best-sellers,SHOP_NOW,{{product.name}},,1,0.26,86.66666667,33.33333333,,,1,0.26,,,"Website purchases conversion value",,"Website purchases conversion value",,86.66666667,inactive,,,,,,,1,,,,1,,,,,,,,,,,,,,,,,,,,,,,,,,,,,,,0.26,0.26,,,,,,33.33333333,,,,,,,inactive,active,,,2026-07-16,2026-07-16
ECAS_MST,120248368491680327,C4,120248369515900327,c4A,120248369515870327,2026-07-16,male,25-34,"Your city deserves better than a gift-shop skyline.

Real street names, real wood frames, made to order, not mass-printed.

Find your city and shop now.",inactive,ad,1,1,1,"7-day click, 1-day view, or 1-day engaged-view","Website purchases",,0.01,0,C4D_CN_ICP_MemoryKeeperCouple_CN_Design_MultiPrintGallery_CTA_ClaimOffer_HK_Problem_TN_Aspir.png_105,,https://eastcoastartstudio.com/collections/best-sellers,SHOP_NOW,"Every City, One Wall","Made to order. Real wood.",,,10,0,,,0,,,,"Website purchases conversion value",,"Website purchases conversion value",,10,inactive,,,,,,,,,,,,,,,,,,,,,,,,,,,,,,,,,,,,,,,,,,,,,,,,,,,,,,,,active,active,,,2026-07-16,2026-07-16
ECAS_MST,120248368491680327,C4,120248369515900327,c4A,120248369515870327,2026-07-16,male,55-64,"Your city deserves better than a gift-shop skyline.

Real street names, real wood frames, made to order, not mass-printed.

Find your city and shop now.",inactive,ad,2,2,1,"7-day click, 1-day view, or 1-day engaged-view","Website purchases",,0.12,0,C4D_CN_ICP_MemoryKeeperCouple_CN_Design_MultiPrintGallery_CTA_ClaimOffer_HK_Problem_TN_Aspir.png_105,,https://eastcoastartstudio.com/collections/best-sellers,SHOP_NOW,"Every City, One Wall","Made to order. Real wood.",,,60,0,,,0,,,,"Website purchases conversion value",,"Website purchases conversion value",,60,inactive,,,,,,,,,,,,,,,,,,,,,,,,,,,,,,,,,,,,,,,,,,,,,,,,,,,,,,,,active,active,,,2026-07-16,2026-07-16
ECAS_MST,120248368491680327,C3,120248368953440327,C3C,120248368953450327,2026-07-16,female,25-34,"A photo you'll lose in your camera roll. A print you'll walk past every day.

Turn the cities that mean something into a real gallery wall, made to order.

Shop now.",inactive,ad,5,5,1,"7-day click, 1-day view, or 1-day engaged-view","Website purchases",,0.15,0,,,https://eastcoastartstudio.com/collections/best-sellers,SHOP_NOW,{{product.name}},,,,30,0,,,0,,,,"Website purchases conversion value",,"Website purchases conversion value",,30,inactive,,,,,,,,,,,,,,,,,,,,,,,,,,,,,,,,,,,,,,,,,,,,,,,,,,,,,,,,inactive,active,,,2026-07-16,2026-07-16
ECAS_MST,120248368491680327,C3,120248368953440327,C3C,120248368953450327,2026-07-16,male,55-64,"A photo you'll lose in your camera roll. A print you'll walk past every day.

Turn the cities that mean something into a real gallery wall, made to order.

Shop now.",inactive,ad,11,11,1,"7-day click, 1-day view, or 1-day engaged-view","Website purchases",,0.11,0,,,https://eastcoastartstudio.com/collections/best-sellers,SHOP_NOW,{{product.name}},,,,10,0,,,0,,,,"Website purchases conversion value",,"Website purchases conversion value",,10,inactive,,,,,,,,,,,,,,,,,,,,,,,,,,,,,,,,,,,,,,,,,,,,,,,,,,,,,,,,inactive,active,,,2026-07-16,2026-07-16
ECAS_MST,120248368491680327,C3,120248368953440327,C3C,120248368953450327,2026-07-16,female,18-24,"A photo you'll lose in your camera roll. A print you'll walk past every day.

Turn the cities that mean something into a real gallery wall, made to order.

Shop now.",inactive,ad,1,1,1,"7-day click, 1-day view, or 1-day engaged-view","Website purchases",,0.01,0,,,https://eastcoastartstudio.com/collections/best-sellers,SHOP_NOW,{{product.name}},,,,10,0,,,0,,,,"Website purchases conversion value",,"Website purchases conversion value",,10,inactive,,,,,,,,,,,,,,,,,,,,,,,,,,,,,,,,,,,,,,,,,,,,,,,,,,,,,,,,inactive,active,,,2026-07-16,2026-07-16
ECAS_MST,120248368491680327,C3,120248368953440327,C3C,120248368953450327,2026-07-16,male,35-44,"A photo you'll lose in your camera roll. A print you'll walk past every day.

Turn the cities that mean something into a real gallery wall, made to order.

Shop now.",inactive,ad,10,12,1.2,"7-day click, 1-day view, or 1-day engaged-view","Website purchases",,0.22,0,,,https://eastcoastartstudio.com/collections/best-sellers,SHOP_NOW,{{product.name}},,,,18.33333333,0,,,0,,,,"Website purchases conversion value",,"Website purchases conversion value",,22,inactive,,,,,,,,,,,,,,,,,,,,,,,,,,,,,,,,,,,,,,,,,,,,,,,,,,,,,,,,inactive,active,,,2026-07-16,2026-07-16
ECAS_MST,120248368491680327,C3,120248368953440327,C3C,120248368953450327,2026-07-16,male,45-54,"A photo you'll lose in your camera roll. A print you'll walk past every day.

Turn the cities that mean something into a real gallery wall, made to order.

Shop now.",inactive,ad,5,5,1,"7-day click, 1-day view, or 1-day engaged-view","Website purchases",,0.12,0,,,https://eastcoastartstudio.com/collections/best-sellers,SHOP_NOW,{{product.name}},,,,24,20,,,1,0.12,,,"Website purchases conversion value",,"Website purchases conversion value",,24,inactive,,,,,,,,,,,,,,,,,,,,,,,,,,,,,,,,,,,,,,,,,,,,,,,,,,,,,,,,inactive,active,,,2026-07-16,2026-07-16
ECAS_MST,120248368491680327,C3,120248368953440327,C3C,120248368953450327,2026-07-16,male,25-34,"A photo you'll lose in your camera roll. A print you'll walk past every day.

Turn the cities that mean something into a real gallery wall, made to order.

Shop now.",inactive,ad,5,9,1.8,"7-day click, 1-day view, or 1-day engaged-view","Website purchases",,0.15,0,,,https://eastcoastartstudio.com/collections/best-sellers,SHOP_NOW,{{product.name}},,,,16.66666667,0,,,0,,,,"Website purchases conversion value",,"Website purchases conversion value",,30,inactive,,,,,,,,,,,,,,,,,,,,,,,,,,,,,,,,,,,,,,,,,,,,,,,,,,,,,,,,inactive,active,,,2026-07-16,2026-07-16
ECAS_MST,120248368491680327,C3,120248368953440327,C3C,120248368953450327,2026-07-16,female,55-64,"A photo you'll lose in your camera roll. A print you'll walk past every day.

Turn the cities that mean something into a real gallery wall, made to order.

Shop now.",inactive,ad,5,5,1,"7-day click, 1-day view, or 1-day engaged-view","Website purchases",,0.04,0,,,https://eastcoastartstudio.com/collections/best-sellers,SHOP_NOW,{{product.name}},,,,8,0,,,0,,,,"Website purchases conversion value",,"Website purchases conversion value",,8,inactive,,,,,,,,,,,,,,,,,,,,,,,,,,,,,,,,,,,,,,,,,,,,,,,,,,,,,,,,inactive,active,,,2026-07-16,2026-07-16
ECAS_MST,120248368491680327,C3,120248368953440327,C3C,120248368953450327,2026-07-16,female,45-54,"A photo you'll lose in your camera roll. A print you'll walk past every day.

Turn the cities that mean something into a real gallery wall, made to order.

Shop now.",inactive,ad,2,5,2.5,"7-day click, 1-day view, or 1-day engaged-view","Website purchases",,0.18,0,,,https://eastcoastartstudio.com/collections/best-sellers,SHOP_NOW,{{product.name}},,,,36,0,,,0,,,,"Website purchases conversion value",,"Website purchases conversion value",,90,inactive,,,,,,,,,,,,,,,,,,,,,,,,,,,,,,,,,,,,,,,,,,,,,,,,,,,,,,,,inactive,active,,,2026-07-16,2026-07-16
ECAS_MST,120248368491680327,C3,120248368953440327,C3C,120248368953450327,2026-07-16,male,18-24,"A photo you'll lose in your camera roll. A print you'll walk past every day.

Turn the cities that mean something into a real gallery wall, made to order.

Shop now.",inactive,ad,2,10,5,"7-day click, 1-day view, or 1-day engaged-view","Website purchases",,0.32,0,,,https://eastcoastartstudio.com/collections/best-sellers,SHOP_NOW,{{product.name}},,,,32,0,,,0,,,,"Website purchases conversion value",,"Website purchases conversion value",,160,inactive,,,,,,,,,,,,,,,,,,,,,,,,,,,,,,,,,,,,,,,,,,,,,,,,,,,,,,,,inactive,active,,,2026-07-16,2026-07-16
ECAS_MST,120248368491680327,C2,120248368953480327,C2C,120248368953530327,2026-07-15,female,65+,"Your city deserves better than a gift-shop skyline.

Real street names, real wood frames, made to order, not mass-printed.

Find your city and shop now.",active,ad,1,1,1,"7-day click, 1-day view, or 1-day engaged-view","Website purchases",,0,0,C2C_CN_ICP_Milestone2534_CN_Design_RoomContext_HP_ForgettableGift_HK_Benefit_TN_Aspirational.png_105,,https://eastcoastartstudio.com/collections/best-sellers,SHOP_NOW,"Made To Order, Framed Right","Made to order. Real wood.",,,0,0,,,0,,,,"Website purchases conversion value",,,,0,active,,,,,,,,,,,,,,,,,,,,,,,,,,,,,,,,,,,,,,,,,,,,,,,,,,,,,,,,active,active,,,2026-07-15,2026-07-15
ECAS_MST,120248368491680327,C3,120248368953440327,C3B,120248368953510327,2026-07-15,female,35-44,"Your city deserves better than a gift-shop skyline.

Real street names, real wood frames, made to order, not mass-printed.

Find your city and shop now.",inactive,ad,1,1,1,"7-day click, 1-day view, or 1-day engaged-view","Website purchases",,0.02,0,"C3B v2.png_105",,https://eastcoastartstudio.com/collections/best-sellers,SHOP_NOW,"Made To Order, Framed Right","Made to order. Real wood.",,,20,0,,,0,,,,"Website purchases conversion value",,"Website purchases conversion value",,20,inactive,,,,,,,,,,,,,,,,,,,,,,,,,,,,,,,,,,,,,,,,,,,,,,,,,,,,,,,,inactive,active,,,2026-07-15,2026-07-15
ECAS_MST,120248368491680327,C4,120248369515900327,C4B,120248369515880327,2026-07-15,male,55-64,"Most ""custom"" gifts are just generic gifts with a name on them.

We make it different: real wood frame, real matte paper, their street or their city, made to order. The kind of gift that gets hung, not returned.

Shop now.",inactive,ad,1,1,1,"7-day click, 1-day view, or 1-day engaged-view","Website purchases",,0.02,0,C4B_CN_ICP_MemoryKeeperCouple_CN_Design_MultiPrintGallery_PR_Testimonial_HK_Story_TN_Aspirat.png_105,,https://eastcoastartstudio.com/collections/best-sellers,SHOP_NOW,"Made To Order, Framed Right","Made to order. Real wood.",,,20,0,,,0,,,,"Website purchases conversion value",,"Website purchases conversion value",,20,inactive,,,,,,,,,,,,,,,,,,,,,,,,,,,,,,,,,,,,,,,,,,,,,,,,,,,,,,,,active,active,,,2026-07-15,2026-07-15
ECAS_MST,120248368491680327,C2,120248368953480327,C2C,120248368953530327,2026-07-15,female,55-64,"Your city deserves better than a gift-shop skyline.

Real street names, real wood frames, made to order, not mass-printed.

Find your city and shop now.",active,ad,1,1,1,"7-day click, 1-day view, or 1-day engaged-view","Website purchases",,0.04,0,C2C_CN_ICP_Milestone2534_CN_Design_RoomContext_HP_ForgettableGift_HK_Benefit_TN_Aspirational.png_105,,https://eastcoastartstudio.com/collections/best-sellers,SHOP_NOW,"Made To Order, Framed Right","Made to order. Real wood.",,,40,0,,,0,,,,"Website purchases conversion value",,"Website purchases conversion value",,40,active,,,,,,,,,,,,,,,,,,,,,,,,,,,,,,,,,,,,,,,,,,,,,,,,,,,,,,,,active,active,,,2026-07-15,2026-07-15
ECAS_MST,120248368491680327,C3,120248368953440327,C3A,120248368953500327,2026-07-15,female,65+,"Your city deserves better than a gift-shop skyline.

Real street names, real wood frames, made to order, not mass-printed.

Find your city and shop now.",inactive,ad,1,1,1,"7-day click, 1-day view, or 1-day engaged-view","Website purchases",,0,0,C3A_CN_ICP_HometownSelf_CN_Design_CityDetail_TN_Assertive_HK_Curiosity_TN_Assertive_FW_AIDA_.png_105,,https://eastcoastartstudio.com/collections/best-sellers,SHOP_NOW,"Every City, One Wall","Made to order. Real wood.",,,0,0,,,0,,,,"Website purchases conversion value",,,,0,inactive,,,,,,,,,,,,,,,,,,,,,,,,,,,,,,,,,,,,,,,,,,,,,,,,,,,,,,,,inactive,active,,,2026-07-15,2026-07-15
ECAS_MST,120248368491680327,C4,120248369515900327,C4C,120248369515860327,2026-07-15,male,18-24,"A photo you'll lose in your camera roll. A print you'll walk past every day.

Turn the cities that mean something into a real gallery wall, made to order.

Shop now.",active,ad,1,1,1,"7-day click, 1-day view, or 1-day engaged-view","Website purchases",,0.01,0,C4C_4x5.png,,https://eastcoastartstudio.com/collections/best-sellers,SHOP_NOW,"Made To Order, Framed Right","Made to order. Real wood.",1,0.01,10,100,,,1,0.01,,,"Website purchases conversion value",,"Website purchases conversion value",,10,active,,,,,,,1,,,,1,,,,,,,,,,,,,,,,,,,,,,,,,,,,,,,0.01,0.01,,,,,,100,,,,,,,active,active,,,2026-07-15,2026-07-15
ECAS_MST,120248368491680327,C4,120248369515900327,C4C,120248369515860327,2026-07-15,male,55-64,"A photo you'll lose in your camera roll. A print you'll walk past every day.

Turn the cities that mean something into a real gallery wall, made to order.

Shop now.",active,ad,1,1,1,"7-day click, 1-day view, or 1-day engaged-view","Website purchases",,0.14,0,C4C_4x5.png,,https://eastcoastartstudio.com/collections/best-sellers,SHOP_NOW,"Made To Order, Framed Right","Made to order. Real wood.",,,140,0,,,0,,,,"Website purchases conversion value",,"Website purchases conversion value",,140,active,,,,,,,,,,,,,,,,,,,,,,,,,,,,,,,,,,,,,,,,,,,,,,,,,,,,,,,,active,active,,,2026-07-15,2026-07-15
ECAS_MST,120248368491680327,C3,120248368953440327,C3A,120248368953500327,2026-07-15,male,25-34,"Your city deserves better than a gift-shop skyline.

Real street names, real wood frames, made to order, not mass-printed.

Find your city and shop now.",inactive,ad,1,1,1,"7-day click, 1-day view, or 1-day engaged-view","Website purchases",,0.01,0,C3A_CN_ICP_HometownSelf_CN_Design_CityDetail_TN_Assertive_HK_Curiosity_TN_Assertive_FW_AIDA_.png_105,,https://eastcoastartstudio.com/collections/best-sellers,SHOP_NOW,"Every City, One Wall","Made to order. Real wood.",,,10,0,,,0,,,,"Website purchases conversion value",,"Website purchases conversion value",,10,inactive,,,,,,,,,,,,,,,,,,,,,,,,,,,,,,,,,,,,,,,,,,,,,,,,,,,,,,,,inactive,active,,,2026-07-15,2026-07-15
ECAS_MST,120248368491680327,C3,120248368953440327,C3A,120248368953500327,2026-07-15,male,18-24,"Your city deserves better than a gift-shop skyline.

Real street names, real wood frames, made to order, not mass-printed.

Find your city and shop now.",inactive,ad,1,1,1,"7-day click, 1-day view, or 1-day engaged-view","Website purchases",,0.04,0,C3A_CN_ICP_HometownSelf_CN_Design_CityDetail_TN_Assertive_HK_Curiosity_TN_Assertive_FW_AIDA_.png_105,,https://eastcoastartstudio.com/collections/best-sellers,SHOP_NOW,"Every City, One Wall","Made to order. Real wood.",,,40,0,,,0,,,,"Website purchases conversion value",,"Website purchases conversion value",,40,inactive,,,,,,,,,,,,,,,,,,,,,,,,,,,,,,,,,,,,,,,,,,,,,,,,,,,,,,,,inactive,active,,,2026-07-15,2026-07-15
ECAS_MST,120248368491680327,C4,120248369515900327,c4A,120248369515870327,2026-07-15,male,45-54,"Your city deserves better than a gift-shop skyline.

Real street names, real wood frames, made to order, not mass-printed.

Find your city and shop now.",inactive,ad,2,2,1,"7-day click, 1-day view, or 1-day engaged-view","Website purchases",,0,0,C4D_CN_ICP_MemoryKeeperCouple_CN_Design_MultiPrintGallery_CTA_ClaimOffer_HK_Problem_TN_Aspir.png_105,,https://eastcoastartstudio.com/collections/best-sellers,SHOP_NOW,"Every City, One Wall","Made to order. Real wood.",,,0,0,,,0,,,,"Website purchases conversion value",,,,0,inactive,,,,,,,,,,,,,,,,,,,,,,,,,,,,,,,,,,,,,,,,,,,,,,,,,,,,,,,,active,active,,,2026-07-15,2026-07-15
ECAS_MST,120248368491680327,C3,120248368953440327,C3B,120248368953510327,2026-07-15,female,65+,"Your city deserves better than a gift-shop skyline.

Real street names, real wood frames, made to order, not mass-printed.

Find your city and shop now.",inactive,ad,1,1,1,"7-day click, 1-day view, or 1-day engaged-view","Website purchases",,0,0,"C3B v2.png_105",,https://eastcoastartstudio.com/collections/best-sellers,SHOP_NOW,"Made To Order, Framed Right","Made to order. Real wood.",,,0,0,,,0,,,,"Website purchases conversion value",,,,0,inactive,,,,,,,,,,,,,,,,,,,,,,,,,,,,,,,,,,,,,,,,,,,,,,,,,,,,,,,,inactive,active,,,2026-07-15,2026-07-15
ECAS_MST,120248368491680327,C3,120248368953440327,C3D,120248368953470327,2026-07-15,male,55-64,"A photo you'll lose in your camera roll. A print you'll walk past every day.

Turn the cities that mean something into a real gallery wall, made to order.

Shop now.",inactive,ad,1,1,1,"7-day click, 1-day view, or 1-day engaged-view","Website purchases",,0.03,0,C3D_4x5.png,,https://eastcoastartstudio.com/collections/best-sellers,SHOP_NOW,"3,000+ Cities, Real Wood","Made to order. Real wood.",,,30,0,,,0,,,,"Website purchases conversion value",,"Website purchases conversion value",,30,inactive,,,,,,,,,,,,,,,,,,,,,,,,,,,,,,,,,,,,,,,,,,,,,,,,,,,,,,,,inactive,active,,,2026-07-15,2026-07-15
ECAS_MST,120248368491680327,C4,120248369515900327,c4A,120248369515870327,2026-07-15,female,35-44,"Your city deserves better than a gift-shop skyline.

Real street names, real wood frames, made to order, not mass-printed.

Find your city and shop now.",inactive,ad,1,1,1,"7-day click, 1-day view, or 1-day engaged-view","Website purchases",,0.01,0,C4D_CN_ICP_MemoryKeeperCouple_CN_Design_MultiPrintGallery_CTA_ClaimOffer_HK_Problem_TN_Aspir.png_105,,https://eastcoastartstudio.com/collections/best-sellers,SHOP_NOW,"Every City, One Wall","Made to order. Real wood.",,,10,0,,,0,,,,"Website purchases conversion value",,"Website purchases conversion value",,10,inactive,,,,,,,,,,,,,,,,,,,,,,,,,,,,,,,,,,,,,,,,,,,,,,,,,,,,,,,,active,active,,,2026-07-15,2026-07-15
ECAS_MST,120248368491680327,C3,120248368953440327,C3D,120248368953470327,2026-07-15,male,18-24,"The places you've loved together live in a camera roll right now.

Build a real gallery wall instead: pick your cities, we frame each one in real wood, made to order.

Shop now.",inactive,ad,1,1,1,"7-day click, 1-day view, or 1-day engaged-view","Website purchases",,0.02,0,C3D_4x5.png,,https://eastcoastartstudio.com/collections/best-sellers,SHOP_NOW,"3,000+ Cities, Real Wood","Made to order. Real wood.",,,20,0,,,0,,,,"Website purchases conversion value",,"Website purchases conversion value",,20,inactive,,,,,,,,,,,,,,,,,,,,,,,,,,,,,,,,,,,,,,,,,,,,,,,,,,,,,,,,inactive,active,,,2026-07-15,2026-07-15
ECAS_MST,120248368491680327,C4,120248369515900327,c4A,120248369515870327,2026-07-15,male,25-34,"Your city deserves better than a gift-shop skyline.

Real street names, real wood frames, made to order, not mass-printed.

Find your city and shop now.",inactive,ad,1,1,1,"7-day click, 1-day view, or 1-day engaged-view","Website purchases",,0,0,C4D_CN_ICP_MemoryKeeperCouple_CN_Design_MultiPrintGallery_CTA_ClaimOffer_HK_Problem_TN_Aspir.png_105,,https://eastcoastartstudio.com/collections/best-sellers,SHOP_NOW,"Every City, One Wall","Made to order. Real wood.",,,0,0,,,0,,,,"Website purchases conversion value",,,,0,inactive,,,,,,,,,,,,,,,,,,,,,,,,,,,,,,,,,,,,,,,,,,,,,,,,,,,,,,,,active,active,,,2026-07-15,2026-07-15
ECAS_MST,120248368491680327,C3,120248368953440327,C3D,120248368953470327,2026-07-15,male,25-34,"A photo you'll lose in your camera roll. A print you'll walk past every day.

Turn the cities that mean something into a real gallery wall, made to order.

Shop now.",inactive,ad,2,2,1,"7-day click, 1-day view, or 1-day engaged-view","Website purchases",,0.23,0,C3D_4x5.png,,https://eastcoastartstudio.com/collections/best-sellers,SHOP_NOW,"3,000+ Cities, Real Wood","Made to order. Real wood.",,,115,0,,,0,,,,"Website purchases conversion value",,"Website purchases conversion value",,115,inactive,,,,,,,,,,,,,,,,,,,,,,,,,,,,,,,,,,,,,,,,,,,,,,,,,,,,,,,,inactive,active,,,2026-07-15,2026-07-15
ECAS_MST,120248368491680327,C3,120248368953440327,C3D,120248368953470327,2026-07-15,male,65+,"A photo you'll lose in your camera roll. A print you'll walk past every day.

Turn the cities that mean something into a real gallery wall, made to order.

Shop now.",inactive,ad,1,1,1,"7-day click, 1-day view, or 1-day engaged-view","Website purchases",,0,0,C3D_4x5.png,,https://eastcoastartstudio.com/collections/best-sellers,SHOP_NOW,"3,000+ Cities, Real Wood","Made to order. Real wood.",,,0,0,,,0,,,,"Website purchases conversion value",,,,0,inactive,,,,,,,,,,,,,,,,,,,,,,,,,,,,,,,,,,,,,,,,,,,,,,,,,,,,,,,,inactive,active,,,2026-07-15,2026-07-15
ECAS_MST,120248368491680327,C3,120248368953440327,C3D,120248368953470327,2026-07-15,female,65+,"A photo you'll lose in your camera roll. A print you'll walk past every day.

Turn the cities that mean something into a real gallery wall, made to order.

Shop now.",inactive,ad,1,1,1,"7-day click, 1-day view, or 1-day engaged-view","Website purchases",,0.01,0,C3D_4x5.png,,https://eastcoastartstudio.com/collections/best-sellers,SHOP_NOW,"3,000+ Cities, Real Wood","Made to order. Real wood.",,,10,0,,,0,,,,"Website purchases conversion value",,"Website purchases conversion value",,10,inactive,,,,,,,,,,,,,,,,,,,,,,,,,,,,,,,,,,,,,,,,,,,,,,,,,,,,,,,,inactive,active,,,2026-07-15,2026-07-15
ECAS_MST,120248368491680327,C3,120248368953440327,C3C,120248368953450327,2026-07-15,female,35-44,"A photo you'll lose in your camera roll. A print you'll walk past every day.

Turn the cities that mean something into a real gallery wall, made to order.

Shop now.",inactive,ad,1,1,1,"7-day click, 1-day view, or 1-day engaged-view","Website purchases",,0,0,,,https://eastcoastartstudio.com/collections/best-sellers,SHOP_NOW,{{product.name}},,,,0,0,,,0,,,,"Website purchases conversion value",,,,0,inactive,,,,,,,,,,,,,,,,,,,,,,,,,,,,,,,,,,,,,,,,,,,,,,,,,,,,,,,,inactive,active,,,2026-07-15,2026-07-15
ECAS_MST,120248368491680327,C4,120248369515900327,c4A,120248369515870327,2026-07-15,male,55-64,"Your city deserves better than a gift-shop skyline.

Real street names, real wood frames, made to order, not mass-printed.

Find your city and shop now.",inactive,ad,1,1,1,"7-day click, 1-day view, or 1-day engaged-view","Website purchases",,0.01,0,C4D_CN_ICP_MemoryKeeperCouple_CN_Design_MultiPrintGallery_CTA_ClaimOffer_HK_Problem_TN_Aspir.png_105,,https://eastcoastartstudio.com/collections/best-sellers,SHOP_NOW,"Every City, One Wall","Made to order. Real wood.",,,10,0,,,0,,,,"Website purchases conversion value",,"Website purchases conversion value",,10,inactive,,,,,,,1,,,,1,1,,,,,,,,,,,,,,,,,,,,,,,,,,,,,,0.01,0.01,,,,,,,,,,,,,active,active,,,2026-07-15,2026-07-15
ECAS_MST,120248368491680327,C4,120248369515900327,c4A,120248369515870327,2026-07-15,male,65+,"Your city deserves better than a gift-shop skyline.

Real street names, real wood frames, made to order, not mass-printed.

Find your city and shop now.",inactive,ad,1,1,1,"7-day click, 1-day view, or 1-day engaged-view","Website purchases",,0.02,0,C4D_CN_ICP_MemoryKeeperCouple_CN_Design_MultiPrintGallery_CTA_ClaimOffer_HK_Problem_TN_Aspir.png_105,,https://eastcoastartstudio.com/collections/best-sellers,SHOP_NOW,"Every City, One Wall","Made to order. Real wood.",,,20,0,,,0,,,,"Website purchases conversion value",,"Website purchases conversion value",,20,inactive,,,,,,,,,,,,,,,,,,,,,,,,,,,,,,,,,,,,,,,,,,,,,,,,,,,,,,,,active,active,,,2026-07-15,2026-07-15
ECAS_MST,120248368491680327,C4,120248369515900327,c4A,120248369515870327,2026-07-15,female,65+,"Your city deserves better than a gift-shop skyline.

Real street names, real wood frames, made to order, not mass-printed.

Find your city and shop now.",inactive,ad,1,1,1,"7-day click, 1-day view, or 1-day engaged-view","Website purchases",,0,0,C4D_CN_ICP_MemoryKeeperCouple_CN_Design_MultiPrintGallery_CTA_ClaimOffer_HK_Problem_TN_Aspir.png_105,,https://eastcoastartstudio.com/collections/best-sellers,SHOP_NOW,"Every City, One Wall","Made to order. Real wood.",,,0,0,,,0,,,,"Website purchases conversion value",,,,0,inactive,,,,,,,,,,,,,,,,,,,,,,,,,,,,,,,,,,,,,,,,,,,,,,,,,,,,,,,,active,active,,,2026-07-15,2026-07-15
ECAS_MST,120248368491680327,C4,120248369515900327,C4B,120248369515880327,2026-07-14,female,45-54,"Most ""custom"" gifts are just generic gifts with a name on them.

We make it different: real wood frame, real matte paper, their street or their city, made to order. The kind of gift that gets hung, not returned.

Shop now.",inactive,ad,3,3,1,"7-day click, 1-day view, or 1-day engaged-view","Website purchases",,0.1,0,C4B_CN_ICP_MemoryKeeperCouple_CN_Design_MultiPrintGallery_PR_Testimonial_HK_Story_TN_Aspirat.png_105,,https://eastcoastartstudio.com/collections/best-sellers,SHOP_NOW,"Made To Order, Framed Right","Made to order. Real wood.",,,33.33333333,0,,,0,,,,"Website purchases conversion value",,"Website purchases conversion value",,33.33333333,inactive,,,,,,,,,,,,,,,,,,,,,,,,,,,,,,,,,,,,,,,,,,,,,,,,,,,,,,,,active,active,,,2026-07-14,2026-07-14
ECAS_MST,120248368491680327,C3,120248368953440327,C3B,120248368953510327,2026-07-14,female,45-54,"Your city deserves better than a gift-shop skyline.

Real street names, real wood frames, made to order, not mass-printed.

Find your city and shop now.",inactive,ad,1,1,1,"7-day click, 1-day view, or 1-day engaged-view","Website purchases",,0.01,0,"C3B v2.png_105",,https://eastcoastartstudio.com/collections/best-sellers,SHOP_NOW,"Made To Order, Framed Right","Made to order. Real wood.",,,10,0,,,0,,,,"Website purchases conversion value",,"Website purchases conversion value",,10,inactive,,,,,,,,,,,,,,,,,,,,,,,,,,,,,,,,,,,,,,,,,,,,,,,,,,,,,,,,inactive,active,,,2026-07-14,2026-07-14
ECAS_MST,120248368491680327,C3,120248368953440327,C3B,120248368953510327,2026-07-14,male,45-54,"Your city deserves better than a gift-shop skyline.

Real street names, real wood frames, made to order, not mass-printed.

Find your city and shop now.",inactive,ad,1,1,1,"7-day click, 1-day view, or 1-day engaged-view","Website purchases",,0,0,"C3B v2.png_105",,https://eastcoastartstudio.com/collections/best-sellers,SHOP_NOW,"Made To Order, Framed Right","Made to order. Real wood.",,,0,0,,,0,,,,"Website purchases conversion value",,,,0,inactive,,,,,,,,,,,,,,,,,,,,,,,,,,,,,,,,,,,,,,,,,,,,,,,,,,,,,,,,inactive,active,,,2026-07-14,2026-07-14
ECAS_MST,120248368491680327,C3,120248368953440327,C3B,120248368953510327,2026-07-14,female,35-44,"Your city deserves better than a gift-shop skyline.

Real street names, real wood frames, made to order, not mass-printed.

Find your city and shop now.",inactive,ad,1,1,1,"7-day click, 1-day view, or 1-day engaged-view","Website purchases",,0.01,0,"C3B v2.png_105",,https://eastcoastartstudio.com/collections/best-sellers,SHOP_NOW,"Made To Order, Framed Right","Made to order. Real wood.",,,10,0,,,0,,,,"Website purchases conversion value",,"Website purchases conversion value",,10,inactive,,,,,,,,,,,,,,,,,,,,,,,,,,,,,,,,,,,,,,,,,,,,,,,,,,,,,,,,inactive,active,,,2026-07-14,2026-07-14
ECAS_MST,120248368491680327,C4,120248369515900327,C4B,120248369515880327,2026-07-14,male,18-24,"Most ""custom"" gifts are just generic gifts with a name on them.

We make it different: real wood frame, real matte paper, their street or their city, made to order. The kind of gift that gets hung, not returned.

Shop now.",inactive,ad,3,3,1,"7-day click, 1-day view, or 1-day engaged-view","Website purchases",,0.08,0,C4B_CN_ICP_MemoryKeeperCouple_CN_Design_MultiPrintGallery_PR_Testimonial_HK_Story_TN_Aspirat.png_105,,https://eastcoastartstudio.com/collections/best-sellers,SHOP_NOW,"Made To Order, Framed Right","Made to order. Real wood.",1,0.08,26.66666667,33.33333333,,,1,0.08,,,"Website purchases conversion value",,"Website purchases conversion value",,26.66666667,inactive,,,,,,,1,,,,1,,,,,,,,,,,,,,,,,,,,,,,,,,,,,,,0.08,0.08,,,,,,33.33333333,,,,,,,active,active,,,2026-07-14,2026-07-14
ECAS_MST,120248368491680327,C4,120248369515900327,C4B,120248369515880327,2026-07-14,female,65+,"Most ""custom"" gifts are just generic gifts with a name on them.

We make it different: real wood frame, real matte paper, their street or their city, made to order. The kind of gift that gets hung, not returned.

Shop now.",inactive,ad,3,3,1,"7-day click, 1-day view, or 1-day engaged-view","Website purchases",,0.04,0,C4B_CN_ICP_MemoryKeeperCouple_CN_Design_MultiPrintGallery_PR_Testimonial_HK_Story_TN_Aspirat.png_105,,https://eastcoastartstudio.com/collections/best-sellers,SHOP_NOW,"Made To Order, Framed Right","Made to order. Real wood.",,,13.33333333,0,,,0,,,,"Website purchases conversion value",,"Website purchases conversion value",,13.33333333,inactive,,,,,,,1,,,,1,,,,,,1,,,,,,,,,,,,,,,,,,,,,,,,,0.04,0.04,,0.04,,,,,,,,,,,active,active,,,2026-07-14,2026-07-14
ECAS_MST,120248368491680327,C4,120248369515900327,C4B,120248369515880327,2026-07-14,female,55-64,"Most ""custom"" gifts are just generic gifts with a name on them.

We make it different: real wood frame, real matte paper, their street or their city, made to order. The kind of gift that gets hung, not returned.

Shop now.",inactive,ad,9,9,1,"7-day click, 1-day view, or 1-day engaged-view","Website purchases",,0.21,0,C4B_CN_ICP_MemoryKeeperCouple_CN_Design_MultiPrintGallery_PR_Testimonial_HK_Story_TN_Aspirat.png_105,,https://eastcoastartstudio.com/collections/best-sellers,SHOP_NOW,"Made To Order, Framed Right","Made to order. Real wood.",,,23.33333333,0,,,0,,,,"Website purchases conversion value",,"Website purchases conversion value",,23.33333333,inactive,,,,,,,1,,,,1,,,,,,1,,,,,,,,,,,,,,,,,,,,,,,,,0.21,0.21,,0.21,,,,,,,,,,,active,active,,,2026-07-14,2026-07-14
ECAS_MST,120248368491680327,C4,120248369515900327,C4B,120248369515880327,2026-07-14,male,65+,"Most ""custom"" gifts are just generic gifts with a name on them.

We make it different: real wood frame, real matte paper, their street or their city, made to order. The kind of gift that gets hung, not returned.

Shop now.",inactive,ad,3,3,1,"7-day click, 1-day view, or 1-day engaged-view","Website purchases",,0.27,0,C4B_CN_ICP_MemoryKeeperCouple_CN_Design_MultiPrintGallery_PR_Testimonial_HK_Story_TN_Aspirat.png_105,,https://eastcoastartstudio.com/collections/best-sellers,SHOP_NOW,"Made To Order, Framed Right","Made to order. Real wood.",,,90,0,,,0,,,,"Website purchases conversion value",,"Website purchases conversion value",,90,inactive,,,,,,,,,,,,,,,,,,,,,,,,,,,,,,,,,,,,,,,,,,,,,,,,,,,,,,,,active,active,,,2026-07-14,2026-07-14
ECAS_MST,120248368491680327,C4,120248369515900327,C4B,120248369515880327,2026-07-14,female,35-44,"Most ""custom"" gifts are just generic gifts with a name on them.

We make it different: real wood frame, real matte paper, their street or their city, made to order. The kind of gift that gets hung, not returned.

Shop now.",inactive,ad,4,6,1.5,"7-day click, 1-day view, or 1-day engaged-view","Website purchases",,3.46,0,C4B_CN_ICP_MemoryKeeperCouple_CN_Design_MultiPrintGallery_PR_Testimonial_HK_Story_TN_Aspirat.png_105,,https://eastcoastartstudio.com/collections/best-sellers,SHOP_NOW,"Made To Order, Framed Right","Made to order. Real wood.",,,576.66666667,0,,,0,,,,"Website purchases conversion value",,"Website purchases conversion value",,865,inactive,,,,,,,,,,,,,,,,,,,,,,,,,,,,,,,,,,,,,,,,,,,,,,,,,,,,,,,,active,active,,,2026-07-14,2026-07-14
ECAS_MST,120248368491680327,C3,120248368953440327,C3A,120248368953500327,2026-07-14,male,55-64,"Your city deserves better than a gift-shop skyline.

Real street names, real wood frames, made to order, not mass-printed.

Find your city and shop now.",inactive,ad,4,5,1.25,"7-day click, 1-day view, or 1-day engaged-view","Website purchases",,0.1,0,C3A_CN_ICP_HometownSelf_CN_Design_CityDetail_TN_Assertive_HK_Curiosity_TN_Assertive_FW_AIDA_.png_105,,https://eastcoastartstudio.com/collections/best-sellers,SHOP_NOW,"Every City, One Wall","Made to order. Real wood.",1,0.1,20,20,,,1,0.1,,,"Website purchases conversion value",,"Website purchases conversion value",,25,inactive,,,,,,,1,,,,1,,,,,,,,,,,,,,,,,,,,,,,,,,,,,,,0.1,0.1,,,,,,20,,,,,,,inactive,active,,,2026-07-14,2026-07-14
ECAS_MST,120248368491680327,C4,120248369515900327,C4B,120248369515880327,2026-07-14,male,55-64,"Most ""custom"" gifts are just generic gifts with a name on them.

We make it different: real wood frame, real matte paper, their street or their city, made to order. The kind of gift that gets hung, not returned.

Shop now.",inactive,ad,7,8,1.14285714,"7-day click, 1-day view, or 1-day engaged-view","Website purchases",,0.37,0,C4B_CN_ICP_MemoryKeeperCouple_CN_Design_MultiPrintGallery_PR_Testimonial_HK_Story_TN_Aspirat.png_105,,https://eastcoastartstudio.com/collections/best-sellers,SHOP_NOW,"Made To Order, Framed Right","Made to order. Real wood.",,,46.25,0,,,0,,,,"Website purchases conversion value",,"Website purchases conversion value",,52.85714286,inactive,,,,,,,,,,,,,,,,,,,,,,,,,,,,,,,,,,,,,,,,,,,,,,,,,,,,,,,,active,active,,,2026-07-14,2026-07-14
ECAS_MST,120248368491680327,C4,120248369515900327,C4B,120248369515880327,2026-07-14,male,45-54,"Most ""custom"" gifts are just generic gifts with a name on them.

We make it different: real wood frame, real matte paper, their street or their city, made to order. The kind of gift that gets hung, not returned.

Shop now.",inactive,ad,6,8,1.33333333,"7-day click, 1-day view, or 1-day engaged-view","Website purchases",,0.19,0,C4B_CN_ICP_MemoryKeeperCouple_CN_Design_MultiPrintGallery_PR_Testimonial_HK_Story_TN_Aspirat.png_105,,https://eastcoastartstudio.com/collections/best-sellers,SHOP_NOW,"Made To Order, Framed Right","Made to order. Real wood.",,,23.75,0,,,0,,,,"Website purchases conversion value",,"Website purchases conversion value",,31.66666667,inactive,,,,,,,,,,,,,,,,,,,,,,,,,,,,,,,,,,,,,,,,,,,,,,,,,,,,,,,,active,active,,,2026-07-14,2026-07-14
ECAS_MST,120248368491680327,C4,120248369515900327,C4B,120248369515880327,2026-07-14,male,35-44,"Most ""custom"" gifts are just generic gifts with a name on them.

We make it different: real wood frame, real matte paper, their street or their city, made to order. The kind of gift that gets hung, not returned.

Shop now.",inactive,ad,8,10,1.25,"7-day click, 1-day view, or 1-day engaged-view","Website purchases",,0.32,0,C4B_CN_ICP_MemoryKeeperCouple_CN_Design_MultiPrintGallery_PR_Testimonial_HK_Story_TN_Aspirat.png_105,,https://eastcoastartstudio.com/collections/best-sellers,SHOP_NOW,"Made To Order, Framed Right","Made to order. Real wood.",,,32,0,,,0,,,,"Website purchases conversion value",,"Website purchases conversion value",,40,inactive,,,,,,,,,,,,,,,,,,,,,,,,,,,,,,,,,,,,,,,,,,,,,,,,,,,,,,,,active,active,,,2026-07-14,2026-07-14
ECAS_MST,120248368491680327,C4,120248369515900327,C4B,120248369515880327,2026-07-14,female,25-34,"Most ""custom"" gifts are just generic gifts with a name on them.

We make it different: real wood frame, real matte paper, their street or their city, made to order. The kind of gift that gets hung, not returned.

Shop now.",inactive,ad,3,3,1,"7-day click, 1-day view, or 1-day engaged-view","Website purchases",,0.28,0,C4B_CN_ICP_MemoryKeeperCouple_CN_Design_MultiPrintGallery_PR_Testimonial_HK_Story_TN_Aspirat.png_105,,https://eastcoastartstudio.com/collections/best-sellers,SHOP_NOW,"Made To Order, Framed Right","Made to order. Real wood.",,,93.33333333,0,,,0,,,,"Website purchases conversion value",,"Website purchases conversion value",,93.33333333,inactive,,,,,,,,,,,,,,,,,,,,,,,,,,,,,,,,,,,,,,,,,,,,,,,,,,,,,,,,active,active,,,2026-07-14,2026-07-14
ECAS_MST,120248368491680327,C4,120248369515900327,C4B,120248369515880327,2026-07-14,male,25-34,"Most ""custom"" gifts are just generic gifts with a name on them.

We make it different: real wood frame, real matte paper, their street or their city, made to order. The kind of gift that gets hung, not returned.

Shop now.",inactive,ad,12,13,1.08333333,"7-day click, 1-day view, or 1-day engaged-view","Website purchases",,0.47,0,C4B_CN_ICP_MemoryKeeperCouple_CN_Design_MultiPrintGallery_PR_Testimonial_HK_Story_TN_Aspirat.png_105,,https://eastcoastartstudio.com/collections/best-sellers,SHOP_NOW,"Made To Order, Framed Right","Made to order. Real wood.",,,36.15384615,0,,,0,,,,"Website purchases conversion value",,"Website purchases conversion value",,39.16666667,inactive,,,,,,,,,,,,,,,,,,,,,,,,,,,,,,,,,,,,,,,,,,,,,,,,,,,,,,,,active,active,,,2026-07-14,2026-07-14
ECAS_MST,120248368491680327,C3,120248368953440327,C3A,120248368953500327,2026-07-14,male,25-34,"Your city deserves better than a gift-shop skyline.

Real street names, real wood frames, made to order, not mass-printed.

Find your city and shop now.",inactive,ad,1,1,1,"7-day click, 1-day view, or 1-day engaged-view","Website purchases",,0.05,0,C3A_CN_ICP_HometownSelf_CN_Design_CityDetail_TN_Assertive_HK_Curiosity_TN_Assertive_FW_AIDA_.png_105,,https://eastcoastartstudio.com/collections/best-sellers,SHOP_NOW,"Every City, One Wall","Made to order. Real wood.",,,50,0,,,0,,,,"Website purchases conversion value",,"Website purchases conversion value",,50,inactive,,,,,,,,,,,,,,,,,,,,,,,,,,,,,,,,,,,,,,,,,,,,,,,,,,,,,,,,inactive,active,,,2026-07-14,2026-07-14
ECAS_MST,120248368491680327,C3,120248368953440327,C3A,120248368953500327,2026-07-14,female,45-54,"Your city deserves better than a gift-shop skyline.

Real street names, real wood frames, made to order, not mass-printed.

Find your city and shop now.",inactive,ad,1,1,1,"7-day click, 1-day view, or 1-day engaged-view","Website purchases",,0.12,0,C3A_CN_ICP_HometownSelf_CN_Design_CityDetail_TN_Assertive_HK_Curiosity_TN_Assertive_FW_AIDA_.png_105,,https://eastcoastartstudio.com/collections/best-sellers,SHOP_NOW,"Every City, One Wall","Made to order. Real wood.",,,120,0,,,0,,,,"Website purchases conversion value",,"Website purchases conversion value",,120,inactive,,,,,,,,,,,,,,,,,,,,,,,,,,,,,,,,,,,,,,,,,,,,,,,,,,,,,,,,inactive,active,,,2026-07-14,2026-07-14
ECAS_MST,120248368491680327,C3,120248368953440327,C3A,120248368953500327,2026-07-14,male,45-54,"Your city deserves better than a gift-shop skyline.

Real street names, real wood frames, made to order, not mass-printed.

Find your city and shop now.",inactive,ad,3,3,1,"7-day click, 1-day view, or 1-day engaged-view","Website purchases",,0.02,0,C3A_CN_ICP_HometownSelf_CN_Design_CityDetail_TN_Assertive_HK_Curiosity_TN_Assertive_FW_AIDA_.png_105,,https://eastcoastartstudio.com/collections/best-sellers,SHOP_NOW,"Every City, One Wall","Made to order. Real wood.",,,6.66666667,0,,,0,,,,"Website purchases conversion value",,"Website purchases conversion value",,6.66666667,inactive,,,,,,,,,,,,,,,,,,,,,,,,,,,,,,,,,,,,,,,,,,,,,,,,,,,,,,,,inactive,active,,,2026-07-14,2026-07-14
ECAS_MST,120248368491680327,C3,120248368953440327,C3A,120248368953500327,2026-07-14,male,65+,"Your city deserves better than a gift-shop skyline.

Real street names, real wood frames, made to order, not mass-printed.

Find your city and shop now.",inactive,ad,1,1,1,"7-day click, 1-day view, or 1-day engaged-view","Website purchases",,0,0,C3A_CN_ICP_HometownSelf_CN_Design_CityDetail_TN_Assertive_HK_Curiosity_TN_Assertive_FW_AIDA_.png_105,,https://eastcoastartstudio.com/collections/best-sellers,SHOP_NOW,"Every City, One Wall","Made to order. Real wood.",,,0,0,,,0,,,,"Website purchases conversion value",,,,0,inactive,,,,,,,,,,,,,,,,,,,,,,,,,,,,,,,,,,,,,,,,,,,,,,,,,,,,,,,,inactive,active,,,2026-07-14,2026-07-14
ECAS_MST,120248368491680327,C4,120248369515900327,c4A,120248369515870327,2026-07-14,male,25-34,"Your city deserves better than a gift-shop skyline.

Real street names, real wood frames, made to order, not mass-printed.

Find your city and shop now.",inactive,ad,2,2,1,"7-day click, 1-day view, or 1-day engaged-view","Website purchases",,0.22,0,C4D_CN_ICP_MemoryKeeperCouple_CN_Design_MultiPrintGallery_CTA_ClaimOffer_HK_Problem_TN_Aspir.png_105,,https://eastcoastartstudio.com/collections/best-sellers,SHOP_NOW,"Every City, One Wall","Made to order. Real wood.",,,110,0,,,0,,,,"Website purchases conversion value",,"Website purchases conversion value",,110,inactive,,,,,,,,,,,,,,,,,,,,,,,,,,,,,,,,,,,,,,,,,,,,,,,,,,,,,,,,active,active,,,2026-07-14,2026-07-14
ECAS_MST,120248368491680327,C4,120248369515900327,c4A,120248369515870327,2026-07-14,male,55-64,"Your city deserves better than a gift-shop skyline.

Real street names, real wood frames, made to order, not mass-printed.

Find your city and shop now.",inactive,ad,1,1,1,"7-day click, 1-day view, or 1-day engaged-view","Website purchases",,0.02,0,C4D_CN_ICP_MemoryKeeperCouple_CN_Design_MultiPrintGallery_CTA_ClaimOffer_HK_Problem_TN_Aspir.png_105,,https://eastcoastartstudio.com/collections/best-sellers,SHOP_NOW,"Every City, One Wall","Made to order. Real wood.",,,20,0,,,0,,,,"Website purchases conversion value",,"Website purchases conversion value",,20,inactive,,,,,,,,,,,,,,,,,,,,,,,,,,,,,,,,,,,,,,,,,,,,,,,,,,,,,,,,active,active,,,2026-07-14,2026-07-14
ECAS_MST,120248368491680327,C3,120248368953440327,C3A,120248368953500327,2026-07-14,female,55-64,"Your city deserves better than a gift-shop skyline.

Real street names, real wood frames, made to order, not mass-printed.

Find your city and shop now.",inactive,ad,1,1,1,"7-day click, 1-day view, or 1-day engaged-view","Website purchases",,0,0,C3A_CN_ICP_HometownSelf_CN_Design_CityDetail_TN_Assertive_HK_Curiosity_TN_Assertive_FW_AIDA_.png_105,,https://eastcoastartstudio.com/collections/best-sellers,SHOP_NOW,"Every City, One Wall","Made to order. Real wood.",,,0,0,,,0,,,,"Website purchases conversion value",,,,0,inactive,,,,,,,,,,,,,,,,,,,,,,,,,,,,,,,,,,,,,,,,,,,,,,,,,,,,,,,,inactive,active,,,2026-07-14,2026-07-14
ECAS_MST,120248368491680327,C4,120248369515900327,c4A,120248369515870327,2026-07-14,female,25-34,"Your city deserves better than a gift-shop skyline.

Real street names, real wood frames, made to order, not mass-printed.

Find your city and shop now.",inactive,ad,2,3,1.5,"7-day click, 1-day view, or 1-day engaged-view","Website purchases",,0.05,0,C4D_CN_ICP_MemoryKeeperCouple_CN_Design_MultiPrintGallery_CTA_ClaimOffer_HK_Problem_TN_Aspir.png_105,,https://eastcoastartstudio.com/collections/best-sellers,SHOP_NOW,"Every City, One Wall","Made to order. Real wood.",,,16.66666667,0,,,0,,,,"Website purchases conversion value",,"Website purchases conversion value",,25,inactive,,,,,,,,,,,,,,,,,,,,,,,,,,,,,,,,,,,,,,,,,,,,,,,,,,,,,,,,active,active,,,2026-07-14,2026-07-14
ECAS_MST,120248368491680327,C3,120248368953440327,C3D,120248368953470327,2026-07-14,male,25-34,"A photo you'll lose in your camera roll. A print you'll walk past every day.

Turn the cities that mean something into a real gallery wall, made to order.

Shop now.",inactive,ad,2,5,2.5,"7-day click, 1-day view, or 1-day engaged-view","Website purchases",,0.04,0,C3D_4x5.png,,https://eastcoastartstudio.com/collections/best-sellers,SHOP_NOW,"3,000+ Cities, Real Wood","Made to order. Real wood.",,,8,0,,,0,,,,"Website purchases conversion value",,"Website purchases conversion value",,20,inactive,,,,,,,,,,,,,,,,,,,,,,,,,,,,,,,,,,,,,,,,,,,,,,,,,,,,,,,,inactive,active,,,2026-07-14,2026-07-14
ECAS_MST,120248368491680327,C1,120248368491700327,C1B,120248368761270327,2026-07-14,male,25-34,"Your city deserves better than a gift-shop skyline.

Real street names, real wood frames, made to order, not mass-printed.

Find your city and shop now.",active,ad,2,2,1,"7-day click, 1-day view, or 1-day engaged-view","Website purchases",,0.15,0,C1B_CN_ICP_GiftGiver45_CN_Design_SinglePrintLifestyle_PR_Testimonial_HK_Question_TN_Emotiona.png_105,,https://eastcoastartstudio.com/collections/best-sellers,SHOP_NOW,"Made To Order, Framed Right","Made to order. Real wood.",,,75,0,,,0,,,,"Website purchases conversion value",,"Website purchases conversion value",,75,active,,,,,,,,,,,,,,,,,,,,,,,,,,,,,,,,,,,,,,,,,,,,,,,,,,,,,,,,active,active,,,2026-07-14,2026-07-14
ECAS_MST,120248368491680327,C1,120248368491700327,C1B,120248368761270327,2026-07-14,male,45-54,"Your city deserves better than a gift-shop skyline.

Real street names, real wood frames, made to order, not mass-printed.

Find your city and shop now.",active,ad,4,4,1,"7-day click, 1-day view, or 1-day engaged-view","Website purchases",,0.06,0,C1B_CN_ICP_GiftGiver45_CN_Design_SinglePrintLifestyle_PR_Testimonial_HK_Question_TN_Emotiona.png_105,,https://eastcoastartstudio.com/collections/best-sellers,SHOP_NOW,"Made To Order, Framed Right","Made to order. Real wood.",,,15,0,,,0,,,,"Website purchases conversion value",,"Website purchases conversion value",,15,active,,,,,,,,,,,,,,,,,,,,,,,,,,,,,,,,,,,,,,,,,,,,,,,,,,,,,,,,active,active,,,2026-07-14,2026-07-14
ECAS_MST,120248368491680327,C1,120248368491700327,C1B,120248368761270327,2026-07-14,male,35-44,"Your city deserves better than a gift-shop skyline.

Real street names, real wood frames, made to order, not mass-printed.

Find your city and shop now.",active,ad,2,6,3,"7-day click, 1-day view, or 1-day engaged-view","Website purchases",,0.14,0,C1B_CN_ICP_GiftGiver45_CN_Design_SinglePrintLifestyle_PR_Testimonial_HK_Question_TN_Emotiona.png_105,,https://eastcoastartstudio.com/collections/best-sellers,SHOP_NOW,"Made To Order, Framed Right","Made to order. Real wood.",,,23.33333333,0,,,0,,,,"Website purchases conversion value",,"Website purchases conversion value",,70,active,,,,,,,,,,,,,,,,,,,,,,,,,,,,,,,,,,,,,,,,,,,,,,,,,,,,,,,,active,active,,,2026-07-14,2026-07-14
ECAS_MST,120248368491680327,C1,120248368491700327,C1B,120248368761270327,2026-07-14,female,55-64,"Your city deserves better than a gift-shop skyline.

Real street names, real wood frames, made to order, not mass-printed.

Find your city and shop now.",active,ad,3,3,1,"7-day click, 1-day view, or 1-day engaged-view","Website purchases",,0.06,0,C1B_CN_ICP_GiftGiver45_CN_Design_SinglePrintLifestyle_PR_Testimonial_HK_Question_TN_Emotiona.png_105,,https://eastcoastartstudio.com/collections/best-sellers,SHOP_NOW,"Made To Order, Framed Right","Made to order. Real wood.",,,20,0,,,0,,,,"Website purchases conversion value",,"Website purchases conversion value",,20,active,,,,,,,,,,,,,,,,,,,,,,,,,,,,,,,,,,,,,,,,,,,,,,,,,,,,,,,,active,active,,,2026-07-14,2026-07-14
ECAS_MST,120248368491680327,C1,120248368491700327,C1B,120248368761270327,2026-07-14,male,18-24,"Your city deserves better than a gift-shop skyline.

Real street names, real wood frames, made to order, not mass-printed.

Find your city and shop now.",active,ad,1,1,1,"7-day click, 1-day view, or 1-day engaged-view","Website purchases",,0.05,0,C1B_CN_ICP_GiftGiver45_CN_Design_SinglePrintLifestyle_PR_Testimonial_HK_Question_TN_Emotiona.png_105,,https://eastcoastartstudio.com/collections/best-sellers,SHOP_NOW,"Made To Order, Framed Right","Made to order. Real wood.",,,50,0,,,0,,,,"Website purchases conversion value",,"Website purchases conversion value",,50,active,,,,,,,,,,,,,,,,,,,,,,,,,,,,,,,,,,,,,,,,,,,,,,,,,,,,,,,,active,active,,,2026-07-14,2026-07-14
ECAS_MST,120248368491680327,C1,120248368491700327,C1B,120248368761270327,2026-07-14,female,65+,"Your city deserves better than a gift-shop skyline.

Real street names, real wood frames, made to order, not mass-printed.

Find your city and shop now.",active,ad,1,1,1,"7-day click, 1-day view, or 1-day engaged-view","Website purchases",,0.01,0,C1B_CN_ICP_GiftGiver45_CN_Design_SinglePrintLifestyle_PR_Testimonial_HK_Question_TN_Emotiona.png_105,,https://eastcoastartstudio.com/collections/best-sellers,SHOP_NOW,"Made To Order, Framed Right","Made to order. Real wood.",,,10,0,,,0,,,,"Website purchases conversion value",,"Website purchases conversion value",,10,active,,,,,,,,,,,,,,,,,,,,,,,,,,,,,,,,,,,,,,,,,,,,,,,,,,,,,,,,active,active,,,2026-07-14,2026-07-14
ECAS_MST,120248368491680327,C1,120248368491700327,C1B,120248368761270327,2026-07-14,male,65+,"Your city deserves better than a gift-shop skyline.

Real street names, real wood frames, made to order, not mass-printed.

Find your city and shop now.",active,ad,1,1,1,"7-day click, 1-day view, or 1-day engaged-view","Website purchases",,0.01,0,C1B_CN_ICP_GiftGiver45_CN_Design_SinglePrintLifestyle_PR_Testimonial_HK_Question_TN_Emotiona.png_105,,https://eastcoastartstudio.com/collections/best-sellers,SHOP_NOW,"Made To Order, Framed Right","Made to order. Real wood.",,,10,0,,,0,,,,"Website purchases conversion value",,"Website purchases conversion value",,10,active,,,,,,,,,,,,,,,,,,,,,,,,,,,,,,,,,,,,,,,,,,,,,,,,,,,,,,,,active,active,,,2026-07-14,2026-07-14
ECAS_MST,120248368491680327,C3,120248368953440327,C3D,120248368953470327,2026-07-14,male,18-24,"A photo you'll lose in your camera roll. A print you'll walk past every day.

Turn the cities that mean something into a real gallery wall, made to order.

Shop now.",inactive,ad,1,1,1,"7-day click, 1-day view, or 1-day engaged-view","Website purchases",,0.07,0,C3D_4x5.png,,https://eastcoastartstudio.com/collections/best-sellers,SHOP_NOW,"3,000+ Cities, Real Wood","Made to order. Real wood.",,,70,0,,,0,,,,"Website purchases conversion value",,"Website purchases conversion value",,70,inactive,,,,,,,,,,,,,,,,,,,,,,,,,,,,,,,,,,,,,,,,,,,,,,,,,,,,,,,,inactive,active,,,2026-07-14,2026-07-14
ECAS_MST,120248368491680327,C3,120248368953440327,C3D,120248368953470327,2026-07-14,male,45-54,"A photo you'll lose in your camera roll. A print you'll walk past every day.

Turn the cities that mean something into a real gallery wall, made to order.

Shop now.",inactive,ad,3,3,1,"7-day click, 1-day view, or 1-day engaged-view","Website purchases",,5.91,0,C3D_4x5.png,,https://eastcoastartstudio.com/collections/best-sellers,SHOP_NOW,"3,000+ Cities, Real Wood","Made to order. Real wood.",,,1970,0,,,0,,,,"Website purchases conversion value",,"Website purchases conversion value",,1970,inactive,,,,,,,,,,,,,,,,,,,,,,,,,,,,,,,,,,,,,,,,,,,,,,,,,,,,,,,,inactive,active,,,2026-07-14,2026-07-14
ECAS_MST,120248368491680327,C3,120248368953440327,C3D,120248368953470327,2026-07-14,male,25-34,"Most ""custom"" gifts are just generic gifts with a name on them.

We make it different: real wood frame, real matte paper, their street or their city, made to order. The kind of gift that gets hung, not returned.

Shop now.",inactive,ad,1,1,1,"7-day click, 1-day view, or 1-day engaged-view","Website purchases",,0.01,0,C3D_4x5.png,,https://eastcoastartstudio.com/collections/best-sellers,SHOP_NOW,"3,000+ Cities, Real Wood","Made to order. Real wood.",,,10,0,,,0,,,,"Website purchases conversion value",,"Website purchases conversion value",,10,inactive,,,,,,,,,,,,,,,,,,,,,,,,,,,,,,,,,,,,,,,,,,,,,,,,,,,,,,,,inactive,active,,,2026-07-14,2026-07-14
ECAS_MST,120248368491680327,C4,120248369515900327,c4A,120248369515870327,2026-07-14,male,18-24,"Your city deserves better than a gift-shop skyline.

Real street names, real wood frames, made to order, not mass-printed.

Find your city and shop now.",inactive,ad,1,1,1,"7-day click, 1-day view, or 1-day engaged-view","Website purchases",,0.02,0,C4D_CN_ICP_MemoryKeeperCouple_CN_Design_MultiPrintGallery_CTA_ClaimOffer_HK_Problem_TN_Aspir.png_105,,https://eastcoastartstudio.com/collections/best-sellers,SHOP_NOW,"Every City, One Wall","Made to order. Real wood.",,,20,0,,,0,,,,"Website purchases conversion value",,"Website purchases conversion value",,20,inactive,,,,,,,,,,,,,,,,,,,,,,,,,,,,,,,,,,,,,,,,,,,,,,,,,,,,,,,,active,active,,,2026-07-14,2026-07-14
ECAS_MST,120248368491680327,C3,120248368953440327,C3D,120248368953470327,2026-07-14,male,25-34,"Your city deserves better than a gift-shop skyline.

Real street names, real wood frames, made to order, not mass-printed.

Find your city and shop now.",inactive,ad,1,1,1,"7-day click, 1-day view, or 1-day engaged-view","Website purchases",,0,0,C3D_4x5.png,,https://eastcoastartstudio.com/collections/best-sellers,SHOP_NOW,"3,000+ Cities, Real Wood","Made to order. Real wood.",,,0,0,,,0,,,,"Website purchases conversion value",,,,0,inactive,,,,,,,,,,,,,,,,,,,,,,,,,,,,,,,,,,,,,,,,,,,,,,,,,,,,,,,,inactive,active,,,2026-07-14,2026-07-14
ECAS_MST,120248368491680327,C3,120248368953440327,C3D,120248368953470327,2026-07-14,female,55-64,"A photo you'll lose in your camera roll. A print you'll walk past every day.

Turn the cities that mean something into a real gallery wall, made to order.

Shop now.",inactive,ad,1,1,1,"7-day click, 1-day view, or 1-day engaged-view","Website purchases",,0.02,0,C3D_4x5.png,,https://eastcoastartstudio.com/collections/best-sellers,SHOP_NOW,"3,000+ Cities, Real Wood","Made to order. Real wood.",,,20,0,,,0,,,,"Website purchases conversion value",,"Website purchases conversion value",,20,inactive,,,,,,,,,,,,,,,,,,,,,,,,,,,,,,,,,,,,,,,,,,,,,,,,,,,,,,,,inactive,active,,,2026-07-14,2026-07-14
ECAS_MST,120248368491680327,C3,120248368953440327,C3D,120248368953470327,2026-07-14,male,25-34,"A photo you'll lose in your camera roll. A print you'll walk past every day.

Turn the cities that mean something into a real gallery wall, made to order.

Shop now.",inactive,ad,1,1,1,"7-day click, 1-day view, or 1-day engaged-view","Website purchases",,0.02,0,C3D_4x5.png,,https://eastcoastartstudio.com/collections/best-sellers,SHOP_NOW,"3,000+ Cities, Real Wood","Made to order. Real wood.",,,20,0,,,0,,,,"Website purchases conversion value",,"Website purchases conversion value",,20,inactive,,,,,,,,,,,,,,,,,,,,,,,,,,,,,,,,,,,,,,,,,,,,,,,,,,,,,,,,inactive,active,,,2026-07-14,2026-07-14
ECAS_MST,120248368491680327,C3,120248368953440327,C3D,120248368953470327,2026-07-14,female,45-54,"The places you've loved together live in a camera roll right now.

Build a real gallery wall instead: pick your cities, we frame each one in real wood, made to order.

Shop now.",inactive,ad,1,1,1,"7-day click, 1-day view, or 1-day engaged-view","Website purchases",,0.14,0,C3D_4x5.png,,https://eastcoastartstudio.com/collections/best-sellers,SHOP_NOW,"3,000+ Cities, Real Wood","Made to order. Real wood.",,,140,0,,,0,,,,"Website purchases conversion value",,"Website purchases conversion value",,140,inactive,,,,,,,,,,,,,,,,,,,,,,,,,,,,,,,,,,,,,,,,,,,,,,,,,,,,,,,,inactive,active,,,2026-07-14,2026-07-14
ECAS_MST,120248368491680327,C3,120248368953440327,C3D,120248368953470327,2026-07-14,male,25-34,"The places you've loved together live in a camera roll right now.

Build a real gallery wall instead: pick your cities, we frame each one in real wood, made to order.

Shop now.",inactive,ad,2,2,1,"7-day click, 1-day view, or 1-day engaged-view","Website purchases",,0.06,0,C3D_4x5.png,,https://eastcoastartstudio.com/collections/best-sellers,SHOP_NOW,"3,000+ Cities, Real Wood","Made to order. Real wood.",,,30,50,,,1,0.06,,,"Website purchases conversion value",,"Website purchases conversion value",,30,inactive,,,,,,,,,,,,,,,,,,,,,,,,,,,,,,,,,,,,,,,,,,,,,,,,,,,,,,,,inactive,active,,,2026-07-14,2026-07-14
ECAS_MST,120248368491680327,C3,120248368953440327,C3D,120248368953470327,2026-07-14,female,35-44,"The places you've loved together live in a camera roll right now.

Build a real gallery wall instead: pick your cities, we frame each one in real wood, made to order.

Shop now.",inactive,ad,1,1,1,"7-day click, 1-day view, or 1-day engaged-view","Website purchases",,0.04,0,C3D_4x5.png,,https://eastcoastartstudio.com/collections/best-sellers,SHOP_NOW,"3,000+ Cities, Real Wood","Made to order. Real wood.",,,40,0,,,0,,,,"Website purchases conversion value",,"Website purchases conversion value",,40,inactive,,,,,,,,,,,,,,,,,,,,,,,,,,,,,,,,,,,,,,,,,,,,,,,,,,,,,,,,inactive,active,,,2026-07-14,2026-07-14
ECAS_MST,120248368491680327,C1,120248368491700327,C1A,120248368761260327,2026-07-14,male,25-34,"Most ""custom"" gifts are just generic gifts with a name on them.

We make it different: real wood frame, real matte paper, their street or their city, made to order. The kind of gift that gets hung, not returned.

Shop now.",active,ad,1,1,1,"7-day click, 1-day view, or 1-day engaged-view","Website purchases",,0.05,0,C1A_CN_ICP_GiftGiver45_CN_Design_SinglePrintLifestyle_TN_Assertive_HK_Problem_TN_Assertive_F.png_105,,https://eastcoastartstudio.com/collections/best-sellers,SHOP_NOW,"Real Wood, Made To Order
","Made to order. Real wood.",,,50,0,,,0,,,,"Website purchases conversion value",,"Website purchases conversion value",,50,active,,,,,,,,,,,,,,,,,,,,,,,,,,,,,,,,,,,,,,,,,,,,,,,,,,,,,,,,active,active,,,2026-07-14,2026-07-14
ECAS_MST,120248368491680327,C1,120248368491700327,C1A,120248368761260327,2026-07-14,female,45-54,"Your city deserves better than a gift-shop skyline.

Real street names, real wood frames, made to order, not mass-printed.

Find your city and shop now.",active,ad,1,1,1,"7-day click, 1-day view, or 1-day engaged-view","Website purchases",,0,0,C1A_CN_ICP_GiftGiver45_CN_Design_SinglePrintLifestyle_TN_Assertive_HK_Problem_TN_Assertive_F.png_105,,https://eastcoastartstudio.com/collections/best-sellers,SHOP_NOW,"Real Wood, Made To Order
","Made to order. Real wood.",,,0,0,,,0,,,,"Website purchases conversion value",,,,0,active,,,,,,,,,,,,,,,,,,,,,,,,,,,,,,,,,,,,,,,,,,,,,,,,,,,,,,,,active,active,,,2026-07-14,2026-07-14
ECAS_MST,120248368491680327,C4,120248369515900327,c4A,120248369515870327,2026-07-14,male,35-44,"Your city deserves better than a gift-shop skyline.

Real street names, real wood frames, made to order, not mass-printed.

Find your city and shop now.",inactive,ad,7,11,1.57142857,"7-day click, 1-day view, or 1-day engaged-view","Website purchases",,0.23,0,C4D_CN_ICP_MemoryKeeperCouple_CN_Design_MultiPrintGallery_CTA_ClaimOffer_HK_Problem_TN_Aspir.png_105,,https://eastcoastartstudio.com/collections/best-sellers,SHOP_NOW,"Every City, One Wall","Made to order. Real wood.",2,0.115,20.90909091,18.18181818,,,2,0.115,,,"Website purchases conversion value",,"Website purchases conversion value",,32.85714286,inactive,,,,,,,2,,,,2,,,,,,,,,,,,,,,,,,,,,,,,,,,,,,,0.115,0.115,,,,,,18.18181818,,,,,,,active,active,,,2026-07-14,2026-07-14
ECAS_MST,120248368491680327,C3,120248368953440327,C3A,120248368953500327,2026-07-14,male,35-44,"Your city deserves better than a gift-shop skyline.

Real street names, real wood frames, made to order, not mass-printed.

Find your city and shop now.",inactive,ad,1,1,1,"7-day click, 1-day view, or 1-day engaged-view","Website purchases",,0,0,C3A_CN_ICP_HometownSelf_CN_Design_CityDetail_TN_Assertive_HK_Curiosity_TN_Assertive_FW_AIDA_.png_105,,https://eastcoastartstudio.com/collections/best-sellers,SHOP_NOW,"Every City, One Wall","Made to order. Real wood.",,,0,0,,,0,,,,"Website purchases conversion value",,,,0,inactive,,,,,,,,,,,,,,,,,,,,,,,,,,,,,,,,,,,,,,,,,,,,,,,,,,,,,,,,inactive,active,,,2026-07-14,2026-07-14
